
> flowline@0.1.0 dev:test C:\Users\Abdelrahman\Desktop\Personal_Project\FL-wt-aihub
> node scripts/dev-test.mjs

npm warn Unknown env config "npm-globalconfig". This will stop working in the next major version of npm.
npm warn Unknown env config "verify-deps-before-run". This will stop working in the next major version of npm.
npm warn Unknown env config "_jsr-registry". This will stop working in the next major version of npm.
[seed-platform] test platform credentials ready
npm warn Unknown env config "npm-globalconfig". This will stop working in the next major version of npm.
npm warn Unknown env config "verify-deps-before-run". This will stop working in the next major version of npm.
npm warn Unknown env config "_jsr-registry". This will stop working in the next major version of npm.
npm warn Unknown env config "npm-globalconfig". This will stop working in the next major version of npm.
npm warn Unknown env config "npm-globalconfig". This will stop working in the next major version of npm.
npm warn Unknown env config "verify-deps-before-run". This will stop working in the next major version of npm.
npm warn Unknown env config "verify-deps-before-run". This will stop working in the next major version of npm.
npm warn Unknown env config "_jsr-registry". This will stop working in the next major version of npm.
npm warn Unknown env config "_jsr-registry". This will stop working in the next major version of npm.
npm warn Unknown env config "npm-globalconfig". This will stop working in the next major version of npm.
npm warn Unknown env config "verify-deps-before-run". This will stop working in the next major version of npm.
npm warn Unknown env config "_jsr-registry". This will stop working in the next major version of npm.
[fake-ai] listening on http://127.0.0.1:4021
Fake provider server listening on http://127.0.0.1:4020
Control API: POST http://127.0.0.1:4020/__fake/reset | GET http://127.0.0.1:4020/__fake/requests?provider=slack | GET http://127.0.0.1:4020/__fake/state/slack | POST http://127.0.0.1:4020/__fake/fault
▲ Next.js 16.3.6 (Turbopack)
- Local:         http://localhost:3100
- Network:       http://100.73.156.121:3100
- Environments: .env
✓ Ready in 413ms
✓ Running next.config.ts took 165ms
2026-09-29T03:21:46.355Z [worker] starting LAPTOP-AGGSOJ7U-38184-9b4ef2
2026-09-29T03:21:46.422Z [worker] agent run 21f6259d-dc32-4a64-906f-2209bb64e42a claimed
2026-09-29T03:21:46.437Z [worker] agent run 21f6259d-dc32-4a64-906f-2209bb64e42a failed

 GET /api/health?require=worker 200 in 413ms (next.js: 298ms, application-code: 115ms)
 GET /api/health 200 in 8ms (next.js: 3ms, application-code: 6ms)
 GET /sign-in 200 in 275ms (next.js: 98ms, application-code: 177ms)
 GET /sign-up 200 in 64ms (next.js: 20ms, application-code: 43ms)
 GET /w 404 in 55ms (next.js: 29ms, application-code: 27ms)
[auth] [better-auth] Cookie integration plugin "next-cookies" should be placed last in the plugins array. Plugins with `hooks.after` running after it may set cookies that are not forwarded to the framework cookie store. Move your cookie integration plugin to the end of the `plugins` array to avoid missing `Set-Cookie` headers.
 GET /admin 404 in 293ms (next.js: 148ms, application-code: 145ms)
 GET /admin/setup 200 in 47ms (next.js: 18ms, application-code: 29ms)
 GET /api/health?require=worker 200 in 6ms (next.js: 1.6ms, application-code: 5ms)
 GET /api/health?require=worker 200 in 7ms (next.js: 1.9ms, application-code: 5ms)
 GET /admin/setup 200 in 35ms (next.js: 11ms, application-code: 23ms)
 GET /api/platform/setup 404 in 144ms (next.js: 117ms, application-code: 27ms)
 POST /api/platform/setup/redeem 200 in 106ms (next.js: 69ms, application-code: 37ms)
[auth] [better-auth] Cookie integration plugin "next-cookies" should be placed last in the plugins array. Plugins with `hooks.after` running after it may set cookies that are not forwarded to the framework cookie store. Move your cookie integration plugin to the end of the `plugins` array to avoid missing `Set-Cookie` headers.
 GET /api/platform/setup 200 in 18ms (next.js: 1.9ms, application-code: 16ms)
2026-09-29T03:21:56.547Z [worker] run 9e30fd17-1a09-4acf-b024-9757f0109700 claimed
2026-09-29T03:21:56.552Z [worker] run afbbc0a6-8709-4589-8ac9-6b70a3fdae62 claimed
2026-09-29T03:21:56.559Z [worker] run 71a2b969-fa3d-428e-b577-c35380ce6151 claimed
 POST /api/auth/sign-up/email 200 in 926ms (next.js: 796ms, application-code: 131ms)
2026-09-29T03:21:56.615Z [worker] run 99d1ca05-abc7-42a7-870d-efd6a7b4c0bc claimed
 GET /api/test/outbox?email=platform-admin-fa966f7d%40flowline-e2e.test 200 in 47ms (next.js: 39ms, application-code: 8ms)
2026-09-29T03:21:56.655Z [worker] run 9e30fd17-1a09-4acf-b024-9757f0109700 done
2026-09-29T03:21:56.657Z [worker] run afbbc0a6-8709-4589-8ac9-6b70a3fdae62 done
2026-09-29T03:21:56.658Z [worker] run 71a2b969-fa3d-428e-b577-c35380ce6151 done
2026-09-29T03:21:56.659Z [worker] run 99d1ca05-abc7-42a7-870d-efd6a7b4c0bc done
2026-09-29T03:21:56.665Z [worker] run 5c56e463-fff9-48ee-ad14-9aec251f73f3 claimed
 POST /api/email 200 in 73ms (next.js: 46ms, application-code: 27ms)
2026-09-29T03:21:56.697Z [worker] run 5c56e463-fff9-48ee-ad14-9aec251f73f3 done
2026-09-29T03:21:56.698Z [worker] run 5611e253-2e4b-4b57-acf6-cce58b2cc13f claimed
2026-09-29T03:21:56.702Z [worker] run da51dd8a-0b15-40b5-a235-717fe8b8600f claimed
2026-09-29T03:21:56.708Z [worker] run 513888b3-a933-4108-9a5b-6ca118283677 claimed
2026-09-29T03:21:56.735Z [worker] run 5611e253-2e4b-4b57-acf6-cce58b2cc13f done
2026-09-29T03:21:56.736Z [worker] run da51dd8a-0b15-40b5-a235-717fe8b8600f done
2026-09-29T03:21:56.742Z [worker] run 513888b3-a933-4108-9a5b-6ca118283677 done
2026-09-29T03:21:56.743Z [worker] run 7ac4b207-8c9c-428f-b882-1ea07c7f8925 claimed
2026-09-29T03:21:56.779Z [worker] run 7ac4b207-8c9c-428f-b882-1ea07c7f8925 done
2026-09-29T03:21:56.784Z [worker] run 9223aeb7-99aa-4a1c-93e8-8fd8b69d9304 claimed
2026-09-29T03:21:56.790Z [worker] run 21fc496b-f01a-4c54-a16a-b69cffc13750 claimed
 POST /api/auth/sign-in/email 200 in 97ms (next.js: 18ms, application-code: 78ms)
2026-09-29T03:21:56.797Z [worker] run b98280ce-9c0f-429b-af6b-cc81cba41ec5 claimed
2026-09-29T03:21:56.819Z [worker] run 9223aeb7-99aa-4a1c-93e8-8fd8b69d9304 done
2026-09-29T03:21:56.826Z [worker] run 58d22cb5-7203-4fda-884d-4cd55c52db38 claimed
 GET /admin/setup 200 in 27ms (next.js: 2ms, application-code: 25ms)
2026-09-29T03:21:56.830Z [worker] run 21fc496b-f01a-4c54-a16a-b69cffc13750 done
2026-09-29T03:21:56.831Z [worker] run b98280ce-9c0f-429b-af6b-cc81cba41ec5 done
2026-09-29T03:21:56.858Z [worker] run 58d22cb5-7203-4fda-884d-4cd55c52db38 done
2026-09-29T03:21:56.896Z [worker] run 6c305bf8-0017-4326-bcb5-6030c109b834 claimed
2026-09-29T03:21:56.901Z [worker] run e66eebed-40ce-4cf3-b3fe-38e3d9ebfe9f claimed
 GET /api/platform/setup 200 in 18ms (next.js: 1.8ms, application-code: 16ms)
2026-09-29T03:21:56.907Z [worker] run 023e18f3-4075-46fb-bb75-7daa1b0e2ade claimed
2026-09-29T03:21:56.927Z [worker] run 6c305bf8-0017-4326-bcb5-6030c109b834 done
2026-09-29T03:21:56.934Z [worker] run e66eebed-40ce-4cf3-b3fe-38e3d9ebfe9f done
2026-09-29T03:21:56.935Z [worker] run f019e67c-2ed7-4590-a8f0-9890f3ee6ec5 claimed
2026-09-29T03:21:56.939Z [worker] run 023e18f3-4075-46fb-bb75-7daa1b0e2ade done
2026-09-29T03:21:56.962Z [worker] run f019e67c-2ed7-4590-a8f0-9890f3ee6ec5 done
 POST /api/auth/two-factor/enable 200 in 79ms (next.js: 1.9ms, application-code: 77ms)
2026-09-29T03:21:57.184Z [worker] run 850fd0ed-930e-4dd5-bdf9-00eb2a04148b claimed
2026-09-29T03:21:57.189Z [worker] run ea02e5c7-515c-4108-9a40-5fadeb7d12d9 claimed
2026-09-29T03:21:57.195Z [worker] run a3d6509a-c9dd-4908-b79f-453292a8c9f0 claimed
 POST /api/auth/two-factor/verify-totp 200 in 31ms (next.js: 2ms, application-code: 29ms)
2026-09-29T03:21:57.213Z [worker] run 64590516-f98d-476e-8a2e-e871005dd7ff claimed
2026-09-29T03:21:57.218Z [worker] run 850fd0ed-930e-4dd5-bdf9-00eb2a04148b done
2026-09-29T03:21:57.221Z [worker] run ea02e5c7-515c-4108-9a40-5fadeb7d12d9 done
2026-09-29T03:21:57.226Z [worker] run 783e22dd-34cd-4fa4-9301-87756e5b78b6 claimed
2026-09-29T03:21:57.229Z [worker] run a3d6509a-c9dd-4908-b79f-453292a8c9f0 done
2026-09-29T03:21:57.231Z [worker] run 295a3484-819f-4e2b-9412-c7263f9cda7b claimed
2026-09-29T03:21:57.237Z [worker] run 518c396f-dd59-4156-9905-124603ffa5c3 claimed
 GET /api/platform/setup 200 in 23ms (next.js: 1.8ms, application-code: 21ms)
2026-09-29T03:21:57.246Z [worker] run 64590516-f98d-476e-8a2e-e871005dd7ff done
2026-09-29T03:21:57.259Z [worker] run 783e22dd-34cd-4fa4-9301-87756e5b78b6 done
2026-09-29T03:21:57.264Z [worker] run 295a3484-819f-4e2b-9412-c7263f9cda7b done
2026-09-29T03:21:57.267Z [worker] run aa744a8a-3514-44b8-838a-59a8b7516f1d claimed
2026-09-29T03:21:57.268Z [worker] run 518c396f-dd59-4156-9905-124603ffa5c3 done
2026-09-29T03:21:57.272Z [worker] run aa4b262a-d20f-4348-9c54-220adf4d64b8 claimed
2026-09-29T03:21:57.277Z [worker] run 7fbcf7d3-a38f-460e-ad00-f4dfb1bbdcb3 claimed
2026-09-29T03:21:57.297Z [worker] run 3f7d6830-f310-4e0f-9c04-97809ba61e27 claimed
2026-09-29T03:21:57.301Z [worker] run aa744a8a-3514-44b8-838a-59a8b7516f1d done
2026-09-29T03:21:57.309Z [worker] run aa4b262a-d20f-4348-9c54-220adf4d64b8 done
2026-09-29T03:21:57.310Z [worker] run b74f0ae6-585a-4667-97c8-3d3b4cf94a77 claimed
2026-09-29T03:21:57.315Z [worker] run 7fbcf7d3-a38f-460e-ad00-f4dfb1bbdcb3 done
2026-09-29T03:21:57.317Z [worker] run 01261509-afcf-4afa-a827-46bbc4970439 claimed
2026-09-29T03:21:57.323Z [worker] run 84372aa7-77a7-4343-8394-fc013778934d claimed
2026-09-29T03:21:57.333Z [worker] run 3f7d6830-f310-4e0f-9c04-97809ba61e27 done
2026-09-29T03:21:57.341Z [worker] run 1588368f-829f-4d06-860b-bf3f73266772 claimed
2026-09-29T03:21:57.347Z [worker] run b74f0ae6-585a-4667-97c8-3d3b4cf94a77 done
2026-09-29T03:21:57.355Z [worker] run 01261509-afcf-4afa-a827-46bbc4970439 done
2026-09-29T03:21:57.358Z [worker] run 84372aa7-77a7-4343-8394-fc013778934d done
2026-09-29T03:21:57.376Z [worker] run 1588368f-829f-4d06-860b-bf3f73266772 done
 POST /api/platform/setup/complete 200 in 114ms (next.js: 74ms, application-code: 40ms)
 GET /admin 200 in 47ms (next.js: 8ms, application-code: 39ms)
 GET /api/platform/me 200 in 94ms (next.js: 33ms, application-code: 61ms)
 GET /api/platform/credentials 200 in 117ms (next.js: 77ms, application-code: 39ms)
2026-09-29T03:21:57.756Z [worker] run 6ca3a5fb-9726-4a14-90ec-dbdb75976c38 claimed
2026-09-29T03:21:57.761Z [worker] run d0180871-5e34-462b-98b8-90845a23ca47 claimed
2026-09-29T03:21:57.767Z [worker] run b8833f5e-a9e0-4213-b4dd-a088521ea582 claimed
2026-09-29T03:21:57.789Z [worker] run 6ca3a5fb-9726-4a14-90ec-dbdb75976c38 done
2026-09-29T03:21:57.797Z [worker] run 11c03844-567b-490c-a466-2e2f6e9c9a35 claimed
2026-09-29T03:21:57.801Z [worker] run d0180871-5e34-462b-98b8-90845a23ca47 done
2026-09-29T03:21:57.802Z [worker] run b8833f5e-a9e0-4213-b4dd-a088521ea582 done
2026-09-29T03:21:57.803Z [worker] run b054127c-e5da-4d28-a35e-5deaddd0b0cb claimed
2026-09-29T03:21:57.808Z [worker] run 6f802306-4b25-45ba-9708-e68baa0398f5 claimed
2026-09-29T03:21:57.831Z [worker] run 11c03844-567b-490c-a466-2e2f6e9c9a35 done
2026-09-29T03:21:57.837Z [worker] run b054127c-e5da-4d28-a35e-5deaddd0b0cb done
2026-09-29T03:21:57.839Z [worker] run e771d6eb-78d3-49ab-b3e1-eae3d1b38579 claimed
2026-09-29T03:21:57.844Z [worker] run 6f802306-4b25-45ba-9708-e68baa0398f5 done
2026-09-29T03:21:57.848Z [worker] run 677df526-0d13-4654-baa9-a48686261fba claimed
2026-09-29T03:21:57.854Z [worker] run 4d094c32-ed5e-4e43-b827-77b68314860b claimed
2026-09-29T03:21:57.876Z [worker] run e771d6eb-78d3-49ab-b3e1-eae3d1b38579 done
2026-09-29T03:21:57.882Z [worker] run 677df526-0d13-4654-baa9-a48686261fba done
2026-09-29T03:21:57.885Z [worker] run a62cca50-0603-4750-9eab-943c98923e2f claimed
2026-09-29T03:21:57.886Z [worker] run 4d094c32-ed5e-4e43-b827-77b68314860b done
 GET /api/platform/admins 200 in 134ms (next.js: 35ms, application-code: 99ms)
 GET /api/platform/audit 200 in 139ms (next.js: 69ms, application-code: 70ms)
2026-09-29T03:21:57.913Z [worker] run a62cca50-0603-4750-9eab-943c98923e2f done
 POST /api/platform/step-up 200 in 79ms (next.js: 35ms, application-code: 44ms)
2026-09-29T03:21:57.946Z [worker] run b4e0338e-01e9-48cc-892c-6ea8b9268860 claimed
2026-09-29T03:21:57.973Z [worker] run b4e0338e-01e9-48cc-892c-6ea8b9268860 done
 GET /api/platform/me 200 in 28ms (next.js: 1.7ms, application-code: 27ms)
2026-09-29T03:21:58.015Z [worker] run b3650819-751b-4d72-b90d-8d2e38b77535 claimed
2026-09-29T03:21:58.021Z [worker] run 785f948b-76af-45a4-af3c-ee90f1202e8c claimed
2026-09-29T03:21:58.025Z [worker] run 171637ff-dd41-4fd8-a5a3-6180e6f4c7f6 claimed
2026-09-29T03:21:58.042Z [worker] run 5198d6ae-c67a-4571-961a-66b6d2fe019b claimed
2026-09-29T03:21:58.044Z [worker] run b3650819-751b-4d72-b90d-8d2e38b77535 done
2026-09-29T03:21:58.050Z [worker] run 785f948b-76af-45a4-af3c-ee90f1202e8c done
2026-09-29T03:21:58.052Z [worker] run af5217a8-86ae-4a26-9cc2-9b3705b208d7 claimed
2026-09-29T03:21:58.055Z [worker] run 171637ff-dd41-4fd8-a5a3-6180e6f4c7f6 done
2026-09-29T03:21:58.073Z [worker] run 5198d6ae-c67a-4571-961a-66b6d2fe019b done
2026-09-29T03:21:58.081Z [worker] run af5217a8-86ae-4a26-9cc2-9b3705b208d7 done
2026-09-29T03:21:58.115Z [worker] run 5a952288-c467-426c-9044-c7ea2cbf9430 claimed
2026-09-29T03:21:58.120Z [worker] run 083d5596-0cfe-41fc-bb9b-f9427d132893 claimed
2026-09-29T03:21:58.124Z [worker] run 620a472c-83cb-44a2-bbbd-c939e88ea66c claimed
2026-09-29T03:21:58.144Z [worker] run 5a952288-c467-426c-9044-c7ea2cbf9430 done
2026-09-29T03:21:58.149Z [worker] run 083d5596-0cfe-41fc-bb9b-f9427d132893 done
2026-09-29T03:21:58.152Z [worker] run b24fa802-eba7-4203-a761-c1488d5de280 claimed
2026-09-29T03:21:58.157Z [worker] run 620a472c-83cb-44a2-bbbd-c939e88ea66c done
2026-09-29T03:21:58.179Z [worker] run b24fa802-eba7-4203-a761-c1488d5de280 done
2026-09-29T03:21:58.185Z [worker] run 43c149f3-f27e-4fb5-8956-4e871164f430 claimed
2026-09-29T03:21:58.191Z [worker] run b992dbc2-66da-4261-820f-05ed3a2a395a claimed
2026-09-29T03:21:58.197Z [worker] run 2a5e1fdc-5a5f-4dbb-b100-cc7268795c67 claimed
2026-09-29T03:21:58.222Z [worker] run 43c149f3-f27e-4fb5-8956-4e871164f430 done
2026-09-29T03:21:58.223Z [worker] run b992dbc2-66da-4261-820f-05ed3a2a395a done
2026-09-29T03:21:58.229Z [worker] run 2a5e1fdc-5a5f-4dbb-b100-cc7268795c67 done
2026-09-29T03:21:58.230Z [worker] run 1e0441fe-3ae4-4336-a90b-9428de0c74c4 claimed
2026-09-29T03:21:58.257Z [worker] run 1e0441fe-3ae4-4336-a90b-9428de0c74c4 done
2026-09-29T03:21:58.277Z [worker] run 2f428621-f299-4a63-ac39-e0d1a943a303 claimed
2026-09-29T03:21:58.281Z [worker] run d19bfd8d-da00-4e9f-8fd2-063fbbb11eb2 claimed
2026-09-29T03:21:58.287Z [worker] run 1dd2be64-8622-4fb4-8947-9e2ccb8f2ae1 claimed
2026-09-29T03:21:58.313Z [worker] run 2f428621-f299-4a63-ac39-e0d1a943a303 done
2026-09-29T03:21:58.313Z [worker] run 3edf15c8-631c-4fc2-9df5-0af264ee2398 claimed
2026-09-29T03:21:58.317Z [worker] run d19bfd8d-da00-4e9f-8fd2-063fbbb11eb2 done
2026-09-29T03:21:58.320Z [worker] run 90b60f89-16b5-4658-b1ea-5ab17a8ddc9c claimed
2026-09-29T03:21:58.328Z [worker] run 1dd2be64-8622-4fb4-8947-9e2ccb8f2ae1 done
2026-09-29T03:21:58.347Z [worker] run 3edf15c8-631c-4fc2-9df5-0af264ee2398 done
2026-09-29T03:21:58.350Z [worker] run 90b60f89-16b5-4658-b1ea-5ab17a8ddc9c done
2026-09-29T03:21:58.483Z [worker] run 417f213f-e783-40a7-8f94-f1a81cfd39f7 claimed
2026-09-29T03:21:58.507Z [worker] run 417f213f-e783-40a7-8f94-f1a81cfd39f7 done
2026-09-29T03:21:58.743Z [worker] run 9125b471-310a-4eb9-ba72-9dc13b8d64ef claimed
2026-09-29T03:21:58.748Z [worker] run 58970a71-3a86-4aad-83c2-d1f55202b023 claimed
2026-09-29T03:21:58.754Z [worker] run dcdb66c2-6fb9-4136-b736-b12b6a00409f claimed
2026-09-29T03:21:58.772Z [worker] run 9125b471-310a-4eb9-ba72-9dc13b8d64ef done
2026-09-29T03:21:58.777Z [worker] run 58970a71-3a86-4aad-83c2-d1f55202b023 done
2026-09-29T03:21:58.778Z [worker] run b25387bd-6306-41c2-af61-bd25b463a071 claimed
2026-09-29T03:21:58.782Z [worker] run 4a8a20ac-dfc0-495f-8f66-8eef7f4c0ba1 claimed
2026-09-29T03:21:58.784Z [worker] run dcdb66c2-6fb9-4136-b736-b12b6a00409f done
2026-09-29T03:21:58.788Z [worker] run f0cd4eac-5cc2-4dcc-8b4f-a16a3e7644f4 claimed
2026-09-29T03:21:58.811Z [worker] run b25387bd-6306-41c2-af61-bd25b463a071 done
2026-09-29T03:21:58.813Z [worker] run 4a8a20ac-dfc0-495f-8f66-8eef7f4c0ba1 done
2026-09-29T03:21:58.823Z [worker] run f0cd4eac-5cc2-4dcc-8b4f-a16a3e7644f4 done
2026-09-29T03:21:58.824Z [worker] run ad116d78-875e-4536-ade4-ac4c43dcde70 claimed
2026-09-29T03:21:58.828Z [worker] run e8cf0b18-ea93-4456-abe6-1d5f8957ca80 claimed
2026-09-29T03:21:58.834Z [worker] run d463488c-4fa9-42ba-a7d7-1b62d40a9852 claimed
2026-09-29T03:21:58.840Z [worker] run 2a061137-c273-47a1-85eb-5ea73303f1b4 claimed
2026-09-29T03:21:58.856Z [worker] run ad116d78-875e-4536-ade4-ac4c43dcde70 done
2026-09-29T03:21:58.860Z [worker] run e8cf0b18-ea93-4456-abe6-1d5f8957ca80 done
2026-09-29T03:21:58.864Z [worker] run cca6548c-63a9-483a-b5c8-4d712db5c4d4 claimed
2026-09-29T03:21:58.869Z [worker] run d463488c-4fa9-42ba-a7d7-1b62d40a9852 done
2026-09-29T03:21:58.872Z [worker] run 2a061137-c273-47a1-85eb-5ea73303f1b4 done
2026-09-29T03:21:58.872Z [worker] run b71cb47f-5afc-43b4-9a2f-c8c7b2c25af9 claimed
2026-09-29T03:21:58.877Z [worker] run 6ada226e-19d8-490b-badd-0c61f4c9cefc claimed
2026-09-29T03:21:58.882Z [worker] run ceb2660f-d58b-404a-b69f-af11a3be6efc claimed
2026-09-29T03:21:58.899Z [worker] run cca6548c-63a9-483a-b5c8-4d712db5c4d4 done
2026-09-29T03:21:58.904Z [worker] run b71cb47f-5afc-43b4-9a2f-c8c7b2c25af9 done
2026-09-29T03:21:58.910Z [worker] run 6ada226e-19d8-490b-badd-0c61f4c9cefc done
2026-09-29T03:21:58.913Z [worker] run ceb2660f-d58b-404a-b69f-af11a3be6efc done
 PUT /api/platform/credentials/integration.github 200 in 892ms (next.js: 847ms, application-code: 46ms)
 GET /api/platform/credentials 200 in 26ms (next.js: 2ms, application-code: 24ms)
2026-09-29T03:21:59.128Z [worker] run 969c59e1-fea5-469b-88b8-8ca1c965e626 claimed
2026-09-29T03:21:59.132Z [worker] run b08a7a6f-a837-48c2-9ea0-2fc80e839aec claimed
2026-09-29T03:21:59.138Z [worker] run 8e33159b-ffdc-4881-94a8-0abc79949ecd claimed
2026-09-29T03:21:59.156Z [worker] run 969c59e1-fea5-469b-88b8-8ca1c965e626 done
2026-09-29T03:21:59.161Z [worker] run b08a7a6f-a837-48c2-9ea0-2fc80e839aec done
2026-09-29T03:21:59.163Z [worker] run 8c479a5c-660c-4257-b301-7a5cba1e6c9b claimed
2026-09-29T03:21:59.168Z [worker] run 8e33159b-ffdc-4881-94a8-0abc79949ecd done
2026-09-29T03:21:59.169Z [worker] run 0056a505-4070-4405-9b10-b0541c63908c claimed
2026-09-29T03:21:59.174Z [worker] run d1d63f2f-be86-4977-b6f7-e4c76b683c32 claimed
2026-09-29T03:21:59.193Z [worker] run 8c479a5c-660c-4257-b301-7a5cba1e6c9b done
2026-09-29T03:21:59.202Z [worker] run 0056a505-4070-4405-9b10-b0541c63908c done
2026-09-29T03:21:59.202Z [worker] run 43b2cc71-ec00-4af8-ab64-f1b2c2c76766 claimed
2026-09-29T03:21:59.208Z [worker] run d1d63f2f-be86-4977-b6f7-e4c76b683c32 done
2026-09-29T03:21:59.208Z [worker] run 0dfe94d0-1b7c-4d06-bf44-220dee22f5e5 claimed
2026-09-29T03:21:59.214Z [worker] run 1bf39621-3aff-4f2a-a6b0-82a8d28e69fb claimed
2026-09-29T03:21:59.234Z [worker] run 43b2cc71-ec00-4af8-ab64-f1b2c2c76766 done
2026-09-29T03:21:59.241Z [worker] run 0dfe94d0-1b7c-4d06-bf44-220dee22f5e5 done
2026-09-29T03:21:59.242Z [worker] run 0f141c24-8c21-492f-ba0d-05d655822bf5 claimed
2026-09-29T03:21:59.245Z [worker] run 1bf39621-3aff-4f2a-a6b0-82a8d28e69fb done
 GET /admin 200 in 68ms (next.js: 3ms, application-code: 64ms)
2026-09-29T03:21:59.273Z [worker] run 0f141c24-8c21-492f-ba0d-05d655822bf5 done
 GET /api/platform/me 200 in 20ms (next.js: 2ms, application-code: 17ms)
 GET /api/platform/credentials 200 in 35ms (next.js: 5ms, application-code: 30ms)
 GET /api/platform/audit 200 in 24ms (next.js: 5ms, application-code: 19ms)
 GET /api/platform/admins 200 in 25ms (next.js: 2.0ms, application-code: 23ms)
2026-09-29T03:21:59.604Z [worker] run 639caa49-6f5b-4096-8934-96c978f6c5a3 claimed
2026-09-29T03:21:59.608Z [worker] run dcbc5d09-0fc8-4297-90ce-11ccd798b377 claimed
2026-09-29T03:21:59.614Z [worker] run bf03542a-85d8-4bda-99ce-55ecb4dd9df9 claimed
2026-09-29T03:21:59.633Z [worker] run 639caa49-6f5b-4096-8934-96c978f6c5a3 done
2026-09-29T03:21:59.638Z [worker] run dcbc5d09-0fc8-4297-90ce-11ccd798b377 done
2026-09-29T03:21:59.641Z [worker] run ade76231-dde1-4a8f-94de-39b914e95d09 claimed
2026-09-29T03:21:59.646Z [worker] run bf03542a-85d8-4bda-99ce-55ecb4dd9df9 done
2026-09-29T03:21:59.647Z [worker] run e328308a-5a3f-47ad-9a24-a142c290b651 claimed
2026-09-29T03:21:59.652Z [worker] run 276150a8-ba14-4ba8-8ece-67dc0c52b2f0 claimed
2026-09-29T03:21:59.671Z [worker] run ade76231-dde1-4a8f-94de-39b914e95d09 done
2026-09-29T03:21:59.676Z [worker] run e328308a-5a3f-47ad-9a24-a142c290b651 done
2026-09-29T03:21:59.679Z [worker] run ca866b08-5d8f-49d4-bfcd-39b4b34d0b4b claimed
2026-09-29T03:21:59.681Z [worker] run 276150a8-ba14-4ba8-8ece-67dc0c52b2f0 done
2026-09-29T03:21:59.685Z [worker] run f5e394a0-6f9b-46eb-871d-cae1a70d00f6 claimed
2026-09-29T03:21:59.689Z [worker] run 25312207-f739-422b-ac03-4de260c3cb51 claimed
2026-09-29T03:21:59.694Z [worker] run f508aa43-1a6e-4903-89a3-02595226a5b9 claimed
2026-09-29T03:21:59.712Z [worker] run ca866b08-5d8f-49d4-bfcd-39b4b34d0b4b done
2026-09-29T03:21:59.719Z [worker] run f5e394a0-6f9b-46eb-871d-cae1a70d00f6 done
2026-09-29T03:21:59.720Z [worker] run 25312207-f739-422b-ac03-4de260c3cb51 done
2026-09-29T03:21:59.721Z [worker] run 9f9d0d94-e3a8-47e1-9250-fc00c6dd356a claimed
2026-09-29T03:21:59.726Z [worker] run f508aa43-1a6e-4903-89a3-02595226a5b9 done
2026-09-29T03:21:59.726Z [worker] run 553eb4eb-dd14-4082-974a-4f72ac4fd15d claimed
2026-09-29T03:21:59.731Z [worker] run ea4e52a1-fb6d-42b9-a405-3ae4a63127b3 claimed
2026-09-29T03:21:59.736Z [worker] run 85f33f67-e423-4730-abcf-8848f5d65f27 claimed
2026-09-29T03:21:59.752Z [worker] run 9f9d0d94-e3a8-47e1-9250-fc00c6dd356a done
2026-09-29T03:21:59.757Z [worker] run 553eb4eb-dd14-4082-974a-4f72ac4fd15d done
2026-09-29T03:21:59.762Z [worker] run ea4e52a1-fb6d-42b9-a405-3ae4a63127b3 done
2026-09-29T03:21:59.762Z [worker] run 68f94723-aafd-4f0e-ae00-f877f4c1cf56 claimed
2026-09-29T03:21:59.766Z [worker] run 85f33f67-e423-4730-abcf-8848f5d65f27 done
2026-09-29T03:21:59.767Z [worker] run 4c79924d-c795-43ed-902f-d40a6f439c3a claimed
2026-09-29T03:21:59.773Z [worker] run 61ba9307-8e5b-434d-b148-9b22ffa9fdbb claimed
2026-09-29T03:21:59.792Z [worker] run 68f94723-aafd-4f0e-ae00-f877f4c1cf56 done
2026-09-29T03:21:59.798Z [worker] run 4c79924d-c795-43ed-902f-d40a6f439c3a done
2026-09-29T03:21:59.800Z [worker] run 382d2696-fcab-42f9-b3d5-b40b1aac267a claimed
2026-09-29T03:21:59.804Z [worker] run 61ba9307-8e5b-434d-b148-9b22ffa9fdbb done
2026-09-29T03:21:59.825Z [worker] run 382d2696-fcab-42f9-b3d5-b40b1aac267a done
2026-09-29T03:21:59.840Z [worker] run a930c82f-b0a9-4dfe-8987-c62315fa901c claimed
2026-09-29T03:21:59.844Z [worker] run b0782571-6f11-489a-9854-a21a48420609 claimed
2026-09-29T03:21:59.849Z [worker] run e1f60f2d-d888-4f4d-a84b-e73f6a4ce1fc claimed
2026-09-29T03:21:59.865Z [worker] run dfa429b5-1b53-41b8-93c9-c6a860ad6e7b claimed
2026-09-29T03:21:59.869Z [worker] run a930c82f-b0a9-4dfe-8987-c62315fa901c done
2026-09-29T03:21:59.875Z [worker] run b0782571-6f11-489a-9854-a21a48420609 done
2026-09-29T03:21:59.878Z [worker] run 2487687a-277e-4418-bdf5-da5bc2c8c325 claimed
2026-09-29T03:21:59.881Z [worker] run e1f60f2d-d888-4f4d-a84b-e73f6a4ce1fc done
2026-09-29T03:21:59.896Z [worker] run dfa429b5-1b53-41b8-93c9-c6a860ad6e7b done
2026-09-29T03:21:59.904Z [worker] run 2487687a-277e-4418-bdf5-da5bc2c8c325 done
2026-09-29T03:21:59.933Z [worker] run bd7821cb-4737-46ba-9e4e-25c84926b698 claimed
2026-09-29T03:21:59.938Z [worker] run bb078940-30d0-4e46-a932-603c788767df claimed
2026-09-29T03:21:59.943Z [worker] run 9f641624-0074-4aa6-878b-030cd8f81d47 claimed
2026-09-29T03:21:59.960Z [worker] run bd7821cb-4737-46ba-9e4e-25c84926b698 done
2026-09-29T03:21:59.965Z [worker] run bb078940-30d0-4e46-a932-603c788767df done
2026-09-29T03:21:59.967Z [worker] run 96ec26e3-ddd2-40ae-9105-ce7f0a0a98df claimed
2026-09-29T03:21:59.971Z [worker] run 9f641624-0074-4aa6-878b-030cd8f81d47 done
2026-09-29T03:21:59.991Z [worker] run 96ec26e3-ddd2-40ae-9105-ce7f0a0a98df done
2026-09-29T03:21:59.998Z [worker] run f8bf950f-4c9e-48a4-a469-36a18ffdf641 claimed
2026-09-29T03:22:00.004Z [worker] run ae687ae3-c2b3-4894-beab-6af485662c95 claimed
2026-09-29T03:22:00.012Z [worker] run c1dc098f-3047-4187-8389-ed74211c20ae claimed
2026-09-29T03:22:00.034Z [worker] run f8bf950f-4c9e-48a4-a469-36a18ffdf641 done
2026-09-29T03:22:00.038Z [worker] run ae687ae3-c2b3-4894-beab-6af485662c95 done
2026-09-29T03:22:00.042Z [worker] run ceaffd33-5fbd-4d22-aac0-5e3b84b30922 claimed
2026-09-29T03:22:00.045Z [worker] run c1dc098f-3047-4187-8389-ed74211c20ae done
2026-09-29T03:22:00.068Z [worker] run ceaffd33-5fbd-4d22-aac0-5e3b84b30922 done
2026-09-29T03:22:00.314Z [worker] scheduler fired 127
2026-09-29T03:22:00.320Z [worker] run fdd3db2a-7812-48f4-b87c-36f8a4e15fd3 claimed
2026-09-29T03:22:00.325Z [worker] run bb4c13fa-eb64-45b1-a7db-b6f16d096329 claimed
2026-09-29T03:22:00.329Z [worker] run fa3b5752-f8c7-4e50-a989-2db8980c869c claimed
2026-09-29T03:22:00.352Z [worker] run fdd3db2a-7812-48f4-b87c-36f8a4e15fd3 done
2026-09-29T03:22:00.353Z [worker] run bb4c13fa-eb64-45b1-a7db-b6f16d096329 done
2026-09-29T03:22:00.358Z [worker] run fa3b5752-f8c7-4e50-a989-2db8980c869c done
2026-09-29T03:22:00.359Z [worker] run ba8daf03-d273-4d01-9d62-d18d23d2ace8 claimed
2026-09-29T03:22:00.363Z [worker] run ca50bb8c-3f5f-4c19-92c7-1992a9b2d1a2 claimed
2026-09-29T03:22:00.368Z [worker] run 9826ae0a-79c8-409e-9384-f9050b4e1ae7 claimed
2026-09-29T03:22:00.388Z [worker] run ba8daf03-d273-4d01-9d62-d18d23d2ace8 done
2026-09-29T03:22:00.391Z [worker] run ca50bb8c-3f5f-4c19-92c7-1992a9b2d1a2 done
2026-09-29T03:22:00.396Z [worker] run 7ec76218-d626-4768-a25f-7e699c760cf1 claimed
2026-09-29T03:22:00.398Z [worker] run 9826ae0a-79c8-409e-9384-f9050b4e1ae7 done
2026-09-29T03:22:00.400Z [worker] run 2baa0b19-e555-4f51-a584-52a63d1a0740 claimed
2026-09-29T03:22:00.404Z [worker] run df4bfd1d-5614-4970-b6b3-655074c9aa94 claimed
2026-09-29T03:22:00.425Z [worker] run 7ec76218-d626-4768-a25f-7e699c760cf1 done
2026-09-29T03:22:00.429Z [worker] run 2baa0b19-e555-4f51-a584-52a63d1a0740 done
2026-09-29T03:22:00.431Z [worker] run 22e616b3-ceb5-4cea-a59b-6d44ddd6e5ad claimed
2026-09-29T03:22:00.434Z [worker] run df4bfd1d-5614-4970-b6b3-655074c9aa94 done
2026-09-29T03:22:00.457Z [worker] run 22e616b3-ceb5-4cea-a59b-6d44ddd6e5ad done
 GET /api/platform/credentials/integration.github/impact 200 in 874ms (next.js: 850ms, application-code: 23ms)
 POST /api/platform/credentials/integration.github/revoke 200 in 867ms (next.js: 808ms, application-code: 59ms)
 GET /api/platform/credentials 200 in 26ms (next.js: 1.8ms, application-code: 24ms)
 GET /api/platform/credentials/integration.github/impact 200 in 39ms (next.js: 14ms, application-code: 25ms)
 POST /api/platform/credentials/integration.github/clear 200 in 47ms
 POST /api/auth/sign-up/email 200 in 101ms (next.js: 14ms, application-code: 86ms)
 GET /api/test/outbox?email=e2e-7e1cf967%40flowline-e2e.test 200 in 8ms (next.js: 2.0ms, application-code: 6ms)
 POST /api/email 200 in 20ms (next.js: 1.9ms, application-code: 18ms)
 POST /api/auth/sign-in/email 200 in 71ms (next.js: 2.0ms, application-code: 69ms)
 POST /api/workspaces 201 in 55ms (next.js: 30ms, application-code: 25ms)
 POST /api/onboarding 200 in 45ms (next.js: 29ms, application-code: 16ms)
 GET /admin 404 in 45ms (next.js: 2ms, application-code: 43ms)
 POST /api/auth/sign-up/email 200 in 84ms (next.js: 1.7ms, application-code: 82ms)
 GET /api/test/outbox?email=e2e-e4adcd1b%40flowline-e2e.test 200 in 7ms (next.js: 1.8ms, application-code: 5ms)
 POST /api/email 200 in 19ms (next.js: 1.5ms, application-code: 17ms)
 POST /api/auth/sign-in/email 200 in 76ms (next.js: 1.5ms, application-code: 74ms)
 POST /api/workspaces 201 in 31ms (next.js: 1.8ms, application-code: 29ms)
 POST /api/onboarding 200 in 22ms (next.js: 1.7ms, application-code: 20ms)
 GET /w/e2e-3039dd/settings?tab=oauthApps 200 in 709ms (next.js: 623ms, application-code: 85ms)
 GET /api/health 200 in 8ms (next.js: 3ms, application-code: 4ms)
 GET /api/workspaces/039ada96-09c9-4217-aa58-bc7e30759cdf/oauth-apps 200 in 815ms (next.js: 797ms, application-code: 18ms)
 PUT /api/workspaces/039ada96-09c9-4217-aa58-bc7e30759cdf/oauth-apps/google 200 in 814ms (next.js: 774ms, application-code: 40ms)
 GET /api/workspaces/039ada96-09c9-4217-aa58-bc7e30759cdf/oauth-apps 200 in 70ms (next.js: 13ms, application-code: 57ms)
 POST /api/workspaces/039ada96-09c9-4217-aa58-bc7e30759cdf/invites 201 in 826ms (next.js: 789ms, application-code: 36ms)
 POST /api/auth/sign-up/email 200 in 94ms (next.js: 14ms, application-code: 80ms)
 GET /api/test/outbox?email=oauth-editor-ab17f060%40flowline-e2e.test 200 in 6ms (next.js: 1.8ms, application-code: 4ms)
 POST /api/email 200 in 19ms (next.js: 1.5ms, application-code: 17ms)
 POST /api/auth/sign-in/email 200 in 68ms (next.js: 1.7ms, application-code: 67ms)
 POST /api/invites/HMQErwuaY66-3_h0xtgbhgvORHfAP58BqHxeos88LKE 200 in 811ms (next.js: 781ms, application-code: 30ms)
 GET /w/e2e-3039dd/integrations 200 in 612ms (next.js: 570ms, application-code: 42ms)
 GET /api/health 200 in 6ms (next.js: 1.6ms, application-code: 5ms)
 GET /api/integrations/catalog?workspaceId=039ada96-09c9-4217-aa58-bc7e30759cdf 200 in 219ms (next.js: 44ms, application-code: 175ms)
 GET /api/workspaces/039ada96-09c9-4217-aa58-bc7e30759cdf/connections 200 in 835ms (next.js: 810ms, application-code: 25ms)
 GET /api/workspaces/039ada96-09c9-4217-aa58-bc7e30759cdf/oauth-apps/provenance?provider=google_sheets 200 in 825ms (next.js: 811ms, application-code: 13ms)
 GET /api/workspaces/039ada96-09c9-4217-aa58-bc7e30759cdf/oauth-apps/google/impact 200 in 831ms (next.js: 809ms, application-code: 22ms)
 DELETE /api/workspaces/039ada96-09c9-4217-aa58-bc7e30759cdf/oauth-apps/google 200 in 45ms (next.js: 13ms, application-code: 31ms)
 GET /api/workspaces/039ada96-09c9-4217-aa58-bc7e30759cdf/oauth-apps 200 in 35ms (next.js: 15ms, application-code: 20ms)
 POST /api/auth/sign-up/email 200 in 107ms (next.js: 15ms, application-code: 92ms)
 GET /api/test/outbox?email=e2e-523d363b%40flowline-e2e.test 200 in 8ms (next.js: 2ms, application-code: 5ms)
 POST /api/email 200 in 23ms (next.js: 1.6ms, application-code: 21ms)
 POST /api/auth/sign-in/email 200 in 70ms (next.js: 1.6ms, application-code: 68ms)
 POST /api/workspaces 201 in 21ms (next.js: 1.5ms, application-code: 19ms)
 POST /api/onboarding 200 in 24ms (next.js: 1.4ms, application-code: 22ms)
 GET /w/e2e-ea9760/settings?tab=ai 200 in 59ms (next.js: 15ms, application-code: 44ms)
 GET /api/health 200 in 8ms (next.js: 2ms, application-code: 5ms)
 GET /api/workspaces/a50cf85f-1556-4eec-b41b-46c577ff2a85/ai 200 in 851ms (next.js: 826ms, application-code: 25ms)
 GET /api/workspaces/a50cf85f-1556-4eec-b41b-46c577ff2a85/ai/models 200 in 819ms (next.js: 798ms, application-code: 21ms)
 POST /api/workspaces/a50cf85f-1556-4eec-b41b-46c577ff2a85/ai/connections 201 in 886ms (next.js: 827ms, application-code: 59ms)
 GET /api/workspaces/a50cf85f-1556-4eec-b41b-46c577ff2a85/ai 200 in 53ms (next.js: 21ms, application-code: 32ms)
 GET /api/workspaces/a50cf85f-1556-4eec-b41b-46c577ff2a85/ai/models 200 in 54ms (next.js: 36ms, application-code: 18ms)
 POST /api/auth/sign-up/email 200 in 102ms (next.js: 16ms, application-code: 86ms)
 GET /api/test/outbox?email=e2e-f701c5b2%40flowline-e2e.test 200 in 6ms (next.js: 1.4ms, application-code: 5ms)
 POST /api/email 200 in 20ms (next.js: 1.8ms, application-code: 18ms)
 POST /api/auth/sign-in/email 200 in 71ms (next.js: 1.6ms, application-code: 69ms)
 POST /api/workspaces 201 in 18ms (next.js: 1.8ms, application-code: 16ms)
 POST /api/onboarding 200 in 24ms (next.js: 1.6ms, application-code: 22ms)
 GET /w/e2e-50ed53/settings?tab=ai 200 in 52ms (next.js: 16ms, application-code: 37ms)
 GET /api/health 200 in 8ms (next.js: 2.0ms, application-code: 6ms)
 GET /api/workspaces/95bc2da5-cf7f-413b-ace0-e9fd64517d00/ai 200 in 40ms (next.js: 16ms, application-code: 23ms)
 GET /api/workspaces/95bc2da5-cf7f-413b-ace0-e9fd64517d00/ai/models 200 in 41ms (next.js: 15ms, application-code: 26ms)
 POST /api/workspaces/95bc2da5-cf7f-413b-ace0-e9fd64517d00/ai/connections 201 in 88ms (next.js: 18ms, application-code: 70ms)
 GET /api/workspaces/95bc2da5-cf7f-413b-ace0-e9fd64517d00/ai/models 200 in 39ms (next.js: 25ms, application-code: 14ms)
 GET /api/workspaces/95bc2da5-cf7f-413b-ace0-e9fd64517d00/ai 200 in 42ms (next.js: 2ms, application-code: 40ms)
 POST /api/auth/sign-up/email 200 in 97ms (next.js: 14ms, application-code: 82ms)
 GET /api/test/outbox?email=e2e-d63eadca%40flowline-e2e.test 200 in 7ms (next.js: 2ms, application-code: 5ms)
 POST /api/email 200 in 20ms (next.js: 1.6ms, application-code: 18ms)
 POST /api/auth/sign-in/email 200 in 71ms (next.js: 1.9ms, application-code: 69ms)
 POST /api/workspaces 201 in 26ms (next.js: 1.9ms, application-code: 24ms)
 POST /api/onboarding 200 in 12ms (next.js: 1.4ms, application-code: 11ms)
 POST /api/workspaces/67d1df79-326a-4a8e-b3b1-31dcee6092b2/ai/connections 201 in 75ms (next.js: 1.6ms, application-code: 74ms)
 PUT /api/workspaces/67d1df79-326a-4a8e-b3b1-31dcee6092b2/ai/default-route 200 in 820ms (next.js: 795ms, application-code: 25ms)
 PUT /api/workspaces/67d1df79-326a-4a8e-b3b1-31dcee6092b2/ai/policy 200 in 822ms (next.js: 801ms, application-code: 21ms)
 POST /api/workspaces/67d1df79-326a-4a8e-b3b1-31dcee6092b2/ai/connections 201 in 77ms (next.js: 14ms, application-code: 63ms)
 GET /w/e2e-f8e043/settings?tab=ai 200 in 60ms (next.js: 15ms, application-code: 45ms)
 GET /api/health 200 in 7ms (next.js: 1.6ms, application-code: 5ms)
 GET /api/workspaces/67d1df79-326a-4a8e-b3b1-31dcee6092b2/ai 200 in 48ms (next.js: 15ms, application-code: 33ms)
 GET /api/workspaces/67d1df79-326a-4a8e-b3b1-31dcee6092b2/ai/models 200 in 41ms (next.js: 17ms, application-code: 24ms)
 PUT /api/workspaces/67d1df79-326a-4a8e-b3b1-31dcee6092b2/ai/policy 200 in 40ms (next.js: 16ms, application-code: 24ms)
 GET /api/workspaces/67d1df79-326a-4a8e-b3b1-31dcee6092b2/ai 200 in 34ms (next.js: 1.9ms, application-code: 32ms)
 GET /w/e2e-f8e043/settings?tab=ai 200 in 57ms (next.js: 15ms, application-code: 42ms)
 GET /api/health 200 in 9ms (next.js: 3ms, application-code: 6ms)
 GET /api/workspaces/67d1df79-326a-4a8e-b3b1-31dcee6092b2/ai 200 in 32ms (next.js: 3ms, application-code: 28ms)
 GET /api/workspaces/67d1df79-326a-4a8e-b3b1-31dcee6092b2/ai/models 200 in 34ms (next.js: 2ms, application-code: 32ms)
 GET /w/e2e-f8e043/agents/new 200 in 657ms (next.js: 597ms, application-code: 60ms)
 GET /api/health 200 in 8ms (next.js: 2ms, application-code: 6ms)
 GET /api/workspaces/67d1df79-326a-4a8e-b3b1-31dcee6092b2/ai 200 in 154ms (next.js: 15ms, application-code: 140ms)
 GET /api/workspaces/67d1df79-326a-4a8e-b3b1-31dcee6092b2/ai/models 200 in 48ms (next.js: 16ms, application-code: 33ms)
 GET /api/workspaces/67d1df79-326a-4a8e-b3b1-31dcee6092b2/flows 200 in 915ms (next.js: 889ms, application-code: 26ms)
 GET /api/workspaces/67d1df79-326a-4a8e-b3b1-31dcee6092b2/knowledge 200 in 875ms (next.js: 857ms, application-code: 17ms)
 POST /api/workspaces/67d1df79-326a-4a8e-b3b1-31dcee6092b2/agents 201 in 870ms (next.js: 841ms, application-code: 29ms)
 GET /w/e2e-f8e043/agents/f3bb3359-d99f-4d64-b462-125e4f95d1aa 200 in 602ms (next.js: 589ms, application-code: 13ms)
 GET /api/agents/f3bb3359-d99f-4d64-b462-125e4f95d1aa 200 in 835ms (next.js: 818ms, application-code: 17ms)
 POST /api/auth/sign-up/email 200 in 89ms (next.js: 14ms, application-code: 75ms)
 GET /api/test/outbox?email=e2e-b20c42d0%40flowline-e2e.test 200 in 5ms (next.js: 1.4ms, application-code: 4ms)
 POST /api/email 200 in 20ms (next.js: 2.0ms, application-code: 18ms)
 POST /api/auth/sign-in/email 200 in 71ms (next.js: 1.5ms, application-code: 69ms)
 POST /api/workspaces 201 in 20ms (next.js: 1.6ms, application-code: 19ms)
 POST /api/onboarding 200 in 24ms (next.js: 1.6ms, application-code: 23ms)
 GET /w/e2e-c5467f/settings?tab=ai 200 in 52ms (next.js: 14ms, application-code: 38ms)
 GET /api/health 200 in 7ms (next.js: 2ms, application-code: 5ms)
 GET /api/workspaces/30715b9f-66f5-483e-976b-38d92b3135bd/ai 200 in 35ms (next.js: 16ms, application-code: 19ms)
 GET /api/workspaces/30715b9f-66f5-483e-976b-38d92b3135bd/ai/models 200 in 31ms (next.js: 15ms, application-code: 15ms)
 POST /api/workspaces/30715b9f-66f5-483e-976b-38d92b3135bd/ai/connections 201 in 70ms (next.js: 14ms, application-code: 56ms)
 GET /api/workspaces/30715b9f-66f5-483e-976b-38d92b3135bd/ai/models 200 in 25ms (next.js: 5ms, application-code: 20ms)
 GET /api/workspaces/30715b9f-66f5-483e-976b-38d92b3135bd/ai 200 in 29ms (next.js: 2ms, application-code: 27ms)
 PUT /api/workspaces/30715b9f-66f5-483e-976b-38d92b3135bd/ai/default-route 200 in 49ms (next.js: 16ms, application-code: 33ms)
 GET /api/workspaces/30715b9f-66f5-483e-976b-38d92b3135bd/ai 200 in 71ms (next.js: 2ms, application-code: 69ms)
 PATCH /api/workspaces/30715b9f-66f5-483e-976b-38d92b3135bd 200 in 828ms (next.js: 805ms, application-code: 23ms)
 POST /api/workspaces/30715b9f-66f5-483e-976b-38d92b3135bd/flows 201 in 42ms (next.js: 15ms, application-code: 27ms)
 PUT /api/flows/21dfc4bf-d777-4638-b5b9-78fbe96ba61a 200 in 831ms (next.js: 805ms, application-code: 26ms)
 GET /w/e2e-c5467f/flows/21dfc4bf-d777-4638-b5b9-78fbe96ba61a 200 in 647ms (next.js: 575ms, application-code: 73ms)
 GET /api/health 200 in 7ms (next.js: 2ms, application-code: 5ms)
 GET /api/flows/21dfc4bf-d777-4638-b5b9-78fbe96ba61a 200 in 52ms (next.js: 16ms, application-code: 36ms)
 GET /api/workspaces/30715b9f-66f5-483e-976b-38d92b3135bd/ai 200 in 41ms (next.js: 16ms, application-code: 25ms)
 GET /api/workspaces/30715b9f-66f5-483e-976b-38d92b3135bd/ai/models 200 in 33ms (next.js: 18ms, application-code: 15ms)
 GET /api/flows/21dfc4bf-d777-4638-b5b9-78fbe96ba61a/publish 200 in 928ms (next.js: 900ms, application-code: 28ms)
 GET /api/flows/21dfc4bf-d777-4638-b5b9-78fbe96ba61a/runs 200 in 905ms (next.js: 878ms, application-code: 27ms)
 PUT /api/flows/21dfc4bf-d777-4638-b5b9-78fbe96ba61a 200 in 41ms (next.js: 14ms, application-code: 27ms)
2026-09-29T03:22:30.394Z [worker] run 9683aa35-2bd2-4269-bd1d-c8093a70d70f claimed
 POST /api/flows/21dfc4bf-d777-4638-b5b9-78fbe96ba61a/runs 202 in 79ms (next.js: 15ms, application-code: 64ms)
 GET /api/flows/21dfc4bf-d777-4638-b5b9-78fbe96ba61a/runs 200 in 57ms (next.js: 2ms, application-code: 54ms)
2026-09-29T03:22:30.504Z [worker] run 9683aa35-2bd2-4269-bd1d-c8093a70d70f done
 GET /api/runs/9683aa35-2bd2-4269-bd1d-c8093a70d70f 200 in 875ms (next.js: 851ms, application-code: 24ms)
 GET /api/flows/21dfc4bf-d777-4638-b5b9-78fbe96ba61a/runs 200 in 40ms (next.js: 14ms, application-code: 26ms)
 GET /w/e2e-c5467f/runs?run=9683aa35-2bd2-4269-bd1d-c8093a70d70f 200 in 588ms (next.js: 575ms, application-code: 13ms)
 GET /api/workspaces/30715b9f-66f5-483e-976b-38d92b3135bd/runs?limit=25 200 in 840ms (next.js: 818ms, application-code: 22ms)
 GET /w/e2e-c5467f/settings?tab=ai 200 in 60ms (next.js: 15ms, application-code: 45ms)
 GET /api/health 200 in 7ms (next.js: 3ms, application-code: 5ms)
 GET /api/workspaces/30715b9f-66f5-483e-976b-38d92b3135bd/ai 200 in 37ms (next.js: 17ms, application-code: 20ms)
 GET /api/workspaces/30715b9f-66f5-483e-976b-38d92b3135bd/ai/models 200 in 35ms (next.js: 16ms, application-code: 19ms)
 POST /api/auth/sign-out 200 in 38ms (next.js: 17ms, application-code: 22ms)
 GET /sign-in 200 in 40ms (next.js: 5ms, application-code: 35ms)
 GET /api/auth-config 200 in 68ms (next.js: 60ms, application-code: 8ms)
 POST /api/auth/sign-in/email 200 in 81ms (next.js: 1.9ms, application-code: 79ms)
 GET /w/e2e-c5467f/settings?tab=ai 200 in 57ms (next.js: 15ms, application-code: 41ms)
 GET /api/health 200 in 7ms (next.js: 2ms, application-code: 5ms)
 GET /api/workspaces/30715b9f-66f5-483e-976b-38d92b3135bd/ai 200 in 32ms (next.js: 3ms, application-code: 29ms)
 GET /api/workspaces/30715b9f-66f5-483e-976b-38d92b3135bd/ai/models 200 in 16ms (next.js: 2ms, application-code: 14ms)
 POST /api/auth/sign-up/email 200 in 83ms (next.js: 1.8ms, application-code: 81ms)
 GET /api/test/outbox?email=ai-other-b27d5ae0%40flowline-e2e.test 200 in 7ms (next.js: 2ms, application-code: 5ms)
 POST /api/email 200 in 20ms (next.js: 1.7ms, application-code: 19ms)
 POST /api/auth/sign-in/email 200 in 72ms (next.js: 1.6ms, application-code: 70ms)
 POST /api/workspaces 201 in 27ms (next.js: 2ms, application-code: 25ms)
 GET /api/workspaces/30715b9f-66f5-483e-976b-38d92b3135bd/ai/connections 404 in 33ms (next.js: 15ms, application-code: 18ms)
 GET /api/workspaces/30715b9f-66f5-483e-976b-38d92b3135bd/ai/models 404 in 34ms (next.js: 17ms, application-code: 18ms)
 GET /w/other-ai-11/settings?tab=ai 200 in 62ms (next.js: 15ms, application-code: 47ms)
 GET /api/health 200 in 7ms (next.js: 2ms, application-code: 5ms)
 GET /api/workspaces/c8541e95-eee3-431a-97cc-cf9a06b18f1f/ai 200 in 35ms (next.js: 15ms, application-code: 20ms)
 GET /api/workspaces/c8541e95-eee3-431a-97cc-cf9a06b18f1f/ai/models 200 in 32ms (next.js: 2ms, application-code: 30ms)
 POST /api/workspaces/30715b9f-66f5-483e-976b-38d92b3135bd/invites 201 in 52ms (next.js: 17ms, application-code: 35ms)
 POST /api/auth/sign-up/email 200 in 97ms (next.js: 16ms, application-code: 81ms)
 GET /api/test/outbox?email=ai-editor-a83fe1e7%40flowline-e2e.test 200 in 7ms (next.js: 2.0ms, application-code: 5ms)
 POST /api/email 200 in 21ms (next.js: 1.8ms, application-code: 20ms)
 POST /api/auth/sign-in/email 200 in 80ms (next.js: 2ms, application-code: 78ms)
 POST /api/invites/24lZkYffhsEXthwveat-wu9KE7q0xrgHTD112saEUwY 200 in 43ms (next.js: 14ms, application-code: 29ms)
 GET /api/workspaces/30715b9f-66f5-483e-976b-38d92b3135bd/ai/models 200 in 27ms (next.js: 15ms, application-code: 12ms)
 GET /api/workspaces/30715b9f-66f5-483e-976b-38d92b3135bd/ai/connections 200 in 30ms (next.js: 16ms, application-code: 14ms)
 POST /api/workspaces/30715b9f-66f5-483e-976b-38d92b3135bd/ai/connections 403 in 24ms (next.js: 2ms, application-code: 22ms)
 GET /api/flows/21dfc4bf-d777-4638-b5b9-78fbe96ba61a 200 in 29ms (next.js: 16ms, application-code: 12ms)
 PUT /api/flows/21dfc4bf-d777-4638-b5b9-78fbe96ba61a 403 in 38ms (next.js: 2ms, application-code: 36ms)
 GET /w/e2e-c5467f/flows/21dfc4bf-d777-4638-b5b9-78fbe96ba61a 200 in 72ms (next.js: 18ms, application-code: 54ms)
 GET /api/health 200 in 8ms (next.js: 2ms, application-code: 6ms)
 GET /api/flows/21dfc4bf-d777-4638-b5b9-78fbe96ba61a 200 in 16ms (next.js: 3ms, application-code: 13ms)
 GET /api/flows/21dfc4bf-d777-4638-b5b9-78fbe96ba61a/publish 200 in 55ms (next.js: 17ms, application-code: 38ms)
 GET /api/flows/21dfc4bf-d777-4638-b5b9-78fbe96ba61a/runs 200 in 39ms (next.js: 17ms, application-code: 22ms)
 GET /api/runs/9683aa35-2bd2-4269-bd1d-c8093a70d70f 200 in 78ms (next.js: 19ms, application-code: 59ms)
 GET /api/workspaces/30715b9f-66f5-483e-976b-38d92b3135bd/ai 200 in 61ms (next.js: 28ms, application-code: 33ms)
 GET /api/workspaces/30715b9f-66f5-483e-976b-38d92b3135bd/ai/models 200 in 31ms (next.js: 3ms, application-code: 28ms)
 GET / 200 in 112ms (next.js: 46ms, application-code: 65ms)
 GET /sign-up 200 in 22ms (next.js: 6ms, application-code: 16ms)
 GET /api/auth-config 200 in 8ms (next.js: 2.0ms, application-code: 6ms)
 POST /api/auth/sign-up/email 200 in 96ms (next.js: 14ms, application-code: 82ms)
 GET /api/test/outbox?email=arabic-39db1630%40flowline-e2e.test 200 in 7ms (next.js: 2ms, application-code: 5ms)
 GET /verify-email?token=6IuAbLSB86PXWbkPF8BHE5jcXxMmgt23byTZTT1oWW8&callbackURL=%2Fsign-in 200 in 41ms (next.js: 17ms, application-code: 24ms)
 POST /api/email 200 in 19ms (next.js: 1.6ms, application-code: 17ms)
 GET /sign-in 200 in 14ms (next.js: 3ms, application-code: 12ms)
 GET /api/auth-config 200 in 8ms (next.js: 1.9ms, application-code: 6ms)
 POST /api/auth/sign-in/email 200 in 82ms (next.js: 15ms, application-code: 68ms)
 GET /app 200 in 85ms (next.js: 38ms, application-code: 48ms)
 GET /app 200 in 31ms (next.js: 8ms, application-code: 24ms)
 GET /onboarding 200 in 83ms (next.js: 30ms, application-code: 54ms)
 GET /onboarding 200 in 32ms (next.js: 7ms, application-code: 25ms)
 POST /api/workspaces 201 in 32ms (next.js: 2ms, application-code: 29ms)
 POST /api/workspaces/2d3ad730-e076-4a6b-a0be-42cfa309f3b4/flows 201 in 37ms (next.js: 15ms, application-code: 22ms)
 POST /api/onboarding 200 in 19ms (next.js: 1.7ms, application-code: 18ms)
 GET /w/arabic-co-10/flows/aba311de-ce77-4753-9813-50d96e7c3be4 200 in 50ms (next.js: 16ms, application-code: 34ms)
 GET /api/health 200 in 7ms (next.js: 1.8ms, application-code: 5ms)
 GET /api/flows/aba311de-ce77-4753-9813-50d96e7c3be4 200 in 43ms (next.js: 16ms, application-code: 27ms)
 GET /api/flows/aba311de-ce77-4753-9813-50d96e7c3be4/publish 200 in 52ms (next.js: 17ms, application-code: 35ms)
 GET /api/flows/aba311de-ce77-4753-9813-50d96e7c3be4/runs 200 in 32ms (next.js: 16ms, application-code: 15ms)
 GET /w/arabic-co-10/flows 200 in 667ms (next.js: 616ms, application-code: 51ms)
 GET /api/health 200 in 8ms (next.js: 2ms, application-code: 6ms)
 GET /api/workspaces/2d3ad730-e076-4a6b-a0be-42cfa309f3b4/flows 200 in 114ms (next.js: 56ms, application-code: 58ms)
 GET /w/arabic-co-10/flows 200 in 45ms (next.js: 16ms, application-code: 29ms)
 GET /w/arabic-co-10/flows 200 in 34ms (next.js: 3ms, application-code: 31ms)
 POST /api/auth/sign-out 200 in 39ms (next.js: 17ms, application-code: 22ms)
 GET /sign-in 200 in 34ms (next.js: 3ms, application-code: 31ms)
 GET /api/workspaces/2d3ad730-e076-4a6b-a0be-42cfa309f3b4/overview 200 in 738ms
 GET /api/workspaces/2d3ad730-e076-4a6b-a0be-42cfa309f3b4/usage 200 in 737ms
 GET /sign-in 200 in 38ms (next.js: 3ms, application-code: 35ms)
 GET /api/auth-config 200 in 9ms (next.js: 2ms, application-code: 7ms)
 GET /api/auth-config 200 in 19ms (next.js: 1.9ms, application-code: 17ms)
 POST /api/auth/sign-in/email 200 in 70ms (next.js: 2ms, application-code: 67ms)
 GET /app 200 in 42ms (next.js: 3ms, application-code: 40ms)
 GET /app 200 in 37ms (next.js: 7ms, application-code: 30ms)
 GET /w/arabic-co-10/flows 200 in 66ms (next.js: 15ms, application-code: 50ms)
 GET /w/arabic-co-10/flows 200 in 37ms (next.js: 7ms, application-code: 31ms)
 GET /api/health 200 in 7ms (next.js: 2ms, application-code: 5ms)
 GET /api/workspaces/2d3ad730-e076-4a6b-a0be-42cfa309f3b4/usage 200 in 70ms (next.js: 32ms, application-code: 39ms)
 GET /api/workspaces/2d3ad730-e076-4a6b-a0be-42cfa309f3b4/overview 200 in 84ms (next.js: 15ms, application-code: 69ms)
 GET /api/workspaces/2d3ad730-e076-4a6b-a0be-42cfa309f3b4/flows 200 in 77ms (next.js: 34ms, application-code: 43ms)
 GET /sign-in 200 in 32ms (next.js: 3ms, application-code: 29ms)
 GET /api/auth-config 200 in 9ms (next.js: 2ms, application-code: 7ms)
 GET /sign-in 200 in 19ms (next.js: 3ms, application-code: 16ms)
 GET /sign-up 200 in 33ms (next.js: 3ms, application-code: 30ms)
 GET /api/auth-config 200 in 16ms (next.js: 1.9ms, application-code: 14ms)
 GET /sign-up 200 in 20ms (next.js: 3ms, application-code: 17ms)
 GET /sign-in 200 in 35ms (next.js: 3ms, application-code: 32ms)
 GET /api/auth-config 200 in 8ms (next.js: 2ms, application-code: 6ms)
 POST /api/auth/sign-up/email 200 in 93ms (next.js: 14ms, application-code: 79ms)
 GET /api/test/outbox?email=arabic-rtl-50b0d033%40flowline-e2e.test 200 in 7ms (next.js: 1.8ms, application-code: 5ms)
 POST /api/email 200 in 19ms (next.js: 1.5ms, application-code: 18ms)
 POST /api/auth/sign-in/email 200 in 66ms (next.js: 1.9ms, application-code: 64ms)
 POST /api/workspaces 201 in 30ms (next.js: 1.9ms, application-code: 28ms)
 POST /api/onboarding 200 in 14ms (next.js: 1.6ms, application-code: 13ms)
 POST /api/workspaces/2aa8d942-23fa-42de-a66e-030933718fd8/flows 201 in 30ms (next.js: 14ms, application-code: 15ms)
 GET / 200 in 50ms (next.js: 2ms, application-code: 47ms)
 GET /sign-in 200 in 31ms (next.js: 2ms, application-code: 29ms)
 GET /api/auth-config 200 in 7ms (next.js: 2.0ms, application-code: 5ms)
 GET /w/rtl-scroll-10/flows 200 in 76ms (next.js: 15ms, application-code: 60ms)
 GET /api/health 200 in 7ms (next.js: 2ms, application-code: 5ms)
 GET /api/workspaces/2aa8d942-23fa-42de-a66e-030933718fd8/usage 200 in 95ms (next.js: 34ms, application-code: 62ms)
 GET /api/workspaces/2aa8d942-23fa-42de-a66e-030933718fd8/flows 200 in 61ms (next.js: 4ms, application-code: 57ms)
 GET /api/workspaces/2aa8d942-23fa-42de-a66e-030933718fd8/overview 200 in 123ms (next.js: 16ms, application-code: 107ms)
 GET /w/rtl-scroll-10/flows/1ec5fb3d-1c8d-49a5-8229-b458554f473c 200 in 80ms (next.js: 17ms, application-code: 62ms)
 GET /api/health 200 in 10ms (next.js: 3ms, application-code: 7ms)
 GET /api/flows/1ec5fb3d-1c8d-49a5-8229-b458554f473c 200 in 31ms (next.js: 19ms, application-code: 12ms)
 GET /api/flows/1ec5fb3d-1c8d-49a5-8229-b458554f473c/publish 200 in 51ms (next.js: 15ms, application-code: 35ms)
 GET /api/flows/1ec5fb3d-1c8d-49a5-8229-b458554f473c/runs 200 in 33ms (next.js: 17ms, application-code: 15ms)
 GET /w/rtl-scroll-10/runs 200 in 86ms (next.js: 17ms, application-code: 69ms)
 GET /api/health 200 in 10ms (next.js: 4ms, application-code: 6ms)
 GET /api/workspaces/2aa8d942-23fa-42de-a66e-030933718fd8/runs?limit=25 200 in 89ms (next.js: 29ms, application-code: 60ms)
 GET /w/rtl-scroll-10/settings 200 in 83ms (next.js: 23ms, application-code: 60ms)
 GET /api/health 200 in 10ms (next.js: 3ms, application-code: 8ms)
(node:49728) MaxListenersExceededWarning: Possible EventEmitter memory leak detected. 11 unpipe listeners added to [SyncWriteStream]. MaxListeners is 10. Use emitter.setMaxListeners() to increase limit
(Use `node --trace-warnings ...` to show where the warning was created)
(node:49728) MaxListenersExceededWarning: Possible EventEmitter memory leak detected. 11 error listeners added to [SyncWriteStream]. MaxListeners is 10. Use emitter.setMaxListeners() to increase limit
(node:49728) MaxListenersExceededWarning: Possible EventEmitter memory leak detected. 11 close listeners added to [SyncWriteStream]. MaxListeners is 10. Use emitter.setMaxListeners() to increase limit
(node:49728) MaxListenersExceededWarning: Possible EventEmitter memory leak detected. 11 finish listeners added to [SyncWriteStream]. MaxListeners is 10. Use emitter.setMaxListeners() to increase limit
(node:49728) MaxListenersExceededWarning: Possible EventEmitter memory leak detected. 11 unpipe listeners added to [SyncWriteStream]. MaxListeners is 10. Use emitter.setMaxListeners() to increase limit
(node:49728) MaxListenersExceededWarning: Possible EventEmitter memory leak detected. 11 error listeners added to [SyncWriteStream]. MaxListeners is 10. Use emitter.setMaxListeners() to increase limit
(node:49728) MaxListenersExceededWarning: Possible EventEmitter memory leak detected. 11 close listeners added to [SyncWriteStream]. MaxListeners is 10. Use emitter.setMaxListeners() to increase limit
(node:49728) MaxListenersExceededWarning: Possible EventEmitter memory leak detected. 11 finish listeners added to [SyncWriteStream]. MaxListeners is 10. Use emitter.setMaxListeners() to increase limit
 GET /api/workspaces/2aa8d942-23fa-42de-a66e-030933718fd8/invites 200 in 119ms (next.js: 72ms, application-code: 47ms)
 GET / 200 in 66ms (next.js: 4ms, application-code: 63ms)
 GET /api/workspaces/2aa8d942-23fa-42de-a66e-030933718fd8/members 200 in 148ms
 GET /sign-in 200 in 35ms (next.js: 3ms, application-code: 32ms)
 GET /api/auth-config 200 in 11ms (next.js: 2ms, application-code: 8ms)
 GET /w/rtl-scroll-10/flows 200 in 78ms (next.js: 16ms, application-code: 62ms)
 GET /api/health 200 in 8ms (next.js: 1.9ms, application-code: 6ms)
 GET /api/workspaces/2aa8d942-23fa-42de-a66e-030933718fd8/usage 200 in 100ms (next.js: 19ms, application-code: 81ms)
 GET /api/workspaces/2aa8d942-23fa-42de-a66e-030933718fd8/flows 200 in 81ms (next.js: 18ms, application-code: 63ms)
 GET /api/workspaces/2aa8d942-23fa-42de-a66e-030933718fd8/overview 200 in 145ms (next.js: 19ms, application-code: 126ms)
 GET /w/rtl-scroll-10/flows/1ec5fb3d-1c8d-49a5-8229-b458554f473c 200 in 88ms (next.js: 20ms, application-code: 68ms)
 GET /api/health 200 in 8ms (next.js: 2ms, application-code: 5ms)
 GET /api/flows/1ec5fb3d-1c8d-49a5-8229-b458554f473c 200 in 40ms (next.js: 19ms, application-code: 21ms)
 GET /api/flows/1ec5fb3d-1c8d-49a5-8229-b458554f473c/publish 200 in 97ms (next.js: 17ms, application-code: 80ms)
 GET /api/flows/1ec5fb3d-1c8d-49a5-8229-b458554f473c/runs 200 in 77ms (next.js: 19ms, application-code: 58ms)
 GET /w/rtl-scroll-10/runs 200 in 76ms (next.js: 17ms, application-code: 59ms)
 GET /api/health 200 in 7ms (next.js: 2ms, application-code: 5ms)
 GET /api/workspaces/2aa8d942-23fa-42de-a66e-030933718fd8/runs?limit=25 200 in 58ms (next.js: 19ms, application-code: 39ms)
2026-09-29T03:22:46.614Z [worker] platform notifications sent 20
 GET /w/rtl-scroll-10/settings 200 in 98ms (next.js: 23ms, application-code: 75ms)
 GET /api/health 200 in 9ms (next.js: 3ms, application-code: 6ms)
 GET /api/workspaces/2aa8d942-23fa-42de-a66e-030933718fd8/members 200 in 104ms (next.js: 23ms, application-code: 81ms)
 GET /api/workspaces/2aa8d942-23fa-42de-a66e-030933718fd8/invites 200 in 111ms (next.js: 49ms, application-code: 62ms)
 GET / 200 in 89ms (next.js: 5ms, application-code: 84ms)
 GET /sign-in 200 in 37ms (next.js: 3ms, application-code: 34ms)
 GET /api/auth-config 200 in 10ms (next.js: 2ms, application-code: 7ms)
 GET /w/rtl-scroll-10/flows 200 in 68ms (next.js: 17ms, application-code: 51ms)
 GET /api/health 200 in 8ms (next.js: 2ms, application-code: 6ms)
 GET /api/workspaces/2aa8d942-23fa-42de-a66e-030933718fd8/flows 200 in 107ms (next.js: 59ms, application-code: 48ms)
 GET /api/workspaces/2aa8d942-23fa-42de-a66e-030933718fd8/usage 200 in 134ms (next.js: 39ms, application-code: 96ms)
 GET /api/workspaces/2aa8d942-23fa-42de-a66e-030933718fd8/overview 200 in 157ms (next.js: 21ms, application-code: 136ms)
 GET /w/rtl-scroll-10/flows/1ec5fb3d-1c8d-49a5-8229-b458554f473c 200 in 100ms (next.js: 29ms, application-code: 71ms)
 GET /api/health 200 in 8ms (next.js: 3ms, application-code: 5ms)
 GET /api/flows/1ec5fb3d-1c8d-49a5-8229-b458554f473c 200 in 32ms (next.js: 18ms, application-code: 13ms)
 GET /api/flows/1ec5fb3d-1c8d-49a5-8229-b458554f473c/publish 200 in 57ms (next.js: 19ms, application-code: 38ms)
 GET /api/flows/1ec5fb3d-1c8d-49a5-8229-b458554f473c/runs 200 in 36ms (next.js: 18ms, application-code: 18ms)
 GET /w/rtl-scroll-10/runs 200 in 79ms (next.js: 20ms, application-code: 59ms)
 GET /api/health 200 in 8ms (next.js: 3ms, application-code: 6ms)
 GET /api/workspaces/2aa8d942-23fa-42de-a66e-030933718fd8/runs?limit=25 200 in 66ms (next.js: 24ms, application-code: 42ms)
 GET /w/rtl-scroll-10/settings 200 in 83ms (next.js: 23ms, application-code: 59ms)
 GET /api/health 200 in 9ms (next.js: 3ms, application-code: 7ms)
 GET /api/workspaces/2aa8d942-23fa-42de-a66e-030933718fd8/invites 200 in 46ms (next.js: 16ms, application-code: 30ms)
 GET /api/workspaces/2aa8d942-23fa-42de-a66e-030933718fd8/members 200 in 70ms (next.js: 18ms, application-code: 52ms)
 POST /api/auth/sign-up/email 200 in 120ms (next.js: 19ms, application-code: 101ms)
 GET /api/test/outbox?email=e2e-0f0e6578%40flowline-e2e.test 200 in 10ms (next.js: 3ms, application-code: 7ms)
 POST /api/email 200 in 25ms (next.js: 2ms, application-code: 23ms)
 POST /api/auth/sign-in/email 200 in 79ms (next.js: 2ms, application-code: 77ms)
 POST /api/workspaces 201 in 25ms (next.js: 3ms, application-code: 21ms)
 POST /api/onboarding 200 in 22ms (next.js: 3ms, application-code: 19ms)
 POST /api/workspaces/69f947ae-33ce-417d-b469-48e369b35d56/flows 201 in 33ms (next.js: 16ms, application-code: 17ms)
 GET /w/e2e-5ad8d3/templates 200 in 727ms (next.js: 646ms, application-code: 81ms)
 GET /api/health 200 in 7ms (next.js: 2.0ms, application-code: 5ms)
 GET /api/workspaces/69f947ae-33ce-417d-b469-48e369b35d56/connections 200 in 82ms (next.js: 30ms, application-code: 52ms)
 GET /api/workspaces/69f947ae-33ce-417d-b469-48e369b35d56/ai 200 in 91ms (next.js: 15ms, application-code: 76ms)
 GET /w/e2e-5ad8d3/flows/fead565e-4cde-47ca-9da0-ea68c4c00d7d 200 in 70ms (next.js: 16ms, application-code: 54ms)
 GET /api/health 200 in 15ms (next.js: 2ms, application-code: 13ms)
 GET /api/flows/fead565e-4cde-47ca-9da0-ea68c4c00d7d 200 in 27ms (next.js: 16ms, application-code: 11ms)
 GET /api/flows/fead565e-4cde-47ca-9da0-ea68c4c00d7d/publish 200 in 48ms (next.js: 15ms, application-code: 32ms)
 GET /api/flows/fead565e-4cde-47ca-9da0-ea68c4c00d7d/runs 200 in 32ms (next.js: 17ms, application-code: 15ms)
 GET /api/integrations/catalog 200 in 22ms (next.js: 2ms, application-code: 19ms)
 GET /api/workspaces/69f947ae-33ce-417d-b469-48e369b35d56/ai 200 in 22ms (next.js: 3ms, application-code: 20ms)
2026-09-29T03:22:50.381Z [worker] run 2dab54ec-048f-4328-a05a-414e289fd019 claimed
 POST /api/flows/fead565e-4cde-47ca-9da0-ea68c4c00d7d/runs 202 in 67ms (next.js: 3ms, application-code: 65ms)
 GET /api/flows/fead565e-4cde-47ca-9da0-ea68c4c00d7d/runs 200 in 39ms (next.js: 2ms, application-code: 37ms)
 GET /api/runs/2dab54ec-048f-4328-a05a-414e289fd019 200 in 40ms (next.js: 18ms, application-code: 22ms)
2026-09-29T03:22:50.447Z [worker] run 2dab54ec-048f-4328-a05a-414e289fd019 done
 GET /api/runs/2dab54ec-048f-4328-a05a-414e289fd019 200 in 26ms (next.js: 2ms, application-code: 24ms)
 GET /api/flows/fead565e-4cde-47ca-9da0-ea68c4c00d7d/runs 200 in 32ms (next.js: 15ms, application-code: 17ms)
 GET /w/e2e-5ad8d3/runs?run=2dab54ec-048f-4328-a05a-414e289fd019 200 in 28ms (next.js: 15ms, application-code: 13ms)
 GET /api/workspaces/69f947ae-33ce-417d-b469-48e369b35d56/runs?limit=25 200 in 26ms (next.js: 15ms, application-code: 11ms)
 GET /api/runs/2dab54ec-048f-4328-a05a-414e289fd019/rerun-preview?fromNodeId=hot&revision=original 200 in 878ms (next.js: 854ms, application-code: 24ms)
 POST /api/auth/sign-up/email 200 in 91ms (next.js: 13ms, application-code: 77ms)
 GET /api/test/outbox?email=e2e-3a3e4609%40flowline-e2e.test 200 in 6ms (next.js: 1.6ms, application-code: 5ms)
 POST /api/email 200 in 19ms (next.js: 1.7ms, application-code: 18ms)
 POST /api/auth/sign-in/email 200 in 67ms (next.js: 1.7ms, application-code: 65ms)
 POST /api/workspaces 201 in 26ms (next.js: 2.0ms, application-code: 24ms)
 POST /api/onboarding 200 in 24ms (next.js: 2ms, application-code: 22ms)
 GET /w/e2e-bd7e93/settings?tab=general 200 in 81ms (next.js: 14ms, application-code: 66ms)
 GET /api/health 200 in 7ms (next.js: 2ms, application-code: 5ms)
 GET /resend-verification 200 in 34ms (next.js: 20ms, application-code: 15ms)
 GET /w/e2e-bd7e93/flows 200 in 57ms (next.js: 15ms, application-code: 43ms)
 GET /api/health 200 in 8ms (next.js: 2ms, application-code: 5ms)
 GET /api/workspaces/015e49bb-345f-4ffd-934d-3415c6fec6c1/usage 200 in 66ms (next.js: 31ms, application-code: 35ms)
 GET /api/workspaces/015e49bb-345f-4ffd-934d-3415c6fec6c1/flows 200 in 33ms (next.js: 16ms, application-code: 16ms)
 GET /api/workspaces/015e49bb-345f-4ffd-934d-3415c6fec6c1/overview 200 in 75ms (next.js: 15ms, application-code: 60ms)
 GET /account/delete 200 in 39ms (next.js: 24ms, application-code: 15ms)
 POST /api/email 200 in 19ms (next.js: 2ms, application-code: 17ms)
 GET /api/test/outbox?email=e2e-3a3e4609%40flowline-e2e.test 200 in 7ms (next.js: 1.8ms, application-code: 5ms)
 GET /account/delete?token=IvWfwXl7Oyxlk6Kgu7_cNE_f9TnZ5J8Exuhdm929Ty4 200 in 26ms (next.js: 2ms, application-code: 23ms)
 POST /api/email 200 in 54ms (next.js: 1.8ms, application-code: 52ms)
 GET /api/me 401 in 59ms (next.js: 29ms, application-code: 30ms)
 POST /api/auth/sign-up/email 200 in 91ms (next.js: 14ms, application-code: 77ms)
 GET /api/test/outbox?email=e2e-3d8d0cb2%40flowline-e2e.test 200 in 6ms (next.js: 1.6ms, application-code: 5ms)
 POST /api/email 200 in 19ms (next.js: 2ms, application-code: 17ms)
 POST /api/auth/sign-in/email 200 in 68ms (next.js: 1.8ms, application-code: 67ms)
 POST /api/workspaces 201 in 21ms (next.js: 1.8ms, application-code: 19ms)
 POST /api/onboarding 200 in 15ms (next.js: 2ms, application-code: 12ms)
 GET /w/e2e-5bf6b7/settings 200 in 66ms (next.js: 15ms, application-code: 51ms)
 GET /api/health 200 in 8ms (next.js: 3ms, application-code: 5ms)
 GET /api/workspaces/65a28fb7-5892-40a3-80ef-d3ca38f10129/members 200 in 49ms (next.js: 18ms, application-code: 31ms)
 GET /api/workspaces/65a28fb7-5892-40a3-80ef-d3ca38f10129/invites 200 in 29ms (next.js: 16ms, application-code: 13ms)
 GET /api/workspaces/65a28fb7-5892-40a3-80ef-d3ca38f10129/ai 200 in 33ms (next.js: 16ms, application-code: 17ms)
 GET /api/workspaces/65a28fb7-5892-40a3-80ef-d3ca38f10129/ai/models 200 in 39ms (next.js: 16ms, application-code: 23ms)
 GET /api/workspaces/65a28fb7-5892-40a3-80ef-d3ca38f10129/api-keys 200 in 865ms (next.js: 841ms, application-code: 24ms)
 GET /api/workspaces/65a28fb7-5892-40a3-80ef-d3ca38f10129/billing 200 in 862ms (next.js: 835ms, application-code: 28ms)
 GET /api/workspaces/65a28fb7-5892-40a3-80ef-d3ca38f10129 200 in 39ms (next.js: 30ms, application-code: 10ms)
 GET /api/workspaces/65a28fb7-5892-40a3-80ef-d3ca38f10129/usage 200 in 42ms (next.js: 15ms, application-code: 27ms)
 GET /api/workspaces/65a28fb7-5892-40a3-80ef-d3ca38f10129/audit 200 in 836ms (next.js: 815ms, application-code: 20ms)
 GET /api/workspaces/65a28fb7-5892-40a3-80ef-d3ca38f10129/sso 200 in 859ms (next.js: 844ms, application-code: 15ms)
 GET /w/e2e-5bf6b7/agents 200 in 643ms (next.js: 586ms, application-code: 57ms)
 GET /api/health 200 in 6ms (next.js: 1.8ms, application-code: 5ms)
 GET /api/workspaces/65a28fb7-5892-40a3-80ef-d3ca38f10129/agents 200 in 27ms (next.js: 15ms, application-code: 13ms)
 GET /w/e2e-5bf6b7/agents/new 200 in 29ms (next.js: 16ms, application-code: 14ms)
 GET /api/workspaces/65a28fb7-5892-40a3-80ef-d3ca38f10129/flows 200 in 66ms (next.js: 33ms, application-code: 33ms)
 GET /api/workspaces/65a28fb7-5892-40a3-80ef-d3ca38f10129/knowledge 200 in 62ms (next.js: 16ms, application-code: 45ms)
 GET /api/workspaces/65a28fb7-5892-40a3-80ef-d3ca38f10129/ai 200 in 103ms (next.js: 17ms, application-code: 87ms)
 GET /api/workspaces/65a28fb7-5892-40a3-80ef-d3ca38f10129/ai/models 200 in 45ms (next.js: 17ms, application-code: 28ms)
 GET /w/e2e-5bf6b7/knowledge 200 in 706ms (next.js: 638ms, application-code: 68ms)
 GET /api/health 200 in 8ms (next.js: 3ms, application-code: 5ms)
 GET /api/workspaces/65a28fb7-5892-40a3-80ef-d3ca38f10129/knowledge 200 in 48ms (next.js: 20ms, application-code: 28ms)
 GET /w/e2e-5bf6b7/integrations 200 in 59ms (next.js: 15ms, application-code: 44ms)
 GET /api/health 200 in 7ms (next.js: 1.8ms, application-code: 5ms)
 GET /api/workspaces/65a28fb7-5892-40a3-80ef-d3ca38f10129/connections 200 in 28ms (next.js: 16ms, application-code: 12ms)
 GET /api/integrations/catalog?workspaceId=65a28fb7-5892-40a3-80ef-d3ca38f10129 200 in 41ms (next.js: 1.8ms, application-code: 39ms)
 GET /api/workspaces/65a28fb7-5892-40a3-80ef-d3ca38f10129/oauth-apps/provenance?provider=google_sheets 200 in 48ms (next.js: 17ms, application-code: 31ms)
 GET /w/e2e-5bf6b7/settings?tab=keys 200 in 67ms (next.js: 15ms, application-code: 52ms)
 GET /api/health 200 in 7ms (next.js: 2ms, application-code: 5ms)
 GET /api/workspaces/65a28fb7-5892-40a3-80ef-d3ca38f10129/api-keys 200 in 50ms (next.js: 16ms, application-code: 34ms)
 GET /w/e2e-5bf6b7/settings?tab=billing 200 in 65ms (next.js: 5ms, application-code: 60ms)
 GET /api/health 200 in 9ms (next.js: 3ms, application-code: 6ms)
 GET /api/workspaces/65a28fb7-5892-40a3-80ef-d3ca38f10129 200 in 65ms (next.js: 35ms, application-code: 30ms)
 GET /api/workspaces/65a28fb7-5892-40a3-80ef-d3ca38f10129/usage 200 in 93ms (next.js: 17ms, application-code: 76ms)
 GET /w/e2e-5bf6b7/agents/new 200 in 80ms (next.js: 17ms, application-code: 63ms)
 GET /api/health 200 in 7ms (next.js: 2ms, application-code: 5ms)
 GET /api/workspaces/65a28fb7-5892-40a3-80ef-d3ca38f10129/flows 200 in 96ms (next.js: 36ms, application-code: 60ms)
 GET /api/workspaces/65a28fb7-5892-40a3-80ef-d3ca38f10129/knowledge 200 in 100ms (next.js: 43ms, application-code: 58ms)
 GET /api/workspaces/65a28fb7-5892-40a3-80ef-d3ca38f10129/ai 200 in 128ms (next.js: 17ms, application-code: 111ms)
 GET /w/e2e-5bf6b7/knowledge 200 in 106ms (next.js: 20ms, application-code: 87ms)
 GET /api/workspaces/65a28fb7-5892-40a3-80ef-d3ca38f10129/ai/models 200 in 40ms (next.js: 23ms, application-code: 17ms)
 GET /api/health 200 in 8ms (next.js: 2ms, application-code: 6ms)
 GET /api/workspaces/65a28fb7-5892-40a3-80ef-d3ca38f10129/knowledge 200 in 57ms (next.js: 3ms, application-code: 54ms)
 GET /w/e2e-5bf6b7/integrations 200 in 86ms (next.js: 18ms, application-code: 68ms)
 GET /api/health 200 in 8ms (next.js: 3ms, application-code: 5ms)
(node:49728) MaxListenersExceededWarning: Possible EventEmitter memory leak detected. 11 unpipe listeners added to [SyncWriteStream]. MaxListeners is 10. Use emitter.setMaxListeners() to increase limit
(node:49728) MaxListenersExceededWarning: Possible EventEmitter memory leak detected. 11 error listeners added to [SyncWriteStream]. MaxListeners is 10. Use emitter.setMaxListeners() to increase limit
(node:49728) MaxListenersExceededWarning: Possible EventEmitter memory leak detected. 11 close listeners added to [SyncWriteStream]. MaxListeners is 10. Use emitter.setMaxListeners() to increase limit
(node:49728) MaxListenersExceededWarning: Possible EventEmitter memory leak detected. 11 finish listeners added to [SyncWriteStream]. MaxListeners is 10. Use emitter.setMaxListeners() to increase limit
(node:49728) MaxListenersExceededWarning: Possible EventEmitter memory leak detected. 11 unpipe listeners added to [SyncWriteStream]. MaxListeners is 10. Use emitter.setMaxListeners() to increase limit
(node:49728) MaxListenersExceededWarning: Possible EventEmitter memory leak detected. 11 error listeners added to [SyncWriteStream]. MaxListeners is 10. Use emitter.setMaxListeners() to increase limit
(node:49728) MaxListenersExceededWarning: Possible EventEmitter memory leak detected. 11 close listeners added to [SyncWriteStream]. MaxListeners is 10. Use emitter.setMaxListeners() to increase limit
(node:49728) MaxListenersExceededWarning: Possible EventEmitter memory leak detected. 11 finish listeners added to [SyncWriteStream]. MaxListeners is 10. Use emitter.setMaxListeners() to increase limit
 GET /api/workspaces/65a28fb7-5892-40a3-80ef-d3ca38f10129/connections 200 in 33ms (next.js: 20ms, application-code: 14ms)
 GET /api/integrations/catalog?workspaceId=65a28fb7-5892-40a3-80ef-d3ca38f10129 200 in 49ms (next.js: 3ms, application-code: 46ms)
 POST /api/test/beta 200 in 52ms (next.js: 41ms, application-code: 11ms)
 GET /api/auth-config 200 in 9ms (next.js: 3ms, application-code: 6ms)
 GET /sign-up 200 in 42ms (next.js: 3ms, application-code: 40ms)
 GET /api/auth-config 200 in 9ms (next.js: 3ms, application-code: 6ms)
 POST /api/beta/check 200 in 46ms (next.js: 33ms, application-code: 13ms)
 GET /api/test/outbox?email=stranger-bfa7bfd2%40flowline-e2e.test 200 in 7ms (next.js: 2.0ms, application-code: 5ms)
 POST /api/beta/check 200 in 13ms (next.js: 2ms, application-code: 11ms)
 POST /api/beta/check 200 in 13ms (next.js: 1.9ms, application-code: 12ms)
 POST /api/auth/sign-up/email 200 in 97ms (next.js: 16ms, application-code: 81ms)
 GET /api/test/outbox?email=stranger-bfa7bfd2%40flowline-e2e.test 200 in 8ms (next.js: 2ms, application-code: 6ms)
 POST /api/beta/check 200 in 11ms (next.js: 1.9ms, application-code: 9ms)
 POST /api/email 200 in 521ms (next.js: 2ms, application-code: 519ms)
 POST /api/auth/sign-up/email 200 in 89ms (next.js: 14ms, application-code: 76ms)
 GET /api/test/outbox?email=e2e-293cd426%40flowline-e2e.test 200 in 6ms (next.js: 1.7ms, application-code: 4ms)
 POST /api/email 200 in 19ms (next.js: 1.7ms, application-code: 17ms)
 POST /api/auth/sign-in/email 200 in 69ms (next.js: 1.7ms, application-code: 67ms)
 POST /api/workspaces 201 in 25ms (next.js: 2ms, application-code: 23ms)
 POST /api/onboarding 200 in 18ms (next.js: 1.8ms, application-code: 16ms)
 POST /api/workspaces/c060a9a3-d453-4741-a3a1-6fb5a1cf891d/invites 201 in 40ms (next.js: 15ms, application-code: 25ms)
 POST /api/test/beta 200 in 5ms (next.js: 2ms, application-code: 3ms)
 GET /invite/KGl3I4SHrp0Lh6CIMdhA-8qc_n47FSwl3jE8avZZbPo 307 in 646ms (next.js: 596ms, application-code: 50ms)
 GET /sign-in?next=invite%3AKGl3I4SHrp0Lh6CIMdhA-8qc_n47FSwl3jE8avZZbPo 200 in 33ms (next.js: 3ms, application-code: 31ms)
 GET /api/auth-config 200 in 8ms (next.js: 2ms, application-code: 6ms)
 GET /sign-up?next=invite%3AKGl3I4SHrp0Lh6CIMdhA-8qc_n47FSwl3jE8avZZbPo 200 in 16ms (next.js: 3ms, application-code: 13ms)
 POST /api/beta/check 200 in 13ms (next.js: 2ms, application-code: 10ms)
 POST /api/auth/sign-up/email 200 in 103ms (next.js: 15ms, application-code: 87ms)
 GET /api/test/outbox?email=beta-invitee-6211855a%40flowline-e2e.test 200 in 7ms (next.js: 1.7ms, application-code: 5ms)
 GET /verify-email?token=2PtaHX46A-LvzVG_kjclm-tBg_ctOlQ6ji3jMSvJAUQ&callbackURL=%2Fsign-in%3Fnext%3Dinvite%253AKGl3I4SHrp0Lh6CIMdhA-8qc_n47FSwl3jE8avZZbPo 200 in 25ms (next.js: 3ms, application-code: 23ms)
 POST /api/email 200 in 20ms (next.js: 2ms, application-code: 18ms)
 GET /sign-in?next=invite%3AKGl3I4SHrp0Lh6CIMdhA-8qc_n47FSwl3jE8avZZbPo 200 in 25ms (next.js: 3ms, application-code: 22ms)
 GET /api/auth-config 200 in 8ms (next.js: 2ms, application-code: 6ms)
 POST /api/auth/sign-in/email 200 in 82ms (next.js: 14ms, application-code: 68ms)
 GET /app?next=invite%3AKGl3I4SHrp0Lh6CIMdhA-8qc_n47FSwl3jE8avZZbPo 200 in 50ms (next.js: 3ms, application-code: 47ms)
 GET /app?next=invite%3AKGl3I4SHrp0Lh6CIMdhA-8qc_n47FSwl3jE8avZZbPo 200 in 35ms (next.js: 7ms, application-code: 28ms)
 GET /invite/KGl3I4SHrp0Lh6CIMdhA-8qc_n47FSwl3jE8avZZbPo 200 in 60ms (next.js: 17ms, application-code: 43ms)
 GET /invite/KGl3I4SHrp0Lh6CIMdhA-8qc_n47FSwl3jE8avZZbPo 200 in 29ms (next.js: 6ms, application-code: 22ms)
 GET /api/invites/KGl3I4SHrp0Lh6CIMdhA-8qc_n47FSwl3jE8avZZbPo 200 in 40ms (next.js: 16ms, application-code: 24ms)
 POST /api/invites/KGl3I4SHrp0Lh6CIMdhA-8qc_n47FSwl3jE8avZZbPo 200 in 31ms (next.js: 1.9ms, application-code: 29ms)
 GET /w/beta-invite-co-9/flows 200 in 50ms (next.js: 17ms, application-code: 33ms)
 GET /api/health 200 in 9ms (next.js: 3ms, application-code: 6ms)
 GET /api/workspaces/c060a9a3-d453-4741-a3a1-6fb5a1cf891d/usage 200 in 71ms (next.js: 36ms, application-code: 35ms)
 GET /api/workspaces/c060a9a3-d453-4741-a3a1-6fb5a1cf891d/flows 200 in 32ms (next.js: 19ms, application-code: 13ms)
 GET /api/workspaces/c060a9a3-d453-4741-a3a1-6fb5a1cf891d/overview 200 in 81ms (next.js: 18ms, application-code: 63ms)
 POST /api/auth/sign-up/email 200 in 88ms (next.js: 3ms, application-code: 85ms)
 GET /api/test/outbox?email=e2e-979d615c%40flowline-e2e.test 200 in 7ms (next.js: 2ms, application-code: 4ms)
 POST /api/email 200 in 19ms (next.js: 1.7ms, application-code: 17ms)
 POST /api/auth/sign-in/email 200 in 84ms (next.js: 15ms, application-code: 69ms)
 POST /api/workspaces 201 in 27ms (next.js: 2ms, application-code: 25ms)
 POST /api/onboarding 200 in 21ms (next.js: 2ms, application-code: 19ms)
 POST /api/workspaces/eb5363c0-9193-42a0-af40-7f522ac646cd/flows 201 in 30ms (next.js: 3ms, application-code: 27ms)
 GET /w/e2e-a97a93/flows/a7f3d527-2162-4777-ba8b-14b184284133 200 in 73ms (next.js: 18ms, application-code: 55ms)
 GET /api/health 200 in 9ms (next.js: 2ms, application-code: 7ms)
 GET /api/flows/a7f3d527-2162-4777-ba8b-14b184284133 200 in 31ms (next.js: 19ms, application-code: 12ms)
 GET /api/flows/a7f3d527-2162-4777-ba8b-14b184284133/publish 200 in 54ms (next.js: 17ms, application-code: 37ms)
 GET /api/flows/a7f3d527-2162-4777-ba8b-14b184284133/runs 200 in 35ms (next.js: 17ms, application-code: 17ms)
 GET /api/workspaces/eb5363c0-9193-42a0-af40-7f522ac646cd/ai 200 in 44ms (next.js: 14ms, application-code: 30ms)
 GET /api/integrations/catalog 200 in 150ms (next.js: 2ms, application-code: 148ms)
 PUT /api/flows/a7f3d527-2162-4777-ba8b-14b184284133 200 in 31ms (next.js: 15ms, application-code: 16ms)
 GET /api/flows/a7f3d527-2162-4777-ba8b-14b184284133 200 in 16ms (next.js: 1.9ms, application-code: 14ms)
 POST /api/auth/sign-up/email 200 in 98ms (next.js: 16ms, application-code: 82ms)
 GET /api/test/outbox?email=e2e-83a8717d%40flowline-e2e.test 200 in 9ms (next.js: 2ms, application-code: 7ms)
 POST /api/email 200 in 20ms (next.js: 1.7ms, application-code: 19ms)
 POST /api/auth/sign-in/email 200 in 68ms (next.js: 1.8ms, application-code: 66ms)
 POST /api/workspaces 201 in 25ms (next.js: 1.9ms, application-code: 23ms)
 POST /api/onboarding 200 in 23ms (next.js: 2ms, application-code: 21ms)
 POST /api/workspaces/a084ebe3-c0dd-4224-b781-e63bf93cd592/flows 201 in 38ms (next.js: 15ms, application-code: 23ms)
 GET /w/e2e-2b454d/flows/668e2e70-cc1c-4e79-b023-26da77cac909 200 in 82ms (next.js: 16ms, application-code: 67ms)
 GET /api/health 200 in 8ms (next.js: 3ms, application-code: 5ms)
 GET /api/flows/668e2e70-cc1c-4e79-b023-26da77cac909 200 in 37ms (next.js: 16ms, application-code: 22ms)
 GET /api/flows/668e2e70-cc1c-4e79-b023-26da77cac909/publish 200 in 52ms (next.js: 16ms, application-code: 36ms)
 GET /api/flows/668e2e70-cc1c-4e79-b023-26da77cac909/runs 200 in 31ms (next.js: 16ms, application-code: 15ms)
 GET /api/flows/668e2e70-cc1c-4e79-b023-26da77cac909 200 in 27ms (next.js: 3ms, application-code: 25ms)
 PUT /api/flows/668e2e70-cc1c-4e79-b023-26da77cac909 200 in 43ms (next.js: 15ms, application-code: 27ms)
 GET /api/flows/668e2e70-cc1c-4e79-b023-26da77cac909 200 in 33ms (next.js: 1.9ms, application-code: 31ms)
 PUT /api/flows/668e2e70-cc1c-4e79-b023-26da77cac909 200 in 32ms (next.js: 14ms, application-code: 18ms)
 GET /api/flows/668e2e70-cc1c-4e79-b023-26da77cac909 200 in 18ms (next.js: 1.9ms, application-code: 16ms)
 POST /api/auth/sign-up/email 200 in 96ms (next.js: 14ms, application-code: 82ms)
 GET /api/test/outbox?email=e2e-2d28e6db%40flowline-e2e.test 200 in 7ms (next.js: 1.7ms, application-code: 5ms)
 POST /api/email 200 in 22ms (next.js: 1.7ms, application-code: 20ms)
 POST /api/auth/sign-in/email 200 in 76ms (next.js: 2ms, application-code: 74ms)
 POST /api/workspaces 201 in 22ms (next.js: 2ms, application-code: 20ms)
 POST /api/onboarding 200 in 23ms (next.js: 1.8ms, application-code: 21ms)
 POST /api/workspaces/f841a2a9-6f25-4d4e-bf99-0ada950f8cbc/flows 201 in 46ms (next.js: 17ms, application-code: 28ms)
 GET /w/e2e-974695/flows/915c3341-9aa2-417b-8edf-b24a34f1bf94 200 in 71ms (next.js: 17ms, application-code: 54ms)
 GET /api/health 200 in 7ms (next.js: 2ms, application-code: 5ms)
 GET /api/flows/915c3341-9aa2-417b-8edf-b24a34f1bf94 200 in 44ms (next.js: 17ms, application-code: 27ms)
 GET /api/flows/915c3341-9aa2-417b-8edf-b24a34f1bf94/publish 200 in 53ms (next.js: 17ms, application-code: 37ms)
 GET /api/flows/915c3341-9aa2-417b-8edf-b24a34f1bf94/runs 200 in 34ms (next.js: 18ms, application-code: 16ms)
 GET /api/flows/915c3341-9aa2-417b-8edf-b24a34f1bf94 200 in 31ms (next.js: 17ms, application-code: 14ms)
 POST /api/auth/sign-up/email 200 in 95ms (next.js: 16ms, application-code: 79ms)
 GET /api/test/outbox?email=e2e-fe21efb7%40flowline-e2e.test 200 in 7ms (next.js: 2ms, application-code: 5ms)
 POST /api/email 200 in 20ms (next.js: 2ms, application-code: 18ms)
 POST /api/auth/sign-in/email 200 in 67ms (next.js: 2ms, application-code: 65ms)
 POST /api/workspaces 201 in 16ms (next.js: 1.7ms, application-code: 15ms)
 POST /api/onboarding 200 in 25ms (next.js: 1.7ms, application-code: 24ms)
 POST /api/workspaces/60faf86b-c308-49c6-ba97-72e6bba250de/flows 201 in 30ms (next.js: 13ms, application-code: 17ms)
 GET /w/e2e-981700/flows/f1a9c3e3-d639-4ab6-8991-4bfd484e8224 200 in 63ms (next.js: 15ms, application-code: 48ms)
 GET /api/health 200 in 8ms (next.js: 2ms, application-code: 6ms)
 GET /api/flows/f1a9c3e3-d639-4ab6-8991-4bfd484e8224 200 in 14ms (next.js: 2ms, application-code: 11ms)
 GET /api/flows/f1a9c3e3-d639-4ab6-8991-4bfd484e8224/publish 200 in 52ms (next.js: 16ms, application-code: 36ms)
 GET /api/flows/f1a9c3e3-d639-4ab6-8991-4bfd484e8224/runs 200 in 31ms (next.js: 17ms, application-code: 14ms)
 GET /api/flows/f1a9c3e3-d639-4ab6-8991-4bfd484e8224 200 in 32ms (next.js: 17ms, application-code: 14ms)
 POST /api/auth/sign-up/email 200 in 95ms (next.js: 16ms, application-code: 78ms)
 GET /api/test/outbox?email=e2e-5123ae29%40flowline-e2e.test 200 in 7ms (next.js: 2ms, application-code: 4ms)
 POST /api/email 200 in 19ms (next.js: 1.8ms, application-code: 17ms)
 POST /api/auth/sign-in/email 200 in 68ms (next.js: 1.7ms, application-code: 66ms)
 POST /api/workspaces 201 in 23ms (next.js: 2ms, application-code: 21ms)
 POST /api/onboarding 200 in 23ms (next.js: 1.7ms, application-code: 21ms)
 POST /api/workspaces/3a657822-8327-4157-a64c-fa8ae3fa96ed/flows 201 in 46ms (next.js: 17ms, application-code: 30ms)
 GET /w/e2e-9a2634/flows/7d7a0329-a290-421d-908b-f01f7e1aca94 200 in 85ms (next.js: 17ms, application-code: 68ms)
 GET /api/health 200 in 8ms (next.js: 2ms, application-code: 6ms)
 GET /api/flows/7d7a0329-a290-421d-908b-f01f7e1aca94 200 in 20ms (next.js: 2ms, application-code: 18ms)
 GET /api/flows/7d7a0329-a290-421d-908b-f01f7e1aca94/publish 200 in 53ms (next.js: 17ms, application-code: 36ms)
 GET /api/flows/7d7a0329-a290-421d-908b-f01f7e1aca94/runs 200 in 32ms (next.js: 18ms, application-code: 14ms)
 POST /api/auth/sign-up/email 200 in 92ms (next.js: 14ms, application-code: 78ms)
 GET /api/test/outbox?email=e2e-805f4b08%40flowline-e2e.test 200 in 7ms (next.js: 2ms, application-code: 5ms)
 POST /api/email 200 in 22ms (next.js: 1.9ms, application-code: 20ms)
 POST /api/auth/sign-in/email 200 in 70ms (next.js: 1.9ms, application-code: 68ms)
 POST /api/workspaces 201 in 28ms (next.js: 1.9ms, application-code: 26ms)
 POST /api/onboarding 200 in 24ms (next.js: 2ms, application-code: 21ms)
 POST /api/workspaces/34afe3a1-6e37-4c43-a785-42cda7f14438/flows 201 in 30ms (next.js: 16ms, application-code: 14ms)
 GET /w/e2e-6bd0f1/flows/bb2c47e6-8ed8-43c6-be5f-a705c2a77f4b 200 in 67ms (next.js: 17ms, application-code: 50ms)
 GET /api/health 200 in 7ms (next.js: 3ms, application-code: 5ms)
 GET /api/flows/bb2c47e6-8ed8-43c6-be5f-a705c2a77f4b 200 in 54ms (next.js: 32ms, application-code: 22ms)
 GET /api/flows/bb2c47e6-8ed8-43c6-be5f-a705c2a77f4b/publish 200 in 67ms (next.js: 17ms, application-code: 50ms)
 GET /api/flows/bb2c47e6-8ed8-43c6-be5f-a705c2a77f4b/runs 200 in 50ms (next.js: 17ms, application-code: 33ms)
2026-09-29T03:23:22.539Z [worker] run 8d162a68-159d-4e72-9444-09fce36a51ea claimed
 POST /api/flows/bb2c47e6-8ed8-43c6-be5f-a705c2a77f4b/runs 202 in 54ms (next.js: 3ms, application-code: 52ms)
 GET /api/flows/bb2c47e6-8ed8-43c6-be5f-a705c2a77f4b/runs 200 in 38ms (next.js: 2ms, application-code: 35ms)
 GET /api/runs/8d162a68-159d-4e72-9444-09fce36a51ea 200 in 45ms (next.js: 19ms, application-code: 27ms)
2026-09-29T03:23:22.606Z [worker] run 8d162a68-159d-4e72-9444-09fce36a51ea done
 GET /w/e2e-6bd0f1/runs?run=8d162a68-159d-4e72-9444-09fce36a51ea 200 in 30ms (next.js: 16ms, application-code: 14ms)
 GET /api/workspaces/34afe3a1-6e37-4c43-a785-42cda7f14438/runs?limit=25 200 in 32ms (next.js: 17ms, application-code: 15ms)
 GET /api/runs/8d162a68-159d-4e72-9444-09fce36a51ea 200 in 31ms (next.js: 14ms, application-code: 17ms)
 GET /api/runs/8d162a68-159d-4e72-9444-09fce36a51ea/rerun-preview?fromNodeId=is-hot&revision=original 200 in 34ms (next.js: 15ms, application-code: 19ms)
 POST /api/runs/8d162a68-159d-4e72-9444-09fce36a51ea/rerun 202 in 906ms (next.js: 857ms, application-code: 49ms)
2026-09-29T03:23:25.183Z [worker] run 4e505a89-1305-4706-91d0-72d95c1ad46d claimed
 GET /api/workspaces/34afe3a1-6e37-4c43-a785-42cda7f14438/runs?limit=25 200 in 57ms (next.js: 15ms, application-code: 42ms)
 GET /w/e2e-6bd0f1/runs?run=4e505a89-1305-4706-91d0-72d95c1ad46d 200 in 35ms (next.js: 16ms, application-code: 19ms)
2026-09-29T03:23:25.235Z [worker] run 4e505a89-1305-4706-91d0-72d95c1ad46d done
 GET /api/runs/4e505a89-1305-4706-91d0-72d95c1ad46d 200 in 54ms (next.js: 20ms, application-code: 34ms)
 GET /api/flows/bb2c47e6-8ed8-43c6-be5f-a705c2a77f4b/runs 200 in 30ms (next.js: 15ms, application-code: 15ms)
 GET /api/flows/bb2c47e6-8ed8-43c6-be5f-a705c2a77f4b/runs 200 in 15ms (next.js: 2ms, application-code: 13ms)
 GET /api/runs/4e505a89-1305-4706-91d0-72d95c1ad46d 200 in 28ms (next.js: 2.0ms, application-code: 26ms)
 POST /api/auth/sign-up/email 200 in 97ms (next.js: 14ms, application-code: 83ms)
 GET /api/test/outbox?email=e2e-25819bf2%40flowline-e2e.test 200 in 7ms (next.js: 1.7ms, application-code: 5ms)
 POST /api/email 200 in 22ms (next.js: 2ms, application-code: 20ms)
 POST /api/auth/sign-in/email 200 in 72ms (next.js: 2ms, application-code: 70ms)
 POST /api/workspaces 201 in 19ms (next.js: 2ms, application-code: 17ms)
 POST /api/onboarding 200 in 26ms (next.js: 2ms, application-code: 24ms)
 POST /api/workspaces/a9de8fe5-2c07-47b9-b58a-34186942bb09/flows 201 in 44ms (next.js: 15ms, application-code: 29ms)
 GET /w/e2e-8a4150/flows/9878ed8b-ee19-4839-a28c-b2506bbeddbf 200 in 67ms (next.js: 15ms, application-code: 52ms)
 GET /api/health 200 in 9ms (next.js: 3ms, application-code: 5ms)
 GET /api/flows/9878ed8b-ee19-4839-a28c-b2506bbeddbf 200 in 28ms (next.js: 17ms, application-code: 11ms)
 GET /api/flows/9878ed8b-ee19-4839-a28c-b2506bbeddbf/publish 200 in 56ms (next.js: 16ms, application-code: 40ms)
 GET /api/flows/9878ed8b-ee19-4839-a28c-b2506bbeddbf/runs 200 in 35ms (next.js: 18ms, application-code: 17ms)
 PUT /api/flows/9878ed8b-ee19-4839-a28c-b2506bbeddbf 200 in 43ms (next.js: 15ms, application-code: 28ms)
 POST /api/flows/9878ed8b-ee19-4839-a28c-b2506bbeddbf/runs 422 in 53ms (next.js: 14ms, application-code: 39ms)
 POST /api/test/faults 200 in 54ms (next.js: 31ms, application-code: 23ms)
 POST /api/auth/sign-up/email 200 in 96ms (next.js: 15ms, application-code: 80ms)
 GET /api/test/outbox?email=e2e-d89100d0%40flowline-e2e.test 200 in 7ms (next.js: 1.7ms, application-code: 5ms)
 POST /api/email 200 in 21ms (next.js: 1.8ms, application-code: 19ms)
 POST /api/auth/sign-in/email 200 in 68ms (next.js: 1.7ms, application-code: 66ms)
 POST /api/workspaces 201 in 31ms (next.js: 2ms, application-code: 29ms)
 POST /api/onboarding 200 in 23ms (next.js: 1.8ms, application-code: 21ms)
 POST /api/workspaces/727c3140-d8eb-411f-bb0c-a3fb4690f80f/flows 201 in 30ms (next.js: 15ms, application-code: 15ms)
 GET /w/e2e-6bc946/flows/e6d109d8-b5f3-4c3d-b254-99fef2a2c7b0 200 in 68ms (next.js: 15ms, application-code: 53ms)
 GET /api/health 200 in 9ms (next.js: 3ms, application-code: 6ms)
 GET /api/flows/e6d109d8-b5f3-4c3d-b254-99fef2a2c7b0 200 in 28ms (next.js: 14ms, application-code: 14ms)
 GET /api/flows/e6d109d8-b5f3-4c3d-b254-99fef2a2c7b0/publish 200 in 102ms (next.js: 16ms, application-code: 86ms)
 POST /api/test/faults 200 in 16ms (next.js: 4ms, application-code: 12ms)
 GET /api/flows/e6d109d8-b5f3-4c3d-b254-99fef2a2c7b0/runs 200 in 83ms (next.js: 26ms, application-code: 57ms)
 PUT /api/flows/e6d109d8-b5f3-4c3d-b254-99fef2a2c7b0 500 in 33ms (next.js: 14ms, application-code: 18ms)
 PUT /api/flows/e6d109d8-b5f3-4c3d-b254-99fef2a2c7b0 500 in 33ms (next.js: 14ms, application-code: 20ms)
 PUT /api/flows/e6d109d8-b5f3-4c3d-b254-99fef2a2c7b0 200 in 38ms (next.js: 14ms, application-code: 24ms)
 POST /api/test/faults 200 in 23ms (next.js: 2ms, application-code: 21ms)
 PUT /api/flows/e6d109d8-b5f3-4c3d-b254-99fef2a2c7b0 500 in 33ms (next.js: 14ms, application-code: 18ms)
 PUT /api/flows/e6d109d8-b5f3-4c3d-b254-99fef2a2c7b0 500 in 22ms (next.js: 13ms, application-code: 9ms)
 PUT /api/flows/e6d109d8-b5f3-4c3d-b254-99fef2a2c7b0 500 in 30ms (next.js: 16ms, application-code: 14ms)
 PUT /api/flows/e6d109d8-b5f3-4c3d-b254-99fef2a2c7b0 500 in 32ms (next.js: 13ms, application-code: 19ms)
 POST /api/test/faults 200 in 14ms (next.js: 1.8ms, application-code: 12ms)
 PUT /api/flows/e6d109d8-b5f3-4c3d-b254-99fef2a2c7b0 200 in 24ms (next.js: 2ms, application-code: 22ms)
 GET /api/flows/e6d109d8-b5f3-4c3d-b254-99fef2a2c7b0 200 in 11ms (next.js: 2ms, application-code: 9ms)
 POST /api/test/faults 200 in 23ms (next.js: 1.6ms, application-code: 22ms)
 POST /api/auth/sign-up/email 200 in 92ms (next.js: 14ms, application-code: 77ms)
 GET /api/test/outbox?email=e2e-0e0b6b1f%40flowline-e2e.test 200 in 7ms (next.js: 1.9ms, application-code: 5ms)
 POST /api/email 200 in 20ms (next.js: 2ms, application-code: 18ms)
 POST /api/auth/sign-in/email 200 in 68ms (next.js: 1.7ms, application-code: 67ms)
 POST /api/workspaces 201 in 31ms (next.js: 2ms, application-code: 29ms)
 POST /api/onboarding 200 in 24ms (next.js: 2ms, application-code: 22ms)
 POST /api/workspaces/8acd6d6a-6c1d-4c88-b006-9be409cea972/flows 201 in 42ms (next.js: 16ms, application-code: 26ms)
 POST /api/test/faults 200 in 9ms (next.js: 1.7ms, application-code: 7ms)
 GET /w/e2e-2d2553/flows/47f4ce19-f456-4299-9e98-652d40163ebf 200 in 66ms (next.js: 15ms, application-code: 51ms)
 GET /api/health 200 in 9ms (next.js: 3ms, application-code: 6ms)
 GET /api/flows/47f4ce19-f456-4299-9e98-652d40163ebf 500 in 33ms (next.js: 17ms, application-code: 17ms)
 GET /api/flows/47f4ce19-f456-4299-9e98-652d40163ebf 500 in 23ms (next.js: 14ms, application-code: 9ms)
 GET /api/flows/47f4ce19-f456-4299-9e98-652d40163ebf 500 in 25ms (next.js: 14ms, application-code: 10ms)
2026-09-29T03:23:46.545Z [worker] platform notifications sent 20
 GET /api/flows/47f4ce19-f456-4299-9e98-652d40163ebf 500 in 21ms (next.js: 14ms, application-code: 7ms)
 GET /api/flows/47f4ce19-f456-4299-9e98-652d40163ebf 200 in 21ms (next.js: 1.9ms, application-code: 19ms)
 GET /api/flows/47f4ce19-f456-4299-9e98-652d40163ebf/publish 200 in 43ms (next.js: 14ms, application-code: 29ms)
 GET /api/flows/47f4ce19-f456-4299-9e98-652d40163ebf/runs 200 in 27ms (next.js: 14ms, application-code: 13ms)
 POST /api/test/faults 200 in 12ms (next.js: 3ms, application-code: 9ms)
 POST /api/auth/sign-up/email 200 in 96ms (next.js: 14ms, application-code: 82ms)
 GET /api/test/outbox?email=e2e-03805231%40flowline-e2e.test 200 in 8ms (next.js: 1.8ms, application-code: 6ms)
 POST /api/email 200 in 21ms (next.js: 1.7ms, application-code: 20ms)
 POST /api/auth/sign-in/email 200 in 66ms (next.js: 1.8ms, application-code: 64ms)
 POST /api/workspaces 201 in 18ms (next.js: 2ms, application-code: 15ms)
 POST /api/onboarding 200 in 12ms (next.js: 1.8ms, application-code: 11ms)
 POST /api/workspaces/a142d469-cdcb-4e49-b586-467c9992188f/flows 201 in 41ms (next.js: 13ms, application-code: 28ms)
 GET /w/e2e-379ae8/flows/f7946d54-e08e-49b4-be42-b6ffc04b9a59 200 in 64ms (next.js: 16ms, application-code: 48ms)
 GET /api/health 200 in 7ms (next.js: 2ms, application-code: 5ms)
 GET /api/flows/f7946d54-e08e-49b4-be42-b6ffc04b9a59 200 in 37ms (next.js: 16ms, application-code: 21ms)
 GET /api/flows/f7946d54-e08e-49b4-be42-b6ffc04b9a59/publish 200 in 56ms (next.js: 18ms, application-code: 38ms)
 GET /api/flows/f7946d54-e08e-49b4-be42-b6ffc04b9a59/runs 200 in 36ms (next.js: 19ms, application-code: 17ms)
 PUT /api/flows/f7946d54-e08e-49b4-be42-b6ffc04b9a59 200 in 28ms (next.js: 3ms, application-code: 25ms)
 GET /api/flows/f7946d54-e08e-49b4-be42-b6ffc04b9a59 200 in 19ms (next.js: 2ms, application-code: 17ms)
 POST /api/test/faults 200 in 17ms (next.js: 2ms, application-code: 15ms)
 POST /api/auth/sign-up/email 200 in 91ms (next.js: 15ms, application-code: 76ms)
 GET /api/test/outbox?email=e2e-639e85b9%40flowline-e2e.test 200 in 6ms (next.js: 1.8ms, application-code: 4ms)
 POST /api/email 200 in 20ms (next.js: 2ms, application-code: 18ms)
 POST /api/auth/sign-in/email 200 in 69ms (next.js: 1.8ms, application-code: 67ms)
 POST /api/workspaces 201 in 20ms (next.js: 3ms, application-code: 17ms)
 POST /api/onboarding 200 in 25ms (next.js: 1.8ms, application-code: 24ms)
 POST /api/workspaces/6f4ab466-27d7-4df0-9d74-6782933770ba/flows 201 in 33ms (next.js: 16ms, application-code: 17ms)
 GET /w/e2e-9fd30f/flows/a26202f0-6c08-4813-8037-314ab9bd9721 200 in 64ms (next.js: 15ms, application-code: 49ms)
 GET /api/health 200 in 9ms (next.js: 2ms, application-code: 6ms)
 GET /api/flows/a26202f0-6c08-4813-8037-314ab9bd9721 200 in 31ms (next.js: 16ms, application-code: 15ms)
 GET /api/flows/a26202f0-6c08-4813-8037-314ab9bd9721/publish 200 in 52ms (next.js: 16ms, application-code: 36ms)
 GET /api/flows/a26202f0-6c08-4813-8037-314ab9bd9721/runs 200 in 32ms (next.js: 16ms, application-code: 16ms)
 GET /api/flows/a26202f0-6c08-4813-8037-314ab9bd9721 200 in 18ms (next.js: 2.0ms, application-code: 16ms)
 PUT /api/flows/a26202f0-6c08-4813-8037-314ab9bd9721 200 in 37ms (next.js: 1.9ms, application-code: 35ms)
 PUT /api/flows/a26202f0-6c08-4813-8037-314ab9bd9721 409 in 21ms (next.js: 2ms, application-code: 19ms)
 GET /api/flows/a26202f0-6c08-4813-8037-314ab9bd9721 200 in 17ms (next.js: 2ms, application-code: 14ms)
 PUT /api/flows/a26202f0-6c08-4813-8037-314ab9bd9721 200 in 31ms (next.js: 3ms, application-code: 28ms)
 GET /api/flows/a26202f0-6c08-4813-8037-314ab9bd9721 200 in 18ms (next.js: 2ms, application-code: 16ms)
 GET /api/flows/a26202f0-6c08-4813-8037-314ab9bd9721/versions 200 in 853ms (next.js: 834ms, application-code: 19ms)
 POST /api/test/faults 200 in 23ms (next.js: 1.8ms, application-code: 21ms)
 POST /api/auth/sign-up/email 200 in 96ms (next.js: 15ms, application-code: 81ms)
 GET /api/test/outbox?email=e2e-c25578de%40flowline-e2e.test 200 in 6ms (next.js: 1.9ms, application-code: 4ms)
 POST /api/email 200 in 19ms (next.js: 1.6ms, application-code: 17ms)
 POST /api/auth/sign-in/email 200 in 68ms (next.js: 1.7ms, application-code: 66ms)
 POST /api/workspaces 201 in 26ms (next.js: 1.8ms, application-code: 24ms)
 POST /api/onboarding 200 in 24ms (next.js: 1.9ms, application-code: 22ms)
 POST /api/workspaces/66720d68-99a1-424c-9b27-a3e8865795f3/flows 201 in 30ms (next.js: 14ms, application-code: 16ms)
 GET /w/e2e-dc4118/flows 200 in 64ms (next.js: 16ms, application-code: 48ms)
 GET /api/health 200 in 9ms (next.js: 2ms, application-code: 7ms)
 GET /api/workspaces/66720d68-99a1-424c-9b27-a3e8865795f3/usage 200 in 51ms (next.js: 15ms, application-code: 36ms)
 GET /api/workspaces/66720d68-99a1-424c-9b27-a3e8865795f3/flows 200 in 52ms (next.js: 34ms, application-code: 18ms)
 GET /api/workspaces/66720d68-99a1-424c-9b27-a3e8865795f3/overview 200 in 62ms (next.js: 30ms, application-code: 32ms)
 GET /w/e2e-dc4118/templates 200 in 76ms (next.js: 16ms, application-code: 60ms)
 GET /api/health 200 in 12ms (next.js: 2ms, application-code: 10ms)
 GET /api/workspaces/66720d68-99a1-424c-9b27-a3e8865795f3/ai 200 in 47ms (next.js: 17ms, application-code: 30ms)
 GET /api/workspaces/66720d68-99a1-424c-9b27-a3e8865795f3/connections 200 in 29ms (next.js: 14ms, application-code: 15ms)
 GET /w/e2e-dc4118/runs 200 in 65ms (next.js: 17ms, application-code: 48ms)
 GET /api/health 200 in 6ms (next.js: 2ms, application-code: 4ms)
 GET /api/workspaces/66720d68-99a1-424c-9b27-a3e8865795f3/runs?limit=25 200 in 38ms (next.js: 16ms, application-code: 22ms)
 GET /w/e2e-dc4118/integrations 200 in 65ms (next.js: 15ms, application-code: 51ms)
 GET /api/health 200 in 8ms (next.js: 2ms, application-code: 6ms)
 GET /api/workspaces/66720d68-99a1-424c-9b27-a3e8865795f3/connections 200 in 29ms (next.js: 16ms, application-code: 13ms)
 GET /api/integrations/catalog?workspaceId=66720d68-99a1-424c-9b27-a3e8865795f3 200 in 44ms (next.js: 4ms, application-code: 40ms)
 GET /w/e2e-dc4118/agents 200 in 61ms (next.js: 15ms, application-code: 46ms)
 GET /api/health 200 in 7ms (next.js: 2ms, application-code: 5ms)
 GET /api/workspaces/66720d68-99a1-424c-9b27-a3e8865795f3/agents 200 in 39ms (next.js: 16ms, application-code: 23ms)
 GET /w/e2e-dc4118/knowledge 200 in 64ms (next.js: 16ms, application-code: 48ms)
 GET /api/health 200 in 24ms (next.js: 3ms, application-code: 21ms)
 GET /api/workspaces/66720d68-99a1-424c-9b27-a3e8865795f3/knowledge 200 in 27ms (next.js: 14ms, application-code: 13ms)
 GET /w/e2e-dc4118/settings 200 in 64ms (next.js: 16ms, application-code: 48ms)
 GET /api/health 200 in 7ms (next.js: 3ms, application-code: 5ms)
 GET /api/workspaces/66720d68-99a1-424c-9b27-a3e8865795f3/members 200 in 44ms (next.js: 15ms, application-code: 29ms)
 GET /api/workspaces/66720d68-99a1-424c-9b27-a3e8865795f3/invites 200 in 44ms (next.js: 31ms, application-code: 13ms)
 GET /w/e2e-dc4118/canvas 307 in 633ms (next.js: 571ms, application-code: 61ms)
 GET /w/e2e-dc4118/flows/9e877d70-e0c1-4f6e-9a8b-b15d2e281e06 200 in 60ms (next.js: 14ms, application-code: 46ms)
 GET /api/health 200 in 6ms (next.js: 2ms, application-code: 4ms)
 GET /api/flows/9e877d70-e0c1-4f6e-9a8b-b15d2e281e06 200 in 32ms (next.js: 16ms, application-code: 16ms)
 GET /api/flows/9e877d70-e0c1-4f6e-9a8b-b15d2e281e06/publish 200 in 51ms (next.js: 16ms, application-code: 35ms)
 GET /api/flows/9e877d70-e0c1-4f6e-9a8b-b15d2e281e06/runs 200 in 32ms (next.js: 16ms, application-code: 16ms)
 POST /api/auth/sign-up/email 200 in 99ms (next.js: 15ms, application-code: 83ms)
 GET /api/test/outbox?email=e2e-6ecd0b2a%40flowline-e2e.test 200 in 7ms (next.js: 1.8ms, application-code: 5ms)
 POST /api/email 200 in 19ms (next.js: 1.7ms, application-code: 17ms)
 POST /api/auth/sign-in/email 200 in 67ms (next.js: 2ms, application-code: 65ms)
 POST /api/workspaces 201 in 30ms (next.js: 2ms, application-code: 28ms)
 POST /api/onboarding 200 in 28ms (next.js: 2ms, application-code: 26ms)
 POST /api/workspaces/e89df976-f5e5-41f4-8ec9-413ae5fd49b0/flows 201 in 40ms (next.js: 14ms, application-code: 26ms)
 GET /w/e2e-8a12c0/flows 200 in 58ms (next.js: 14ms, application-code: 44ms)
 GET /api/health 200 in 8ms (next.js: 2ms, application-code: 6ms)
 GET /api/workspaces/e89df976-f5e5-41f4-8ec9-413ae5fd49b0/flows 200 in 54ms (next.js: 39ms, application-code: 15ms)
 GET /api/workspaces/e89df976-f5e5-41f4-8ec9-413ae5fd49b0/usage 200 in 56ms (next.js: 34ms, application-code: 22ms)
 GET /api/workspaces/e89df976-f5e5-41f4-8ec9-413ae5fd49b0/overview 200 in 64ms (next.js: 18ms, application-code: 46ms)
 GET /w/e2e-8a12c0/templates 200 in 71ms (next.js: 15ms, application-code: 56ms)
 GET /api/health 200 in 7ms (next.js: 2ms, application-code: 4ms)
 GET /api/workspaces/e89df976-f5e5-41f4-8ec9-413ae5fd49b0/connections 200 in 27ms (next.js: 15ms, application-code: 12ms)
 GET /api/workspaces/e89df976-f5e5-41f4-8ec9-413ae5fd49b0/ai 200 in 47ms (next.js: 15ms, application-code: 31ms)
 GET /w/e2e-8a12c0/runs 200 in 74ms (next.js: 16ms, application-code: 58ms)
 GET /api/health 200 in 7ms (next.js: 2ms, application-code: 5ms)
 GET /api/workspaces/e89df976-f5e5-41f4-8ec9-413ae5fd49b0/runs?limit=25 200 in 39ms (next.js: 15ms, application-code: 24ms)
 GET /w/e2e-8a12c0/integrations 200 in 59ms (next.js: 16ms, application-code: 43ms)
 GET /api/health 200 in 8ms (next.js: 2ms, application-code: 6ms)
 GET /api/workspaces/e89df976-f5e5-41f4-8ec9-413ae5fd49b0/connections 200 in 27ms (next.js: 15ms, application-code: 12ms)
 GET /api/integrations/catalog?workspaceId=e89df976-f5e5-41f4-8ec9-413ae5fd49b0 200 in 40ms (next.js: 4ms, application-code: 36ms)
 GET /w/e2e-8a12c0/agents 200 in 63ms (next.js: 16ms, application-code: 46ms)
 GET /api/health 200 in 7ms (next.js: 2ms, application-code: 5ms)
 GET /api/workspaces/e89df976-f5e5-41f4-8ec9-413ae5fd49b0/agents 200 in 39ms (next.js: 16ms, application-code: 24ms)
 GET /w/e2e-8a12c0/knowledge 200 in 61ms (next.js: 16ms, application-code: 45ms)
 GET /api/health 200 in 16ms (next.js: 3ms, application-code: 13ms)
 GET /api/workspaces/e89df976-f5e5-41f4-8ec9-413ae5fd49b0/knowledge 200 in 38ms (next.js: 15ms, application-code: 23ms)
 GET /w/e2e-8a12c0/settings 200 in 58ms (next.js: 15ms, application-code: 44ms)
 GET /api/health 200 in 7ms (next.js: 2ms, application-code: 5ms)
 GET /api/workspaces/e89df976-f5e5-41f4-8ec9-413ae5fd49b0/members 200 in 41ms (next.js: 15ms, application-code: 26ms)
 GET /api/workspaces/e89df976-f5e5-41f4-8ec9-413ae5fd49b0/invites 200 in 42ms (next.js: 30ms, application-code: 12ms)
 GET /w/e2e-8a12c0/canvas 307 in 85ms (next.js: 16ms, application-code: 69ms)
 GET /w/e2e-8a12c0/flows/783fd188-5df2-4a91-8739-e8e9c666836e 200 in 67ms (next.js: 16ms, application-code: 51ms)
 GET /api/health 200 in 7ms (next.js: 2.0ms, application-code: 5ms)
 GET /api/flows/783fd188-5df2-4a91-8739-e8e9c666836e 200 in 28ms (next.js: 15ms, application-code: 13ms)
 GET /api/flows/783fd188-5df2-4a91-8739-e8e9c666836e/publish 200 in 65ms (next.js: 15ms, application-code: 50ms)
 GET /api/flows/783fd188-5df2-4a91-8739-e8e9c666836e/runs 200 in 36ms (next.js: 20ms, application-code: 16ms)
 POST /api/auth/sign-up/email 200 in 93ms (next.js: 15ms, application-code: 78ms)
 GET /api/test/outbox?email=e2e-dfd4a4a6%40flowline-e2e.test 200 in 7ms (next.js: 2ms, application-code: 4ms)
 POST /api/email 200 in 19ms (next.js: 2ms, application-code: 17ms)
 POST /api/auth/sign-in/email 200 in 69ms (next.js: 1.9ms, application-code: 67ms)
 POST /api/workspaces 201 in 23ms (next.js: 2ms, application-code: 21ms)
 POST /api/onboarding 200 in 25ms (next.js: 1.9ms, application-code: 23ms)
 POST /api/workspaces/5c40cd5f-e39d-427d-a468-42bd19579aec/flows 201 in 29ms (next.js: 14ms, application-code: 16ms)
 GET /w/e2e-2e8c66/flows 200 in 59ms (next.js: 15ms, application-code: 45ms)
 GET /api/health 200 in 8ms (next.js: 1.9ms, application-code: 7ms)
 GET /api/workspaces/5c40cd5f-e39d-427d-a468-42bd19579aec/flows 200 in 34ms (next.js: 20ms, application-code: 14ms)
 GET /api/workspaces/5c40cd5f-e39d-427d-a468-42bd19579aec/usage 200 in 35ms (next.js: 16ms, application-code: 19ms)
 GET /api/workspaces/5c40cd5f-e39d-427d-a468-42bd19579aec/overview 200 in 64ms (next.js: 18ms, application-code: 46ms)
 GET /w/e2e-2e8c66/templates 200 in 70ms (next.js: 16ms, application-code: 54ms)
 GET /api/health 200 in 7ms (next.js: 2ms, application-code: 5ms)
 GET /api/workspaces/5c40cd5f-e39d-427d-a468-42bd19579aec/connections 200 in 43ms (next.js: 30ms, application-code: 12ms)
 GET /api/workspaces/5c40cd5f-e39d-427d-a468-42bd19579aec/ai 200 in 52ms (next.js: 22ms, application-code: 30ms)
 GET /w/e2e-2e8c66/runs 200 in 61ms (next.js: 16ms, application-code: 45ms)
 GET /api/health 200 in 8ms (next.js: 2ms, application-code: 5ms)
 GET /api/workspaces/5c40cd5f-e39d-427d-a468-42bd19579aec/runs?limit=25 200 in 38ms (next.js: 15ms, application-code: 24ms)
 GET /w/e2e-2e8c66/integrations 200 in 59ms (next.js: 14ms, application-code: 45ms)
 GET /api/health 200 in 10ms (next.js: 1.9ms, application-code: 8ms)
 GET /api/workspaces/5c40cd5f-e39d-427d-a468-42bd19579aec/connections 200 in 26ms (next.js: 14ms, application-code: 12ms)
 GET /api/integrations/catalog?workspaceId=5c40cd5f-e39d-427d-a468-42bd19579aec 200 in 39ms (next.js: 2ms, application-code: 36ms)
 GET /w/e2e-2e8c66/agents 200 in 66ms (next.js: 17ms, application-code: 49ms)
 GET /api/health 200 in 7ms (next.js: 2ms, application-code: 5ms)
 GET /api/workspaces/5c40cd5f-e39d-427d-a468-42bd19579aec/agents 200 in 37ms (next.js: 16ms, application-code: 21ms)
 GET /w/e2e-2e8c66/knowledge 200 in 62ms (next.js: 17ms, application-code: 45ms)
 GET /api/health 200 in 7ms (next.js: 2ms, application-code: 5ms)
 GET /api/workspaces/5c40cd5f-e39d-427d-a468-42bd19579aec/knowledge 200 in 27ms (next.js: 15ms, application-code: 12ms)
 GET /w/e2e-2e8c66/settings 200 in 58ms (next.js: 14ms, application-code: 44ms)
 GET /api/health 200 in 8ms (next.js: 2ms, application-code: 5ms)
 GET /api/workspaces/5c40cd5f-e39d-427d-a468-42bd19579aec/members 200 in 43ms (next.js: 15ms, application-code: 27ms)
 GET /api/workspaces/5c40cd5f-e39d-427d-a468-42bd19579aec/invites 200 in 26ms (next.js: 14ms, application-code: 12ms)
 GET /w/e2e-2e8c66/canvas 307 in 81ms (next.js: 15ms, application-code: 66ms)
 GET /w/e2e-2e8c66/flows/00526676-9b85-4d17-a649-24c838ad5fb0 200 in 74ms (next.js: 16ms, application-code: 57ms)
 GET /api/health 200 in 7ms (next.js: 2ms, application-code: 5ms)
 GET /api/flows/00526676-9b85-4d17-a649-24c838ad5fb0 200 in 31ms (next.js: 15ms, application-code: 16ms)
 GET /api/flows/00526676-9b85-4d17-a649-24c838ad5fb0/publish 200 in 48ms (next.js: 15ms, application-code: 33ms)
 GET /api/flows/00526676-9b85-4d17-a649-24c838ad5fb0/runs 200 in 30ms (next.js: 17ms, application-code: 14ms)
 GET / 200 in 47ms (next.js: 3ms, application-code: 44ms)
 GET /sign-up 200 in 17ms (next.js: 3ms, application-code: 14ms)
 GET /api/auth-config 200 in 8ms (next.js: 1.9ms, application-code: 6ms)
 POST /api/auth/sign-up/email 200 in 98ms (next.js: 16ms, application-code: 82ms)
 GET /api/me 401 in 5ms (next.js: 2ms, application-code: 3ms)
 GET /api/test/outbox?email=journey-d058ab05%40flowline-e2e.test 200 in 6ms (next.js: 1.6ms, application-code: 4ms)
 GET /verify-email?token=qGzJZf6Zz4VycS72SGrq8EDy9YKi7YrE7RLjqufzj38&callbackURL=%2Fsign-in 200 in 23ms (next.js: 2ms, application-code: 21ms)
 POST /api/email 200 in 19ms (next.js: 2ms, application-code: 17ms)
 GET /sign-in 200 in 16ms (next.js: 3ms, application-code: 13ms)
 GET /api/auth-config 200 in 8ms (next.js: 2ms, application-code: 6ms)
 POST /api/auth/sign-in/email 200 in 84ms (next.js: 14ms, application-code: 70ms)
 GET /app 200 in 61ms (next.js: 3ms, application-code: 58ms)
 GET /app 200 in 34ms (next.js: 6ms, application-code: 28ms)
 GET /onboarding 200 in 55ms (next.js: 6ms, application-code: 49ms)
 GET /onboarding 200 in 40ms (next.js: 6ms, application-code: 33ms)
 POST /api/workspaces 201 in 36ms (next.js: 2ms, application-code: 34ms)
 POST /api/workspaces/67ae89be-91dc-4e35-8aa3-d97bbcfcd521/flows 201 in 29ms (next.js: 16ms, application-code: 13ms)
 POST /api/onboarding 200 in 22ms (next.js: 3ms, application-code: 19ms)
 GET /w/journey-co-9/flows/d7ce5b62-db17-4c30-a43e-b3530a89e1f5 200 in 55ms (next.js: 16ms, application-code: 40ms)
 GET /api/health 200 in 8ms (next.js: 2ms, application-code: 5ms)
 GET /api/flows/d7ce5b62-db17-4c30-a43e-b3530a89e1f5 200 in 28ms (next.js: 15ms, application-code: 13ms)
 GET /api/flows/d7ce5b62-db17-4c30-a43e-b3530a89e1f5/publish 200 in 54ms (next.js: 17ms, application-code: 36ms)
 GET /api/flows/d7ce5b62-db17-4c30-a43e-b3530a89e1f5/runs 200 in 32ms (next.js: 17ms, application-code: 14ms)
 GET /api/workspaces/67ae89be-91dc-4e35-8aa3-d97bbcfcd521/ai 200 in 48ms (next.js: 16ms, application-code: 32ms)
 GET /api/integrations/catalog 200 in 162ms (next.js: 3ms, application-code: 159ms)
 PUT /api/flows/d7ce5b62-db17-4c30-a43e-b3530a89e1f5 200 in 33ms (next.js: 18ms, application-code: 15ms)
 GET /w/journey-co-9/flows/d7ce5b62-db17-4c30-a43e-b3530a89e1f5 200 in 79ms (next.js: 22ms, application-code: 57ms)
 GET /api/health 200 in 14ms (next.js: 5ms, application-code: 9ms)
 GET /api/flows/d7ce5b62-db17-4c30-a43e-b3530a89e1f5 200 in 16ms (next.js: 3ms, application-code: 14ms)
 GET /api/flows/d7ce5b62-db17-4c30-a43e-b3530a89e1f5/publish 200 in 51ms (next.js: 18ms, application-code: 33ms)
 GET /api/flows/d7ce5b62-db17-4c30-a43e-b3530a89e1f5/runs 200 in 32ms (next.js: 19ms, application-code: 13ms)
2026-09-29T03:24:21.468Z [worker] run 7bc8dcda-55d2-4061-8399-bc3b715dcbee claimed
 POST /api/flows/d7ce5b62-db17-4c30-a43e-b3530a89e1f5/runs 202 in 66ms (next.js: 2ms, application-code: 64ms)
 GET /api/flows/d7ce5b62-db17-4c30-a43e-b3530a89e1f5/runs 200 in 37ms (next.js: 2ms, application-code: 35ms)
 GET /api/runs/7bc8dcda-55d2-4061-8399-bc3b715dcbee 200 in 40ms (next.js: 19ms, application-code: 21ms)
2026-09-29T03:24:21.525Z [worker] run 7bc8dcda-55d2-4061-8399-bc3b715dcbee done
 GET /api/runs/7bc8dcda-55d2-4061-8399-bc3b715dcbee 200 in 29ms (next.js: 2ms, application-code: 27ms)
 GET /api/flows/d7ce5b62-db17-4c30-a43e-b3530a89e1f5/runs 200 in 39ms (next.js: 16ms, application-code: 23ms)
 GET /w/journey-co-9/runs?run=7bc8dcda-55d2-4061-8399-bc3b715dcbee 200 in 38ms (next.js: 20ms, application-code: 17ms)
 GET /api/workspaces/67ae89be-91dc-4e35-8aa3-d97bbcfcd521/runs?limit=25 200 in 48ms (next.js: 18ms, application-code: 31ms)
 GET /api/flows/d7ce5b62-db17-4c30-a43e-b3530a89e1f5 200 in 33ms (next.js: 16ms, application-code: 17ms)
 GET /api/flows/d7ce5b62-db17-4c30-a43e-b3530a89e1f5/runs 200 in 23ms (next.js: 2ms, application-code: 21ms)
 GET /api/runs/7bc8dcda-55d2-4061-8399-bc3b715dcbee 200 in 39ms (next.js: 14ms, application-code: 25ms)
 GET /api/flows/d7ce5b62-db17-4c30-a43e-b3530a89e1f5/versions 200 in 30ms (next.js: 16ms, application-code: 13ms)
 POST /api/auth/sign-up/email 200 in 98ms (next.js: 17ms, application-code: 81ms)
 GET /api/test/outbox?email=e2e-33b8289e%40flowline-e2e.test 200 in 7ms (next.js: 2ms, application-code: 4ms)
 POST /api/email 200 in 24ms (next.js: 4ms, application-code: 20ms)
 POST /api/auth/sign-in/email 200 in 70ms (next.js: 2ms, application-code: 68ms)
 POST /api/workspaces 201 in 38ms (next.js: 5ms, application-code: 33ms)
 POST /api/onboarding 200 in 21ms (next.js: 4ms, application-code: 17ms)
 GET /w/e2e-51e5d8/templates 200 in 76ms (next.js: 21ms, application-code: 55ms)
 GET /api/health 200 in 8ms (next.js: 2ms, application-code: 5ms)
 GET /api/workspaces/7b09cd2b-b6d0-41e3-84ca-3be549fff4a8/connections 200 in 48ms (next.js: 33ms, application-code: 15ms)
 GET /api/workspaces/7b09cd2b-b6d0-41e3-84ca-3be549fff4a8/ai 200 in 52ms (next.js: 18ms, application-code: 34ms)
 POST /api/workspaces/7b09cd2b-b6d0-41e3-84ca-3be549fff4a8/ai/connections 201 in 74ms (next.js: 16ms, application-code: 58ms)
 PUT /api/workspaces/7b09cd2b-b6d0-41e3-84ca-3be549fff4a8/ai/default-route 200 in 36ms (next.js: 17ms, application-code: 19ms)
 PUT /api/workspaces/7b09cd2b-b6d0-41e3-84ca-3be549fff4a8/ai/policy 200 in 40ms (next.js: 18ms, application-code: 23ms)
 GET /w/e2e-51e5d8/templates 200 in 73ms (next.js: 17ms, application-code: 56ms)
 GET /api/health 200 in 9ms (next.js: 2ms, application-code: 7ms)
 GET /api/workspaces/7b09cd2b-b6d0-41e3-84ca-3be549fff4a8/connections 200 in 14ms (next.js: 3ms, application-code: 11ms)
 GET /api/workspaces/7b09cd2b-b6d0-41e3-84ca-3be549fff4a8/ai 200 in 27ms (next.js: 2ms, application-code: 25ms)
 POST /api/workspaces/7b09cd2b-b6d0-41e3-84ca-3be549fff4a8/flows 201 in 45ms (next.js: 21ms, application-code: 24ms)
 GET /w/e2e-51e5d8/flows/65284eac-79a0-4f86-84d1-0796af9ce607 200 in 36ms (next.js: 18ms, application-code: 18ms)
 GET /api/flows/65284eac-79a0-4f86-84d1-0796af9ce607 200 in 34ms (next.js: 18ms, application-code: 16ms)
 GET /api/flows/65284eac-79a0-4f86-84d1-0796af9ce607/publish 200 in 56ms (next.js: 16ms, application-code: 40ms)
 GET /api/flows/65284eac-79a0-4f86-84d1-0796af9ce607/runs 200 in 35ms (next.js: 18ms, application-code: 17ms)
 POST /api/auth/sign-up/email 200 in 102ms (next.js: 17ms, application-code: 85ms)
 GET /api/test/outbox?email=e2e-9943f74a%40flowline-e2e.test 200 in 7ms (next.js: 1.8ms, application-code: 5ms)
 POST /api/email 200 in 23ms (next.js: 2ms, application-code: 21ms)
 POST /api/auth/sign-in/email 200 in 69ms (next.js: 1.8ms, application-code: 67ms)
 POST /api/workspaces 201 in 35ms (next.js: 2ms, application-code: 32ms)
 POST /api/onboarding 200 in 19ms (next.js: 1.8ms, application-code: 17ms)
 GET /w/e2e-c64057/settings 200 in 72ms (next.js: 17ms, application-code: 54ms)
 GET /api/health 200 in 11ms (next.js: 3ms, application-code: 8ms)
 GET /api/workspaces/4d83c524-fa17-43c3-a711-f8edb9f9d5b1/members 200 in 56ms (next.js: 23ms, application-code: 32ms)
 GET /api/workspaces/4d83c524-fa17-43c3-a711-f8edb9f9d5b1/invites 200 in 57ms (next.js: 42ms, application-code: 15ms)
 PATCH /api/workspaces/4d83c524-fa17-43c3-a711-f8edb9f9d5b1 200 in 48ms (next.js: 17ms, application-code: 31ms)
 GET /w/e2e-c64057/settings 200 in 80ms (next.js: 17ms, application-code: 63ms)
 GET /w/e2e-c64057/settings 200 in 57ms (next.js: 3ms, application-code: 54ms)
 GET /api/health 200 in 7ms (next.js: 1.8ms, application-code: 5ms)
 GET /api/workspaces/4d83c524-fa17-43c3-a711-f8edb9f9d5b1/members 200 in 28ms (next.js: 3ms, application-code: 26ms)
 GET /api/workspaces/4d83c524-fa17-43c3-a711-f8edb9f9d5b1/invites 200 in 29ms (next.js: 6ms, application-code: 23ms)
 GET /api/workspaces/4d83c524-fa17-43c3-a711-f8edb9f9d5b1 200 in 31ms (next.js: 2.0ms, application-code: 29ms)
 GET /api/workspaces/4d83c524-fa17-43c3-a711-f8edb9f9d5b1/usage 200 in 36ms (next.js: 22ms, application-code: 14ms)
 POST /api/auth/sign-up/email 200 in 101ms (next.js: 18ms, application-code: 83ms)
 GET /api/test/outbox?email=e2e-37f91cfb%40flowline-e2e.test 200 in 7ms (next.js: 2ms, application-code: 5ms)
 POST /api/email 200 in 21ms (next.js: 1.9ms, application-code: 19ms)
 POST /api/auth/sign-in/email 200 in 68ms (next.js: 1.7ms, application-code: 66ms)
 POST /api/workspaces 201 in 23ms (next.js: 2ms, application-code: 21ms)
 POST /api/onboarding 200 in 16ms (next.js: 3ms, application-code: 13ms)
 POST /api/workspaces/bd4f8d75-3d73-44a9-9a2d-00e6954521a6/ai/connections 201 in 58ms (next.js: 14ms, application-code: 44ms)
 PUT /api/workspaces/bd4f8d75-3d73-44a9-9a2d-00e6954521a6/ai/default-route 200 in 47ms (next.js: 15ms, application-code: 31ms)
 PUT /api/workspaces/bd4f8d75-3d73-44a9-9a2d-00e6954521a6/ai/policy 200 in 41ms (next.js: 16ms, application-code: 25ms)
 GET /w/e2e-d830e8/integrations 200 in 73ms (next.js: 20ms, application-code: 53ms)
 GET /api/health 200 in 7ms (next.js: 3ms, application-code: 4ms)
 GET /api/workspaces/bd4f8d75-3d73-44a9-9a2d-00e6954521a6/connections 200 in 36ms (next.js: 23ms, application-code: 14ms)
 GET /api/integrations/catalog?workspaceId=bd4f8d75-3d73-44a9-9a2d-00e6954521a6 200 in 45ms (next.js: 5ms, application-code: 41ms)
 GET /api/workspaces/bd4f8d75-3d73-44a9-9a2d-00e6954521a6/oauth-apps/provenance?provider=google_sheets 200 in 38ms (next.js: 23ms, application-code: 15ms)
 POST /api/oauth/start 200 in 83ms (next.js: 46ms, application-code: 37ms)
 GET /api/oauth/callback?code=fake-code-bc41dbfb6147&state=6_RHc1oYXJ4RSmNjarnecexFqvaHvn6b2-Ob_XWE9YI 307 in 114ms (next.js: 42ms, application-code: 72ms)
 GET /w/e2e-d830e8/integrations?oauth=connected&connection=8c00fa8e-b20b-47e1-9cd1-14a1b1671db2 200 in 62ms (next.js: 15ms, application-code: 47ms)
 GET /api/health 200 in 11ms (next.js: 1.9ms, application-code: 9ms)
 GET /w/e2e-d830e8/integrations 200 in 10ms (next.js: 5ms, application-code: 6ms)
 GET /api/workspaces/bd4f8d75-3d73-44a9-9a2d-00e6954521a6/connections 200 in 22ms (next.js: 3ms, application-code: 19ms)
 GET /api/integrations/catalog?workspaceId=bd4f8d75-3d73-44a9-9a2d-00e6954521a6 200 in 34ms (next.js: 2ms, application-code: 32ms)
 GET /w/e2e-d830e8/integrations 200 in 12ms (next.js: 6ms, application-code: 5ms)
 GET /w/e2e-d830e8/integrations 200 in 16ms (next.js: 3ms, application-code: 13ms)
 GET /w/e2e-d830e8/integrations 200 in 14ms (next.js: 3ms, application-code: 11ms)
 GET /w/e2e-d830e8/integrations 200 in 50ms (next.js: 3ms, application-code: 47ms)
 GET /api/health 200 in 15ms (next.js: 2ms, application-code: 13ms)
 GET /api/workspaces/bd4f8d75-3d73-44a9-9a2d-00e6954521a6/connections 200 in 15ms (next.js: 3ms, application-code: 12ms)
 GET /api/integrations/catalog?workspaceId=bd4f8d75-3d73-44a9-9a2d-00e6954521a6 200 in 27ms (next.js: 2ms, application-code: 25ms)
 GET /api/workspaces/bd4f8d75-3d73-44a9-9a2d-00e6954521a6/oauth-apps/provenance?provider=slack 200 in 16ms (next.js: 2ms, application-code: 13ms)
 POST /api/oauth/start 200 in 21ms (next.js: 2ms, application-code: 19ms)
 GET /api/oauth/callback?code=fake-code-fa3ac09d94a0&state=xSvK3GbXrRxbsmUDxo9BQWaCv0aoOLVD0ax3OHntv6A 307 in 48ms (next.js: 2.0ms, application-code: 47ms)
 GET /w/e2e-d830e8/integrations?oauth=connected&connection=29801db2-bace-4f01-a9cc-51f9dc7c2908 200 in 69ms (next.js: 16ms, application-code: 53ms)
 GET /api/health 200 in 7ms (next.js: 2ms, application-code: 5ms)
 GET /w/e2e-d830e8/integrations 200 in 11ms (next.js: 5ms, application-code: 6ms)
 GET /api/workspaces/bd4f8d75-3d73-44a9-9a2d-00e6954521a6/connections 200 in 35ms (next.js: 16ms, application-code: 19ms)
 GET /api/integrations/catalog?workspaceId=bd4f8d75-3d73-44a9-9a2d-00e6954521a6 200 in 49ms (next.js: 3ms, application-code: 45ms)
 GET /w/e2e-d830e8/integrations 200 in 11ms (next.js: 6ms, application-code: 5ms)
 GET /w/e2e-d830e8/integrations 200 in 16ms (next.js: 3ms, application-code: 13ms)
 GET /w/e2e-d830e8/integrations 200 in 16ms (next.js: 4ms, application-code: 13ms)
 GET /w/e2e-d830e8/templates 200 in 82ms (next.js: 19ms, application-code: 63ms)
 GET /api/health 200 in 7ms (next.js: 2ms, application-code: 5ms)
 GET /api/workspaces/bd4f8d75-3d73-44a9-9a2d-00e6954521a6/connections 200 in 14ms (next.js: 2ms, application-code: 12ms)
 GET /api/workspaces/bd4f8d75-3d73-44a9-9a2d-00e6954521a6/ai 200 in 41ms (next.js: 15ms, application-code: 26ms)
 POST /api/workspaces/bd4f8d75-3d73-44a9-9a2d-00e6954521a6/flows 201 in 44ms (next.js: 20ms, application-code: 24ms)
 GET /w/e2e-d830e8/flows/91d52bca-d11b-4487-a1d1-834cac06884c 200 in 38ms (next.js: 19ms, application-code: 18ms)
 GET /api/flows/91d52bca-d11b-4487-a1d1-834cac06884c 200 in 36ms (next.js: 18ms, application-code: 18ms)
 GET /api/flows/91d52bca-d11b-4487-a1d1-834cac06884c/publish 200 in 54ms (next.js: 17ms, application-code: 37ms)
 GET /api/flows/91d52bca-d11b-4487-a1d1-834cac06884c/runs 200 in 32ms (next.js: 17ms, application-code: 15ms)
 GET /api/integrations/catalog 200 in 20ms (next.js: 3ms, application-code: 17ms)
 PUT /api/flows/91d52bca-d11b-4487-a1d1-834cac06884c 200 in 45ms (next.js: 13ms, application-code: 32ms)
 POST /api/flows/91d52bca-d11b-4487-a1d1-834cac06884c/runs 202 in 53ms (next.js: 14ms, application-code: 40ms)
2026-09-29T03:24:31.045Z [worker] run 2c34d86c-ce74-48fe-abf4-23c1beeeddbe claimed
 GET /api/flows/91d52bca-d11b-4487-a1d1-834cac06884c/runs 200 in 32ms (next.js: 2ms, application-code: 29ms)
 GET /api/runs/2c34d86c-ce74-48fe-abf4-23c1beeeddbe 200 in 36ms (next.js: 15ms, application-code: 21ms)
 GET /api/runs/2c34d86c-ce74-48fe-abf4-23c1beeeddbe 200 in 35ms (next.js: 2ms, application-code: 32ms)
2026-09-29T03:24:32.371Z [worker] run 2c34d86c-ce74-48fe-abf4-23c1beeeddbe done
 GET /api/runs/2c34d86c-ce74-48fe-abf4-23c1beeeddbe 200 in 35ms (next.js: 14ms, application-code: 21ms)
 GET /api/flows/91d52bca-d11b-4487-a1d1-834cac06884c/runs 200 in 33ms (next.js: 15ms, application-code: 18ms)
 GET /api/flows/91d52bca-d11b-4487-a1d1-834cac06884c/runs 200 in 28ms (next.js: 2ms, application-code: 26ms)
 GET /api/flows/91d52bca-d11b-4487-a1d1-834cac06884c/runs 200 in 27ms (next.js: 2ms, application-code: 25ms)
 GET /api/runs/2c34d86c-ce74-48fe-abf4-23c1beeeddbe 200 in 23ms (next.js: 2ms, application-code: 21ms)
 GET /w/e2e-d830e8/runs?run=2c34d86c-ce74-48fe-abf4-23c1beeeddbe 200 in 84ms (next.js: 18ms, application-code: 67ms)
 GET /api/workspaces/bd4f8d75-3d73-44a9-9a2d-00e6954521a6/runs?limit=25 200 in 44ms (next.js: 17ms, application-code: 28ms)
 GET /api/runs/2c34d86c-ce74-48fe-abf4-23c1beeeddbe/rerun-preview?fromNodeId=sheet&revision=original 200 in 42ms (next.js: 17ms, application-code: 25ms)
 POST /api/runs/2c34d86c-ce74-48fe-abf4-23c1beeeddbe/rerun 202 in 65ms (next.js: 18ms, application-code: 46ms)
2026-09-29T03:24:34.000Z [worker] run e6d70a50-e93d-4649-b58f-9cab8f9d8a94 claimed
 GET /api/workspaces/bd4f8d75-3d73-44a9-9a2d-00e6954521a6/runs?limit=25 200 in 44ms (next.js: 3ms, application-code: 41ms)
 GET /w/e2e-d830e8/runs?run=e6d70a50-e93d-4649-b58f-9cab8f9d8a94 200 in 35ms (next.js: 18ms, application-code: 17ms)
 GET /api/flows/91d52bca-d11b-4487-a1d1-834cac06884c/runs 200 in 53ms (next.js: 19ms, application-code: 35ms)
 GET /api/runs/e6d70a50-e93d-4649-b58f-9cab8f9d8a94 200 in 39ms (next.js: 18ms, application-code: 21ms)
2026-09-29T03:24:34.119Z [worker] run e6d70a50-e93d-4649-b58f-9cab8f9d8a94 done
 GET /api/flows/91d52bca-d11b-4487-a1d1-834cac06884c/runs 200 in 32ms (next.js: 2ms, application-code: 30ms)
 GET /api/flows/91d52bca-d11b-4487-a1d1-834cac06884c/runs 200 in 27ms (next.js: 3ms, application-code: 24ms)
 GET /api/runs/e6d70a50-e93d-4649-b58f-9cab8f9d8a94 200 in 33ms (next.js: 2.0ms, application-code: 31ms)
 GET /api/workspaces/bd4f8d75-3d73-44a9-9a2d-00e6954521a6/usage 200 in 31ms (next.js: 16ms, application-code: 15ms)
 POST /api/auth/sign-up/email 200 in 105ms (next.js: 17ms, application-code: 89ms)
 GET /api/test/outbox?email=e2e-9429bf81%40flowline-e2e.test 200 in 9ms (next.js: 3ms, application-code: 6ms)
 POST /api/email 200 in 24ms (next.js: 2ms, application-code: 22ms)
 POST /api/auth/sign-in/email 200 in 80ms (next.js: 3ms, application-code: 77ms)
 POST /api/workspaces 201 in 26ms (next.js: 2ms, application-code: 24ms)
 POST /api/onboarding 200 in 20ms (next.js: 2ms, application-code: 18ms)
 POST /api/workspaces/6ec1cbdc-4ccb-47f8-84e1-8407e884576e/flows 201 in 45ms (next.js: 15ms, application-code: 30ms)
 POST /api/workspaces/6ec1cbdc-4ccb-47f8-84e1-8407e884576e/connections 201 in 51ms (next.js: 17ms, application-code: 34ms)
 PUT /api/flows/16764f35-dadd-433b-b6cc-a073dfb61624 200 in 39ms (next.js: 15ms, application-code: 23ms)
 GET /w/e2e-2edd4d/flows/16764f35-dadd-433b-b6cc-a073dfb61624 200 in 74ms (next.js: 18ms, application-code: 57ms)
 GET /api/health 200 in 8ms (next.js: 3ms, application-code: 5ms)
 GET /api/flows/16764f35-dadd-433b-b6cc-a073dfb61624 200 in 20ms (next.js: 2ms, application-code: 18ms)
 GET /api/flows/16764f35-dadd-433b-b6cc-a073dfb61624/publish 200 in 60ms (next.js: 21ms, application-code: 39ms)
 GET /api/flows/16764f35-dadd-433b-b6cc-a073dfb61624/runs 200 in 35ms (next.js: 17ms, application-code: 17ms)
2026-09-29T03:24:35.465Z [worker] run 0151b95b-6179-4b20-b7bc-41db5c4b6b86 claimed
 POST /api/flows/16764f35-dadd-433b-b6cc-a073dfb61624/runs 202 in 66ms (next.js: 3ms, application-code: 63ms)
 GET /api/flows/16764f35-dadd-433b-b6cc-a073dfb61624/runs 200 in 39ms (next.js: 2ms, application-code: 37ms)
 GET /api/runs/0151b95b-6179-4b20-b7bc-41db5c4b6b86 200 in 41ms (next.js: 17ms, application-code: 24ms)
 GET /api/flows/16764f35-dadd-433b-b6cc-a073dfb61624/runs 200 in 31ms (next.js: 2ms, application-code: 28ms)
 GET /api/runs/0151b95b-6179-4b20-b7bc-41db5c4b6b86 200 in 31ms (next.js: 3ms, application-code: 28ms)
 GET /api/runs/0151b95b-6179-4b20-b7bc-41db5c4b6b86 200 in 43ms (next.js: 14ms, application-code: 29ms)
 GET /api/flows/16764f35-dadd-433b-b6cc-a073dfb61624/runs 200 in 27ms (next.js: 13ms, application-code: 14ms)
 GET /api/runs/0151b95b-6179-4b20-b7bc-41db5c4b6b86 200 in 27ms (next.js: 2ms, application-code: 25ms)
 GET /api/runs/0151b95b-6179-4b20-b7bc-41db5c4b6b86 200 in 42ms (next.js: 15ms, application-code: 27ms)
 GET /api/flows/16764f35-dadd-433b-b6cc-a073dfb61624/runs 200 in 29ms (next.js: 16ms, application-code: 13ms)
 GET /api/runs/0151b95b-6179-4b20-b7bc-41db5c4b6b86 200 in 35ms (next.js: 2ms, application-code: 32ms)
 GET /api/runs/0151b95b-6179-4b20-b7bc-41db5c4b6b86 200 in 34ms (next.js: 15ms, application-code: 19ms)
 GET /api/flows/16764f35-dadd-433b-b6cc-a073dfb61624/runs 200 in 42ms (next.js: 14ms, application-code: 28ms)
 GET /api/runs/0151b95b-6179-4b20-b7bc-41db5c4b6b86 200 in 19ms (next.js: 2ms, application-code: 17ms)
 GET /api/runs/0151b95b-6179-4b20-b7bc-41db5c4b6b86 200 in 52ms (next.js: 15ms, application-code: 37ms)
 GET /api/flows/16764f35-dadd-433b-b6cc-a073dfb61624/runs 200 in 28ms (next.js: 14ms, application-code: 14ms)
 GET /api/runs/0151b95b-6179-4b20-b7bc-41db5c4b6b86 200 in 28ms (next.js: 2ms, application-code: 26ms)
 GET /api/runs/0151b95b-6179-4b20-b7bc-41db5c4b6b86 200 in 34ms (next.js: 15ms, application-code: 19ms)
 GET /api/flows/16764f35-dadd-433b-b6cc-a073dfb61624/runs 200 in 40ms (next.js: 14ms, application-code: 27ms)
 GET /api/runs/0151b95b-6179-4b20-b7bc-41db5c4b6b86 200 in 20ms (next.js: 2ms, application-code: 18ms)
 GET /api/runs/0151b95b-6179-4b20-b7bc-41db5c4b6b86 200 in 34ms (next.js: 14ms, application-code: 19ms)
 GET /api/flows/16764f35-dadd-433b-b6cc-a073dfb61624/runs 200 in 43ms (next.js: 15ms, application-code: 28ms)
 POST /api/runs/0151b95b-6179-4b20-b7bc-41db5c4b6b86/cancel 200 in 837ms (next.js: 814ms, application-code: 23ms)
 GET /api/runs/0151b95b-6179-4b20-b7bc-41db5c4b6b86 200 in 22ms (next.js: 2ms, application-code: 20ms)
2026-09-29T03:24:45.565Z [worker] run 0151b95b-6179-4b20-b7bc-41db5c4b6b86 done
 GET /api/runs/0151b95b-6179-4b20-b7bc-41db5c4b6b86 200 in 43ms (next.js: 14ms, application-code: 29ms)
 GET /api/flows/16764f35-dadd-433b-b6cc-a073dfb61624/runs 200 in 36ms (next.js: 14ms, application-code: 22ms)
 GET /api/flows/16764f35-dadd-433b-b6cc-a073dfb61624/runs 200 in 27ms (next.js: 2ms, application-code: 24ms)
 GET /api/runs/0151b95b-6179-4b20-b7bc-41db5c4b6b86 200 in 32ms (next.js: 2ms, application-code: 30ms)
 POST /api/auth/sign-up/email 200 in 94ms (next.js: 15ms, application-code: 79ms)
 GET /api/test/outbox?email=e2e-ef54b479%40flowline-e2e.test 200 in 7ms (next.js: 2ms, application-code: 5ms)
 POST /api/email 200 in 21ms (next.js: 2.0ms, application-code: 19ms)
 POST /api/auth/sign-in/email 200 in 73ms (next.js: 4ms, application-code: 69ms)
 POST /api/workspaces 201 in 34ms (next.js: 1.9ms, application-code: 32ms)
 POST /api/onboarding 200 in 11ms (next.js: 1.8ms, application-code: 10ms)
 POST /api/workspaces/253e150b-dcfa-494d-a3e4-68fdc11d90d9/flows 201 in 41ms (next.js: 14ms, application-code: 27ms)
 POST /api/workspaces/253e150b-dcfa-494d-a3e4-68fdc11d90d9/connections 201 in 47ms (next.js: 14ms, application-code: 33ms)
 PUT /api/flows/68e671c7-f65a-4500-8d48-5e4bdede2754 200 in 40ms (next.js: 16ms, application-code: 24ms)
2026-09-29T03:24:46.573Z [worker] platform notifications sent 20
 GET /w/e2e-495bd9/flows/68e671c7-f65a-4500-8d48-5e4bdede2754 200 in 73ms (next.js: 17ms, application-code: 56ms)
 GET /api/health 200 in 7ms (next.js: 3ms, application-code: 4ms)
 GET /api/flows/68e671c7-f65a-4500-8d48-5e4bdede2754 200 in 23ms (next.js: 3ms, application-code: 20ms)
 GET /api/flows/68e671c7-f65a-4500-8d48-5e4bdede2754/publish 200 in 61ms (next.js: 18ms, application-code: 43ms)
 GET /api/flows/68e671c7-f65a-4500-8d48-5e4bdede2754/runs 200 in 39ms (next.js: 17ms, application-code: 22ms)
2026-09-29T03:24:47.044Z [worker] run 749a8f1c-27a8-4697-8fe8-cec533aee4b4 claimed
 POST /api/flows/68e671c7-f65a-4500-8d48-5e4bdede2754/runs 202 in 59ms (next.js: 3ms, application-code: 57ms)
 GET /api/flows/68e671c7-f65a-4500-8d48-5e4bdede2754/runs 200 in 46ms (next.js: 3ms, application-code: 43ms)
2026-09-29T03:24:47.102Z [worker] run 749a8f1c-27a8-4697-8fe8-cec533aee4b4 done
 GET /api/runs/749a8f1c-27a8-4697-8fe8-cec533aee4b4 200 in 45ms (next.js: 22ms, application-code: 23ms)
 GET /w/e2e-495bd9/runs?run=749a8f1c-27a8-4697-8fe8-cec533aee4b4 200 in 37ms (next.js: 18ms, application-code: 19ms)
 GET /api/workspaces/253e150b-dcfa-494d-a3e4-68fdc11d90d9/runs?limit=25 200 in 42ms (next.js: 17ms, application-code: 25ms)
 GET /api/flows/68e671c7-f65a-4500-8d48-5e4bdede2754/runs 200 in 40ms (next.js: 14ms, application-code: 26ms)
 GET /api/flows/68e671c7-f65a-4500-8d48-5e4bdede2754/runs 200 in 25ms (next.js: 3ms, application-code: 22ms)
 GET /api/runs/749a8f1c-27a8-4697-8fe8-cec533aee4b4 200 in 37ms (next.js: 15ms, application-code: 22ms)
 GET /api/flows/68e671c7-f65a-4500-8d48-5e4bdede2754/runs 200 in 24ms (next.js: 1.9ms, application-code: 22ms)
 POST /api/approvals/d6c82b8e-159d-4678-b6d2-2b683db27670/decide 200 in 848ms (next.js: 815ms, application-code: 33ms)
2026-09-29T03:24:48.977Z [worker] run 749a8f1c-27a8-4697-8fe8-cec533aee4b4 claimed
 GET /api/runs/749a8f1c-27a8-4697-8fe8-cec533aee4b4 200 in 30ms (next.js: 3ms, application-code: 27ms)
2026-09-29T03:24:49.029Z [worker] run 749a8f1c-27a8-4697-8fe8-cec533aee4b4 done
 GET /api/flows/68e671c7-f65a-4500-8d48-5e4bdede2754/runs 200 in 39ms (next.js: 15ms, application-code: 24ms)
 POST /api/auth/sign-up/email 200 in 90ms (next.js: 15ms, application-code: 75ms)
 GET /api/test/outbox?email=e2e-6f734285%40flowline-e2e.test 200 in 6ms (next.js: 2.0ms, application-code: 4ms)
 POST /api/email 200 in 20ms (next.js: 1.8ms, application-code: 18ms)
 POST /api/auth/sign-in/email 200 in 68ms (next.js: 2ms, application-code: 66ms)
 POST /api/workspaces 201 in 21ms (next.js: 2.0ms, application-code: 19ms)
 POST /api/onboarding 200 in 26ms (next.js: 1.8ms, application-code: 24ms)
 POST /api/workspaces/9c356df7-6450-4467-b636-4befdc82ef77/connections 201 in 31ms (next.js: 14ms, application-code: 17ms)
 POST /api/workspaces/9c356df7-6450-4467-b636-4befdc82ef77/flows 201 in 28ms (next.js: 13ms, application-code: 14ms)
 PUT /api/flows/a15476e2-9e47-4659-a2ef-706822b76902 200 in 44ms (next.js: 13ms, application-code: 31ms)
 POST /api/workspaces/9c356df7-6450-4467-b636-4befdc82ef77/flows 201 in 22ms (next.js: 2ms, application-code: 20ms)
 PUT /api/flows/cc9b23c1-bf79-4880-9cc8-7e5675cc9e30 200 in 23ms (next.js: 1.9ms, application-code: 21ms)
 GET /w/e2e-a2018b/flows/a15476e2-9e47-4659-a2ef-706822b76902 200 in 103ms (next.js: 18ms, application-code: 86ms)
 GET /api/health 200 in 8ms (next.js: 3ms, application-code: 6ms)
 GET /api/flows/a15476e2-9e47-4659-a2ef-706822b76902 200 in 20ms (next.js: 2ms, application-code: 18ms)
 GET /api/flows/a15476e2-9e47-4659-a2ef-706822b76902/publish 200 in 53ms (next.js: 16ms, application-code: 36ms)
 GET /api/flows/a15476e2-9e47-4659-a2ef-706822b76902/runs 200 in 33ms (next.js: 16ms, application-code: 17ms)
2026-09-29T03:24:50.295Z [worker] run 5edd3101-c24d-4754-a4cc-1ce8c4b1f980 claimed
 POST /api/flows/a15476e2-9e47-4659-a2ef-706822b76902/runs 202 in 66ms (next.js: 3ms, application-code: 63ms)
 GET /api/flows/a15476e2-9e47-4659-a2ef-706822b76902/runs 200 in 42ms (next.js: 3ms, application-code: 38ms)
 GET /api/runs/5edd3101-c24d-4754-a4cc-1ce8c4b1f980 200 in 42ms (next.js: 20ms, application-code: 22ms)
2026-09-29T03:24:50.395Z [worker] run 5edd3101-c24d-4754-a4cc-1ce8c4b1f980 done
 GET /api/runs/5edd3101-c24d-4754-a4cc-1ce8c4b1f980 200 in 23ms (next.js: 2ms, application-code: 21ms)
 GET /api/flows/a15476e2-9e47-4659-a2ef-706822b76902/runs 200 in 38ms (next.js: 15ms, application-code: 23ms)
 GET /w/e2e-a2018b/flows 200 in 68ms (next.js: 18ms, application-code: 50ms)
 GET /api/health 200 in 9ms (next.js: 3ms, application-code: 6ms)
 GET /api/workspaces/9c356df7-6450-4467-b636-4befdc82ef77/usage 200 in 72ms (next.js: 17ms, application-code: 54ms)
 GET /api/workspaces/9c356df7-6450-4467-b636-4befdc82ef77/overview 200 in 82ms (next.js: 39ms, application-code: 43ms)
 GET /api/workspaces/9c356df7-6450-4467-b636-4befdc82ef77/flows 200 in 74ms (next.js: 36ms, application-code: 38ms)
 POST /api/flows/cc9b23c1-bf79-4880-9cc8-7e5675cc9e30/runs 202 in 88ms (next.js: 18ms, application-code: 70ms)
2026-09-29T03:24:52.073Z [worker] run 92b70be8-d938-4067-8f47-3ef20038d6da claimed
 GET /api/flows/cc9b23c1-bf79-4880-9cc8-7e5675cc9e30/runs 200 in 30ms (next.js: 2ms, application-code: 28ms)
2026-09-29T03:24:52.110Z [worker] run 92b70be8-d938-4067-8f47-3ef20038d6da done
 GET /api/flows/cc9b23c1-bf79-4880-9cc8-7e5675cc9e30/runs 200 in 22ms (next.js: 2ms, application-code: 20ms)
 GET /api/flows/a15476e2-9e47-4659-a2ef-706822b76902/runs 200 in 27ms (next.js: 2ms, application-code: 25ms)
 GET /w/e2e-a2018b/integrations 200 in 65ms (next.js: 18ms, application-code: 46ms)
 GET /api/health 200 in 8ms (next.js: 2ms, application-code: 6ms)
 GET /api/integrations/catalog?workspaceId=9c356df7-6450-4467-b636-4befdc82ef77 200 in 46ms (next.js: 3ms, application-code: 43ms)
 GET /api/workspaces/9c356df7-6450-4467-b636-4befdc82ef77/connections 200 in 39ms (next.js: 17ms, application-code: 23ms)
 GET /api/workspaces/9c356df7-6450-4467-b636-4befdc82ef77/oauth-apps/provenance?provider=google_sheets 200 in 44ms (next.js: 20ms, application-code: 24ms)
 POST /api/oauth/start 200 in 30ms (next.js: 3ms, application-code: 26ms)
 GET /api/oauth/callback?code=fake-code-7fd37366f840&state=Bo0LaD9j1UZzKVFmqCVymTtadLwpBKh1DVsUlDmOl7E 307 in 69ms (next.js: 4ms, application-code: 65ms)
 GET /w/e2e-a2018b/integrations?oauth=reconnected&connection=3303342a-c960-4c3e-9170-7b60ab2f07d5 200 in 50ms (next.js: 3ms, application-code: 47ms)
 GET /api/health 200 in 13ms (next.js: 2ms, application-code: 10ms)
 GET /api/integrations/catalog?workspaceId=9c356df7-6450-4467-b636-4befdc82ef77 200 in 40ms (next.js: 8ms, application-code: 32ms)
 GET /api/workspaces/9c356df7-6450-4467-b636-4befdc82ef77/connections 200 in 11ms (next.js: 5ms, application-code: 7ms)
 GET /w/e2e-a2018b/flows 200 in 138ms (next.js: 19ms, application-code: 119ms)
 GET /api/health 200 in 9ms (next.js: 2ms, application-code: 6ms)
 GET /api/workspaces/9c356df7-6450-4467-b636-4befdc82ef77/flows 200 in 51ms (next.js: 36ms, application-code: 15ms)
 GET /api/workspaces/9c356df7-6450-4467-b636-4befdc82ef77/usage 200 in 70ms (next.js: 35ms, application-code: 35ms)
 GET /api/workspaces/9c356df7-6450-4467-b636-4befdc82ef77/overview 200 in 86ms (next.js: 16ms, application-code: 70ms)
 GET /api/flows/a15476e2-9e47-4659-a2ef-706822b76902/runs 200 in 43ms (next.js: 18ms, application-code: 25ms)
 POST /api/auth/sign-up/email 200 in 109ms (next.js: 17ms, application-code: 92ms)
 GET /api/test/outbox?email=e2e-d87a358a%40flowline-e2e.test 200 in 9ms (next.js: 2ms, application-code: 6ms)
 POST /api/email 200 in 24ms (next.js: 2.0ms, application-code: 22ms)
 POST /api/auth/sign-in/email 200 in 73ms (next.js: 1.9ms, application-code: 71ms)
 POST /api/workspaces 201 in 34ms (next.js: 1.9ms, application-code: 32ms)
 POST /api/onboarding 200 in 20ms (next.js: 2.0ms, application-code: 18ms)
 GET /w/e2e-b6315a/integrations 200 in 69ms (next.js: 18ms, application-code: 51ms)
 GET /api/health 200 in 8ms (next.js: 2ms, application-code: 6ms)
 GET /api/workspaces/9a0dba61-d5df-4ee3-ac69-e58dca624559/connections 200 in 100ms (next.js: 37ms, application-code: 64ms)
 GET /api/integrations/catalog?workspaceId=9a0dba61-d5df-4ee3-ac69-e58dca624559 200 in 128ms (next.js: 4ms, application-code: 123ms)
 GET /w/e2e-b6315a/templates 200 in 120ms (next.js: 18ms, application-code: 102ms)
 GET /api/health 200 in 7ms (next.js: 2ms, application-code: 5ms)
 GET /api/workspaces/9a0dba61-d5df-4ee3-ac69-e58dca624559/connections 200 in 55ms (next.js: 3ms, application-code: 51ms)
 GET /api/workspaces/9a0dba61-d5df-4ee3-ac69-e58dca624559/ai 200 in 84ms (next.js: 17ms, application-code: 67ms)
 GET /w/e2e-b6315a/runs 200 in 69ms (next.js: 17ms, application-code: 52ms)
 GET /api/health 200 in 6ms (next.js: 2ms, application-code: 4ms)
 GET /api/workspaces/9a0dba61-d5df-4ee3-ac69-e58dca624559/runs?limit=25 200 in 64ms (next.js: 16ms, application-code: 48ms)
 GET /w/e2e-b6315a/settings 200 in 74ms (next.js: 18ms, application-code: 56ms)
 GET /api/health 200 in 10ms (next.js: 2ms, application-code: 7ms)
 GET /api/workspaces/9a0dba61-d5df-4ee3-ac69-e58dca624559/members 200 in 48ms (next.js: 18ms, application-code: 30ms)
 GET /api/workspaces/9a0dba61-d5df-4ee3-ac69-e58dca624559/invites 200 in 48ms (next.js: 36ms, application-code: 11ms)
 POST /api/auth/sign-up/email 200 in 120ms (next.js: 18ms, application-code: 102ms)
 GET /api/test/outbox?email=e2e-c1060251%40flowline-e2e.test 200 in 10ms (next.js: 2ms, application-code: 7ms)
 POST /api/email 200 in 25ms (next.js: 2.0ms, application-code: 23ms)
 POST /api/auth/sign-in/email 200 in 76ms (next.js: 2ms, application-code: 73ms)
 POST /api/workspaces 201 in 23ms (next.js: 2ms, application-code: 21ms)
 POST /api/onboarding 200 in 22ms (next.js: 1.8ms, application-code: 20ms)
 GET /w/e2e-be83d2/settings 200 in 47ms (next.js: 3ms, application-code: 45ms)
 GET /api/health 200 in 9ms (next.js: 3ms, application-code: 6ms)
 GET /api/workspaces/0ba85b50-e5ea-4942-a394-fe4a5fafdcf3/members 200 in 19ms (next.js: 3ms, application-code: 16ms)
 GET /api/workspaces/0ba85b50-e5ea-4942-a394-fe4a5fafdcf3/invites 200 in 19ms (next.js: 6ms, application-code: 12ms)
 POST /api/workspaces/0ba85b50-e5ea-4942-a394-fe4a5fafdcf3/invites 201 in 37ms (next.js: 3ms, application-code: 34ms)
 GET /api/workspaces/0ba85b50-e5ea-4942-a394-fe4a5fafdcf3/members 200 in 32ms (next.js: 18ms, application-code: 14ms)
 GET /api/workspaces/0ba85b50-e5ea-4942-a394-fe4a5fafdcf3/invites 200 in 32ms (next.js: 21ms, application-code: 12ms)
 POST /api/auth/sign-up/email 200 in 94ms (next.js: 15ms, application-code: 80ms)
 GET /api/test/outbox?email=viewer-a7244f81%40flowline-e2e.test 200 in 7ms (next.js: 2ms, application-code: 5ms)
 POST /api/email 200 in 20ms (next.js: 2ms, application-code: 18ms)
 POST /api/auth/sign-in/email 200 in 71ms (next.js: 2ms, application-code: 69ms)
 GET /invite/B8UnUYlCusdu8xovIinuEFwFcomBUaJsJSmfxcP0Rp0 200 in 51ms (next.js: 17ms, application-code: 34ms)
 GET /api/invites/B8UnUYlCusdu8xovIinuEFwFcomBUaJsJSmfxcP0Rp0 200 in 53ms (next.js: 20ms, application-code: 32ms)
 POST /api/invites/B8UnUYlCusdu8xovIinuEFwFcomBUaJsJSmfxcP0Rp0 200 in 29ms (next.js: 3ms, application-code: 26ms)
 GET /w/e2e-be83d2/flows 200 in 55ms (next.js: 19ms, application-code: 36ms)
 GET /api/health 200 in 9ms (next.js: 3ms, application-code: 6ms)
 GET /api/workspaces/0ba85b50-e5ea-4942-a394-fe4a5fafdcf3/flows 200 in 90ms (next.js: 52ms, application-code: 38ms)
 GET /api/workspaces/0ba85b50-e5ea-4942-a394-fe4a5fafdcf3/usage 200 in 93ms (next.js: 35ms, application-code: 58ms)
 POST /api/workspaces/0ba85b50-e5ea-4942-a394-fe4a5fafdcf3/connections 201 in 44ms (next.js: 18ms, application-code: 26ms)
 GET /api/workspaces/0ba85b50-e5ea-4942-a394-fe4a5fafdcf3/overview 200 in 113ms (next.js: 17ms, application-code: 96ms)
 POST /api/workspaces/0ba85b50-e5ea-4942-a394-fe4a5fafdcf3/flows 201 in 26ms (next.js: 3ms, application-code: 24ms)
 PUT /api/flows/3d7c5e5b-e523-4d67-8d0d-067bf2ff53a5 200 in 53ms (next.js: 16ms, application-code: 37ms)
 POST /api/flows/3d7c5e5b-e523-4d67-8d0d-067bf2ff53a5/runs 202 in 68ms (next.js: 16ms, application-code: 52ms)
2026-09-29T03:24:56.686Z [worker] run 9709e378-9247-47d7-83ed-bad8405e0d8b claimed
2026-09-29T03:24:56.726Z [worker] run 9709e378-9247-47d7-83ed-bad8405e0d8b done
 GET /api/runs/9709e378-9247-47d7-83ed-bad8405e0d8b 200 in 46ms (next.js: 18ms, application-code: 28ms)
 GET /api/runs/9709e378-9247-47d7-83ed-bad8405e0d8b 200 in 30ms (next.js: 2ms, application-code: 28ms)
 GET /w/e2e-be83d2/runs?run=9709e378-9247-47d7-83ed-bad8405e0d8b 200 in 71ms (next.js: 19ms, application-code: 53ms)
 GET /api/health 200 in 8ms (next.js: 3ms, application-code: 5ms)
 GET /api/workspaces/0ba85b50-e5ea-4942-a394-fe4a5fafdcf3/runs?limit=25 200 in 45ms (next.js: 16ms, application-code: 29ms)
 GET /api/runs/9709e378-9247-47d7-83ed-bad8405e0d8b 200 in 61ms (next.js: 20ms, application-code: 41ms)
 GET /api/workspaces/0ba85b50-e5ea-4942-a394-fe4a5fafdcf3/approvals 200 in 857ms (next.js: 839ms, application-code: 19ms)
 POST /api/approvals/b1ebd613-02cf-4051-9693-b6173cf93709/decide 403 in 25ms (next.js: 13ms, application-code: 12ms)
 GET /api/runs/9709e378-9247-47d7-83ed-bad8405e0d8b 200 in 31ms (next.js: 14ms, application-code: 17ms)
 GET /w/e2e-be83d2/settings 200 in 65ms (next.js: 17ms, application-code: 48ms)
 GET /api/health 200 in 7ms (next.js: 2ms, application-code: 5ms)
 GET /api/workspaces/0ba85b50-e5ea-4942-a394-fe4a5fafdcf3/invites 200 in 43ms (next.js: 31ms, application-code: 12ms)
 GET /api/workspaces/0ba85b50-e5ea-4942-a394-fe4a5fafdcf3/members 200 in 44ms (next.js: 16ms, application-code: 28ms)
 PATCH /api/workspaces/0ba85b50-e5ea-4942-a394-fe4a5fafdcf3/members/c0e5dad5-e47e-426e-9110-60bf9d6c0514 200 in 856ms (next.js: 830ms, application-code: 26ms)
 GET /api/workspaces/0ba85b50-e5ea-4942-a394-fe4a5fafdcf3/members 200 in 42ms (next.js: 17ms, application-code: 26ms)
 GET /api/workspaces/0ba85b50-e5ea-4942-a394-fe4a5fafdcf3/invites 200 in 43ms (next.js: 32ms, application-code: 11ms)
 GET /w/e2e-be83d2/runs?run=9709e378-9247-47d7-83ed-bad8405e0d8b 200 in 61ms (next.js: 14ms, application-code: 47ms)
 GET /api/health 200 in 8ms (next.js: 3ms, application-code: 6ms)
 GET /api/workspaces/0ba85b50-e5ea-4942-a394-fe4a5fafdcf3/runs?limit=25 200 in 48ms (next.js: 17ms, application-code: 31ms)
 GET /api/runs/9709e378-9247-47d7-83ed-bad8405e0d8b 200 in 56ms (next.js: 33ms, application-code: 23ms)
 GET /api/runs/9709e378-9247-47d7-83ed-bad8405e0d8b 200 in 28ms (next.js: 3ms, application-code: 25ms)
 POST /api/approvals/b1ebd613-02cf-4051-9693-b6173cf93709/decide 200 in 58ms (next.js: 18ms, application-code: 40ms)
2026-09-29T03:25:00.106Z [worker] run 9709e378-9247-47d7-83ed-bad8405e0d8b claimed
 GET /api/runs/9709e378-9247-47d7-83ed-bad8405e0d8b 200 in 35ms (next.js: 3ms, application-code: 32ms)
2026-09-29T03:25:00.162Z [worker] run 9709e378-9247-47d7-83ed-bad8405e0d8b done
 GET /api/runs/9709e378-9247-47d7-83ed-bad8405e0d8b 200 in 28ms (next.js: 1.9ms, application-code: 26ms)
 DELETE /api/workspaces/0ba85b50-e5ea-4942-a394-fe4a5fafdcf3/members/c0e5dad5-e47e-426e-9110-60bf9d6c0514 200 in 35ms (next.js: 16ms, application-code: 19ms)
 GET /api/workspaces/0ba85b50-e5ea-4942-a394-fe4a5fafdcf3/members 200 in 45ms (next.js: 15ms, application-code: 30ms)
 GET /api/workspaces/0ba85b50-e5ea-4942-a394-fe4a5fafdcf3/invites 200 in 46ms (next.js: 32ms, application-code: 14ms)
 GET /api/workspaces/0ba85b50-e5ea-4942-a394-fe4a5fafdcf3/flows 404 in 44ms (next.js: 18ms, application-code: 26ms)
 GET /api/workspaces/0ba85b50-e5ea-4942-a394-fe4a5fafdcf3/audit 200 in 41ms (next.js: 21ms, application-code: 20ms)
 POST /api/auth/sign-up/email 200 in 109ms (next.js: 16ms, application-code: 92ms)
 GET /api/test/outbox?email=e2e-7c3951d3%40flowline-e2e.test 200 in 8ms (next.js: 2ms, application-code: 6ms)
 POST /api/email 200 in 25ms (next.js: 2ms, application-code: 23ms)
 POST /api/auth/sign-in/email 200 in 78ms (next.js: 3ms, application-code: 75ms)
 POST /api/workspaces 201 in 33ms (next.js: 2ms, application-code: 30ms)
 POST /api/onboarding 200 in 23ms (next.js: 2ms, application-code: 21ms)
 POST /api/workspaces/6a204d08-d4ca-41a5-abbe-153a2639756e/flows 201 in 20ms (next.js: 2ms, application-code: 18ms)
 GET /w/e2e-26f0b9/settings?tab=keys 200 in 76ms (next.js: 17ms, application-code: 60ms)
 GET /api/health 200 in 8ms (next.js: 3ms, application-code: 5ms)
 GET /api/workspaces/6a204d08-d4ca-41a5-abbe-153a2639756e/api-keys 200 in 35ms (next.js: 19ms, application-code: 16ms)
 POST /api/workspaces/6a204d08-d4ca-41a5-abbe-153a2639756e/api-keys 201 in 26ms (next.js: 2ms, application-code: 24ms)
 GET /api/workspaces/6a204d08-d4ca-41a5-abbe-153a2639756e/api-keys 200 in 16ms (next.js: 2ms, application-code: 14ms)
 GET /api/v1/flows 403 in 50ms (next.js: 41ms, application-code: 9ms)
 GET /api/workspaces/6a204d08-d4ca-41a5-abbe-153a2639756e/flows 200 in 33ms (next.js: 16ms, application-code: 18ms)
 POST /api/v1/flows/fc385e9c-5086-4fe6-8cb8-d00a27f91660/runs 202 in 876ms (next.js: 839ms, application-code: 36ms)
2026-09-29T03:25:02.666Z [worker] run 8aae96ad-d92e-4098-a00f-ce9339ec8b58 claimed
2026-09-29T03:25:02.710Z [worker] run 8aae96ad-d92e-4098-a00f-ce9339ec8b58 done
 GET /w/e2e-26f0b9/settings?tab=keys 200 in 64ms (next.js: 16ms, application-code: 48ms)
 GET /api/health 200 in 7ms (next.js: 2ms, application-code: 5ms)
 GET /api/workspaces/6a204d08-d4ca-41a5-abbe-153a2639756e/api-keys 200 in 26ms (next.js: 15ms, application-code: 11ms)
 DELETE /api/workspaces/6a204d08-d4ca-41a5-abbe-153a2639756e/api-keys/35c77301-bed3-4843-9a36-13496d241c19 200 in 844ms (next.js: 812ms, application-code: 32ms)
 GET /api/workspaces/6a204d08-d4ca-41a5-abbe-153a2639756e/api-keys 200 in 38ms (next.js: 14ms, application-code: 24ms)
 GET /api/workspaces/6a204d08-d4ca-41a5-abbe-153a2639756e/flows 200 in 35ms (next.js: 15ms, application-code: 20ms)
 POST /api/v1/flows/fc385e9c-5086-4fe6-8cb8-d00a27f91660/runs 401 in 20ms (next.js: 15ms, application-code: 5ms)
 POST /api/auth/sign-up/email 200 in 99ms (next.js: 16ms, application-code: 84ms)
 GET /api/test/outbox?email=e2e-b40d6332%40flowline-e2e.test 200 in 7ms (next.js: 3ms, application-code: 5ms)
 POST /api/email 200 in 20ms (next.js: 1.8ms, application-code: 18ms)
 POST /api/auth/sign-in/email 200 in 69ms (next.js: 2.0ms, application-code: 67ms)
 POST /api/workspaces 201 in 16ms (next.js: 2ms, application-code: 14ms)
 POST /api/onboarding 200 in 24ms (next.js: 1.8ms, application-code: 22ms)
 POST /api/workspaces/402d4c4b-a75f-4698-98a1-9669795ff29e/ai/connections 201 in 57ms (next.js: 13ms, application-code: 43ms)
 PUT /api/workspaces/402d4c4b-a75f-4698-98a1-9669795ff29e/ai/default-route 200 in 33ms (next.js: 15ms, application-code: 18ms)
 PUT /api/workspaces/402d4c4b-a75f-4698-98a1-9669795ff29e/ai/policy 200 in 35ms (next.js: 17ms, application-code: 18ms)
 POST /api/workspaces/402d4c4b-a75f-4698-98a1-9669795ff29e/flows 201 in 32ms (next.js: 3ms, application-code: 30ms)
 PUT /api/flows/62be09ee-015f-44b2-b161-5c21d12bf9da 200 in 49ms (next.js: 15ms, application-code: 34ms)
 POST /api/flows/62be09ee-015f-44b2-b161-5c21d12bf9da/publish 201 in 50ms (next.js: 17ms, application-code: 33ms)
 GET /w/e2e-def5da/knowledge 200 in 76ms (next.js: 22ms, application-code: 54ms)
 GET /api/health 200 in 10ms (next.js: 3ms, application-code: 7ms)
 GET /api/workspaces/402d4c4b-a75f-4698-98a1-9669795ff29e/knowledge 200 in 42ms (next.js: 20ms, application-code: 22ms)
 POST /api/workspaces/402d4c4b-a75f-4698-98a1-9669795ff29e/knowledge 201 in 36ms (next.js: 5ms, application-code: 31ms)
2026-09-29T03:25:05.506Z [worker] knowledge source indexed
 GET /api/workspaces/402d4c4b-a75f-4698-98a1-9669795ff29e/knowledge 200 in 27ms (next.js: 3ms, application-code: 24ms)
 GET /w/e2e-def5da/agents 200 in 85ms (next.js: 25ms, application-code: 59ms)
 GET /api/health 200 in 9ms (next.js: 3ms, application-code: 6ms)
 GET /api/workspaces/402d4c4b-a75f-4698-98a1-9669795ff29e/agents 200 in 35ms (next.js: 22ms, application-code: 13ms)
 GET /w/e2e-def5da/agents/new 200 in 36ms (next.js: 21ms, application-code: 15ms)
 GET /api/workspaces/402d4c4b-a75f-4698-98a1-9669795ff29e/flows 200 in 60ms (next.js: 39ms, application-code: 21ms)
 GET /api/workspaces/402d4c4b-a75f-4698-98a1-9669795ff29e/knowledge 200 in 18ms (next.js: 4ms, application-code: 14ms)
 GET /api/workspaces/402d4c4b-a75f-4698-98a1-9669795ff29e/ai 200 in 75ms (next.js: 19ms, application-code: 57ms)
 GET /api/workspaces/402d4c4b-a75f-4698-98a1-9669795ff29e/ai/models 200 in 41ms (next.js: 21ms, application-code: 20ms)
 POST /api/workspaces/402d4c4b-a75f-4698-98a1-9669795ff29e/agents 201 in 39ms (next.js: 2ms, application-code: 36ms)
 GET /w/e2e-def5da/agents/89192f49-f033-4223-bdc6-bf3278049722 200 in 37ms (next.js: 23ms, application-code: 15ms)
 GET /api/agents/89192f49-f033-4223-bdc6-bf3278049722 200 in 37ms (next.js: 20ms, application-code: 17ms)
 GET /api/agents/89192f49-f033-4223-bdc6-bf3278049722/runs 200 in 924ms (next.js: 905ms, application-code: 18ms)
 POST /api/agents/89192f49-f033-4223-bdc6-bf3278049722/runs 202 in 851ms (next.js: 807ms, application-code: 44ms)
2026-09-29T03:25:07.262Z [worker] agent run ad4ea1f6-466c-4c94-a268-3632a4e35244 claimed
2026-09-29T03:25:07.367Z [worker] agent run ad4ea1f6-466c-4c94-a268-3632a4e35244 succeeded
 GET /api/agent-runs/ad4ea1f6-466c-4c94-a268-3632a4e35244 200 in 878ms (next.js: 851ms, application-code: 27ms)
 POST /api/agents/89192f49-f033-4223-bdc6-bf3278049722/runs 202 in 44ms (next.js: 13ms, application-code: 31ms)
2026-09-29T03:25:08.354Z [worker] agent run 6f519068-d175-443b-85d7-5253cf3bfbb0 claimed
 GET /api/agent-runs/6f519068-d175-443b-85d7-5253cf3bfbb0 200 in 44ms (next.js: 15ms, application-code: 29ms)
2026-09-29T03:25:08.409Z [worker] agent run 6f519068-d175-443b-85d7-5253cf3bfbb0 waiting for approval
 GET /api/agent-runs/6f519068-d175-443b-85d7-5253cf3bfbb0 200 in 41ms (next.js: 14ms, application-code: 27ms)
 POST /api/approvals/9c436459-7c2d-47ab-be7d-9ca1b549c4ad/decide 200 in 43ms (next.js: 14ms, application-code: 30ms)
2026-09-29T03:25:09.684Z [worker] agent run 6f519068-d175-443b-85d7-5253cf3bfbb0 claimed
 GET /api/agents/89192f49-f033-4223-bdc6-bf3278049722/runs 200 in 31ms (next.js: 19ms, application-code: 12ms)
 GET /api/agent-runs/6f519068-d175-443b-85d7-5253cf3bfbb0 200 in 35ms (next.js: 2ms, application-code: 33ms)
2026-09-29T03:25:09.741Z [worker] run ec7b6be2-5084-46ef-b98d-55446bf67d70 claimed
2026-09-29T03:25:09.778Z [worker] run ec7b6be2-5084-46ef-b98d-55446bf67d70 done
2026-09-29T03:25:10.288Z [worker] agent run 6f519068-d175-443b-85d7-5253cf3bfbb0 succeeded
 GET /api/agent-runs/6f519068-d175-443b-85d7-5253cf3bfbb0 200 in 41ms (next.js: 13ms, application-code: 28ms)
 GET /api/flows/62be09ee-015f-44b2-b161-5c21d12bf9da/runs 200 in 33ms (next.js: 14ms, application-code: 19ms)
 POST /api/auth/sign-up/email 200 in 100ms (next.js: 14ms, application-code: 86ms)
 GET /api/test/outbox?email=e2e-556ba9b4%40flowline-e2e.test 200 in 7ms (next.js: 2ms, application-code: 5ms)
 POST /api/email 200 in 20ms (next.js: 2ms, application-code: 18ms)
 POST /api/auth/sign-in/email 200 in 69ms (next.js: 2ms, application-code: 67ms)
 POST /api/workspaces 201 in 34ms (next.js: 2.0ms, application-code: 32ms)
 POST /api/onboarding 200 in 20ms (next.js: 2ms, application-code: 18ms)
 POST /api/workspaces/d888fb1f-e154-42a2-9747-d6993d88d311/ai/connections 201 in 57ms (next.js: 14ms, application-code: 43ms)
 PUT /api/workspaces/d888fb1f-e154-42a2-9747-d6993d88d311/ai/default-route 200 in 33ms (next.js: 14ms, application-code: 19ms)
 PUT /api/workspaces/d888fb1f-e154-42a2-9747-d6993d88d311/ai/policy 200 in 50ms (next.js: 17ms, application-code: 34ms)
 GET /w/e2e-8e14dd/flows 200 in 177ms (next.js: 20ms, application-code: 158ms)
 GET /api/health 200 in 9ms (next.js: 2.0ms, application-code: 7ms)
 GET /api/workspaces/d888fb1f-e154-42a2-9747-d6993d88d311/usage 200 in 58ms (next.js: 18ms, application-code: 40ms)
 GET /api/workspaces/d888fb1f-e154-42a2-9747-d6993d88d311/flows 200 in 59ms (next.js: 40ms, application-code: 19ms)
 GET /api/workspaces/d888fb1f-e154-42a2-9747-d6993d88d311/overview 200 in 87ms (next.js: 19ms, application-code: 67ms)
 POST /api/workspaces/d888fb1f-e154-42a2-9747-d6993d88d311/copilot 201 in 1050ms (next.js: 918ms, application-code: 132ms)
 POST /api/workspaces/d888fb1f-e154-42a2-9747-d6993d88d311/copilot/fed4010a-2014-4a22-9b99-b0f902c7cfb6 200 in 847ms (next.js: 823ms, application-code: 25ms)
 GET /api/workspaces/d888fb1f-e154-42a2-9747-d6993d88d311/flows 200 in 25ms (next.js: 13ms, application-code: 12ms)
 POST /api/workspaces/d888fb1f-e154-42a2-9747-d6993d88d311/copilot 201 in 108ms (next.js: 14ms, application-code: 94ms)
 POST /api/workspaces/d888fb1f-e154-42a2-9747-d6993d88d311/copilot/6c46f57b-cfd4-415c-9808-f1689769ea2d 200 in 40ms (next.js: 15ms, application-code: 25ms)
 GET /w/e2e-8e14dd/flows/58464591-b959-4022-b29e-fec0978718f8 200 in 31ms (next.js: 16ms, application-code: 15ms)
 GET /api/flows/58464591-b959-4022-b29e-fec0978718f8 200 in 30ms (next.js: 16ms, application-code: 14ms)
 GET /api/flows/58464591-b959-4022-b29e-fec0978718f8/publish 200 in 65ms (next.js: 17ms, application-code: 48ms)
 GET /api/flows/58464591-b959-4022-b29e-fec0978718f8/runs 200 in 43ms (next.js: 16ms, application-code: 26ms)
 GET /api/workspaces/d888fb1f-e154-42a2-9747-d6993d88d311/flows 200 in 25ms (next.js: 2ms, application-code: 23ms)
 GET /api/flows/58464591-b959-4022-b29e-fec0978718f8/runs 200 in 29ms (next.js: 3ms, application-code: 26ms)
 POST /api/auth/sign-up/email 200 in 105ms (next.js: 17ms, application-code: 88ms)
 GET /api/test/outbox?email=e2e-4c9de2e2%40flowline-e2e.test 200 in 8ms (next.js: 3ms, application-code: 5ms)
 POST /api/email 200 in 24ms (next.js: 2ms, application-code: 22ms)
 POST /api/auth/sign-in/email 200 in 71ms (next.js: 2ms, application-code: 69ms)
 POST /api/workspaces 201 in 20ms (next.js: 2ms, application-code: 18ms)
 POST /api/onboarding 200 in 15ms (next.js: 2ms, application-code: 13ms)
 POST /api/workspaces/8888af47-8b2c-4b52-9476-05465f14e87d/flows 201 in 30ms (next.js: 16ms, application-code: 14ms)
 POST /api/workspaces/8888af47-8b2c-4b52-9476-05465f14e87d/ai/connections 201 in 77ms (next.js: 15ms, application-code: 62ms)
 PUT /api/workspaces/8888af47-8b2c-4b52-9476-05465f14e87d/ai/default-route 200 in 42ms (next.js: 16ms, application-code: 26ms)
 PUT /api/workspaces/8888af47-8b2c-4b52-9476-05465f14e87d/ai/policy 200 in 36ms (next.js: 18ms, application-code: 18ms)
 GET /w/e2e-5f1a8a/flows/f62c9d9d-b6de-47f8-aece-b4c8aed98df1 200 in 77ms (next.js: 20ms, application-code: 57ms)
 GET /api/health 200 in 9ms (next.js: 3ms, application-code: 6ms)
 GET /api/flows/f62c9d9d-b6de-47f8-aece-b4c8aed98df1 200 in 44ms (next.js: 19ms, application-code: 25ms)
 GET /api/flows/f62c9d9d-b6de-47f8-aece-b4c8aed98df1/publish 200 in 60ms (next.js: 18ms, application-code: 42ms)
 GET /api/flows/f62c9d9d-b6de-47f8-aece-b4c8aed98df1/runs 200 in 40ms (next.js: 21ms, application-code: 18ms)
 POST /api/flows/f62c9d9d-b6de-47f8-aece-b4c8aed98df1/copilot 201 in 1032ms (next.js: 899ms, application-code: 133ms)
 POST /api/flows/f62c9d9d-b6de-47f8-aece-b4c8aed98df1/copilot 201 in 49ms (next.js: 15ms, application-code: 34ms)
 GET /api/flows/f62c9d9d-b6de-47f8-aece-b4c8aed98df1 200 in 28ms (next.js: 15ms, application-code: 13ms)
 POST /api/flows/f62c9d9d-b6de-47f8-aece-b4c8aed98df1/copilot 201 in 79ms (next.js: 3ms, application-code: 76ms)
 POST /api/flows/f62c9d9d-b6de-47f8-aece-b4c8aed98df1/copilot/b94f2f38-4113-4922-a6eb-738a2a2599b3 200 in 843ms (next.js: 821ms, application-code: 22ms)
 GET /api/flows/f62c9d9d-b6de-47f8-aece-b4c8aed98df1 200 in 24ms (next.js: 15ms, application-code: 9ms)
 POST /api/auth/sign-up/email 200 in 146ms (next.js: 16ms, application-code: 130ms)
 GET /api/test/outbox?email=e2e-2eb725af%40flowline-e2e.test 200 in 7ms (next.js: 2ms, application-code: 5ms)
 POST /api/email 200 in 19ms (next.js: 2ms, application-code: 17ms)
 POST /api/auth/sign-in/email 200 in 67ms (next.js: 1.8ms, application-code: 65ms)
 POST /api/workspaces 201 in 30ms (next.js: 1.9ms, application-code: 28ms)
 POST /api/onboarding 200 in 22ms (next.js: 2ms, application-code: 20ms)
 POST /api/workspaces/3e8102b7-bee9-4d0a-9b41-0c928872837a/flows 201 in 31ms (next.js: 15ms, application-code: 16ms)
 POST /api/workspaces/3e8102b7-bee9-4d0a-9b41-0c928872837a/ai/connections 201 in 59ms (next.js: 15ms, application-code: 45ms)
 PUT /api/workspaces/3e8102b7-bee9-4d0a-9b41-0c928872837a/ai/default-route 200 in 43ms (next.js: 16ms, application-code: 27ms)
 PUT /api/workspaces/3e8102b7-bee9-4d0a-9b41-0c928872837a/ai/policy 200 in 34ms (next.js: 15ms, application-code: 18ms)
 GET /w/e2e-842302/flows/e7499617-c6e2-40eb-89f4-6622b1b4f6dd 200 in 76ms (next.js: 18ms, application-code: 58ms)
 GET /api/health 200 in 9ms (next.js: 3ms, application-code: 6ms)
 GET /api/flows/e7499617-c6e2-40eb-89f4-6622b1b4f6dd 200 in 29ms (next.js: 15ms, application-code: 13ms)
 GET /api/flows/e7499617-c6e2-40eb-89f4-6622b1b4f6dd/publish 200 in 61ms (next.js: 19ms, application-code: 42ms)
 GET /api/flows/e7499617-c6e2-40eb-89f4-6622b1b4f6dd/runs 200 in 38ms (next.js: 20ms, application-code: 18ms)
 POST /api/flows/e7499617-c6e2-40eb-89f4-6622b1b4f6dd/copilot 201 in 125ms (next.js: 20ms, application-code: 105ms)
 POST /api/flows/e7499617-c6e2-40eb-89f4-6622b1b4f6dd/copilot/c0a9c5a7-8e5c-478c-9e35-e7da98ca78ff 200 in 43ms (next.js: 15ms, application-code: 28ms)
 GET /w/e2e-842302/flows/e7499617-c6e2-40eb-89f4-6622b1b4f6dd 200 in 68ms (next.js: 17ms, application-code: 51ms)
 GET /api/health 200 in 9ms (next.js: 3ms, application-code: 6ms)
 GET /api/flows/e7499617-c6e2-40eb-89f4-6622b1b4f6dd 200 in 20ms (next.js: 2ms, application-code: 18ms)
 GET /api/flows/e7499617-c6e2-40eb-89f4-6622b1b4f6dd/publish 200 in 23ms (next.js: 2ms, application-code: 21ms)
 GET /api/flows/e7499617-c6e2-40eb-89f4-6622b1b4f6dd/runs 200 in 16ms (next.js: 2ms, application-code: 13ms)
 GET /w/e2e-842302/flows/e7499617-c6e2-40eb-89f4-6622b1b4f6dd 200 in 53ms (next.js: 4ms, application-code: 50ms)
 GET /api/health 200 in 10ms (next.js: 4ms, application-code: 6ms)
 GET /api/flows/e7499617-c6e2-40eb-89f4-6622b1b4f6dd 200 in 35ms (next.js: 19ms, application-code: 16ms)
 GET /api/flows/e7499617-c6e2-40eb-89f4-6622b1b4f6dd/publish 200 in 25ms (next.js: 3ms, application-code: 22ms)
 GET /api/flows/e7499617-c6e2-40eb-89f4-6622b1b4f6dd/runs 200 in 18ms (next.js: 3ms, application-code: 15ms)
 POST /api/flows/e7499617-c6e2-40eb-89f4-6622b1b4f6dd/copilot 201 in 88ms (next.js: 3ms, application-code: 86ms)
 POST /api/flows/e7499617-c6e2-40eb-89f4-6622b1b4f6dd/copilot/f88031ed-6f42-4376-9756-f49dc51004d0 200 in 35ms (next.js: 3ms, application-code: 32ms)
 GET /w/e2e-842302/flows/e7499617-c6e2-40eb-89f4-6622b1b4f6dd 200 in 65ms (next.js: 17ms, application-code: 48ms)
 GET /api/health 200 in 7ms (next.js: 2ms, application-code: 5ms)
 GET /api/flows/e7499617-c6e2-40eb-89f4-6622b1b4f6dd 200 in 18ms (next.js: 3ms, application-code: 15ms)
 GET /api/flows/e7499617-c6e2-40eb-89f4-6622b1b4f6dd/publish 200 in 51ms (next.js: 18ms, application-code: 33ms)
 GET /api/flows/e7499617-c6e2-40eb-89f4-6622b1b4f6dd/runs 200 in 29ms (next.js: 15ms, application-code: 13ms)
 POST /api/auth/sign-up/email 200 in 98ms (next.js: 16ms, application-code: 83ms)
 GET /api/test/outbox?email=e2e-c2380dc6%40flowline-e2e.test 200 in 9ms (next.js: 4ms, application-code: 5ms)
 POST /api/email 200 in 20ms (next.js: 1.8ms, application-code: 18ms)
 POST /api/auth/sign-in/email 200 in 69ms (next.js: 2ms, application-code: 67ms)
 POST /api/workspaces 201 in 20ms (next.js: 1.9ms, application-code: 19ms)
 POST /api/onboarding 200 in 25ms (next.js: 2ms, application-code: 23ms)
 GET /w/e2e-57b5c4/settings?tab=plan 200 in 59ms (next.js: 15ms, application-code: 44ms)
 GET /api/health 200 in 9ms (next.js: 3ms, application-code: 6ms)
 GET /api/workspaces/6afb7d1c-d526-48a0-823c-0d1b1c386557/billing 200 in 45ms (next.js: 21ms, application-code: 24ms)
 POST /api/workspaces/6afb7d1c-d526-48a0-823c-0d1b1c386557/billing/checkout 200 in 858ms (next.js: 818ms, application-code: 40ms)
 POST /api/billing/webhook 200 in 50ms (next.js: 28ms, application-code: 23ms)
 POST /api/billing/webhook 200 in 24ms (next.js: 1.9ms, application-code: 22ms)
 GET /w/e2e-57b5c4/settings?billing=success 200 in 58ms (next.js: 15ms, application-code: 43ms)
 GET /api/health 200 in 7ms (next.js: 3ms, application-code: 4ms)
 GET /api/workspaces/6afb7d1c-d526-48a0-823c-0d1b1c386557/billing 200 in 39ms (next.js: 15ms, application-code: 25ms)
 GET /api/workspaces/6afb7d1c-d526-48a0-823c-0d1b1c386557/billing 200 in 36ms (next.js: 2ms, application-code: 33ms)
 POST /api/auth/sign-up/email 200 in 102ms (next.js: 14ms, application-code: 87ms)
 GET /api/test/outbox?email=e2e-c1c13a9a%40flowline-e2e.test 200 in 7ms (next.js: 1.9ms, application-code: 5ms)
 POST /api/email 200 in 19ms (next.js: 2ms, application-code: 17ms)
 POST /api/auth/sign-in/email 200 in 70ms (next.js: 1.8ms, application-code: 68ms)
 POST /api/workspaces 201 in 32ms (next.js: 1.9ms, application-code: 30ms)
 POST /api/onboarding 200 in 19ms (next.js: 2ms, application-code: 17ms)
 POST /api/workspaces/34aa9b73-4ac5-4603-8a44-cea71132d900/flows 201 in 31ms (next.js: 14ms, application-code: 17ms)
 GET /api/flows/70ac61c7-b232-4c7d-9630-2cb8203a4771 200 in 25ms (next.js: 14ms, application-code: 11ms)
 POST /api/flows/70ac61c7-b232-4c7d-9630-2cb8203a4771/publish 201 in 45ms (next.js: 14ms, application-code: 31ms)
 PUT /api/flows/70ac61c7-b232-4c7d-9630-2cb8203a4771 200 in 31ms (next.js: 2ms, application-code: 29ms)
 GET /w/e2e-01da9f/flows/70ac61c7-b232-4c7d-9630-2cb8203a4771 200 in 72ms (next.js: 17ms, application-code: 55ms)
 GET /api/health 200 in 7ms (next.js: 2ms, application-code: 5ms)
 GET /api/flows/70ac61c7-b232-4c7d-9630-2cb8203a4771 200 in 16ms (next.js: 2ms, application-code: 14ms)
 GET /api/flows/70ac61c7-b232-4c7d-9630-2cb8203a4771/publish 200 in 44ms (next.js: 2ms, application-code: 42ms)
 GET /api/flows/70ac61c7-b232-4c7d-9630-2cb8203a4771/runs 200 in 33ms (next.js: 17ms, application-code: 16ms)
 GET /api/flows/70ac61c7-b232-4c7d-9630-2cb8203a4771/versions 200 in 34ms (next.js: 20ms, application-code: 14ms)
 GET /api/flows/70ac61c7-b232-4c7d-9630-2cb8203a4771/publish 200 in 36ms (next.js: 3ms, application-code: 32ms)
 GET /api/flows/70ac61c7-b232-4c7d-9630-2cb8203a4771/versions/b6ff5ea2-8fbe-4b73-a8b7-4c30baf49570 200 in 861ms (next.js: 846ms, application-code: 15ms)
 POST /api/flows/70ac61c7-b232-4c7d-9630-2cb8203a4771/versions/b6ff5ea2-8fbe-4b73-a8b7-4c30baf49570/restore 200 in 886ms (next.js: 855ms, application-code: 31ms)
 GET /w/e2e-01da9f/flows/70ac61c7-b232-4c7d-9630-2cb8203a4771 200 in 67ms (next.js: 18ms, application-code: 50ms)
 GET /api/health 200 in 7ms (next.js: 2ms, application-code: 5ms)
 GET /api/flows/70ac61c7-b232-4c7d-9630-2cb8203a4771 200 in 42ms (next.js: 14ms, application-code: 28ms)
 GET /api/flows/70ac61c7-b232-4c7d-9630-2cb8203a4771/publish 200 in 61ms (next.js: 18ms, application-code: 43ms)
 GET /api/flows/70ac61c7-b232-4c7d-9630-2cb8203a4771/runs 200 in 40ms (next.js: 17ms, application-code: 23ms)
 POST /api/auth/sign-up/email 200 in 103ms (next.js: 17ms, application-code: 86ms)
 GET /api/test/outbox?email=e2e-0e7df836%40flowline-e2e.test 200 in 8ms (next.js: 3ms, application-code: 5ms)
 POST /api/email 200 in 20ms (next.js: 2ms, application-code: 18ms)
 POST /api/auth/sign-in/email 200 in 68ms (next.js: 1.9ms, application-code: 66ms)
 POST /api/workspaces 201 in 26ms (next.js: 3ms, application-code: 23ms)
 POST /api/onboarding 200 in 19ms (next.js: 1.9ms, application-code: 17ms)
 POST /api/workspaces/8f856af5-0ee5-4ece-8fec-a32c9341d8a8/flows 201 in 35ms (next.js: 15ms, application-code: 19ms)
 GET /w/e2e-81a02e/agents 200 in 61ms (next.js: 15ms, application-code: 46ms)
 GET /api/health 200 in 9ms (next.js: 3ms, application-code: 5ms)
 GET /api/workspaces/8f856af5-0ee5-4ece-8fec-a32c9341d8a8/agents 200 in 70ms (next.js: 17ms, application-code: 53ms)
 GET /w/e2e-81a02e/knowledge 200 in 74ms (next.js: 17ms, application-code: 57ms)
 GET /api/health 200 in 8ms (next.js: 2ms, application-code: 6ms)
 GET /api/workspaces/8f856af5-0ee5-4ece-8fec-a32c9341d8a8/knowledge 200 in 78ms (next.js: 17ms, application-code: 60ms)
 GET /w/e2e-81a02e/settings 200 in 79ms (next.js: 16ms, application-code: 63ms)
 GET /api/health 200 in 9ms (next.js: 2ms, application-code: 6ms)
 GET /api/workspaces/8f856af5-0ee5-4ece-8fec-a32c9341d8a8/members 200 in 68ms (next.js: 18ms, application-code: 50ms)
 GET /api/workspaces/8f856af5-0ee5-4ece-8fec-a32c9341d8a8/invites 200 in 68ms (next.js: 17ms, application-code: 51ms)
 GET /w/e2e-81a02e/flows/efa856e6-0284-4036-b94e-7fbf92731d9d 200 in 74ms (next.js: 18ms, application-code: 57ms)
 GET /api/health 200 in 9ms (next.js: 2ms, application-code: 7ms)
 GET /api/flows/efa856e6-0284-4036-b94e-7fbf92731d9d 200 in 39ms (next.js: 18ms, application-code: 20ms)
 GET /api/flows/efa856e6-0284-4036-b94e-7fbf92731d9d/publish 200 in 63ms (next.js: 21ms, application-code: 42ms)
 GET /api/flows/efa856e6-0284-4036-b94e-7fbf92731d9d/runs 200 in 39ms (next.js: 21ms, application-code: 17ms)
 POST /api/auth/sign-up/email 200 in 108ms (next.js: 16ms, application-code: 92ms)
 GET /api/test/outbox?email=e2e-3876423e%40flowline-e2e.test 200 in 8ms (next.js: 2ms, application-code: 6ms)
 POST /api/email 200 in 25ms (next.js: 3ms, application-code: 21ms)
 POST /api/auth/sign-in/email 200 in 72ms (next.js: 2ms, application-code: 69ms)
 POST /api/workspaces 201 in 35ms (next.js: 2ms, application-code: 33ms)
 POST /api/onboarding 200 in 22ms (next.js: 2ms, application-code: 19ms)
 GET /w/e2e-be260c/settings?tab=sso 200 in 74ms (next.js: 16ms, application-code: 58ms)
 GET /api/health 200 in 9ms (next.js: 2ms, application-code: 6ms)
 GET /api/workspaces/2863a55c-deb9-4509-a212-5258dd797cda/sso 200 in 36ms (next.js: 20ms, application-code: 16ms)
 PUT /api/workspaces/2863a55c-deb9-4509-a212-5258dd797cda/sso 200 in 30ms (next.js: 3ms, application-code: 28ms)
 GET /api/sso/start?workspace=e2e-be260c 307 in 54ms (next.js: 34ms, application-code: 20ms)
 GET /api/sso/callback?code=oidc-code-5e2d2106f23b&state=CqLxBbSNhYoC4JIN_GTHFxVSJJuNBWag 307 in 69ms (next.js: 32ms, application-code: 37ms)
 GET /w/e2e-be260c/flows 200 in 63ms (next.js: 17ms, application-code: 46ms)
 GET /api/health 200 in 17ms (next.js: 7ms, application-code: 9ms)
 GET /api/workspaces/2863a55c-deb9-4509-a212-5258dd797cda/usage 200 in 97ms (next.js: 34ms, application-code: 63ms)
 GET /api/workspaces/2863a55c-deb9-4509-a212-5258dd797cda/overview 200 in 100ms (next.js: 16ms, application-code: 84ms)
 GET /api/workspaces/2863a55c-deb9-4509-a212-5258dd797cda/flows 200 in 99ms (next.js: 54ms, application-code: 45ms)
 GET /w/e2e-be260c/settings?tab=sso 200 in 161ms (next.js: 20ms, application-code: 141ms)
 GET /api/health 200 in 8ms (next.js: 3ms, application-code: 6ms)
 GET /api/workspaces/2863a55c-deb9-4509-a212-5258dd797cda/sso 200 in 31ms (next.js: 3ms, application-code: 28ms)
 PUT /api/workspaces/2863a55c-deb9-4509-a212-5258dd797cda/sso 200 in 40ms (next.js: 19ms, application-code: 21ms)
 GET /sign-in 200 in 34ms (next.js: 6ms, application-code: 28ms)
 GET /api/auth-config 200 in 11ms (next.js: 4ms, application-code: 7ms)
 GET /api/sso/start?workspace=e2e-be260c 307 in 20ms (next.js: 2ms, application-code: 18ms)
 GET /api/sso/callback?code=oidc-code-f91eb420fbbb&state=Mm5j7fJWGcpjyuRlHqOun0WZ9MI2Aazz 307 in 46ms (next.js: 2ms, application-code: 44ms)
 GET /w/e2e-be260c/flows 200 in 66ms (next.js: 16ms, application-code: 50ms)
 GET /api/health 200 in 20ms (next.js: 9ms, application-code: 10ms)
 GET /api/workspaces/2863a55c-deb9-4509-a212-5258dd797cda/usage 200 in 91ms (next.js: 36ms, application-code: 56ms)
 GET /api/workspaces/2863a55c-deb9-4509-a212-5258dd797cda/flows 200 in 94ms (next.js: 52ms, application-code: 42ms)
 GET /w/e2e-be260c/settings 200 in 162ms (next.js: 17ms, application-code: 145ms)
 GET /api/workspaces/2863a55c-deb9-4509-a212-5258dd797cda/overview 200 in 104ms (next.js: 18ms, application-code: 87ms)
 GET /api/health 200 in 9ms (next.js: 4ms, application-code: 5ms)
 GET /api/workspaces/2863a55c-deb9-4509-a212-5258dd797cda/invites 200 in 50ms (next.js: 36ms, application-code: 14ms)
 GET /api/workspaces/2863a55c-deb9-4509-a212-5258dd797cda/members 200 in 51ms (next.js: 18ms, application-code: 33ms)
 POST /api/auth/sign-up/email 200 in 98ms (next.js: 16ms, application-code: 82ms)
 GET /api/test/outbox?email=victim-86f412e9%40flowline-e2e.test 200 in 8ms (next.js: 2ms, application-code: 6ms)
 POST /api/email 200 in 24ms (next.js: 3ms, application-code: 22ms)
 POST /api/auth/sign-in/email 200 in 71ms (next.js: 1.9ms, application-code: 69ms)
 GET /sign-in 200 in 32ms (next.js: 3ms, application-code: 29ms)
 GET /api/auth-config 200 in 11ms (next.js: 2ms, application-code: 8ms)
 GET /api/sso/start?workspace=e2e-be260c 307 in 20ms (next.js: 3ms, application-code: 18ms)
 GET /api/sso/callback?code=oidc-code-b2fdfcc306c8&state=XnWwpxDJptXJ0S0j6IDjbOcK_c24Vkaq 307 in 27ms (next.js: 2ms, application-code: 25ms)
 GET /sign-in?sso_error=An%20account%20with%20this%20email%20already%20exists%20%E2%80%94%20sign%20in%20with%20your%20password%20first%2C%20then%20start%20SSO%20to%20link%20it.%20SSO%20can%27t%20take%20over%20an%20existing%20account. 200 in 40ms (next.js: 3ms, application-code: 37ms)
 GET /api/auth-config 200 in 8ms (next.js: 2ms, application-code: 6ms)
 GET /api/sso/start?workspace=no-such-b6e2a0 307 in 15ms (next.js: 3ms, application-code: 13ms)
 GET /sign-in?sso_error=SSO%20isn%27t%20set%20up%20for%20that%20workspace 200 in 29ms (next.js: 2ms, application-code: 26ms)
 GET /api/auth-config 200 in 10ms (next.js: 3ms, application-code: 6ms)
 GET /api/workspaces/2863a55c-deb9-4509-a212-5258dd797cda/audit 200 in 46ms (next.js: 15ms, application-code: 31ms)
 POST /api/auth/sign-up/email 200 in 93ms (next.js: 14ms, application-code: 79ms)
 GET /api/test/outbox?email=e2e-640d8cf3%40flowline-e2e.test 200 in 7ms (next.js: 1.8ms, application-code: 5ms)
 POST /api/email 200 in 19ms (next.js: 2ms, application-code: 17ms)
 POST /api/auth/sign-in/email 200 in 70ms (next.js: 2ms, application-code: 67ms)
 POST /api/workspaces 201 in 32ms (next.js: 2.0ms, application-code: 30ms)
 POST /api/onboarding 200 in 24ms (next.js: 3ms, application-code: 21ms)
 POST /api/workspaces/56a45291-c48f-405f-aec3-449fbbc77c35/ai/connections 201 in 56ms (next.js: 16ms, application-code: 40ms)
 PUT /api/workspaces/56a45291-c48f-405f-aec3-449fbbc77c35/ai/default-route 200 in 37ms (next.js: 14ms, application-code: 23ms)
 PUT /api/workspaces/56a45291-c48f-405f-aec3-449fbbc77c35/ai/policy 200 in 39ms (next.js: 17ms, application-code: 22ms)
 POST /api/workspaces/56a45291-c48f-405f-aec3-449fbbc77c35/flows 201 in 41ms (next.js: 16ms, application-code: 25ms)
 PUT /api/flows/788db0f6-c3a6-4340-aa41-9cfc3d7e4722 200 in 50ms (next.js: 15ms, application-code: 35ms)
 POST /api/flows/788db0f6-c3a6-4340-aa41-9cfc3d7e4722/publish 201 in 48ms (next.js: 17ms, application-code: 31ms)
 POST /api/workspaces/56a45291-c48f-405f-aec3-449fbbc77c35/agents 201 in 60ms (next.js: 18ms, application-code: 41ms)
 POST /api/workspaces/56a45291-c48f-405f-aec3-449fbbc77c35/invites 201 in 59ms (next.js: 16ms, application-code: 42ms)
 POST /api/auth/sign-up/email 200 in 83ms (next.js: 3ms, application-code: 81ms)
 GET /api/test/outbox?email=vw-38bb648d%40flowline-e2e.test 200 in 7ms (next.js: 2.0ms, application-code: 5ms)
 POST /api/email 200 in 20ms (next.js: 1.9ms, application-code: 18ms)
 POST /api/auth/sign-in/email 200 in 93ms (next.js: 17ms, application-code: 76ms)
 POST /api/invites/HPViXKj4Or7z9pEji4tQghF-3mFuGqUw4_mwbThk1WM 200 in 63ms (next.js: 19ms, application-code: 44ms)
(node:49728) MaxListenersExceededWarning: Possible EventEmitter memory leak detected. 11 unpipe listeners added to [SyncWriteStream]. MaxListeners is 10. Use emitter.setMaxListeners() to increase limit
(node:49728) MaxListenersExceededWarning: Possible EventEmitter memory leak detected. 11 error listeners added to [SyncWriteStream]. MaxListeners is 10. Use emitter.setMaxListeners() to increase limit
(node:49728) MaxListenersExceededWarning: Possible EventEmitter memory leak detected. 11 close listeners added to [SyncWriteStream]. MaxListeners is 10. Use emitter.setMaxListeners() to increase limit
(node:49728) MaxListenersExceededWarning: Possible EventEmitter memory leak detected. 11 finish listeners added to [SyncWriteStream]. MaxListeners is 10. Use emitter.setMaxListeners() to increase limit
(node:49728) MaxListenersExceededWarning: Possible EventEmitter memory leak detected. 11 unpipe listeners added to [SyncWriteStream]. MaxListeners is 10. Use emitter.setMaxListeners() to increase limit
(node:49728) MaxListenersExceededWarning: Possible EventEmitter memory leak detected. 11 error listeners added to [SyncWriteStream]. MaxListeners is 10. Use emitter.setMaxListeners() to increase limit
(node:49728) MaxListenersExceededWarning: Possible EventEmitter memory leak detected. 11 close listeners added to [SyncWriteStream]. MaxListeners is 10. Use emitter.setMaxListeners() to increase limit
(node:49728) MaxListenersExceededWarning: Possible EventEmitter memory leak detected. 11 finish listeners added to [SyncWriteStream]. MaxListeners is 10. Use emitter.setMaxListeners() to increase limit
 GET /w/e2e-bd41c7/agents/1a78df64-50a2-40f6-a5c6-eb017123bccd 200 in 100ms (next.js: 22ms, application-code: 78ms)
 GET /api/health 200 in 8ms (next.js: 3ms, application-code: 5ms)
 GET /api/agents/1a78df64-50a2-40f6-a5c6-eb017123bccd 200 in 41ms (next.js: 17ms, application-code: 25ms)
 GET /api/agents/1a78df64-50a2-40f6-a5c6-eb017123bccd/runs 200 in 34ms (next.js: 18ms, application-code: 16ms)
 POST /api/agents/1a78df64-50a2-40f6-a5c6-eb017123bccd/runs 202 in 46ms (next.js: 3ms, application-code: 43ms)
2026-09-29T03:25:35.677Z [worker] agent run 31fd2964-b2ff-4bc5-8d8a-ca0d55806fb2 claimed
 GET /api/agent-runs/31fd2964-b2ff-4bc5-8d8a-ca0d55806fb2 200 in 45ms (next.js: 20ms, application-code: 25ms)
2026-09-29T03:25:35.750Z [worker] agent run 31fd2964-b2ff-4bc5-8d8a-ca0d55806fb2 waiting for approval
 GET /api/agent-runs/31fd2964-b2ff-4bc5-8d8a-ca0d55806fb2 200 in 39ms (next.js: 14ms, application-code: 25ms)
 GET /w/e2e-bd41c7/flows 200 in 69ms (next.js: 14ms, application-code: 55ms)
 GET /api/health 200 in 10ms (next.js: 4ms, application-code: 6ms)
 GET /api/workspaces/56a45291-c48f-405f-aec3-449fbbc77c35/usage 200 in 69ms (next.js: 33ms, application-code: 37ms)
 GET /api/workspaces/56a45291-c48f-405f-aec3-449fbbc77c35/flows 200 in 35ms (next.js: 19ms, application-code: 15ms)
 GET /api/workspaces/56a45291-c48f-405f-aec3-449fbbc77c35/overview 200 in 79ms (next.js: 16ms, application-code: 62ms)
 GET /w/e2e-bd41c7/agents/1a78df64-50a2-40f6-a5c6-eb017123bccd?tab=runs&run=31fd2964-b2ff-4bc5-8d8a-ca0d55806fb2 200 in 33ms (next.js: 18ms, application-code: 15ms)
 GET /api/agents/1a78df64-50a2-40f6-a5c6-eb017123bccd 200 in 33ms (next.js: 18ms, application-code: 15ms)
 GET /api/agents/1a78df64-50a2-40f6-a5c6-eb017123bccd/runs 200 in 37ms (next.js: 17ms, application-code: 20ms)
 GET /api/agent-runs/31fd2964-b2ff-4bc5-8d8a-ca0d55806fb2 200 in 42ms (next.js: 16ms, application-code: 25ms)
 GET /w/e2e-bd41c7/agents/1a78df64-50a2-40f6-a5c6-eb017123bccd 200 in 55ms (next.js: 3ms, application-code: 52ms)
 GET /api/health 200 in 7ms (next.js: 2ms, application-code: 5ms)
 GET /api/agents/1a78df64-50a2-40f6-a5c6-eb017123bccd 200 in 31ms (next.js: 3ms, application-code: 28ms)
 GET /api/agents/1a78df64-50a2-40f6-a5c6-eb017123bccd/runs 200 in 22ms (next.js: 3ms, application-code: 19ms)
 GET /api/agent-runs/31fd2964-b2ff-4bc5-8d8a-ca0d55806fb2 200 in 22ms (next.js: 3ms, application-code: 19ms)
2026-09-29T03:25:38.365Z [worker] agent run 31fd2964-b2ff-4bc5-8d8a-ca0d55806fb2 claimed
 POST /api/approvals/0895af4d-54c1-4269-a2f4-a43c08a60ed7/decide 200 in 42ms (next.js: 16ms, application-code: 26ms)
 GET /api/agents/1a78df64-50a2-40f6-a5c6-eb017123bccd/runs 200 in 46ms (next.js: 32ms, application-code: 14ms)
 GET /api/agent-runs/31fd2964-b2ff-4bc5-8d8a-ca0d55806fb2 200 in 51ms (next.js: 15ms, application-code: 36ms)
2026-09-29T03:25:38.425Z [worker] run b08dfc02-8ad3-4a71-8a3b-69a3a57d0b79 claimed
2026-09-29T03:25:38.466Z [worker] run b08dfc02-8ad3-4a71-8a3b-69a3a57d0b79 done
2026-09-29T03:25:38.972Z [worker] agent run 31fd2964-b2ff-4bc5-8d8a-ca0d55806fb2 succeeded
 GET /api/agent-runs/31fd2964-b2ff-4bc5-8d8a-ca0d55806fb2 200 in 30ms (next.js: 15ms, application-code: 15ms)
 GET /api/flows/788db0f6-c3a6-4340-aa41-9cfc3d7e4722/runs 200 in 37ms (next.js: 13ms, application-code: 24ms)
 POST /api/auth/sign-up/email 200 in 99ms (next.js: 15ms, application-code: 83ms)
 GET /api/test/outbox?email=e2e-473dc8a7%40flowline-e2e.test 200 in 8ms (next.js: 2ms, application-code: 5ms)
 POST /api/email 200 in 24ms (next.js: 2ms, application-code: 21ms)
 POST /api/auth/sign-in/email 200 in 70ms (next.js: 1.8ms, application-code: 69ms)
 POST /api/workspaces 201 in 24ms (next.js: 3ms, application-code: 21ms)
 POST /api/onboarding 200 in 24ms (next.js: 1.9ms, application-code: 22ms)
 GET /w/e2e-267457/knowledge 200 in 61ms (next.js: 15ms, application-code: 46ms)
 GET /api/health 200 in 7ms (next.js: 3ms, application-code: 5ms)
 GET /api/workspaces/73cce229-35d3-4330-8dc7-2869f5788a99/knowledge 200 in 31ms (next.js: 16ms, application-code: 15ms)
 GET /api/workspaces/2863a55c-deb9-4509-a212-5258dd797cda/overview 200 in 42ms (next.js: 14ms, application-code: 29ms)
 GET /sign-in 200 in 27ms (next.js: 2ms, application-code: 25ms)
2026-09-29T03:25:46.536Z [worker] platform notifications sent 20
 GET /api/health 200 in 8ms (next.js: 3ms, application-code: 5ms)
 GET /api/auth-config 200 in 10ms (next.js: 2ms, application-code: 7ms)
 GET /api/sso/start?workspace=no-such-workspace-xyz 307 in 10ms (next.js: 6ms, application-code: 4ms)
 GET /sign-in?sso_error=SSO%20isn%27t%20set%20up%20for%20that%20workspace 200 in 30ms (next.js: 2ms, application-code: 27ms)
 GET /sign-in 200 in 28ms (next.js: 2ms, application-code: 25ms)
 GET /api/auth-config 200 in 24ms (next.js: 2ms, application-code: 22ms)
[auth] User not found
 POST /api/auth/sign-in/email 401 in 82ms (next.js: 15ms, application-code: 67ms)
 GET /api/workspaces/2863a55c-deb9-4509-a212-5258dd797cda/overview 200 in 32ms (next.js: 14ms, application-code: 18ms)
 POST /api/auth/sign-up/email 200 in 94ms (next.js: 13ms, application-code: 80ms)
 GET /api/test/outbox?email=e2e-4a053246%40flowline-e2e.test 200 in 7ms (next.js: 1.8ms, application-code: 5ms)
 POST /api/email 200 in 19ms (next.js: 2ms, application-code: 17ms)
 POST /api/auth/sign-in/email 200 in 68ms (next.js: 2ms, application-code: 65ms)
 POST /api/workspaces 201 in 23ms (next.js: 3ms, application-code: 21ms)
 POST /api/onboarding 200 in 23ms (next.js: 1.9ms, application-code: 21ms)
 POST /api/workspaces/c206f237-7d8f-4e74-af02-d01e07aa762e/flows 201 in 29ms (next.js: 14ms, application-code: 15ms)
 GET /w/e2e-6e914c/flows 200 in 64ms (next.js: 15ms, application-code: 48ms)
 GET /api/health 200 in 7ms (next.js: 3ms, application-code: 5ms)
 GET /api/workspaces/c206f237-7d8f-4e74-af02-d01e07aa762e/usage 200 in 39ms (next.js: 20ms, application-code: 18ms)
 GET /api/workspaces/c206f237-7d8f-4e74-af02-d01e07aa762e/flows 200 in 35ms (next.js: 21ms, application-code: 14ms)
 GET /api/workspaces/c206f237-7d8f-4e74-af02-d01e07aa762e/overview 200 in 47ms (next.js: 2ms, application-code: 44ms)
 POST /api/auth/sign-up/email 200 in 88ms (next.js: 2ms, application-code: 85ms)
 GET /api/test/outbox?email=e2e-d6472b47%40flowline-e2e.test 200 in 7ms (next.js: 1.9ms, application-code: 5ms)
 POST /api/email 200 in 23ms (next.js: 2ms, application-code: 21ms)
 POST /api/auth/sign-in/email 200 in 87ms (next.js: 17ms, application-code: 70ms)
 POST /api/workspaces 201 in 21ms (next.js: 2ms, application-code: 19ms)
 POST /api/onboarding 200 in 22ms (next.js: 2ms, application-code: 19ms)
 POST /api/workspaces/d8ce2d5b-1d3f-4629-8987-e816993ed892/flows 201 in 31ms (next.js: 2ms, application-code: 29ms)
 GET /w/e2e-ca506f/flows 200 in 71ms (next.js: 17ms, application-code: 55ms)
 GET /api/health 200 in 9ms (next.js: 3ms, application-code: 7ms)
 GET /api/workspaces/d8ce2d5b-1d3f-4629-8987-e816993ed892/overview 200 in 52ms (next.js: 17ms, application-code: 35ms)
 GET /api/workspaces/d8ce2d5b-1d3f-4629-8987-e816993ed892/usage 200 in 52ms (next.js: 23ms, application-code: 28ms)
 GET /api/workspaces/d8ce2d5b-1d3f-4629-8987-e816993ed892/flows 200 in 31ms (next.js: 21ms, application-code: 10ms)
 POST /api/auth/sign-up/email 200 in 87ms (next.js: 2ms, application-code: 85ms)
 GET /api/test/outbox?email=e2e-4aff62ed%40flowline-e2e.test 200 in 7ms (next.js: 1.8ms, application-code: 5ms)
 POST /api/email 200 in 21ms (next.js: 2.0ms, application-code: 19ms)
 POST /api/auth/sign-in/email 200 in 70ms (next.js: 1.8ms, application-code: 68ms)
 POST /api/workspaces 201 in 21ms (next.js: 2ms, application-code: 19ms)
 POST /api/onboarding 200 in 24ms (next.js: 2ms, application-code: 22ms)
 POST /api/workspaces/c9616766-b686-4bc5-a788-350919af529f/flows 201 in 15ms (next.js: 1.9ms, application-code: 13ms)
 GET /w/e2e-9e23d8/flows 200 in 59ms (next.js: 14ms, application-code: 45ms)
 GET /api/health 200 in 8ms (next.js: 2ms, application-code: 6ms)
 GET /api/workspaces/c9616766-b686-4bc5-a788-350919af529f/flows 200 in 16ms (next.js: 3ms, application-code: 13ms)
 GET /api/workspaces/c9616766-b686-4bc5-a788-350919af529f/usage 200 in 42ms (next.js: 22ms, application-code: 19ms)
 GET /api/workspaces/c9616766-b686-4bc5-a788-350919af529f/overview 200 in 50ms (next.js: 3ms, application-code: 47ms)
 POST /api/auth/sign-up/email 200 in 95ms (next.js: 16ms, application-code: 80ms)
 GET /api/test/outbox?email=e2e-9d1f0905%40flowline-e2e.test 200 in 7ms (next.js: 2ms, application-code: 5ms)
 POST /api/email 200 in 19ms (next.js: 1.9ms, application-code: 17ms)
 POST /api/auth/sign-in/email 200 in 69ms (next.js: 2ms, application-code: 67ms)
 POST /api/workspaces 201 in 20ms (next.js: 2ms, application-code: 18ms)
 POST /api/onboarding 200 in 22ms (next.js: 1.9ms, application-code: 20ms)
 POST /api/workspaces/eb9c21e9-00f8-4638-b109-59128225f4c2/flows 201 in 27ms (next.js: 14ms, application-code: 13ms)
 GET /w/e2e-248182/flows 200 in 66ms (next.js: 16ms, application-code: 50ms)
 GET /api/health 200 in 9ms (next.js: 3ms, application-code: 6ms)
 GET /api/workspaces/eb9c21e9-00f8-4638-b109-59128225f4c2/usage 200 in 19ms (next.js: 3ms, application-code: 16ms)
 GET /api/workspaces/eb9c21e9-00f8-4638-b109-59128225f4c2/flows 200 in 16ms (next.js: 3ms, application-code: 13ms)
 GET /api/workspaces/eb9c21e9-00f8-4638-b109-59128225f4c2/overview 200 in 45ms (next.js: 17ms, application-code: 28ms)
 POST /api/auth/sign-up/email 200 in 88ms (next.js: 3ms, application-code: 85ms)
 GET /api/test/outbox?email=e2e-1cf3b62e%40flowline-e2e.test 200 in 7ms (next.js: 2ms, application-code: 5ms)
 POST /api/email 200 in 20ms (next.js: 1.9ms, application-code: 18ms)
 POST /api/auth/sign-in/email 200 in 83ms (next.js: 14ms, application-code: 69ms)
 POST /api/workspaces 201 in 23ms (next.js: 2.0ms, application-code: 21ms)
 POST /api/onboarding 200 in 21ms (next.js: 1.9ms, application-code: 19ms)
 POST /api/workspaces/501c454c-03df-4cd7-9514-646220796230/flows 201 in 29ms (next.js: 2ms, application-code: 27ms)
 GET /w/e2e-543fc9/flows 200 in 59ms (next.js: 16ms, application-code: 44ms)
 GET /api/health 200 in 8ms (next.js: 3ms, application-code: 5ms)
 GET /api/workspaces/501c454c-03df-4cd7-9514-646220796230/overview 200 in 52ms (next.js: 3ms, application-code: 50ms)
 GET /api/workspaces/501c454c-03df-4cd7-9514-646220796230/flows 200 in 30ms (next.js: 18ms, application-code: 13ms)
 GET /api/workspaces/501c454c-03df-4cd7-9514-646220796230/usage 200 in 54ms (next.js: 21ms, application-code: 33ms)
 POST /api/auth/sign-up/email 200 in 84ms (next.js: 2ms, application-code: 82ms)
 GET /api/test/outbox?email=e2e-1aafb169%40flowline-e2e.test 200 in 7ms (next.js: 2ms, application-code: 5ms)
 POST /api/email 200 in 21ms (next.js: 2ms, application-code: 18ms)
 POST /api/auth/sign-in/email 200 in 73ms (next.js: 1.9ms, application-code: 71ms)
 POST /api/workspaces 201 in 23ms (next.js: 2ms, application-code: 20ms)
 POST /api/onboarding 200 in 12ms (next.js: 2.0ms, application-code: 10ms)
 POST /api/workspaces/9624e118-0baa-47b1-ab5e-dc6c218260d2/flows 201 in 32ms (next.js: 2ms, application-code: 30ms)
 GET /w/e2e-466612/flows 200 in 60ms (next.js: 15ms, application-code: 45ms)
 GET /api/health 200 in 9ms (next.js: 3ms, application-code: 6ms)
 GET /api/workspaces/9624e118-0baa-47b1-ab5e-dc6c218260d2/usage 200 in 28ms (next.js: 4ms, application-code: 24ms)
 GET /api/workspaces/9624e118-0baa-47b1-ab5e-dc6c218260d2/flows 200 in 28ms (next.js: 8ms, application-code: 20ms)
 GET /api/workspaces/9624e118-0baa-47b1-ab5e-dc6c218260d2/overview 200 in 51ms (next.js: 19ms, application-code: 32ms)
 POST /api/auth/sign-up/email 200 in 99ms (next.js: 16ms, application-code: 83ms)
 GET /api/test/outbox?email=e2e-eef4cb3c%40flowline-e2e.test 200 in 8ms (next.js: 2ms, application-code: 6ms)
 POST /api/email 200 in 23ms (next.js: 3ms, application-code: 20ms)
 POST /api/auth/sign-in/email 200 in 71ms (next.js: 2ms, application-code: 69ms)
 POST /api/workspaces 201 in 23ms (next.js: 2.0ms, application-code: 21ms)
 POST /api/onboarding 200 in 24ms (next.js: 1.9ms, application-code: 22ms)
 POST /api/workspaces/0f313af9-9c3d-4497-a7e9-e05d67f51310/flows 201 in 30ms (next.js: 15ms, application-code: 15ms)
 GET /w/e2e-ec15dd/flows 200 in 59ms (next.js: 14ms, application-code: 45ms)
 GET /api/health 200 in 8ms (next.js: 3ms, application-code: 5ms)
 GET /api/workspaces/0f313af9-9c3d-4497-a7e9-e05d67f51310/usage 200 in 33ms (next.js: 21ms, application-code: 11ms)
 GET /api/workspaces/0f313af9-9c3d-4497-a7e9-e05d67f51310/flows 200 in 32ms (next.js: 25ms, application-code: 7ms)
 GET /api/workspaces/0f313af9-9c3d-4497-a7e9-e05d67f51310/overview 200 in 33ms (next.js: 3ms, application-code: 31ms)
 POST /api/auth/sign-up/email 200 in 83ms (next.js: 2ms, application-code: 81ms)
 GET /api/test/outbox?email=e2e-e15d1309%40flowline-e2e.test 200 in 7ms (next.js: 2ms, application-code: 5ms)
 POST /api/email 200 in 21ms (next.js: 1.9ms, application-code: 19ms)
 POST /api/auth/sign-in/email 200 in 87ms (next.js: 14ms, application-code: 73ms)
 POST /api/workspaces 201 in 31ms (next.js: 2ms, application-code: 28ms)
 POST /api/onboarding 200 in 23ms (next.js: 2ms, application-code: 21ms)
 POST /api/workspaces/2d4f7ce4-cfc2-4fbc-b138-e20afc33ac14/flows 201 in 28ms (next.js: 2ms, application-code: 26ms)
 GET /w/e2e-3e8bce/flows/909fc5ff-2e67-48d5-9068-f76f8d77d864 200 in 73ms (next.js: 16ms, application-code: 57ms)
 GET /api/health 200 in 7ms (next.js: 2ms, application-code: 5ms)
 GET /api/flows/909fc5ff-2e67-48d5-9068-f76f8d77d864 200 in 35ms (next.js: 15ms, application-code: 20ms)
 GET /api/flows/909fc5ff-2e67-48d5-9068-f76f8d77d864/publish 200 in 57ms (next.js: 18ms, application-code: 38ms)
 GET /api/flows/909fc5ff-2e67-48d5-9068-f76f8d77d864/runs 200 in 34ms (next.js: 17ms, application-code: 17ms)
 GET /w/e2e-3e8bce/flows/909fc5ff-2e67-48d5-9068-f76f8d77d864 200 in 56ms (next.js: 3ms, application-code: 53ms)
 GET /api/health 200 in 7ms (next.js: 2ms, application-code: 4ms)
 GET /api/flows/909fc5ff-2e67-48d5-9068-f76f8d77d864 200 in 19ms (next.js: 1.9ms, application-code: 17ms)
 GET /api/flows/909fc5ff-2e67-48d5-9068-f76f8d77d864/publish 200 in 17ms (next.js: 1.9ms, application-code: 15ms)
 GET /api/flows/909fc5ff-2e67-48d5-9068-f76f8d77d864/runs 200 in 12ms (next.js: 1.8ms, application-code: 10ms)
 GET /w/e2e-3e8bce/flows/909fc5ff-2e67-48d5-9068-f76f8d77d864 200 in 67ms (next.js: 16ms, application-code: 51ms)
 GET /api/health 200 in 8ms (next.js: 3ms, application-code: 5ms)
 GET /api/flows/909fc5ff-2e67-48d5-9068-f76f8d77d864 200 in 39ms (next.js: 15ms, application-code: 23ms)
 GET /api/flows/909fc5ff-2e67-48d5-9068-f76f8d77d864/publish 200 in 49ms (next.js: 15ms, application-code: 34ms)
 GET /api/flows/909fc5ff-2e67-48d5-9068-f76f8d77d864/runs 200 in 29ms (next.js: 16ms, application-code: 13ms)
 POST /api/auth/sign-up/email 200 in 94ms (next.js: 17ms, application-code: 77ms)
 GET /api/test/outbox?email=e2e-05f398f2%40flowline-e2e.test 200 in 7ms (next.js: 1.9ms, application-code: 5ms)
 POST /api/email 200 in 21ms (next.js: 2ms, application-code: 19ms)
 POST /api/auth/sign-in/email 200 in 69ms (next.js: 2ms, application-code: 67ms)
 POST /api/workspaces 201 in 23ms (next.js: 2ms, application-code: 21ms)
 POST /api/onboarding 200 in 25ms (next.js: 3ms, application-code: 22ms)
 POST /api/workspaces/35994133-fef4-4039-b2b5-e982519fb539/flows 201 in 44ms (next.js: 16ms, application-code: 28ms)
 GET /w/e2e-1c64e3/flows/8f9753d0-2baf-4748-ba59-bca1c09eb4c9 200 in 71ms (next.js: 18ms, application-code: 54ms)
 GET /api/health 200 in 9ms (next.js: 3ms, application-code: 6ms)
 GET /api/flows/8f9753d0-2baf-4748-ba59-bca1c09eb4c9 200 in 32ms (next.js: 18ms, application-code: 14ms)
 GET /api/flows/8f9753d0-2baf-4748-ba59-bca1c09eb4c9/publish 200 in 53ms (next.js: 17ms, application-code: 36ms)
 GET /api/flows/8f9753d0-2baf-4748-ba59-bca1c09eb4c9/runs 200 in 32ms (next.js: 17ms, application-code: 15ms)
 GET /api/flows/8f9753d0-2baf-4748-ba59-bca1c09eb4c9 200 in 15ms (next.js: 3ms, application-code: 12ms)
2026-09-29T03:26:01.497Z [worker] run e068aed2-7ccc-4c11-afdb-ee9f98fc7107 claimed
 POST /api/flows/8f9753d0-2baf-4748-ba59-bca1c09eb4c9/runs 202 in 56ms (next.js: 2ms, application-code: 54ms)
 GET /api/flows/8f9753d0-2baf-4748-ba59-bca1c09eb4c9/runs 200 in 36ms (next.js: 2ms, application-code: 34ms)
 GET /api/runs/e068aed2-7ccc-4c11-afdb-ee9f98fc7107 200 in 39ms (next.js: 18ms, application-code: 21ms)
2026-09-29T03:26:01.554Z [worker] run e068aed2-7ccc-4c11-afdb-ee9f98fc7107 done
 POST /api/auth/sign-up/email 200 in 101ms (next.js: 15ms, application-code: 86ms)
 GET /api/test/outbox?email=e2e-a10bfd19%40flowline-e2e.test 200 in 7ms (next.js: 2ms, application-code: 5ms)
 POST /api/email 200 in 19ms (next.js: 1.7ms, application-code: 18ms)
 POST /api/auth/sign-in/email 200 in 70ms (next.js: 2ms, application-code: 67ms)
 POST /api/workspaces 201 in 37ms (next.js: 2.0ms, application-code: 35ms)
 POST /api/onboarding 200 in 15ms (next.js: 1.8ms, application-code: 13ms)
 POST /api/workspaces/85aebf09-e705-4b95-9bf5-de9e05e48fa4/flows 201 in 29ms (next.js: 13ms, application-code: 16ms)
 POST /api/flows/41109f73-9f41-4cea-96bf-c331b0835b18/runs 202 in 69ms (next.js: 14ms, application-code: 54ms)
2026-09-29T03:26:02.520Z [worker] run a40c1c89-e00f-4064-8d72-3d8a632e79e3 claimed
 GET /api/runs/a40c1c89-e00f-4064-8d72-3d8a632e79e3 200 in 38ms (next.js: 16ms, application-code: 22ms)
2026-09-29T03:26:02.568Z [worker] run a40c1c89-e00f-4064-8d72-3d8a632e79e3 done
 GET /api/health 200 in 6ms (next.js: 2ms, application-code: 4ms)
 GET /api/workspaces/2863a55c-deb9-4509-a212-5258dd797cda/usage 200 in 31ms (next.js: 14ms, application-code: 16ms)
 GET /api/runs/a40c1c89-e00f-4064-8d72-3d8a632e79e3 200 in 20ms (next.js: 2ms, application-code: 18ms)
 POST /api/workspaces/85aebf09-e705-4b95-9bf5-de9e05e48fa4/flows 201 in 30ms (next.js: 2ms, application-code: 28ms)
 GET /api/flows/03e48325-5702-46d9-9caa-54add14d8519 200 in 39ms (next.js: 16ms, application-code: 23ms)
 PUT /api/flows/03e48325-5702-46d9-9caa-54add14d8519 200 in 40ms (next.js: 3ms, application-code: 37ms)
 GET /api/workspaces/2863a55c-deb9-4509-a212-5258dd797cda/overview 200 in 37ms (next.js: 15ms, application-code: 22ms)
 POST /api/flows/03e48325-5702-46d9-9caa-54add14d8519/runs 202 in 60ms (next.js: 2ms, application-code: 58ms)
2026-09-29T03:26:02.902Z [worker] run 2b126c20-daff-4abf-a8af-4966ce68cd1c claimed
 GET /api/runs/2b126c20-daff-4abf-a8af-4966ce68cd1c 200 in 34ms (next.js: 2ms, application-code: 32ms)
2026-09-29T03:26:02.952Z [worker] run 2b126c20-daff-4abf-a8af-4966ce68cd1c done
 GET /api/runs/2b126c20-daff-4abf-a8af-4966ce68cd1c 200 in 26ms (next.js: 2ms, application-code: 24ms)
 GET /w/acme-workspace-10/flows 200 in 73ms (next.js: 16ms, application-code: 58ms)
 GET /api/health 200 in 9ms (next.js: 3ms, application-code: 6ms)
 GET /api/workspaces/85aebf09-e705-4b95-9bf5-de9e05e48fa4/usage 200 in 38ms (next.js: 6ms, application-code: 33ms)
 GET /api/workspaces/85aebf09-e705-4b95-9bf5-de9e05e48fa4/flows 200 in 39ms (next.js: 23ms, application-code: 15ms)
 GET /api/workspaces/85aebf09-e705-4b95-9bf5-de9e05e48fa4/overview 200 in 50ms (next.js: 3ms, application-code: 48ms)
 GET /w/acme-workspace-10/flows/41109f73-9f41-4cea-96bf-c331b0835b18 200 in 66ms (next.js: 16ms, application-code: 50ms)
 GET /api/health 200 in 7ms (next.js: 3ms, application-code: 5ms)
 GET /api/flows/41109f73-9f41-4cea-96bf-c331b0835b18 200 in 29ms (next.js: 15ms, application-code: 14ms)
 GET /api/flows/41109f73-9f41-4cea-96bf-c331b0835b18/publish 200 in 52ms (next.js: 16ms, application-code: 36ms)
 GET /api/flows/41109f73-9f41-4cea-96bf-c331b0835b18/runs 200 in 34ms (next.js: 16ms, application-code: 18ms)
 GET /api/runs/a40c1c89-e00f-4064-8d72-3d8a632e79e3 200 in 48ms (next.js: 18ms, application-code: 30ms)
 GET /w/acme-workspace-10/runs?run=2b126c20-daff-4abf-a8af-4966ce68cd1c 200 in 71ms (next.js: 21ms, application-code: 50ms)
 GET /api/health 200 in 10ms (next.js: 4ms, application-code: 6ms)
 GET /api/workspaces/85aebf09-e705-4b95-9bf5-de9e05e48fa4/runs?limit=25 200 in 44ms (next.js: 17ms, application-code: 27ms)
 GET /api/runs/2b126c20-daff-4abf-a8af-4966ce68cd1c 200 in 55ms (next.js: 20ms, application-code: 35ms)
 GET /w/acme-workspace-10/integrations 200 in 58ms (next.js: 16ms, application-code: 42ms)
 GET /api/health 200 in 7ms (next.js: 3ms, application-code: 5ms)
 GET /api/workspaces/85aebf09-e705-4b95-9bf5-de9e05e48fa4/connections 200 in 31ms (next.js: 17ms, application-code: 14ms)
 GET /api/integrations/catalog?workspaceId=85aebf09-e705-4b95-9bf5-de9e05e48fa4 200 in 159ms (next.js: 1.9ms, application-code: 157ms)
 GET /w/acme-workspace-10/templates 200 in 66ms (next.js: 16ms, application-code: 50ms)
 GET /api/health 200 in 7ms (next.js: 2ms, application-code: 5ms)
 GET /api/workspaces/85aebf09-e705-4b95-9bf5-de9e05e48fa4/connections 200 in 29ms (next.js: 19ms, application-code: 11ms)
 GET /api/workspaces/85aebf09-e705-4b95-9bf5-de9e05e48fa4/ai 200 in 35ms (next.js: 15ms, application-code: 20ms)
 GET /w/acme-workspace-10/settings 200 in 57ms (next.js: 15ms, application-code: 42ms)
 GET /api/health 200 in 17ms (next.js: 3ms, application-code: 15ms)
 GET /api/workspaces/85aebf09-e705-4b95-9bf5-de9e05e48fa4/members 200 in 46ms (next.js: 17ms, application-code: 29ms)
 GET /api/workspaces/85aebf09-e705-4b95-9bf5-de9e05e48fa4/invites 200 in 48ms (next.js: 35ms, application-code: 13ms)
 GET /w/acme-workspace-10/flows 200 in 66ms (next.js: 18ms, application-code: 48ms)
 GET /api/health 200 in 8ms (next.js: 3ms, application-code: 5ms)
 GET /api/workspaces/85aebf09-e705-4b95-9bf5-de9e05e48fa4/usage 200 in 51ms (next.js: 15ms, application-code: 36ms)
 GET /api/workspaces/85aebf09-e705-4b95-9bf5-de9e05e48fa4/flows 200 in 35ms (next.js: 17ms, application-code: 18ms)
 GET /api/workspaces/85aebf09-e705-4b95-9bf5-de9e05e48fa4/overview 200 in 80ms (next.js: 17ms, application-code: 63ms)
 GET /w/acme-workspace-10/flows/41109f73-9f41-4cea-96bf-c331b0835b18 200 in 80ms (next.js: 22ms, application-code: 58ms)
 GET /api/health 200 in 10ms (next.js: 3ms, application-code: 6ms)
 GET /api/flows/41109f73-9f41-4cea-96bf-c331b0835b18 200 in 43ms (next.js: 20ms, application-code: 23ms)
 GET /api/flows/41109f73-9f41-4cea-96bf-c331b0835b18/publish 200 in 58ms (next.js: 19ms, application-code: 39ms)
 GET /api/flows/41109f73-9f41-4cea-96bf-c331b0835b18/runs 200 in 38ms (next.js: 21ms, application-code: 18ms)
 GET /api/runs/a40c1c89-e00f-4064-8d72-3d8a632e79e3 200 in 45ms (next.js: 20ms, application-code: 25ms)
 GET /w/acme-workspace-10/runs?run=2b126c20-daff-4abf-a8af-4966ce68cd1c 200 in 85ms (next.js: 19ms, application-code: 66ms)
 GET /api/health 200 in 10ms (next.js: 4ms, application-code: 6ms)
 GET /api/workspaces/85aebf09-e705-4b95-9bf5-de9e05e48fa4/runs?limit=25 200 in 41ms (next.js: 21ms, application-code: 20ms)
 GET /api/runs/2b126c20-daff-4abf-a8af-4966ce68cd1c 200 in 48ms (next.js: 24ms, application-code: 23ms)
 GET /w/acme-workspace-10/integrations 200 in 64ms (next.js: 16ms, application-code: 48ms)
 GET /api/health 200 in 8ms (next.js: 3ms, application-code: 5ms)
 GET /api/workspaces/85aebf09-e705-4b95-9bf5-de9e05e48fa4/connections 200 in 30ms (next.js: 16ms, application-code: 14ms)
 GET /api/integrations/catalog?workspaceId=85aebf09-e705-4b95-9bf5-de9e05e48fa4 200 in 42ms (next.js: 3ms, application-code: 40ms)
 GET /w/acme-workspace-10/templates 200 in 69ms (next.js: 15ms, application-code: 54ms)
 GET /api/health 200 in 7ms (next.js: 2ms, application-code: 5ms)
 GET /api/workspaces/85aebf09-e705-4b95-9bf5-de9e05e48fa4/connections 200 in 16ms (next.js: 3ms, application-code: 13ms)
 GET /api/workspaces/85aebf09-e705-4b95-9bf5-de9e05e48fa4/ai 200 in 37ms (next.js: 15ms, application-code: 21ms)
 GET /w/acme-workspace-10/settings 200 in 68ms (next.js: 17ms, application-code: 52ms)
 GET /api/health 200 in 7ms (next.js: 3ms, application-code: 5ms)
 GET /api/workspaces/85aebf09-e705-4b95-9bf5-de9e05e48fa4/members 200 in 44ms (next.js: 16ms, application-code: 28ms)
 GET /api/workspaces/85aebf09-e705-4b95-9bf5-de9e05e48fa4/invites 200 in 44ms (next.js: 34ms, application-code: 11ms)
 GET /w/acme-workspace-10/flows 200 in 65ms (next.js: 16ms, application-code: 49ms)
 GET /api/health 200 in 9ms (next.js: 2ms, application-code: 6ms)
 GET /api/workspaces/85aebf09-e705-4b95-9bf5-de9e05e48fa4/usage 200 in 54ms (next.js: 18ms, application-code: 35ms)
 GET /api/workspaces/85aebf09-e705-4b95-9bf5-de9e05e48fa4/flows 200 in 55ms (next.js: 37ms, application-code: 17ms)
 GET /api/workspaces/85aebf09-e705-4b95-9bf5-de9e05e48fa4/overview 200 in 86ms (next.js: 18ms, application-code: 68ms)
 GET /w/acme-workspace-10/flows/41109f73-9f41-4cea-96bf-c331b0835b18 200 in 69ms (next.js: 16ms, application-code: 53ms)
 GET /api/health 200 in 8ms (next.js: 3ms, application-code: 6ms)
 GET /api/flows/41109f73-9f41-4cea-96bf-c331b0835b18 200 in 34ms (next.js: 17ms, application-code: 17ms)
 GET /api/flows/41109f73-9f41-4cea-96bf-c331b0835b18/publish 200 in 55ms (next.js: 17ms, application-code: 38ms)
 GET /api/flows/41109f73-9f41-4cea-96bf-c331b0835b18/runs 200 in 36ms (next.js: 20ms, application-code: 15ms)
 GET /api/runs/a40c1c89-e00f-4064-8d72-3d8a632e79e3 200 in 49ms (next.js: 18ms, application-code: 31ms)
 GET /w/acme-workspace-10/runs?run=2b126c20-daff-4abf-a8af-4966ce68cd1c 200 in 65ms (next.js: 15ms, application-code: 49ms)
 GET /api/health 200 in 8ms (next.js: 3ms, application-code: 5ms)
 GET /api/workspaces/85aebf09-e705-4b95-9bf5-de9e05e48fa4/runs?limit=25 200 in 38ms (next.js: 19ms, application-code: 19ms)
 GET /api/runs/2b126c20-daff-4abf-a8af-4966ce68cd1c 200 in 44ms (next.js: 23ms, application-code: 21ms)
 GET /api/workspaces/2863a55c-deb9-4509-a212-5258dd797cda/overview 200 in 57ms (next.js: 18ms, application-code: 40ms)
 GET /w/acme-workspace-10/integrations 200 in 64ms (next.js: 18ms, application-code: 46ms)
 GET /api/health 200 in 7ms (next.js: 2ms, application-code: 5ms)
 GET /api/workspaces/85aebf09-e705-4b95-9bf5-de9e05e48fa4/connections 200 in 29ms (next.js: 16ms, application-code: 12ms)
 GET /api/integrations/catalog?workspaceId=85aebf09-e705-4b95-9bf5-de9e05e48fa4 200 in 42ms (next.js: 2ms, application-code: 40ms)
 GET /w/acme-workspace-10/templates 200 in 81ms (next.js: 15ms, application-code: 66ms)
 GET /api/health 200 in 8ms (next.js: 2ms, application-code: 6ms)
 GET /api/workspaces/85aebf09-e705-4b95-9bf5-de9e05e48fa4/connections 200 in 32ms (next.js: 19ms, application-code: 13ms)
 GET /api/workspaces/85aebf09-e705-4b95-9bf5-de9e05e48fa4/ai 200 in 36ms (next.js: 16ms, application-code: 20ms)
 GET /w/acme-workspace-10/settings 200 in 64ms (next.js: 17ms, application-code: 47ms)
 GET /api/health 200 in 8ms (next.js: 2ms, application-code: 6ms)
 GET /api/workspaces/85aebf09-e705-4b95-9bf5-de9e05e48fa4/members 200 in 42ms (next.js: 15ms, application-code: 27ms)
 GET /api/workspaces/85aebf09-e705-4b95-9bf5-de9e05e48fa4/invites 200 in 42ms (next.js: 31ms, application-code: 11ms)
 GET / 200 in 51ms (next.js: 6ms, application-code: 46ms)
 GET /sign-up 200 in 34ms (next.js: 5ms, application-code: 29ms)
 GET /api/auth-config 200 in 7ms (next.js: 2ms, application-code: 5ms)
 GET / 200 in 50ms (next.js: 3ms, application-code: 48ms)
 GET /sign-up 200 in 29ms (next.js: 2ms, application-code: 26ms)
 GET /api/auth-config 200 in 8ms (next.js: 2ms, application-code: 5ms)
 GET / 200 in 44ms (next.js: 3ms, application-code: 41ms)
 GET /sign-up 200 in 30ms (next.js: 3ms, application-code: 27ms)
 GET /api/health 200 in 10ms (next.js: 2ms, application-code: 7ms)
 GET /api/auth-config 200 in 6ms (next.js: 2ms, application-code: 4ms)
 POST /api/auth/sign-up/email 200 in 93ms (next.js: 14ms, application-code: 79ms)
 GET /api/test/outbox?email=onb-2bda1170%40flowline-e2e.test 200 in 7ms (next.js: 2ms, application-code: 5ms)
 POST /api/email 200 in 20ms (next.js: 2ms, application-code: 18ms)
 POST /api/auth/sign-in/email 200 in 69ms (next.js: 1.9ms, application-code: 68ms)
 GET /onboarding 200 in 47ms (next.js: 5ms, application-code: 42ms)
 POST /api/workspaces 201 in 35ms (next.js: 3ms, application-code: 32ms)
 GET /w/acme-workspace-10/flows/41109f73-9f41-4cea-96bf-c331b0835b18 200 in 67ms (next.js: 16ms, application-code: 51ms)
 GET /api/health 200 in 7ms (next.js: 2ms, application-code: 5ms)
 GET /api/flows/41109f73-9f41-4cea-96bf-c331b0835b18 200 in 40ms (next.js: 16ms, application-code: 24ms)
 GET /api/flows/41109f73-9f41-4cea-96bf-c331b0835b18/publish 200 in 39ms (next.js: 17ms, application-code: 23ms)
 GET /api/flows/41109f73-9f41-4cea-96bf-c331b0835b18/runs 200 in 39ms (next.js: 35ms, application-code: 4ms)
 POST /api/test/faults 200 in 13ms (next.js: 4ms, application-code: 9ms)
 GET /w/acme-workspace-10/flows/41109f73-9f41-4cea-96bf-c331b0835b18 200 in 70ms (next.js: 17ms, application-code: 53ms)
 GET /api/health 200 in 8ms (next.js: 2ms, application-code: 5ms)
 GET /api/flows/41109f73-9f41-4cea-96bf-c331b0835b18 500 in 17ms (next.js: 2ms, application-code: 15ms)
 GET /api/workspaces/2863a55c-deb9-4509-a212-5258dd797cda/overview 200 in 44ms (next.js: 14ms, application-code: 30ms)
 GET /api/flows/41109f73-9f41-4cea-96bf-c331b0835b18 500 in 24ms (next.js: 15ms, application-code: 10ms)
 GET /api/flows/41109f73-9f41-4cea-96bf-c331b0835b18 500 in 25ms (next.js: 14ms, application-code: 11ms)
 GET /api/flows/41109f73-9f41-4cea-96bf-c331b0835b18 500 in 25ms (next.js: 15ms, application-code: 10ms)
 POST /api/test/faults 200 in 19ms (next.js: 2ms, application-code: 17ms)
 GET /w/acme-workspace-10/flows/41109f73-9f41-4cea-96bf-c331b0835b18 200 in 75ms (next.js: 15ms, application-code: 60ms)
 GET /api/health 200 in 9ms (next.js: 3ms, application-code: 7ms)
 GET /api/flows/41109f73-9f41-4cea-96bf-c331b0835b18 200 in 31ms (next.js: 17ms, application-code: 15ms)
 GET /api/flows/41109f73-9f41-4cea-96bf-c331b0835b18/publish 200 in 51ms (next.js: 15ms, application-code: 35ms)
 GET /api/flows/41109f73-9f41-4cea-96bf-c331b0835b18/runs 200 in 32ms (next.js: 16ms, application-code: 16ms)
 GET /api/runs/a40c1c89-e00f-4064-8d72-3d8a632e79e3 200 in 43ms (next.js: 16ms, application-code: 27ms)
 PUT /api/flows/41109f73-9f41-4cea-96bf-c331b0835b18 200 in 26ms (next.js: 3ms, application-code: 23ms)
 POST /api/auth/sign-up/email 200 in 107ms (next.js: 17ms, application-code: 90ms)
 GET /api/test/outbox?email=e2e-aa0d68fd%40flowline-e2e.test 200 in 7ms (next.js: 2ms, application-code: 5ms)
 POST /api/email 200 in 24ms (next.js: 2ms, application-code: 22ms)
 POST /api/auth/sign-in/email 200 in 77ms (next.js: 3ms, application-code: 75ms)
 POST /api/workspaces 201 in 33ms (next.js: 3ms, application-code: 31ms)
 POST /api/onboarding 200 in 28ms (next.js: 2ms, application-code: 26ms)
 POST /api/workspaces/bf9d15a5-ada4-436e-9e07-73426f9d7bee/flows 201 in 37ms (next.js: 16ms, application-code: 22ms)
 GET /w/e2e-f05fde/flows/a096baaa-2129-4824-a66c-deb0be55758d 200 in 68ms (next.js: 16ms, application-code: 52ms)
 GET /api/health 200 in 9ms (next.js: 3ms, application-code: 6ms)
 GET /api/flows/a096baaa-2129-4824-a66c-deb0be55758d 200 in 26ms (next.js: 15ms, application-code: 10ms)
 GET /api/flows/a096baaa-2129-4824-a66c-deb0be55758d/publish 200 in 52ms (next.js: 16ms, application-code: 36ms)
 GET /api/flows/a096baaa-2129-4824-a66c-deb0be55758d/runs 200 in 32ms (next.js: 18ms, application-code: 15ms)
 GET /w/e2e-f05fde/runs?q=zzz-no-match 200 in 70ms (next.js: 16ms, application-code: 54ms)
 GET /api/health 200 in 8ms (next.js: 3ms, application-code: 5ms)
 GET /api/workspaces/bf9d15a5-ada4-436e-9e07-73426f9d7bee/runs?limit=25&q=zzz-no-match 200 in 43ms (next.js: 17ms, application-code: 26ms)
 GET /api/health 200 in 6ms (next.js: 2.0ms, application-code: 4ms)
 GET /api/workspaces/2863a55c-deb9-4509-a212-5258dd797cda/usage 200 in 34ms (next.js: 15ms, application-code: 18ms)
 GET /api/workspaces/2863a55c-deb9-4509-a212-5258dd797cda/overview 200 in 49ms (next.js: 16ms, application-code: 34ms)
 POST /api/auth/sign-up/email 200 in 103ms (next.js: 17ms, application-code: 86ms)
 GET /api/test/outbox?email=e2e-286ed9a3%40flowline-e2e.test 200 in 8ms (next.js: 2ms, application-code: 5ms)
 POST /api/email 200 in 21ms (next.js: 1.8ms, application-code: 19ms)
 POST /api/auth/sign-in/email 200 in 70ms (next.js: 2ms, application-code: 68ms)
 POST /api/workspaces 201 in 30ms (next.js: 3ms, application-code: 27ms)
 POST /api/onboarding 200 in 20ms (next.js: 3ms, application-code: 17ms)
 POST /api/workspaces/04cba2f6-3923-43fb-b15f-66ce65d1f73c/flows 201 in 30ms (next.js: 14ms, application-code: 16ms)
 GET /w/acme-workspace-11/agents 200 in 67ms (next.js: 16ms, application-code: 51ms)
 GET /api/health 200 in 7ms (next.js: 3ms, application-code: 4ms)
 GET /api/workspaces/04cba2f6-3923-43fb-b15f-66ce65d1f73c/agents 200 in 32ms (next.js: 19ms, application-code: 13ms)
 GET /w/acme-workspace-11/knowledge 200 in 66ms (next.js: 17ms, application-code: 49ms)
 GET /api/health 200 in 9ms (next.js: 3ms, application-code: 6ms)
 GET /api/workspaces/04cba2f6-3923-43fb-b15f-66ce65d1f73c/knowledge 200 in 52ms (next.js: 16ms, application-code: 36ms)
 GET /w/acme-workspace-11/agents 200 in 70ms (next.js: 16ms, application-code: 55ms)
 GET /api/health 200 in 8ms (next.js: 3ms, application-code: 6ms)
 GET /api/workspaces/04cba2f6-3923-43fb-b15f-66ce65d1f73c/agents 200 in 32ms (next.js: 16ms, application-code: 16ms)
 GET /w/acme-workspace-11/knowledge 200 in 62ms (next.js: 15ms, application-code: 47ms)
 GET /api/health 200 in 8ms (next.js: 3ms, application-code: 5ms)
 GET /api/workspaces/04cba2f6-3923-43fb-b15f-66ce65d1f73c/knowledge 200 in 39ms (next.js: 17ms, application-code: 22ms)
 GET /w/acme-workspace-11/agents 200 in 70ms (next.js: 17ms, application-code: 52ms)
 GET /api/health 200 in 8ms (next.js: 2ms, application-code: 6ms)
 GET /api/workspaces/04cba2f6-3923-43fb-b15f-66ce65d1f73c/agents 200 in 41ms (next.js: 15ms, application-code: 25ms)
 GET /w/acme-workspace-11/knowledge 200 in 74ms (next.js: 16ms, application-code: 58ms)
 GET /api/health 200 in 7ms (next.js: 2ms, application-code: 5ms)
 GET /api/workspaces/04cba2f6-3923-43fb-b15f-66ce65d1f73c/knowledge 200 in 35ms (next.js: 16ms, application-code: 19ms)
 POST /api/workspaces/04cba2f6-3923-43fb-b15f-66ce65d1f73c/ai/connections 201 in 81ms (next.js: 17ms, application-code: 64ms)
 PUT /api/workspaces/04cba2f6-3923-43fb-b15f-66ce65d1f73c/ai/default-route 200 in 42ms (next.js: 15ms, application-code: 26ms)
 PUT /api/workspaces/04cba2f6-3923-43fb-b15f-66ce65d1f73c/ai/policy 200 in 43ms (next.js: 17ms, application-code: 27ms)
 POST /api/workspaces/04cba2f6-3923-43fb-b15f-66ce65d1f73c/knowledge 201 in 32ms (next.js: 3ms, application-code: 29ms)
2026-09-29T03:26:36.918Z [worker] knowledge source indexed
 GET /api/workspaces/04cba2f6-3923-43fb-b15f-66ce65d1f73c/knowledge 200 in 14ms (next.js: 3ms, application-code: 12ms)
 GET /api/workspaces/04cba2f6-3923-43fb-b15f-66ce65d1f73c/knowledge 200 in 29ms (next.js: 2ms, application-code: 27ms)
 POST /api/workspaces/04cba2f6-3923-43fb-b15f-66ce65d1f73c/agents 201 in 53ms (next.js: 17ms, application-code: 37ms)
 POST /api/workspaces/04cba2f6-3923-43fb-b15f-66ce65d1f73c/invites 201 in 48ms (next.js: 17ms, application-code: 31ms)
 POST /api/workspaces/04cba2f6-3923-43fb-b15f-66ce65d1f73c/api-keys 201 in 33ms (next.js: 16ms, application-code: 16ms)
 GET /w/acme-workspace-11/knowledge 200 in 68ms (next.js: 18ms, application-code: 50ms)
 GET /api/health 200 in 9ms (next.js: 3ms, application-code: 6ms)
 GET /api/workspaces/04cba2f6-3923-43fb-b15f-66ce65d1f73c/knowledge 200 in 39ms (next.js: 18ms, application-code: 20ms)
 GET /w/acme-workspace-11/agents/b4ba1637-84c2-49bc-9409-89f5dac374f3 200 in 76ms (next.js: 17ms, application-code: 59ms)
 GET /api/health 200 in 8ms (next.js: 2ms, application-code: 6ms)
 GET /api/agents/b4ba1637-84c2-49bc-9409-89f5dac374f3 200 in 38ms (next.js: 17ms, application-code: 20ms)
 GET /api/agents/b4ba1637-84c2-49bc-9409-89f5dac374f3/runs 200 in 30ms (next.js: 17ms, application-code: 14ms)
 POST /api/agents/b4ba1637-84c2-49bc-9409-89f5dac374f3/runs 202 in 43ms (next.js: 2ms, application-code: 40ms)
2026-09-29T03:26:38.185Z [worker] agent run 097f5a64-89fc-4d27-b317-124c00355505 claimed
 GET /api/agent-runs/097f5a64-89fc-4d27-b317-124c00355505 200 in 36ms (next.js: 16ms, application-code: 20ms)
2026-09-29T03:26:38.292Z [worker] agent run 097f5a64-89fc-4d27-b317-124c00355505 succeeded
 GET /api/agent-runs/097f5a64-89fc-4d27-b317-124c00355505 200 in 40ms (next.js: 14ms, application-code: 25ms)
 GET /w/acme-workspace-11/settings?tab=members 200 in 65ms (next.js: 16ms, application-code: 49ms)
 GET /api/health 200 in 9ms (next.js: 2ms, application-code: 7ms)
 GET /api/workspaces/04cba2f6-3923-43fb-b15f-66ce65d1f73c/members 200 in 46ms (next.js: 16ms, application-code: 30ms)
 GET /api/workspaces/04cba2f6-3923-43fb-b15f-66ce65d1f73c/invites 200 in 46ms (next.js: 33ms, application-code: 13ms)
 GET /w/acme-workspace-11/settings?tab=keys 200 in 61ms (next.js: 16ms, application-code: 45ms)
 GET /api/health 200 in 8ms (next.js: 3ms, application-code: 5ms)
 GET /api/workspaces/04cba2f6-3923-43fb-b15f-66ce65d1f73c/api-keys 200 in 39ms (next.js: 15ms, application-code: 24ms)
 GET /w/acme-workspace-11/settings?tab=plan 200 in 68ms (next.js: 16ms, application-code: 52ms)
 GET /api/health 200 in 7ms (next.js: 2ms, application-code: 5ms)
 GET /api/workspaces/04cba2f6-3923-43fb-b15f-66ce65d1f73c/billing 200 in 40ms (next.js: 15ms, application-code: 25ms)
 GET /api/workspaces/2863a55c-deb9-4509-a212-5258dd797cda/overview 200 in 44ms (next.js: 14ms, application-code: 30ms)
 GET /w/acme-workspace-11/settings?tab=audit 200 in 57ms (next.js: 14ms, application-code: 43ms)
 GET /api/health 200 in 8ms (next.js: 2ms, application-code: 5ms)
 GET /api/workspaces/04cba2f6-3923-43fb-b15f-66ce65d1f73c/audit 200 in 40ms (next.js: 14ms, application-code: 26ms)
 GET /w/acme-workspace-11/settings?tab=sso 200 in 58ms (next.js: 15ms, application-code: 43ms)
 GET /api/health 200 in 8ms (next.js: 2ms, application-code: 5ms)
 GET /api/workspaces/04cba2f6-3923-43fb-b15f-66ce65d1f73c/sso 200 in 33ms (next.js: 16ms, application-code: 18ms)
 GET /w/acme-workspace-11/knowledge 200 in 73ms (next.js: 15ms, application-code: 58ms)
 GET /api/health 200 in 7ms (next.js: 2ms, application-code: 5ms)
 GET /api/workspaces/04cba2f6-3923-43fb-b15f-66ce65d1f73c/knowledge 200 in 42ms (next.js: 15ms, application-code: 27ms)
 GET /w/acme-workspace-11/agents/b4ba1637-84c2-49bc-9409-89f5dac374f3 200 in 62ms (next.js: 14ms, application-code: 47ms)
 GET /api/health 200 in 7ms (next.js: 2ms, application-code: 5ms)
 GET /api/agents/b4ba1637-84c2-49bc-9409-89f5dac374f3 200 in 34ms (next.js: 14ms, application-code: 20ms)
 GET /api/agents/b4ba1637-84c2-49bc-9409-89f5dac374f3/runs 200 in 46ms (next.js: 18ms, application-code: 27ms)
 POST /api/agents/b4ba1637-84c2-49bc-9409-89f5dac374f3/runs 202 in 45ms (next.js: 2ms, application-code: 43ms)
2026-09-29T03:26:46.489Z [worker] agent run e48403f7-cad1-4535-b25e-510ddcc38d98 claimed
 GET /api/agent-runs/e48403f7-cad1-4535-b25e-510ddcc38d98 200 in 46ms (next.js: 16ms, application-code: 30ms)
2026-09-29T03:26:46.555Z [worker] platform notifications sent 15
2026-09-29T03:26:46.593Z [worker] agent run e48403f7-cad1-4535-b25e-510ddcc38d98 succeeded
 GET /api/agent-runs/e48403f7-cad1-4535-b25e-510ddcc38d98 200 in 27ms (next.js: 15ms, application-code: 13ms)
 GET /api/health 200 in 7ms (next.js: 2ms, application-code: 5ms)
 GET /w/acme-workspace-11/settings?tab=members 200 in 59ms (next.js: 14ms, application-code: 44ms)
 GET /api/health 200 in 7ms (next.js: 2ms, application-code: 5ms)
 GET /api/workspaces/04cba2f6-3923-43fb-b15f-66ce65d1f73c/invites 200 in 41ms (next.js: 31ms, application-code: 10ms)
 GET /api/workspaces/04cba2f6-3923-43fb-b15f-66ce65d1f73c/members 200 in 43ms (next.js: 17ms, application-code: 26ms)
 GET /w/acme-workspace-11/settings?tab=keys 200 in 62ms (next.js: 16ms, application-code: 46ms)
 GET /api/health 200 in 7ms (next.js: 2ms, application-code: 5ms)
 GET /api/workspaces/04cba2f6-3923-43fb-b15f-66ce65d1f73c/api-keys 200 in 31ms (next.js: 15ms, application-code: 16ms)
 GET /w/acme-workspace-11/settings?tab=plan 200 in 60ms (next.js: 15ms, application-code: 45ms)
 GET /api/health 200 in 7ms (next.js: 2ms, application-code: 4ms)
 GET /api/workspaces/04cba2f6-3923-43fb-b15f-66ce65d1f73c/billing 200 in 35ms (next.js: 15ms, application-code: 20ms)
 GET /w/acme-workspace-11/settings?tab=audit 200 in 61ms (next.js: 15ms, application-code: 46ms)
 GET /api/health 200 in 7ms (next.js: 3ms, application-code: 5ms)
 GET /api/workspaces/04cba2f6-3923-43fb-b15f-66ce65d1f73c/audit 200 in 32ms (next.js: 15ms, application-code: 17ms)
 GET /w/acme-workspace-11/settings?tab=sso 200 in 60ms (next.js: 14ms, application-code: 46ms)
 GET /api/health 200 in 7ms (next.js: 2ms, application-code: 5ms)
 GET /api/workspaces/04cba2f6-3923-43fb-b15f-66ce65d1f73c/sso 200 in 32ms (next.js: 16ms, application-code: 15ms)
 GET /api/workspaces/2863a55c-deb9-4509-a212-5258dd797cda/overview 200 in 44ms (next.js: 14ms, application-code: 30ms)
 GET /w/acme-workspace-11/knowledge 200 in 76ms (next.js: 21ms, application-code: 54ms)
 GET /api/health 200 in 8ms (next.js: 2ms, application-code: 5ms)
 GET /api/workspaces/04cba2f6-3923-43fb-b15f-66ce65d1f73c/knowledge 200 in 35ms (next.js: 15ms, application-code: 20ms)
 GET /w/acme-workspace-11/agents/b4ba1637-84c2-49bc-9409-89f5dac374f3 200 in 62ms (next.js: 17ms, application-code: 45ms)
 GET /api/health 200 in 7ms (next.js: 2ms, application-code: 5ms)
 GET /api/agents/b4ba1637-84c2-49bc-9409-89f5dac374f3 200 in 42ms (next.js: 16ms, application-code: 25ms)
 GET /api/agents/b4ba1637-84c2-49bc-9409-89f5dac374f3/runs 200 in 37ms (next.js: 16ms, application-code: 21ms)
 POST /api/agents/b4ba1637-84c2-49bc-9409-89f5dac374f3/runs 202 in 45ms (next.js: 3ms, application-code: 42ms)
2026-09-29T03:26:54.802Z [worker] agent run ea1a6f44-d743-49a7-9a73-c190dad91d04 claimed
 GET /api/agent-runs/ea1a6f44-d743-49a7-9a73-c190dad91d04 200 in 40ms (next.js: 17ms, application-code: 24ms)
2026-09-29T03:26:54.913Z [worker] agent run ea1a6f44-d743-49a7-9a73-c190dad91d04 succeeded
 GET /api/agent-runs/ea1a6f44-d743-49a7-9a73-c190dad91d04 200 in 40ms (next.js: 13ms, application-code: 27ms)
 GET /w/acme-workspace-11/settings?tab=members 200 in 60ms (next.js: 14ms, application-code: 46ms)
 GET /api/health 200 in 7ms (next.js: 2ms, application-code: 5ms)
 GET /api/workspaces/04cba2f6-3923-43fb-b15f-66ce65d1f73c/invites 200 in 30ms (next.js: 14ms, application-code: 16ms)
 GET /api/workspaces/04cba2f6-3923-43fb-b15f-66ce65d1f73c/members 200 in 48ms (next.js: 14ms, application-code: 33ms)
 GET /w/acme-workspace-11/settings?tab=keys 200 in 59ms (next.js: 14ms, application-code: 44ms)
 GET /api/health 200 in 7ms (next.js: 2ms, application-code: 4ms)
 GET /api/workspaces/04cba2f6-3923-43fb-b15f-66ce65d1f73c/api-keys 200 in 39ms (next.js: 14ms, application-code: 24ms)
 GET /w/acme-workspace-11/settings?tab=plan 200 in 59ms (next.js: 13ms, application-code: 46ms)
 GET /api/health 200 in 7ms (next.js: 2ms, application-code: 5ms)
 GET /api/workspaces/04cba2f6-3923-43fb-b15f-66ce65d1f73c/billing 200 in 51ms (next.js: 16ms, application-code: 35ms)
 GET /w/acme-workspace-11/settings?tab=audit 200 in 58ms (next.js: 13ms, application-code: 45ms)
 GET /api/health 200 in 9ms (next.js: 4ms, application-code: 5ms)
 GET /api/workspaces/04cba2f6-3923-43fb-b15f-66ce65d1f73c/audit 200 in 35ms (next.js: 16ms, application-code: 19ms)
 GET /w/acme-workspace-11/settings?tab=sso 200 in 65ms (next.js: 17ms, application-code: 48ms)
 GET /api/health 200 in 7ms (next.js: 2ms, application-code: 5ms)
 GET /api/workspaces/04cba2f6-3923-43fb-b15f-66ce65d1f73c/sso 200 in 38ms (next.js: 15ms, application-code: 23ms)
 GET /w/acme-workspace-11/flows/55c3cd49-b3a9-486c-94dd-c1662e2ef635 200 in 61ms (next.js: 13ms, application-code: 48ms)
 GET /api/health 200 in 8ms (next.js: 2ms, application-code: 5ms)
 GET /api/flows/55c3cd49-b3a9-486c-94dd-c1662e2ef635 200 in 39ms (next.js: 16ms, application-code: 23ms)
 GET /api/flows/55c3cd49-b3a9-486c-94dd-c1662e2ef635/publish 200 in 51ms (next.js: 16ms, application-code: 35ms)
 GET /api/flows/55c3cd49-b3a9-486c-94dd-c1662e2ef635/runs 200 in 33ms (next.js: 16ms, application-code: 17ms)
 GET /api/health 200 in 21ms (next.js: 3ms, application-code: 18ms)
 POST /api/flows/55c3cd49-b3a9-486c-94dd-c1662e2ef635/copilot 201 in 152ms (next.js: 17ms, application-code: 134ms)
 GET /api/workspaces/2863a55c-deb9-4509-a212-5258dd797cda/usage 200 in 35ms (next.js: 15ms, application-code: 20ms)
 GET /api/workspaces/2863a55c-deb9-4509-a212-5258dd797cda/overview 200 in 37ms (next.js: 16ms, application-code: 21ms)
 POST /api/auth/sign-up/email 200 in 97ms (next.js: 15ms, application-code: 82ms)
 GET /api/test/outbox?email=e2e-875c0372%40flowline-e2e.test 200 in 7ms (next.js: 2ms, application-code: 5ms)
 POST /api/email 200 in 18ms (next.js: 1.7ms, application-code: 16ms)
 POST /api/auth/sign-in/email 200 in 74ms (next.js: 1.8ms, application-code: 72ms)
 POST /api/workspaces 201 in 36ms (next.js: 2ms, application-code: 34ms)
 POST /api/onboarding 200 in 14ms (next.js: 2ms, application-code: 12ms)
 POST /api/workspaces/1e0b227c-3161-4be3-b1fc-030126b83709/flows 201 in 41ms (next.js: 15ms, application-code: 26ms)
 POST /api/auth/sign-up/email 200 in 90ms (next.js: 2ms, application-code: 88ms)
 GET /api/test/outbox?email=e2e-4bbcebe7%40flowline-e2e.test 200 in 7ms (next.js: 1.9ms, application-code: 6ms)
 POST /api/email 200 in 20ms (next.js: 1.7ms, application-code: 19ms)
 POST /api/auth/sign-in/email 200 in 72ms (next.js: 1.9ms, application-code: 70ms)
 POST /api/workspaces 201 in 34ms (next.js: 2ms, application-code: 32ms)
 POST /api/onboarding 200 in 30ms (next.js: 3ms, application-code: 27ms)
 POST /api/workspaces/af2a31af-28c0-4f00-aaf6-20db7b09947c/flows 201 in 30ms (next.js: 4ms, application-code: 25ms)
 POST /api/flows/f94ead5e-f377-4b96-8fba-46b28e70bae0/runs 202 in 74ms (next.js: 15ms, application-code: 60ms)
2026-09-29T03:27:04.107Z [worker] run 1ccb8353-3838-40f6-a946-aa317ce78f3b claimed
 GET /api/runs/1ccb8353-3838-40f6-a946-aa317ce78f3b 200 in 48ms (next.js: 16ms, application-code: 32ms)
2026-09-29T03:27:04.155Z [worker] run 1ccb8353-3838-40f6-a946-aa317ce78f3b done
 GET /api/runs/1ccb8353-3838-40f6-a946-aa317ce78f3b 200 in 29ms (next.js: 3ms, application-code: 26ms)
 GET /w/tenant-b-9/flows 200 in 65ms (next.js: 17ms, application-code: 47ms)
 GET /api/health 200 in 9ms (next.js: 3ms, application-code: 6ms)
 GET /api/workspaces/af2a31af-28c0-4f00-aaf6-20db7b09947c/flows 200 in 51ms (next.js: 32ms, application-code: 19ms)
 GET /api/workspaces/af2a31af-28c0-4f00-aaf6-20db7b09947c/usage 200 in 54ms (next.js: 15ms, application-code: 38ms)
 GET /api/workspaces/af2a31af-28c0-4f00-aaf6-20db7b09947c/overview 200 in 82ms (next.js: 18ms, application-code: 64ms)
 GET /w/tenant-b-9/runs 200 in 89ms (next.js: 18ms, application-code: 71ms)
 GET /api/health 200 in 8ms (next.js: 3ms, application-code: 5ms)
 GET /api/workspaces/af2a31af-28c0-4f00-aaf6-20db7b09947c/runs?limit=25 200 in 30ms (next.js: 16ms, application-code: 15ms)
 GET /w/tenant-a-9/flows 404 in 69ms (next.js: 16ms, application-code: 52ms)
 GET /w/tenant-b-9/flows/f94ead5e-f377-4b96-8fba-46b28e70bae0 200 in 74ms (next.js: 21ms, application-code: 54ms)
 GET /api/health 200 in 9ms (next.js: 3ms, application-code: 6ms)
 GET /api/flows/f94ead5e-f377-4b96-8fba-46b28e70bae0 404 in 41ms (next.js: 18ms, application-code: 23ms)
 GET /api/flows/f94ead5e-f377-4b96-8fba-46b28e70bae0 404 in 15ms (next.js: 2ms, application-code: 13ms)
 GET /api/runs/1ccb8353-3838-40f6-a946-aa317ce78f3b 404 in 30ms (next.js: 17ms, application-code: 14ms)
 GET /api/workspaces/1e0b227c-3161-4be3-b1fc-030126b83709/runs 404 in 17ms (next.js: 2ms, application-code: 15ms)
 GET /api/workspaces/1e0b227c-3161-4be3-b1fc-030126b83709/flows 404 in 28ms (next.js: 18ms, application-code: 10ms)
 GET /api/flows/f94ead5e-f377-4b96-8fba-46b28e70bae0/versions 404 in 31ms (next.js: 17ms, application-code: 14ms)
 PUT /api/flows/f94ead5e-f377-4b96-8fba-46b28e70bae0 404 in 18ms (next.js: 3ms, application-code: 15ms)
 POST /api/flows/f94ead5e-f377-4b96-8fba-46b28e70bae0/runs 404 in 43ms (next.js: 19ms, application-code: 24ms)
 POST /api/runs/1ccb8353-3838-40f6-a946-aa317ce78f3b/rerun 404 in 42ms (next.js: 18ms, application-code: 24ms)
 GET /api/flows/f94ead5e-f377-4b96-8fba-46b28e70bae0 200 in 16ms (next.js: 2ms, application-code: 13ms)
 GET /api/me 401 in 13ms (next.js: 3ms, application-code: 10ms)
 GET /app 307 in 41ms (next.js: 5ms, application-code: 36ms)
 GET /sign-in 200 in 40ms (next.js: 2ms, application-code: 37ms)
 GET /api/auth-config 200 in 10ms (next.js: 2ms, application-code: 7ms)
 POST /api/auth/sign-up/email 200 in 103ms (next.js: 16ms, application-code: 87ms)
 GET /api/test/outbox?email=e2e-916952ad%40flowline-e2e.test 200 in 8ms (next.js: 3ms, application-code: 5ms)
 POST /api/email 200 in 20ms (next.js: 3ms, application-code: 17ms)
 POST /api/auth/sign-in/email 200 in 69ms (next.js: 2ms, application-code: 67ms)
 POST /api/workspaces 201 in 28ms (next.js: 3ms, application-code: 24ms)
 POST /api/onboarding 200 in 18ms (next.js: 2.0ms, application-code: 16ms)
 POST /api/workspaces/36ab1798-7229-4423-84d0-43663a58e0e6/flows 201 in 36ms (next.js: 14ms, application-code: 22ms)
 GET /w/e2e-a8e056/flows/1fbc46c6-57e5-4b0c-8ead-60bbe42ee6ed 200 in 61ms (next.js: 14ms, application-code: 47ms)
 GET /api/health 200 in 16ms (next.js: 7ms, application-code: 9ms)
 GET /w/e2e-a8e056/flows 200 in 99ms (next.js: 19ms, application-code: 79ms)
 GET /api/flows/1fbc46c6-57e5-4b0c-8ead-60bbe42ee6ed 200 in 40ms (next.js: 17ms, application-code: 23ms)
 GET /api/health 200 in 19ms (next.js: 3ms, application-code: 17ms)
 GET /api/workspaces/36ab1798-7229-4423-84d0-43663a58e0e6/flows 200 in 20ms (next.js: 4ms, application-code: 16ms)
 GET /api/workspaces/36ab1798-7229-4423-84d0-43663a58e0e6/usage 200 in 60ms (next.js: 36ms, application-code: 24ms)
 GET /api/workspaces/36ab1798-7229-4423-84d0-43663a58e0e6/overview 200 in 67ms (next.js: 17ms, application-code: 50ms)
 POST /api/auth/sign-out 200 in 45ms (next.js: 19ms, application-code: 26ms)
 GET /sign-in 200 in 34ms (next.js: 3ms, application-code: 31ms)
 GET /api/auth-config 200 in 8ms (next.js: 2ms, application-code: 6ms)
 GET /api/health?require=worker 200 in 10ms (next.js: 5ms, application-code: 5ms)
 GET /api/health?require=worker 200 in 5ms (next.js: 1.7ms, application-code: 3ms)
 POST /api/auth/sign-up/email 200 in 105ms (next.js: 19ms, application-code: 86ms)
 GET /api/test/outbox?email=e2e-aa528080%40flowline-e2e.test 200 in 8ms (next.js: 3ms, application-code: 6ms)
 POST /api/email 200 in 23ms (next.js: 4ms, application-code: 18ms)
 POST /api/auth/sign-in/email 200 in 70ms (next.js: 2ms, application-code: 68ms)
 POST /api/workspaces 201 in 22ms (next.js: 4ms, application-code: 18ms)
 POST /api/onboarding 200 in 28ms (next.js: 4ms, application-code: 24ms)
 GET /w/e2e-b33edb/settings?tab=ai 200 in 91ms (next.js: 31ms, application-code: 60ms)
 GET /api/health 200 in 7ms (next.js: 3ms, application-code: 5ms)
 GET /api/workspaces/5f6412ca-4ee5-4a4f-a09c-176ef720a441/ai 200 in 41ms (next.js: 20ms, application-code: 22ms)
 GET /api/workspaces/5f6412ca-4ee5-4a4f-a09c-176ef720a441/ai/models 200 in 42ms (next.js: 17ms, application-code: 24ms)
 POST /api/workspaces/5f6412ca-4ee5-4a4f-a09c-176ef720a441/ai/connections 201 in 85ms (next.js: 19ms, application-code: 66ms)
 GET /api/workspaces/5f6412ca-4ee5-4a4f-a09c-176ef720a441/ai 200 in 27ms (next.js: 2ms, application-code: 24ms)
 GET /api/workspaces/5f6412ca-4ee5-4a4f-a09c-176ef720a441/ai/models 200 in 27ms (next.js: 6ms, application-code: 21ms)
 PUT /api/workspaces/5f6412ca-4ee5-4a4f-a09c-176ef720a441/ai/default-route 200 in 41ms (next.js: 19ms, application-code: 23ms)
 GET /api/workspaces/5f6412ca-4ee5-4a4f-a09c-176ef720a441/ai 200 in 45ms (next.js: 17ms, application-code: 28ms)
 PATCH /api/workspaces/5f6412ca-4ee5-4a4f-a09c-176ef720a441 200 in 46ms (next.js: 19ms, application-code: 27ms)
 POST /api/workspaces/5f6412ca-4ee5-4a4f-a09c-176ef720a441/flows 201 in 40ms (next.js: 18ms, application-code: 21ms)
 PUT /api/flows/8a841630-8284-446a-9fd4-f577e592cf24 200 in 38ms (next.js: 17ms, application-code: 21ms)
 GET /w/e2e-b33edb/flows/8a841630-8284-446a-9fd4-f577e592cf24 200 in 79ms (next.js: 23ms, application-code: 56ms)
 GET /api/health 200 in 9ms (next.js: 4ms, application-code: 5ms)
 GET /api/flows/8a841630-8284-446a-9fd4-f577e592cf24 200 in 28ms (next.js: 4ms, application-code: 24ms)
 GET /api/flows/8a841630-8284-446a-9fd4-f577e592cf24/publish 200 in 73ms (next.js: 22ms, application-code: 51ms)
 GET /api/flows/8a841630-8284-446a-9fd4-f577e592cf24/runs 200 in 47ms (next.js: 26ms, application-code: 21ms)
 GET /api/workspaces/5f6412ca-4ee5-4a4f-a09c-176ef720a441/ai 200 in 43ms (next.js: 3ms, application-code: 41ms)
 GET /api/workspaces/5f6412ca-4ee5-4a4f-a09c-176ef720a441/ai/models 200 in 40ms (next.js: 19ms, application-code: 21ms)
 PUT /api/flows/8a841630-8284-446a-9fd4-f577e592cf24 200 in 38ms (next.js: 13ms, application-code: 25ms)
2026-09-29T03:27:24.650Z [worker] run b1fc23cc-5ff8-4499-b44d-1425cfb0dfbd claimed
 POST /api/flows/8a841630-8284-446a-9fd4-f577e592cf24/runs 202 in 58ms (next.js: 15ms, application-code: 43ms)
 GET /api/flows/8a841630-8284-446a-9fd4-f577e592cf24/runs 200 in 37ms (next.js: 2ms, application-code: 35ms)
 GET /api/runs/b1fc23cc-5ff8-4499-b44d-1425cfb0dfbd 200 in 46ms (next.js: 18ms, application-code: 27ms)
2026-09-29T03:27:24.728Z [worker] run b1fc23cc-5ff8-4499-b44d-1425cfb0dfbd done
 GET /w/e2e-b33edb/runs?run=b1fc23cc-5ff8-4499-b44d-1425cfb0dfbd 200 in 33ms (next.js: 21ms, application-code: 13ms)
 GET /api/workspaces/5f6412ca-4ee5-4a4f-a09c-176ef720a441/runs?limit=25 200 in 48ms (next.js: 18ms, application-code: 29ms)
 GET /api/runs/b1fc23cc-5ff8-4499-b44d-1425cfb0dfbd 200 in 33ms (next.js: 15ms, application-code: 17ms)
 GET /w/e2e-b33edb/settings?tab=ai 200 in 59ms (next.js: 15ms, application-code: 44ms)
 GET /api/health 200 in 9ms (next.js: 3ms, application-code: 6ms)
 GET /api/workspaces/5f6412ca-4ee5-4a4f-a09c-176ef720a441/ai 200 in 50ms (next.js: 16ms, application-code: 35ms)
 GET /api/workspaces/5f6412ca-4ee5-4a4f-a09c-176ef720a441/ai/models 200 in 35ms (next.js: 19ms, application-code: 16ms)
 POST /api/auth/sign-out 200 in 40ms (next.js: 18ms, application-code: 22ms)
 GET /sign-in 200 in 38ms (next.js: 6ms, application-code: 33ms)
 POST /api/auth/sign-in/email 200 in 73ms (next.js: 3ms, application-code: 70ms)
 GET /api/auth-config 200 in 14ms (next.js: 6ms, application-code: 8ms)
 GET /w/e2e-b33edb/settings?tab=ai 200 in 70ms (next.js: 18ms, application-code: 52ms)
 GET /api/health 200 in 8ms (next.js: 3ms, application-code: 5ms)
 GET /api/workspaces/5f6412ca-4ee5-4a4f-a09c-176ef720a441/ai 200 in 29ms (next.js: 4ms, application-code: 26ms)
 GET /api/workspaces/5f6412ca-4ee5-4a4f-a09c-176ef720a441/ai/models 200 in 26ms (next.js: 2ms, application-code: 23ms)
 POST /api/auth/sign-up/email 200 in 113ms (next.js: 17ms, application-code: 96ms)
 GET /api/test/outbox?email=ai-other-cdd2bc9e%40flowline-e2e.test 200 in 8ms (next.js: 2ms, application-code: 6ms)
 POST /api/email 200 in 22ms (next.js: 2ms, application-code: 20ms)
 POST /api/auth/sign-in/email 200 in 68ms (next.js: 1.9ms, application-code: 66ms)
 POST /api/workspaces 201 in 27ms (next.js: 2ms, application-code: 25ms)
 GET /api/workspaces/5f6412ca-4ee5-4a4f-a09c-176ef720a441/ai/connections 404 in 26ms (next.js: 14ms, application-code: 12ms)
 GET /api/workspaces/5f6412ca-4ee5-4a4f-a09c-176ef720a441/ai/models 404 in 27ms (next.js: 15ms, application-code: 13ms)
 GET /w/other-ai-12/settings?tab=ai 200 in 60ms (next.js: 16ms, application-code: 44ms)
 GET /api/health 200 in 13ms (next.js: 3ms, application-code: 10ms)
 GET /api/workspaces/b5f70fa9-688d-40ba-a7b8-739ea45a124f/ai 200 in 45ms (next.js: 18ms, application-code: 27ms)
 GET /api/workspaces/b5f70fa9-688d-40ba-a7b8-739ea45a124f/ai/models 200 in 21ms (next.js: 5ms, application-code: 16ms)
 POST /api/workspaces/5f6412ca-4ee5-4a4f-a09c-176ef720a441/invites 201 in 51ms (next.js: 19ms, application-code: 32ms)
 POST /api/auth/sign-up/email 200 in 112ms (next.js: 16ms, application-code: 96ms)
 GET /api/test/outbox?email=ai-editor-680fe64a%40flowline-e2e.test 200 in 9ms (next.js: 3ms, application-code: 6ms)
 POST /api/email 200 in 25ms (next.js: 2ms, application-code: 23ms)
 POST /api/auth/sign-in/email 200 in 78ms (next.js: 2ms, application-code: 76ms)
 POST /api/invites/Ln-2VE-qz_MKVOtnI1TJgyuzAF3_Q0su6nx-AtDJpdw 200 in 57ms (next.js: 19ms, application-code: 38ms)
 GET /api/workspaces/5f6412ca-4ee5-4a4f-a09c-176ef720a441/ai/models 200 in 29ms (next.js: 17ms, application-code: 12ms)
 GET /api/workspaces/5f6412ca-4ee5-4a4f-a09c-176ef720a441/ai/connections 200 in 46ms (next.js: 17ms, application-code: 28ms)
 POST /api/workspaces/5f6412ca-4ee5-4a4f-a09c-176ef720a441/ai/connections 403 in 14ms (next.js: 3ms, application-code: 10ms)
 GET /api/flows/8a841630-8284-446a-9fd4-f577e592cf24 200 in 34ms (next.js: 19ms, application-code: 16ms)
 PUT /api/flows/8a841630-8284-446a-9fd4-f577e592cf24 403 in 38ms (next.js: 2ms, application-code: 36ms)
 GET /w/e2e-b33edb/flows/8a841630-8284-446a-9fd4-f577e592cf24 200 in 75ms (next.js: 19ms, application-code: 57ms)
 GET /api/health 200 in 9ms (next.js: 3ms, application-code: 6ms)
 GET /api/flows/8a841630-8284-446a-9fd4-f577e592cf24 200 in 24ms (next.js: 3ms, application-code: 21ms)
 GET /api/flows/8a841630-8284-446a-9fd4-f577e592cf24/publish 200 in 54ms (next.js: 19ms, application-code: 35ms)
 GET /api/flows/8a841630-8284-446a-9fd4-f577e592cf24/runs 200 in 34ms (next.js: 18ms, application-code: 16ms)
 GET /api/runs/b1fc23cc-5ff8-4499-b44d-1425cfb0dfbd 200 in 69ms (next.js: 15ms, application-code: 54ms)
 GET /api/workspaces/5f6412ca-4ee5-4a4f-a09c-176ef720a441/ai 200 in 46ms (next.js: 16ms, application-code: 30ms)
 GET /api/workspaces/5f6412ca-4ee5-4a4f-a09c-176ef720a441/ai/models 200 in 38ms (next.js: 17ms, application-code: 21ms)
 GET / 200 in 50ms (next.js: 6ms, application-code: 44ms)
 GET /sign-up 200 in 27ms (next.js: 7ms, application-code: 20ms)
 GET /api/auth-config 200 in 8ms (next.js: 3ms, application-code: 5ms)
 POST /api/auth/sign-up/email 200 in 94ms (next.js: 15ms, application-code: 79ms)
 GET /api/test/outbox?email=arabic-f3c6e237%40flowline-e2e.test 200 in 7ms (next.js: 2ms, application-code: 5ms)
 GET /verify-email?token=vb7TEuAP0GVChKNDKzbA520bi7UrJ0P_PAOJXZ2c8ow&callbackURL=%2Fsign-in 200 in 24ms (next.js: 5ms, application-code: 20ms)
 POST /api/email 200 in 22ms (next.js: 2.0ms, application-code: 20ms)
 GET /sign-in 200 in 16ms (next.js: 3ms, application-code: 13ms)
 GET /api/auth-config 200 in 8ms (next.js: 2ms, application-code: 5ms)
 POST /api/auth/sign-in/email 200 in 87ms (next.js: 15ms, application-code: 72ms)
 GET /app 200 in 36ms (next.js: 7ms, application-code: 30ms)
 GET /app 200 in 30ms (next.js: 3ms, application-code: 26ms)
 GET /onboarding 200 in 33ms (next.js: 7ms, application-code: 27ms)
 GET /onboarding 200 in 28ms (next.js: 3ms, application-code: 26ms)
 POST /api/workspaces 201 in 40ms (next.js: 2ms, application-code: 38ms)
 POST /api/workspaces/90e9c3d8-0793-4c5b-b74a-91ec5b4d8ee1/flows 201 in 28ms (next.js: 16ms, application-code: 12ms)
 POST /api/onboarding 200 in 30ms (next.js: 3ms, application-code: 27ms)
 GET /w/arabic-co-11/flows/dcb4ab72-1c20-44f2-be33-d06af7565cde 200 in 50ms (next.js: 16ms, application-code: 34ms)
 GET /api/health 200 in 7ms (next.js: 3ms, application-code: 5ms)
 GET /api/flows/dcb4ab72-1c20-44f2-be33-d06af7565cde 200 in 41ms (next.js: 16ms, application-code: 25ms)
 GET /api/flows/dcb4ab72-1c20-44f2-be33-d06af7565cde/publish 200 in 51ms (next.js: 16ms, application-code: 35ms)
 GET /api/flows/dcb4ab72-1c20-44f2-be33-d06af7565cde/runs 200 in 30ms (next.js: 16ms, application-code: 14ms)
 GET /w/arabic-co-11/flows 200 in 73ms (next.js: 23ms, application-code: 50ms)
 GET /api/health 200 in 10ms (next.js: 2ms, application-code: 7ms)
 GET /api/workspaces/90e9c3d8-0793-4c5b-b74a-91ec5b4d8ee1/usage 200 in 86ms (next.js: 39ms, application-code: 47ms)
 GET /api/workspaces/90e9c3d8-0793-4c5b-b74a-91ec5b4d8ee1/flows 200 in 89ms (next.js: 18ms, application-code: 71ms)
 GET /api/workspaces/90e9c3d8-0793-4c5b-b74a-91ec5b4d8ee1/overview 200 in 106ms (next.js: 60ms, application-code: 46ms)
 GET /w/arabic-co-11/flows 200 in 39ms (next.js: 5ms, application-code: 34ms)
 GET /w/arabic-co-11/flows 200 in 52ms (next.js: 16ms, application-code: 36ms)
 POST /api/auth/sign-out 200 in 39ms (next.js: 19ms, application-code: 20ms)
 GET /sign-in 200 in 38ms (next.js: 4ms, application-code: 34ms)
 GET /sign-in 200 in 45ms (next.js: 5ms, application-code: 41ms)
 GET /api/auth-config 200 in 10ms (next.js: 3ms, application-code: 7ms)
 POST /api/auth/sign-in/email 200 in 77ms (next.js: 2ms, application-code: 74ms)
 GET /app 200 in 28ms (next.js: 3ms, application-code: 24ms)
 GET /app 200 in 34ms (next.js: 3ms, application-code: 30ms)
 GET /w/arabic-co-11/flows 200 in 57ms (next.js: 17ms, application-code: 39ms)
 GET /w/arabic-co-11/flows 200 in 35ms (next.js: 4ms, application-code: 31ms)
 GET /api/health 200 in 10ms (next.js: 4ms, application-code: 6ms)
 GET /api/workspaces/90e9c3d8-0793-4c5b-b74a-91ec5b4d8ee1/overview 200 in 69ms (next.js: 18ms, application-code: 51ms)
 GET /api/workspaces/90e9c3d8-0793-4c5b-b74a-91ec5b4d8ee1/flows 200 in 29ms (next.js: 25ms, application-code: 4ms)
 GET /api/workspaces/90e9c3d8-0793-4c5b-b74a-91ec5b4d8ee1/usage 200 in 69ms (next.js: 35ms, application-code: 34ms)
 GET /sign-in 200 in 34ms (next.js: 3ms, application-code: 31ms)
 GET /api/auth-config 200 in 10ms (next.js: 3ms, application-code: 7ms)
 GET /sign-in 200 in 23ms (next.js: 4ms, application-code: 20ms)
 GET /sign-up 200 in 32ms (next.js: 3ms, application-code: 29ms)
 GET /api/auth-config 200 in 8ms (next.js: 2.0ms, application-code: 6ms)
 GET /sign-up 200 in 19ms (next.js: 3ms, application-code: 16ms)
 GET /sign-in 200 in 31ms (next.js: 2ms, application-code: 29ms)
 GET /api/auth-config 200 in 9ms (next.js: 2.0ms, application-code: 7ms)
 POST /api/auth/sign-up/email 200 in 104ms (next.js: 15ms, application-code: 89ms)
 GET /api/test/outbox?email=arabic-rtl-73f90d0b%40flowline-e2e.test 200 in 8ms (next.js: 2ms, application-code: 6ms)
 POST /api/email 200 in 20ms (next.js: 1.8ms, application-code: 18ms)
 POST /api/auth/sign-in/email 200 in 68ms (next.js: 2ms, application-code: 66ms)
 POST /api/workspaces 201 in 41ms (next.js: 2.0ms, application-code: 39ms)
 POST /api/onboarding 200 in 13ms (next.js: 1.8ms, application-code: 11ms)
 POST /api/workspaces/6fa166e7-6c4c-4e6e-b559-669fada955f1/flows 201 in 31ms (next.js: 15ms, application-code: 16ms)
 GET / 200 in 49ms (next.js: 3ms, application-code: 46ms)
 GET /sign-in 200 in 32ms (next.js: 3ms, application-code: 29ms)
 GET /api/auth-config 200 in 8ms (next.js: 2ms, application-code: 5ms)
 GET /w/rtl-scroll-11/flows 200 in 64ms (next.js: 16ms, application-code: 48ms)
 GET /api/health 200 in 10ms (next.js: 4ms, application-code: 7ms)
 GET /api/workspaces/6fa166e7-6c4c-4e6e-b559-669fada955f1/flows 200 in 21ms (next.js: 18ms, application-code: 3ms)
 GET /api/workspaces/6fa166e7-6c4c-4e6e-b559-669fada955f1/usage 200 in 65ms (next.js: 42ms, application-code: 24ms)
 GET /api/workspaces/6fa166e7-6c4c-4e6e-b559-669fada955f1/overview 200 in 67ms (next.js: 22ms, application-code: 45ms)
 GET /w/rtl-scroll-11/flows/af46fe98-ea11-442a-b09a-42e989ac8f62 200 in 78ms (next.js: 17ms, application-code: 61ms)
 GET /api/health 200 in 7ms (next.js: 2ms, application-code: 5ms)
 GET /api/flows/af46fe98-ea11-442a-b09a-42e989ac8f62 200 in 33ms (next.js: 20ms, application-code: 13ms)
 GET /api/flows/af46fe98-ea11-442a-b09a-42e989ac8f62/publish 200 in 55ms (next.js: 17ms, application-code: 38ms)
 GET /api/flows/af46fe98-ea11-442a-b09a-42e989ac8f62/runs 200 in 34ms (next.js: 17ms, application-code: 16ms)
 GET /w/rtl-scroll-11/runs 200 in 80ms (next.js: 18ms, application-code: 62ms)
 GET /api/health 200 in 7ms (next.js: 2ms, application-code: 5ms)
 GET /api/workspaces/6fa166e7-6c4c-4e6e-b559-669fada955f1/runs?limit=25 200 in 23ms (next.js: 19ms, application-code: 4ms)
 GET /w/rtl-scroll-11/settings 200 in 72ms (next.js: 16ms, application-code: 56ms)
 GET /api/health 200 in 9ms (next.js: 4ms, application-code: 5ms)
 GET /api/workspaces/6fa166e7-6c4c-4e6e-b559-669fada955f1/members 200 in 58ms (next.js: 38ms, application-code: 19ms)
 GET /api/workspaces/6fa166e7-6c4c-4e6e-b559-669fada955f1/invites 200 in 58ms (next.js: 21ms, application-code: 38ms)
 GET / 200 in 59ms (next.js: 4ms, application-code: 55ms)
 GET /sign-in 200 in 33ms (next.js: 3ms, application-code: 30ms)
 GET /api/auth-config 200 in 9ms (next.js: 2ms, application-code: 6ms)
 GET /w/rtl-scroll-11/flows 200 in 64ms (next.js: 16ms, application-code: 48ms)
 GET /api/health 200 in 8ms (next.js: 2ms, application-code: 6ms)
 GET /api/workspaces/6fa166e7-6c4c-4e6e-b559-669fada955f1/overview 200 in 61ms (next.js: 18ms, application-code: 43ms)
 GET /api/workspaces/6fa166e7-6c4c-4e6e-b559-669fada955f1/flows 200 in 61ms (next.js: 57ms, application-code: 4ms)
 GET /api/workspaces/6fa166e7-6c4c-4e6e-b559-669fada955f1/usage 200 in 61ms (next.js: 36ms, application-code: 25ms)
 GET /w/rtl-scroll-11/flows/af46fe98-ea11-442a-b09a-42e989ac8f62 200 in 82ms (next.js: 22ms, application-code: 60ms)
 GET /api/health 200 in 8ms (next.js: 2ms, application-code: 5ms)
 GET /api/flows/af46fe98-ea11-442a-b09a-42e989ac8f62 200 in 41ms (next.js: 18ms, application-code: 23ms)
 GET /api/flows/af46fe98-ea11-442a-b09a-42e989ac8f62/runs 200 in 30ms (next.js: 16ms, application-code: 14ms)
 GET /api/flows/af46fe98-ea11-442a-b09a-42e989ac8f62/publish 200 in 52ms (next.js: 16ms, application-code: 37ms)
 GET /w/rtl-scroll-11/runs 200 in 70ms (next.js: 19ms, application-code: 51ms)
 GET /api/health 200 in 8ms (next.js: 3ms, application-code: 5ms)
 GET /api/workspaces/6fa166e7-6c4c-4e6e-b559-669fada955f1/runs?limit=25 200 in 22ms (next.js: 19ms, application-code: 3ms)
 GET /w/rtl-scroll-11/settings 200 in 80ms (next.js: 21ms, application-code: 59ms)
 GET /api/health 200 in 9ms (next.js: 4ms, application-code: 5ms)
 GET /api/workspaces/6fa166e7-6c4c-4e6e-b559-669fada955f1/members 200 in 47ms (next.js: 18ms, application-code: 29ms)
 GET /api/workspaces/6fa166e7-6c4c-4e6e-b559-669fada955f1/invites 200 in 47ms (next.js: 40ms, application-code: 8ms)
 GET / 200 in 68ms (next.js: 6ms, application-code: 61ms)
 GET /sign-in 200 in 41ms (next.js: 3ms, application-code: 38ms)
 GET /api/auth-config 200 in 10ms (next.js: 3ms, application-code: 7ms)
 GET /w/rtl-scroll-11/flows 200 in 72ms (next.js: 17ms, application-code: 54ms)
 GET /api/health 200 in 8ms (next.js: 3ms, application-code: 6ms)
 GET /api/workspaces/6fa166e7-6c4c-4e6e-b559-669fada955f1/flows 200 in 62ms (next.js: 57ms, application-code: 5ms)
 GET /api/workspaces/6fa166e7-6c4c-4e6e-b559-669fada955f1/usage 200 in 62ms (next.js: 39ms, application-code: 23ms)
 GET /api/workspaces/6fa166e7-6c4c-4e6e-b559-669fada955f1/overview 200 in 63ms (next.js: 18ms, application-code: 45ms)
 GET /w/rtl-scroll-11/flows/af46fe98-ea11-442a-b09a-42e989ac8f62 200 in 80ms (next.js: 22ms, application-code: 58ms)
 GET /api/health 200 in 8ms (next.js: 3ms, application-code: 6ms)
 GET /api/flows/af46fe98-ea11-442a-b09a-42e989ac8f62 200 in 31ms (next.js: 17ms, application-code: 14ms)
 GET /api/flows/af46fe98-ea11-442a-b09a-42e989ac8f62/publish 200 in 51ms (next.js: 16ms, application-code: 35ms)
 GET /api/flows/af46fe98-ea11-442a-b09a-42e989ac8f62/runs 200 in 32ms (next.js: 17ms, application-code: 16ms)
 GET /w/rtl-scroll-11/runs 200 in 67ms (next.js: 19ms, application-code: 49ms)
 GET /api/health 200 in 9ms (next.js: 3ms, application-code: 6ms)
 GET /api/workspaces/6fa166e7-6c4c-4e6e-b559-669fada955f1/runs?limit=25 200 in 21ms (next.js: 18ms, application-code: 3ms)
 GET /w/rtl-scroll-11/settings 200 in 77ms (next.js: 21ms, application-code: 56ms)
 GET /api/health 200 in 8ms (next.js: 3ms, application-code: 5ms)
 GET /api/workspaces/6fa166e7-6c4c-4e6e-b559-669fada955f1/members 200 in 54ms (next.js: 21ms, application-code: 33ms)
 GET /api/workspaces/6fa166e7-6c4c-4e6e-b559-669fada955f1/invites 200 in 55ms (next.js: 40ms, application-code: 15ms)
 POST /api/auth/sign-up/email 200 in 107ms (next.js: 18ms, application-code: 89ms)
 GET /api/test/outbox?email=e2e-7b39f332%40flowline-e2e.test 200 in 8ms (next.js: 2.0ms, application-code: 6ms)
 POST /api/email 200 in 22ms (next.js: 2ms, application-code: 20ms)
 POST /api/auth/sign-in/email 200 in 73ms (next.js: 2.0ms, application-code: 71ms)
 POST /api/workspaces 201 in 21ms (next.js: 2ms, application-code: 19ms)
 POST /api/onboarding 200 in 23ms (next.js: 2ms, application-code: 21ms)
 POST /api/workspaces/bf032ac9-d179-41a0-9ea8-ac86b590e1b6/flows 201 in 28ms (next.js: 14ms, application-code: 14ms)
 GET /w/e2e-f8518f/templates 200 in 86ms (next.js: 22ms, application-code: 64ms)
 GET /api/health 200 in 9ms (next.js: 3ms, application-code: 6ms)
 GET /api/workspaces/bf032ac9-d179-41a0-9ea8-ac86b590e1b6/connections 200 in 65ms (next.js: 44ms, application-code: 20ms)
 GET /api/workspaces/bf032ac9-d179-41a0-9ea8-ac86b590e1b6/ai 200 in 68ms (next.js: 23ms, application-code: 46ms)
 GET /w/e2e-f8518f/flows/427dfff2-b6d9-4ced-9206-6c4caf3e7579 200 in 70ms (next.js: 16ms, application-code: 54ms)
 GET /api/health 200 in 7ms (next.js: 2ms, application-code: 5ms)
 GET /api/flows/427dfff2-b6d9-4ced-9206-6c4caf3e7579 200 in 30ms (next.js: 17ms, application-code: 14ms)
 GET /api/flows/427dfff2-b6d9-4ced-9206-6c4caf3e7579/publish 200 in 57ms (next.js: 18ms, application-code: 40ms)
 GET /api/flows/427dfff2-b6d9-4ced-9206-6c4caf3e7579/runs 200 in 36ms (next.js: 20ms, application-code: 16ms)
 GET /api/workspaces/bf032ac9-d179-41a0-9ea8-ac86b590e1b6/ai 200 in 47ms (next.js: 4ms, application-code: 43ms)
 GET /api/integrations/catalog 200 in 160ms (next.js: 11ms, application-code: 149ms)
 POST /api/flows/427dfff2-b6d9-4ced-9206-6c4caf3e7579/runs 202 in 49ms (next.js: 2ms, application-code: 47ms)
2026-09-29T03:27:47.170Z [worker] run 2b5d0b5a-42ca-49b0-b45f-149159465103 claimed
 GET /api/flows/427dfff2-b6d9-4ced-9206-6c4caf3e7579/runs 200 in 37ms (next.js: 2ms, application-code: 35ms)
 GET /api/runs/2b5d0b5a-42ca-49b0-b45f-149159465103 200 in 36ms (next.js: 16ms, application-code: 20ms)
2026-09-29T03:27:47.236Z [worker] run 2b5d0b5a-42ca-49b0-b45f-149159465103 done
 GET /api/runs/2b5d0b5a-42ca-49b0-b45f-149159465103 200 in 24ms (next.js: 2ms, application-code: 21ms)
 GET /api/flows/427dfff2-b6d9-4ced-9206-6c4caf3e7579/runs 200 in 30ms (next.js: 15ms, application-code: 15ms)
 GET /w/e2e-f8518f/runs?run=2b5d0b5a-42ca-49b0-b45f-149159465103 200 in 30ms (next.js: 15ms, application-code: 14ms)
 GET /api/workspaces/bf032ac9-d179-41a0-9ea8-ac86b590e1b6/runs?limit=25 200 in 33ms (next.js: 17ms, application-code: 15ms)
 GET /api/runs/2b5d0b5a-42ca-49b0-b45f-149159465103/rerun-preview?fromNodeId=hot&revision=original 200 in 36ms (next.js: 18ms, application-code: 17ms)
 POST /api/auth/sign-up/email 200 in 105ms (next.js: 16ms, application-code: 90ms)
 GET /api/test/outbox?email=e2e-6d61749d%40flowline-e2e.test 200 in 7ms (next.js: 3ms, application-code: 5ms)
 POST /api/email 200 in 24ms (next.js: 1.9ms, application-code: 22ms)
 POST /api/auth/sign-in/email 200 in 74ms (next.js: 3ms, application-code: 71ms)
 POST /api/workspaces 201 in 23ms (next.js: 1.9ms, application-code: 21ms)
 POST /api/onboarding 200 in 20ms (next.js: 2.0ms, application-code: 18ms)
 GET /w/e2e-27336f/settings?tab=general 200 in 75ms (next.js: 16ms, application-code: 59ms)
 GET /api/health 200 in 7ms (next.js: 2ms, application-code: 5ms)
 GET /resend-verification 200 in 19ms (next.js: 6ms, application-code: 13ms)
 GET /w/e2e-27336f/flows 200 in 57ms (next.js: 15ms, application-code: 42ms)
 GET /api/health 200 in 10ms (next.js: 3ms, application-code: 7ms)
 GET /api/workspaces/43d8b640-abdf-43ff-b9b5-fac1fe56c233/flows 200 in 70ms (next.js: 16ms, application-code: 55ms)
 GET /api/workspaces/43d8b640-abdf-43ff-b9b5-fac1fe56c233/usage 200 in 74ms (next.js: 53ms, application-code: 21ms)
 GET /api/workspaces/43d8b640-abdf-43ff-b9b5-fac1fe56c233/overview 200 in 85ms (next.js: 34ms, application-code: 51ms)
 GET /account/delete 200 in 22ms (next.js: 6ms, application-code: 15ms)
 POST /api/email 200 in 36ms (next.js: 3ms, application-code: 34ms)
 GET /api/test/outbox?email=e2e-6d61749d%40flowline-e2e.test 200 in 8ms (next.js: 2ms, application-code: 5ms)
 GET /account/delete?token=MIJLM2UDK_XtfjbNF9K7WfJY2BdXJmGoZAmr5ahhJlI 200 in 35ms (next.js: 3ms, application-code: 33ms)
 POST /api/email 200 in 59ms (next.js: 3ms, application-code: 56ms)
 GET /api/me 401 in 14ms (next.js: 3ms, application-code: 11ms)
 POST /api/auth/sign-up/email 200 in 94ms (next.js: 14ms, application-code: 79ms)
 GET /api/test/outbox?email=e2e-4bc1107c%40flowline-e2e.test 200 in 7ms (next.js: 2ms, application-code: 5ms)
 POST /api/email 200 in 24ms (next.js: 3ms, application-code: 21ms)
 POST /api/auth/sign-in/email 200 in 69ms (next.js: 2ms, application-code: 67ms)
 POST /api/workspaces 201 in 25ms (next.js: 2ms, application-code: 23ms)
 POST /api/onboarding 200 in 24ms (next.js: 1.9ms, application-code: 22ms)
 GET /w/e2e-03bd4b/settings 200 in 56ms (next.js: 15ms, application-code: 41ms)
 GET /api/health 200 in 8ms (next.js: 3ms, application-code: 5ms)
 GET /api/workspaces/0112c461-9ae4-4678-b29f-a3af8fcc4017/invites 200 in 49ms (next.js: 18ms, application-code: 31ms)
 GET /api/workspaces/0112c461-9ae4-4678-b29f-a3af8fcc4017/members 200 in 50ms (next.js: 38ms, application-code: 12ms)
 GET /api/workspaces/0112c461-9ae4-4678-b29f-a3af8fcc4017/ai 200 in 38ms (next.js: 16ms, application-code: 22ms)
 GET /api/workspaces/0112c461-9ae4-4678-b29f-a3af8fcc4017/ai/models 200 in 36ms (next.js: 19ms, application-code: 18ms)
 GET /api/workspaces/0112c461-9ae4-4678-b29f-a3af8fcc4017/api-keys 200 in 38ms (next.js: 19ms, application-code: 18ms)
 GET /api/workspaces/0112c461-9ae4-4678-b29f-a3af8fcc4017/billing 200 in 47ms (next.js: 19ms, application-code: 27ms)
 GET /api/workspaces/0112c461-9ae4-4678-b29f-a3af8fcc4017 200 in 52ms (next.js: 20ms, application-code: 33ms)
 GET /api/workspaces/0112c461-9ae4-4678-b29f-a3af8fcc4017/usage 200 in 58ms (next.js: 40ms, application-code: 19ms)
 GET /api/workspaces/0112c461-9ae4-4678-b29f-a3af8fcc4017/audit 200 in 44ms (next.js: 20ms, application-code: 24ms)
 GET /api/workspaces/0112c461-9ae4-4678-b29f-a3af8fcc4017/sso 200 in 40ms (next.js: 21ms, application-code: 18ms)
 GET /w/e2e-03bd4b/agents 200 in 65ms (next.js: 21ms, application-code: 44ms)
 GET /api/health 200 in 12ms (next.js: 4ms, application-code: 8ms)
 GET /api/workspaces/0112c461-9ae4-4678-b29f-a3af8fcc4017/agents 200 in 48ms (next.js: 25ms, application-code: 24ms)
 GET /w/e2e-03bd4b/agents/new 200 in 39ms (next.js: 23ms, application-code: 16ms)
 GET /api/workspaces/0112c461-9ae4-4678-b29f-a3af8fcc4017/flows 200 in 47ms (next.js: 17ms, application-code: 30ms)
 GET /api/workspaces/0112c461-9ae4-4678-b29f-a3af8fcc4017/ai 200 in 71ms (next.js: 18ms, application-code: 53ms)
 GET /api/workspaces/0112c461-9ae4-4678-b29f-a3af8fcc4017/knowledge 200 in 48ms (next.js: 34ms, application-code: 15ms)
 GET /api/workspaces/0112c461-9ae4-4678-b29f-a3af8fcc4017/ai/models 200 in 38ms (next.js: 17ms, application-code: 22ms)
 GET /w/e2e-03bd4b/knowledge 200 in 74ms (next.js: 21ms, application-code: 53ms)
 GET /api/health 200 in 8ms (next.js: 3ms, application-code: 5ms)
 GET /api/workspaces/0112c461-9ae4-4678-b29f-a3af8fcc4017/knowledge 200 in 14ms (next.js: 2ms, application-code: 11ms)
 GET /w/e2e-03bd4b/integrations 200 in 85ms (next.js: 21ms, application-code: 64ms)
 GET /api/health 200 in 11ms (next.js: 3ms, application-code: 8ms)
 GET /api/workspaces/0112c461-9ae4-4678-b29f-a3af8fcc4017/connections 200 in 45ms (next.js: 28ms, application-code: 17ms)
 GET /api/integrations/catalog?workspaceId=0112c461-9ae4-4678-b29f-a3af8fcc4017 200 in 63ms (next.js: 4ms, application-code: 59ms)
 GET /api/workspaces/0112c461-9ae4-4678-b29f-a3af8fcc4017/oauth-apps/provenance?provider=google_sheets 200 in 50ms (next.js: 20ms, application-code: 30ms)
 GET /w/e2e-03bd4b/settings?tab=keys 200 in 65ms (next.js: 16ms, application-code: 49ms)
 GET /api/health 200 in 8ms (next.js: 2ms, application-code: 5ms)
 GET /api/workspaces/0112c461-9ae4-4678-b29f-a3af8fcc4017/api-keys 200 in 22ms (next.js: 18ms, application-code: 4ms)
 GET /w/e2e-03bd4b/settings?tab=billing 200 in 60ms (next.js: 3ms, application-code: 57ms)
 GET /api/health 200 in 8ms (next.js: 3ms, application-code: 5ms)
 GET /api/workspaces/0112c461-9ae4-4678-b29f-a3af8fcc4017 200 in 44ms (next.js: 40ms, application-code: 4ms)
 GET /api/workspaces/0112c461-9ae4-4678-b29f-a3af8fcc4017/usage 200 in 45ms (next.js: 19ms, application-code: 26ms)
 GET /w/e2e-03bd4b/agents/new 200 in 80ms (next.js: 17ms, application-code: 63ms)
 GET /api/health 200 in 11ms (next.js: 3ms, application-code: 8ms)
 GET /api/workspaces/0112c461-9ae4-4678-b29f-a3af8fcc4017/ai 200 in 24ms (next.js: 20ms, application-code: 4ms)
 GET /w/e2e-03bd4b/knowledge 200 in 72ms (next.js: 18ms, application-code: 54ms)
 GET /api/health 200 in 29ms (next.js: 3ms, application-code: 26ms)
 GET /api/workspaces/0112c461-9ae4-4678-b29f-a3af8fcc4017/knowledge 200 in 24ms (next.js: 18ms, application-code: 6ms)
 GET /w/e2e-03bd4b/integrations 200 in 81ms (next.js: 18ms, application-code: 63ms)
 GET /api/health 200 in 7ms (next.js: 2ms, application-code: 5ms)
 GET /api/workspaces/0112c461-9ae4-4678-b29f-a3af8fcc4017/connections 200 in 34ms (next.js: 19ms, application-code: 14ms)
 GET /api/integrations/catalog?workspaceId=0112c461-9ae4-4678-b29f-a3af8fcc4017 200 in 49ms (next.js: 3ms, application-code: 46ms)
 POST /api/test/beta 200 in 12ms (next.js: 4ms, application-code: 8ms)
 GET /api/auth-config 200 in 8ms (next.js: 2ms, application-code: 6ms)
 GET /sign-up 200 in 33ms (next.js: 3ms, application-code: 30ms)
 GET /api/auth-config 200 in 7ms (next.js: 2ms, application-code: 5ms)
 POST /api/beta/check 200 in 13ms (next.js: 3ms, application-code: 10ms)
 GET /api/test/outbox?email=stranger-4dc1126e%40flowline-e2e.test 200 in 6ms (next.js: 1.8ms, application-code: 4ms)
 POST /api/beta/check 200 in 13ms (next.js: 2ms, application-code: 11ms)
 POST /api/beta/check 200 in 12ms (next.js: 2ms, application-code: 10ms)
 POST /api/auth/sign-up/email 200 in 102ms (next.js: 15ms, application-code: 87ms)
 GET /api/test/outbox?email=stranger-4dc1126e%40flowline-e2e.test 200 in 8ms (next.js: 2ms, application-code: 5ms)
 POST /api/beta/check 200 in 10ms (next.js: 1.6ms, application-code: 9ms)
 POST /api/email 200 in 507ms (next.js: 1.9ms, application-code: 505ms)
 POST /api/auth/sign-up/email 200 in 95ms (next.js: 15ms, application-code: 80ms)
 GET /api/test/outbox?email=e2e-543efe61%40flowline-e2e.test 200 in 6ms (next.js: 1.8ms, application-code: 5ms)
 POST /api/email 200 in 23ms (next.js: 2ms, application-code: 21ms)
 POST /api/auth/sign-in/email 200 in 68ms (next.js: 1.8ms, application-code: 66ms)
 POST /api/workspaces 201 in 32ms (next.js: 2.0ms, application-code: 30ms)
 POST /api/onboarding 200 in 15ms (next.js: 1.9ms, application-code: 13ms)
 POST /api/workspaces/f2bc279d-c696-42d7-b8e2-6ad3dfe83bda/invites 201 in 41ms (next.js: 15ms, application-code: 25ms)
 POST /api/test/beta 200 in 5ms (next.js: 3ms, application-code: 3ms)
 GET /invite/IrXfFk8RPwZNP0qeXHSL_U571wyEDAJaYi9llUXAj14 307 in 68ms (next.js: 20ms, application-code: 48ms)
 GET /sign-in?next=invite%3AIrXfFk8RPwZNP0qeXHSL_U571wyEDAJaYi9llUXAj14 200 in 33ms (next.js: 3ms, application-code: 30ms)
 GET /api/auth-config 200 in 9ms (next.js: 2ms, application-code: 7ms)
 GET /sign-up?next=invite%3AIrXfFk8RPwZNP0qeXHSL_U571wyEDAJaYi9llUXAj14 200 in 19ms (next.js: 4ms, application-code: 15ms)
 POST /api/beta/check 200 in 10ms (next.js: 2.0ms, application-code: 8ms)
 POST /api/auth/sign-up/email 200 in 95ms (next.js: 15ms, application-code: 80ms)
 GET /api/test/outbox?email=beta-invitee-04c743d2%40flowline-e2e.test 200 in 7ms (next.js: 2.0ms, application-code: 5ms)
 GET /verify-email?token=QXiYVSf3-RgFJr0f73xUz8mGpJ4sOvLtuN-LF9jPZQE&callbackURL=%2Fsign-in%3Fnext%3Dinvite%253AIrXfFk8RPwZNP0qeXHSL_U571wyEDAJaYi9llUXAj14 200 in 24ms (next.js: 3ms, application-code: 22ms)
 POST /api/email 200 in 20ms (next.js: 2ms, application-code: 18ms)
 GET /sign-in?next=invite%3AIrXfFk8RPwZNP0qeXHSL_U571wyEDAJaYi9llUXAj14 200 in 16ms (next.js: 3ms, application-code: 13ms)
 GET /api/auth-config 200 in 8ms (next.js: 2ms, application-code: 5ms)
 POST /api/auth/sign-in/email 200 in 81ms (next.js: 15ms, application-code: 66ms)
 GET /app?next=invite%3AIrXfFk8RPwZNP0qeXHSL_U571wyEDAJaYi9llUXAj14 200 in 31ms (next.js: 3ms, application-code: 28ms)
 GET /app?next=invite%3AIrXfFk8RPwZNP0qeXHSL_U571wyEDAJaYi9llUXAj14 200 in 26ms (next.js: 3ms, application-code: 23ms)
 GET /invite/IrXfFk8RPwZNP0qeXHSL_U571wyEDAJaYi9llUXAj14 200 in 39ms (next.js: 16ms, application-code: 23ms)
 GET /invite/IrXfFk8RPwZNP0qeXHSL_U571wyEDAJaYi9llUXAj14 200 in 27ms (next.js: 4ms, application-code: 23ms)
 GET /api/invites/IrXfFk8RPwZNP0qeXHSL_U571wyEDAJaYi9llUXAj14 200 in 29ms (next.js: 15ms, application-code: 14ms)
 POST /api/invites/IrXfFk8RPwZNP0qeXHSL_U571wyEDAJaYi9llUXAj14 200 in 22ms (next.js: 3ms, application-code: 19ms)
 GET /w/beta-invite-co-10/flows 200 in 46ms (next.js: 16ms, application-code: 30ms)
 GET /api/health 200 in 10ms (next.js: 4ms, application-code: 6ms)
 GET /api/workspaces/f2bc279d-c696-42d7-b8e2-6ad3dfe83bda/usage 200 in 71ms (next.js: 37ms, application-code: 34ms)
 GET /api/workspaces/f2bc279d-c696-42d7-b8e2-6ad3dfe83bda/flows 200 in 72ms (next.js: 56ms, application-code: 16ms)
 GET /api/workspaces/f2bc279d-c696-42d7-b8e2-6ad3dfe83bda/overview 200 in 85ms (next.js: 18ms, application-code: 67ms)
 POST /api/auth/sign-up/email 200 in 96ms (next.js: 14ms, application-code: 82ms)
 GET /api/test/outbox?email=e2e-5c1cb3cc%40flowline-e2e.test 200 in 7ms (next.js: 3ms, application-code: 5ms)
 POST /api/email 200 in 25ms (next.js: 2ms, application-code: 23ms)
 POST /api/auth/sign-in/email 200 in 80ms (next.js: 3ms, application-code: 77ms)
 POST /api/workspaces 201 in 28ms (next.js: 2ms, application-code: 26ms)
 POST /api/onboarding 200 in 21ms (next.js: 2ms, application-code: 18ms)
 POST /api/workspaces/78c364fb-5616-4c12-b0f3-8810e85e77ab/flows 201 in 30ms (next.js: 2ms, application-code: 28ms)
 GET /w/e2e-745fa3/flows/d4bf72ae-b602-4efc-b230-9922f5b48063 200 in 75ms (next.js: 17ms, application-code: 58ms)
 GET /api/health 200 in 7ms (next.js: 2ms, application-code: 5ms)
 GET /api/flows/d4bf72ae-b602-4efc-b230-9922f5b48063 200 in 29ms (next.js: 17ms, application-code: 12ms)
 GET /api/flows/d4bf72ae-b602-4efc-b230-9922f5b48063/publish 200 in 52ms (next.js: 16ms, application-code: 36ms)
 GET /api/flows/d4bf72ae-b602-4efc-b230-9922f5b48063/runs 200 in 31ms (next.js: 17ms, application-code: 14ms)
 GET /api/integrations/catalog 200 in 32ms (next.js: 2ms, application-code: 30ms)
 GET /api/workspaces/78c364fb-5616-4c12-b0f3-8810e85e77ab/ai 200 in 33ms (next.js: 16ms, application-code: 17ms)
 PUT /api/flows/d4bf72ae-b602-4efc-b230-9922f5b48063 200 in 33ms (next.js: 14ms, application-code: 19ms)
 GET /api/flows/d4bf72ae-b602-4efc-b230-9922f5b48063 200 in 15ms (next.js: 2ms, application-code: 13ms)
 POST /api/auth/sign-up/email 200 in 101ms (next.js: 16ms, application-code: 85ms)
 GET /api/test/outbox?email=e2e-e6ce4f97%40flowline-e2e.test 200 in 8ms (next.js: 2ms, application-code: 5ms)
 POST /api/email 200 in 24ms (next.js: 2.0ms, application-code: 22ms)
 POST /api/auth/sign-in/email 200 in 114ms (next.js: 2ms, application-code: 112ms)
 POST /api/workspaces 201 in 18ms (next.js: 1.9ms, application-code: 16ms)
 POST /api/onboarding 200 in 12ms (next.js: 1.9ms, application-code: 10ms)
 POST /api/workspaces/550f99ee-302f-4064-8b8e-84e5e86ce695/flows 201 in 26ms (next.js: 14ms, application-code: 13ms)
 GET /w/e2e-f3dc96/flows 200 in 71ms (next.js: 17ms, application-code: 54ms)
 GET /api/health 200 in 11ms (next.js: 4ms, application-code: 7ms)
 GET /api/workspaces/550f99ee-302f-4064-8b8e-84e5e86ce695/flows 200 in 113ms (next.js: 50ms, application-code: 64ms)
 GET /api/workspaces/550f99ee-302f-4064-8b8e-84e5e86ce695/usage 200 in 116ms (next.js: 45ms, application-code: 70ms)
 GET /api/workspaces/550f99ee-302f-4064-8b8e-84e5e86ce695/overview 200 in 129ms (next.js: 23ms, application-code: 106ms)
 GET /w/e2e-f3dc96/templates 200 in 81ms (next.js: 17ms, application-code: 63ms)
 GET /api/health 200 in 8ms (next.js: 2ms, application-code: 5ms)
 GET /api/workspaces/550f99ee-302f-4064-8b8e-84e5e86ce695/connections 200 in 51ms (next.js: 36ms, application-code: 15ms)
 GET /api/workspaces/550f99ee-302f-4064-8b8e-84e5e86ce695/ai 200 in 55ms (next.js: 19ms, application-code: 36ms)
 GET /w/e2e-f3dc96/runs 200 in 63ms (next.js: 16ms, application-code: 46ms)
 GET /api/health 200 in 8ms (next.js: 3ms, application-code: 5ms)
 GET /api/workspaces/550f99ee-302f-4064-8b8e-84e5e86ce695/runs?limit=25 200 in 41ms (next.js: 17ms, application-code: 24ms)
 GET /w/e2e-f3dc96/integrations 200 in 59ms (next.js: 16ms, application-code: 43ms)
 GET /api/health 200 in 7ms (next.js: 2ms, application-code: 5ms)
 GET /api/workspaces/550f99ee-302f-4064-8b8e-84e5e86ce695/connections 200 in 36ms (next.js: 17ms, application-code: 18ms)
 GET /api/integrations/catalog?workspaceId=550f99ee-302f-4064-8b8e-84e5e86ce695 200 in 49ms (next.js: 2ms, application-code: 47ms)
 GET /w/e2e-f3dc96/agents 200 in 57ms (next.js: 15ms, application-code: 43ms)
 GET /api/health 200 in 7ms (next.js: 2ms, application-code: 4ms)
 GET /api/workspaces/550f99ee-302f-4064-8b8e-84e5e86ce695/agents 200 in 39ms (next.js: 18ms, application-code: 20ms)
 GET /w/e2e-f3dc96/knowledge 200 in 67ms (next.js: 16ms, application-code: 51ms)
 GET /api/health 200 in 7ms (next.js: 3ms, application-code: 5ms)
 GET /api/workspaces/550f99ee-302f-4064-8b8e-84e5e86ce695/knowledge 200 in 37ms (next.js: 20ms, application-code: 17ms)
 GET /w/e2e-f3dc96/settings 200 in 69ms (next.js: 16ms, application-code: 53ms)
 GET /api/health 200 in 7ms (next.js: 3ms, application-code: 5ms)
 GET /api/workspaces/550f99ee-302f-4064-8b8e-84e5e86ce695/members 200 in 48ms (next.js: 17ms, application-code: 31ms)
 GET /api/workspaces/550f99ee-302f-4064-8b8e-84e5e86ce695/invites 200 in 48ms (next.js: 34ms, application-code: 14ms)
 GET /w/e2e-f3dc96/canvas 307 in 82ms (next.js: 20ms, application-code: 62ms)
 GET /w/e2e-f3dc96/flows/f00275f2-fa70-43de-a6f3-f9a178cac361 200 in 64ms (next.js: 16ms, application-code: 48ms)
 GET /api/health 200 in 8ms (next.js: 2ms, application-code: 5ms)
 GET /api/flows/f00275f2-fa70-43de-a6f3-f9a178cac361 200 in 34ms (next.js: 21ms, application-code: 14ms)
 GET /api/flows/f00275f2-fa70-43de-a6f3-f9a178cac361/publish 200 in 53ms (next.js: 17ms, application-code: 36ms)
 GET /api/flows/f00275f2-fa70-43de-a6f3-f9a178cac361/runs 200 in 33ms (next.js: 18ms, application-code: 15ms)
 POST /api/auth/sign-up/email 200 in 97ms (next.js: 17ms, application-code: 80ms)
 GET /api/test/outbox?email=e2e-dd7ac84b%40flowline-e2e.test 200 in 7ms (next.js: 1.8ms, application-code: 5ms)
 POST /api/email 200 in 20ms (next.js: 1.9ms, application-code: 18ms)
 POST /api/auth/sign-in/email 200 in 70ms (next.js: 1.9ms, application-code: 68ms)
 POST /api/workspaces 201 in 31ms (next.js: 2ms, application-code: 29ms)
 POST /api/onboarding 200 in 22ms (next.js: 2ms, application-code: 20ms)
 POST /api/workspaces/1523b25f-80e8-4495-96c9-dc669fc6dabe/flows 201 in 30ms (next.js: 15ms, application-code: 15ms)
 GET /w/e2e-02ecb9/flows 200 in 60ms (next.js: 16ms, application-code: 43ms)
 GET /api/health 200 in 10ms (next.js: 4ms, application-code: 6ms)
 GET /api/workspaces/1523b25f-80e8-4495-96c9-dc669fc6dabe/flows 200 in 60ms (next.js: 26ms, application-code: 34ms)
 GET /api/workspaces/1523b25f-80e8-4495-96c9-dc669fc6dabe/usage 200 in 62ms (next.js: 45ms, application-code: 17ms)
 GET /api/workspaces/1523b25f-80e8-4495-96c9-dc669fc6dabe/overview 200 in 73ms (next.js: 21ms, application-code: 52ms)
 GET /w/e2e-02ecb9/templates 200 in 72ms (next.js: 18ms, application-code: 54ms)
 GET /api/health 200 in 8ms (next.js: 2ms, application-code: 6ms)
 GET /api/workspaces/1523b25f-80e8-4495-96c9-dc669fc6dabe/connections 200 in 51ms (next.js: 33ms, application-code: 18ms)
 GET /api/workspaces/1523b25f-80e8-4495-96c9-dc669fc6dabe/ai 200 in 56ms (next.js: 15ms, application-code: 41ms)
 GET /w/e2e-02ecb9/runs 200 in 66ms (next.js: 17ms, application-code: 49ms)
 GET /api/health 200 in 7ms (next.js: 3ms, application-code: 5ms)
 GET /api/workspaces/1523b25f-80e8-4495-96c9-dc669fc6dabe/runs?limit=25 200 in 36ms (next.js: 15ms, application-code: 21ms)
 GET /w/e2e-02ecb9/integrations 200 in 63ms (next.js: 15ms, application-code: 48ms)
 GET /api/health 200 in 7ms (next.js: 2ms, application-code: 5ms)
 GET /api/workspaces/1523b25f-80e8-4495-96c9-dc669fc6dabe/connections 200 in 31ms (next.js: 18ms, application-code: 13ms)
 GET /api/integrations/catalog?workspaceId=1523b25f-80e8-4495-96c9-dc669fc6dabe 200 in 44ms (next.js: 3ms, application-code: 41ms)
 GET /w/e2e-02ecb9/agents 200 in 65ms (next.js: 17ms, application-code: 48ms)
 GET /api/health 200 in 7ms (next.js: 3ms, application-code: 4ms)
 GET /api/workspaces/1523b25f-80e8-4495-96c9-dc669fc6dabe/agents 200 in 34ms (next.js: 19ms, application-code: 15ms)
 GET /w/e2e-02ecb9/knowledge 200 in 71ms (next.js: 15ms, application-code: 56ms)
 GET /api/health 200 in 9ms (next.js: 2ms, application-code: 6ms)
 GET /api/workspaces/1523b25f-80e8-4495-96c9-dc669fc6dabe/knowledge 200 in 29ms (next.js: 16ms, application-code: 12ms)
 GET /w/e2e-02ecb9/settings 200 in 64ms (next.js: 15ms, application-code: 49ms)
 GET /api/health 200 in 8ms (next.js: 3ms, application-code: 5ms)
 GET /api/workspaces/1523b25f-80e8-4495-96c9-dc669fc6dabe/members 200 in 48ms (next.js: 18ms, application-code: 30ms)
 GET /api/workspaces/1523b25f-80e8-4495-96c9-dc669fc6dabe/invites 200 in 48ms (next.js: 36ms, application-code: 12ms)
 GET /w/e2e-02ecb9/canvas 307 in 83ms (next.js: 16ms, application-code: 68ms)
 GET /w/e2e-02ecb9/flows/5f64fea7-639f-40f5-8e40-50536f654f40 200 in 65ms (next.js: 17ms, application-code: 48ms)
 GET /api/health 200 in 10ms (next.js: 4ms, application-code: 6ms)
 GET /api/flows/5f64fea7-639f-40f5-8e40-50536f654f40 200 in 49ms (next.js: 21ms, application-code: 29ms)
 GET /api/flows/5f64fea7-639f-40f5-8e40-50536f654f40/publish 200 in 50ms (next.js: 16ms, application-code: 34ms)
 GET /api/flows/5f64fea7-639f-40f5-8e40-50536f654f40/runs 200 in 29ms (next.js: 17ms, application-code: 13ms)
 POST /api/auth/sign-up/email 200 in 103ms (next.js: 15ms, application-code: 88ms)
 GET /api/test/outbox?email=e2e-21b6938c%40flowline-e2e.test 200 in 6ms (next.js: 1.8ms, application-code: 5ms)
 POST /api/email 200 in 20ms (next.js: 2ms, application-code: 18ms)
 POST /api/auth/sign-in/email 200 in 68ms (next.js: 1.9ms, application-code: 67ms)
 POST /api/workspaces 201 in 22ms (next.js: 2ms, application-code: 19ms)
 POST /api/onboarding 200 in 23ms (next.js: 1.9ms, application-code: 21ms)
 POST /api/workspaces/e19be600-b48f-4eeb-b7f7-7ee9f1f64118/flows 201 in 29ms (next.js: 14ms, application-code: 16ms)
 GET /w/e2e-6bc2cc/flows 200 in 64ms (next.js: 16ms, application-code: 48ms)
 GET /api/health 200 in 11ms (next.js: 4ms, application-code: 7ms)
 GET /api/workspaces/e19be600-b48f-4eeb-b7f7-7ee9f1f64118/flows 200 in 62ms (next.js: 21ms, application-code: 41ms)
 GET /api/workspaces/e19be600-b48f-4eeb-b7f7-7ee9f1f64118/usage 200 in 63ms (next.js: 39ms, application-code: 24ms)
 GET /api/workspaces/e19be600-b48f-4eeb-b7f7-7ee9f1f64118/overview 200 in 73ms (next.js: 17ms, application-code: 56ms)
 GET /w/e2e-6bc2cc/templates 200 in 70ms (next.js: 15ms, application-code: 56ms)
 GET /api/health 200 in 7ms (next.js: 2ms, application-code: 5ms)
 GET /api/workspaces/e19be600-b48f-4eeb-b7f7-7ee9f1f64118/connections 200 in 45ms (next.js: 32ms, application-code: 14ms)
 GET /api/workspaces/e19be600-b48f-4eeb-b7f7-7ee9f1f64118/ai 200 in 47ms (next.js: 16ms, application-code: 31ms)
 GET /w/e2e-6bc2cc/runs 200 in 63ms (next.js: 15ms, application-code: 47ms)
 GET /api/health 200 in 8ms (next.js: 2ms, application-code: 5ms)
 GET /api/workspaces/e19be600-b48f-4eeb-b7f7-7ee9f1f64118/runs?limit=25 200 in 35ms (next.js: 16ms, application-code: 18ms)
 GET /w/e2e-6bc2cc/integrations 200 in 69ms (next.js: 20ms, application-code: 48ms)
 GET /api/health 200 in 7ms (next.js: 2ms, application-code: 5ms)
 GET /api/workspaces/e19be600-b48f-4eeb-b7f7-7ee9f1f64118/connections 200 in 39ms (next.js: 16ms, application-code: 23ms)
 GET /api/integrations/catalog?workspaceId=e19be600-b48f-4eeb-b7f7-7ee9f1f64118 200 in 51ms (next.js: 3ms, application-code: 49ms)
 GET /w/e2e-6bc2cc/agents 200 in 62ms (next.js: 16ms, application-code: 46ms)
 GET /api/health 200 in 8ms (next.js: 3ms, application-code: 5ms)
 GET /api/workspaces/e19be600-b48f-4eeb-b7f7-7ee9f1f64118/agents 200 in 40ms (next.js: 17ms, application-code: 23ms)
 GET /w/e2e-6bc2cc/knowledge 200 in 64ms (next.js: 16ms, application-code: 49ms)
 GET /api/health 200 in 7ms (next.js: 3ms, application-code: 4ms)
 GET /api/workspaces/e19be600-b48f-4eeb-b7f7-7ee9f1f64118/knowledge 200 in 32ms (next.js: 16ms, application-code: 16ms)
 GET /w/e2e-6bc2cc/settings 200 in 65ms (next.js: 16ms, application-code: 50ms)
 GET /api/health 200 in 7ms (next.js: 3ms, application-code: 5ms)
 GET /api/workspaces/e19be600-b48f-4eeb-b7f7-7ee9f1f64118/invites 200 in 25ms (next.js: 15ms, application-code: 10ms)
 GET /api/workspaces/e19be600-b48f-4eeb-b7f7-7ee9f1f64118/members 200 in 46ms (next.js: 17ms, application-code: 28ms)
 GET /w/e2e-6bc2cc/canvas 307 in 85ms (next.js: 15ms, application-code: 70ms)
 GET /w/e2e-6bc2cc/flows/d21b2483-b412-4c6b-bc2f-ea0814e2c746 200 in 72ms (next.js: 15ms, application-code: 57ms)
 GET /api/health 200 in 7ms (next.js: 2ms, application-code: 5ms)
 GET /api/flows/d21b2483-b412-4c6b-bc2f-ea0814e2c746 200 in 37ms (next.js: 21ms, application-code: 16ms)
 GET /api/flows/d21b2483-b412-4c6b-bc2f-ea0814e2c746/publish 200 in 51ms (next.js: 16ms, application-code: 36ms)
 GET /api/flows/d21b2483-b412-4c6b-bc2f-ea0814e2c746/runs 200 in 31ms (next.js: 17ms, application-code: 15ms)
 GET / 200 in 48ms (next.js: 3ms, application-code: 46ms)
 GET /sign-up 200 in 17ms (next.js: 3ms, application-code: 14ms)
 GET /api/auth-config 200 in 9ms (next.js: 3ms, application-code: 6ms)
 POST /api/auth/sign-up/email 200 in 89ms (next.js: 14ms, application-code: 76ms)
 GET /api/me 401 in 8ms (next.js: 2ms, application-code: 6ms)
 GET /api/test/outbox?email=journey-a0ac3ecb%40flowline-e2e.test 200 in 7ms (next.js: 1.9ms, application-code: 5ms)
 GET /verify-email?token=-fuE-SRb6yoFTJtibMtoJ4gRuuuYo7qZ4qUcH7FMMuQ&callbackURL=%2Fsign-in 200 in 33ms (next.js: 3ms, application-code: 31ms)
 POST /api/email 200 in 22ms (next.js: 3ms, application-code: 19ms)
 GET /sign-in 200 in 18ms (next.js: 4ms, application-code: 14ms)
 GET /api/auth-config 200 in 9ms (next.js: 3ms, application-code: 6ms)
 POST /api/auth/sign-in/email 200 in 83ms (next.js: 14ms, application-code: 69ms)
 GET /app 200 in 29ms (next.js: 4ms, application-code: 25ms)
 GET /app 200 in 27ms (next.js: 3ms, application-code: 24ms)
 GET /onboarding 200 in 26ms (next.js: 3ms, application-code: 23ms)
 GET /onboarding 200 in 25ms (next.js: 3ms, application-code: 22ms)
 POST /api/workspaces 201 in 40ms (next.js: 2ms, application-code: 37ms)
 POST /api/workspaces/96f3cc8f-c025-4039-ad67-6cc0f5a7d6c3/flows 201 in 29ms (next.js: 15ms, application-code: 15ms)
 POST /api/onboarding 200 in 24ms (next.js: 2ms, application-code: 22ms)
 GET /w/journey-co-10/flows/55382ff4-adb8-44f9-b8bb-362c2751437a 200 in 53ms (next.js: 17ms, application-code: 35ms)
 GET /api/health 200 in 8ms (next.js: 3ms, application-code: 5ms)
 GET /api/flows/55382ff4-adb8-44f9-b8bb-362c2751437a 200 in 31ms (next.js: 17ms, application-code: 14ms)
 GET /api/flows/55382ff4-adb8-44f9-b8bb-362c2751437a/publish 200 in 63ms (next.js: 16ms, application-code: 47ms)
 GET /api/flows/55382ff4-adb8-44f9-b8bb-362c2751437a/runs 200 in 34ms (next.js: 20ms, application-code: 14ms)
 GET /api/integrations/catalog 200 in 42ms (next.js: 2ms, application-code: 39ms)
 GET /api/workspaces/96f3cc8f-c025-4039-ad67-6cc0f5a7d6c3/ai 200 in 41ms (next.js: 18ms, application-code: 22ms)
 PUT /api/flows/55382ff4-adb8-44f9-b8bb-362c2751437a 200 in 36ms (next.js: 15ms, application-code: 21ms)
 GET /w/journey-co-10/flows/55382ff4-adb8-44f9-b8bb-362c2751437a 200 in 65ms (next.js: 15ms, application-code: 49ms)
 GET /api/health 200 in 8ms (next.js: 3ms, application-code: 5ms)
 GET /api/flows/55382ff4-adb8-44f9-b8bb-362c2751437a 200 in 16ms (next.js: 3ms, application-code: 13ms)
 GET /api/flows/55382ff4-adb8-44f9-b8bb-362c2751437a/publish 200 in 51ms (next.js: 16ms, application-code: 35ms)
 GET /api/flows/55382ff4-adb8-44f9-b8bb-362c2751437a/runs 200 in 32ms (next.js: 18ms, application-code: 14ms)
2026-09-29T03:28:39.082Z [worker] run 4d9d5190-a155-4d0a-a59d-f3bcdef730c5 claimed
 POST /api/flows/55382ff4-adb8-44f9-b8bb-362c2751437a/runs 202 in 52ms (next.js: 2ms, application-code: 50ms)
 GET /api/flows/55382ff4-adb8-44f9-b8bb-362c2751437a/runs 200 in 36ms (next.js: 2ms, application-code: 34ms)
2026-09-29T03:28:39.135Z [worker] run 4d9d5190-a155-4d0a-a59d-f3bcdef730c5 done
 GET /api/runs/4d9d5190-a155-4d0a-a59d-f3bcdef730c5 200 in 37ms (next.js: 16ms, application-code: 21ms)
 GET /w/journey-co-10/runs?run=4d9d5190-a155-4d0a-a59d-f3bcdef730c5 200 in 28ms (next.js: 15ms, application-code: 13ms)
 GET /api/workspaces/96f3cc8f-c025-4039-ad67-6cc0f5a7d6c3/runs?limit=25 200 in 33ms (next.js: 16ms, application-code: 16ms)
 GET /api/flows/55382ff4-adb8-44f9-b8bb-362c2751437a 200 in 27ms (next.js: 15ms, application-code: 13ms)
 GET /api/flows/55382ff4-adb8-44f9-b8bb-362c2751437a/runs 200 in 38ms (next.js: 15ms, application-code: 23ms)
 GET /api/runs/4d9d5190-a155-4d0a-a59d-f3bcdef730c5 200 in 29ms (next.js: 3ms, application-code: 27ms)
 GET /api/flows/55382ff4-adb8-44f9-b8bb-362c2751437a/versions 200 in 33ms (next.js: 19ms, application-code: 14ms)
 POST /api/auth/sign-up/email 200 in 106ms (next.js: 19ms, application-code: 87ms)
 GET /api/test/outbox?email=e2e-bb10e0f9%40flowline-e2e.test 200 in 7ms (next.js: 3ms, application-code: 5ms)
 POST /api/email 200 in 25ms (next.js: 2ms, application-code: 22ms)
 POST /api/auth/sign-in/email 200 in 77ms (next.js: 3ms, application-code: 74ms)
 POST /api/workspaces 201 in 26ms (next.js: 2ms, application-code: 23ms)
 POST /api/onboarding 200 in 20ms (next.js: 2.0ms, application-code: 18ms)
 POST /api/workspaces/6eda37b6-6e02-42ec-b85b-ff1def425b47/flows 201 in 43ms (next.js: 17ms, application-code: 26ms)
 POST /api/workspaces/6eda37b6-6e02-42ec-b85b-ff1def425b47/connections 201 in 40ms (next.js: 17ms, application-code: 23ms)
 PUT /api/flows/fc6f1a96-1ddb-4734-9d04-0fcb268ce013 200 in 33ms (next.js: 3ms, application-code: 30ms)
 GET /w/e2e-aecba3/flows/fc6f1a96-1ddb-4734-9d04-0fcb268ce013 200 in 73ms (next.js: 18ms, application-code: 56ms)
 GET /api/health 200 in 8ms (next.js: 2ms, application-code: 5ms)
 GET /api/flows/fc6f1a96-1ddb-4734-9d04-0fcb268ce013 200 in 46ms (next.js: 20ms, application-code: 26ms)
 GET /api/flows/fc6f1a96-1ddb-4734-9d04-0fcb268ce013/publish 200 in 51ms (next.js: 15ms, application-code: 35ms)
 GET /api/flows/fc6f1a96-1ddb-4734-9d04-0fcb268ce013/runs 200 in 31ms (next.js: 17ms, application-code: 14ms)
 POST /api/flows/fc6f1a96-1ddb-4734-9d04-0fcb268ce013/runs 202 in 63ms (next.js: 2ms, application-code: 61ms)
2026-09-29T03:28:41.524Z [worker] run 13659a45-5ded-487f-b569-a8c8eed87048 claimed
2026-09-29T03:28:41.568Z [worker] run 13659a45-5ded-487f-b569-a8c8eed87048 done
 GET /api/flows/fc6f1a96-1ddb-4734-9d04-0fcb268ce013/runs 200 in 39ms (next.js: 3ms, application-code: 36ms)
 GET /api/runs/13659a45-5ded-487f-b569-a8c8eed87048 200 in 39ms (next.js: 19ms, application-code: 20ms)
 GET /w/e2e-aecba3/runs?run=13659a45-5ded-487f-b569-a8c8eed87048 200 in 28ms (next.js: 16ms, application-code: 12ms)
 GET /api/workspaces/6eda37b6-6e02-42ec-b85b-ff1def425b47/runs?limit=25 200 in 47ms (next.js: 18ms, application-code: 28ms)
 GET /api/flows/fc6f1a96-1ddb-4734-9d04-0fcb268ce013/runs 200 in 43ms (next.js: 14ms, application-code: 30ms)
 POST /api/approvals/d39088ac-1cc4-4348-8d28-c4db937be7ec/decide 200 in 61ms (next.js: 30ms, application-code: 30ms)
2026-09-29T03:28:42.644Z [worker] run 13659a45-5ded-487f-b569-a8c8eed87048 claimed
 GET /api/runs/13659a45-5ded-487f-b569-a8c8eed87048 200 in 56ms (next.js: 25ms, application-code: 31ms)
2026-09-29T03:28:42.715Z [worker] run 13659a45-5ded-487f-b569-a8c8eed87048 done
 GET /api/flows/fc6f1a96-1ddb-4734-9d04-0fcb268ce013/runs 200 in 24ms (next.js: 2ms, application-code: 22ms)
 POST /api/auth/sign-up/email 200 in 95ms (next.js: 16ms, application-code: 79ms)
 GET /api/test/outbox?email=e2e-e7fc68d1%40flowline-e2e.test 200 in 7ms (next.js: 2ms, application-code: 5ms)
 POST /api/email 200 in 21ms (next.js: 1.9ms, application-code: 19ms)
 POST /api/auth/sign-in/email 200 in 73ms (next.js: 3ms, application-code: 71ms)
 POST /api/workspaces 201 in 28ms (next.js: 2ms, application-code: 26ms)
 POST /api/onboarding 200 in 20ms (next.js: 3ms, application-code: 17ms)
 GET /w/e2e-80fe30/settings 200 in 63ms (next.js: 17ms, application-code: 46ms)
 GET /api/health 200 in 7ms (next.js: 2ms, application-code: 5ms)
 GET /api/workspaces/2976c373-ce69-4d6f-85cf-3d647cca73fc/invites 200 in 59ms (next.js: 45ms, application-code: 14ms)
 GET /api/workspaces/2976c373-ce69-4d6f-85cf-3d647cca73fc/members 200 in 60ms (next.js: 23ms, application-code: 37ms)
 POST /api/workspaces/2976c373-ce69-4d6f-85cf-3d647cca73fc/invites 201 in 40ms (next.js: 2ms, application-code: 38ms)
 GET /api/workspaces/2976c373-ce69-4d6f-85cf-3d647cca73fc/members 200 in 18ms (next.js: 2ms, application-code: 16ms)
 GET /api/workspaces/2976c373-ce69-4d6f-85cf-3d647cca73fc/invites 200 in 15ms (next.js: 2ms, application-code: 12ms)
 POST /api/auth/sign-up/email 200 in 98ms (next.js: 15ms, application-code: 83ms)
 GET /api/test/outbox?email=viewer-2f80a60e%40flowline-e2e.test 200 in 8ms (next.js: 2ms, application-code: 5ms)
 POST /api/email 200 in 23ms (next.js: 2ms, application-code: 21ms)
 POST /api/auth/sign-in/email 200 in 74ms (next.js: 1.9ms, application-code: 72ms)
 GET /invite/9lt0VCoMP7kB18gzWwvnPkfdstRaXuPVldAIZNRrJVw 200 in 67ms (next.js: 20ms, application-code: 48ms)
 GET /api/invites/9lt0VCoMP7kB18gzWwvnPkfdstRaXuPVldAIZNRrJVw 200 in 37ms (next.js: 18ms, application-code: 19ms)
 POST /api/invites/9lt0VCoMP7kB18gzWwvnPkfdstRaXuPVldAIZNRrJVw 200 in 31ms (next.js: 3ms, application-code: 28ms)
 GET /w/e2e-80fe30/flows 200 in 46ms (next.js: 16ms, application-code: 30ms)
 GET /api/health 200 in 9ms (next.js: 3ms, application-code: 6ms)
 GET /api/workspaces/2976c373-ce69-4d6f-85cf-3d647cca73fc/flows 200 in 66ms (next.js: 31ms, application-code: 35ms)
 GET /api/workspaces/2976c373-ce69-4d6f-85cf-3d647cca73fc/usage 200 in 69ms (next.js: 15ms, application-code: 54ms)
 GET /api/workspaces/2976c373-ce69-4d6f-85cf-3d647cca73fc/overview 200 in 100ms (next.js: 17ms, application-code: 82ms)
 POST /api/workspaces/2976c373-ce69-4d6f-85cf-3d647cca73fc/connections 201 in 65ms (next.js: 17ms, application-code: 48ms)
 POST /api/workspaces/2976c373-ce69-4d6f-85cf-3d647cca73fc/flows 201 in 26ms (next.js: 2ms, application-code: 24ms)
 PUT /api/flows/f499561d-25da-4572-87bf-7e81d03d4988 200 in 47ms (next.js: 17ms, application-code: 31ms)
 POST /api/flows/f499561d-25da-4572-87bf-7e81d03d4988/runs 202 in 83ms (next.js: 16ms, application-code: 67ms)
2026-09-29T03:28:45.521Z [worker] run 95110a0d-2ad5-49a0-b5bd-ff52336ce3c0 claimed
2026-09-29T03:28:45.561Z [worker] run 95110a0d-2ad5-49a0-b5bd-ff52336ce3c0 done
 GET /api/runs/95110a0d-2ad5-49a0-b5bd-ff52336ce3c0 200 in 53ms (next.js: 19ms, application-code: 34ms)
 GET /api/runs/95110a0d-2ad5-49a0-b5bd-ff52336ce3c0 200 in 33ms (next.js: 3ms, application-code: 30ms)
 GET /w/e2e-80fe30/runs?run=95110a0d-2ad5-49a0-b5bd-ff52336ce3c0 200 in 71ms (next.js: 17ms, application-code: 54ms)
 GET /api/health 200 in 10ms (next.js: 3ms, application-code: 7ms)
 GET /api/workspaces/2976c373-ce69-4d6f-85cf-3d647cca73fc/runs?limit=25 200 in 52ms (next.js: 25ms, application-code: 27ms)
 GET /api/runs/95110a0d-2ad5-49a0-b5bd-ff52336ce3c0 200 in 62ms (next.js: 31ms, application-code: 31ms)
 GET /api/workspaces/2976c373-ce69-4d6f-85cf-3d647cca73fc/approvals 200 in 42ms (next.js: 19ms, application-code: 22ms)
 POST /api/approvals/19ddfc3e-0bab-43f4-a7fc-4d39689a791d/decide 403 in 37ms (next.js: 20ms, application-code: 17ms)
 GET /api/runs/95110a0d-2ad5-49a0-b5bd-ff52336ce3c0 200 in 31ms (next.js: 3ms, application-code: 27ms)
 GET /w/e2e-80fe30/settings 200 in 74ms (next.js: 19ms, application-code: 55ms)
 GET /api/health 200 in 7ms (next.js: 2ms, application-code: 5ms)
 GET /api/workspaces/2976c373-ce69-4d6f-85cf-3d647cca73fc/members 200 in 55ms (next.js: 20ms, application-code: 35ms)
 GET /api/workspaces/2976c373-ce69-4d6f-85cf-3d647cca73fc/invites 200 in 33ms (next.js: 19ms, application-code: 14ms)
 PATCH /api/workspaces/2976c373-ce69-4d6f-85cf-3d647cca73fc/members/4cb11add-c3a1-4a37-b997-d06078a8167e 200 in 47ms (next.js: 21ms, application-code: 25ms)
 GET /api/workspaces/2976c373-ce69-4d6f-85cf-3d647cca73fc/members 200 in 23ms (next.js: 3ms, application-code: 20ms)
 GET /api/workspaces/2976c373-ce69-4d6f-85cf-3d647cca73fc/invites 200 in 24ms (next.js: 7ms, application-code: 16ms)
 GET /w/e2e-80fe30/runs?run=95110a0d-2ad5-49a0-b5bd-ff52336ce3c0 200 in 72ms (next.js: 19ms, application-code: 53ms)
 GET /api/health 200 in 8ms (next.js: 3ms, application-code: 5ms)
 GET /api/workspaces/2976c373-ce69-4d6f-85cf-3d647cca73fc/runs?limit=25 200 in 58ms (next.js: 20ms, application-code: 37ms)
 GET /api/runs/95110a0d-2ad5-49a0-b5bd-ff52336ce3c0 200 in 78ms (next.js: 40ms, application-code: 38ms)
 GET /api/runs/95110a0d-2ad5-49a0-b5bd-ff52336ce3c0 200 in 25ms (next.js: 3ms, application-code: 22ms)
 POST /api/approvals/19ddfc3e-0bab-43f4-a7fc-4d39689a791d/decide 200 in 56ms (next.js: 19ms, application-code: 38ms)
2026-09-29T03:28:47.520Z [worker] run 95110a0d-2ad5-49a0-b5bd-ff52336ce3c0 claimed
 GET /api/runs/95110a0d-2ad5-49a0-b5bd-ff52336ce3c0 200 in 26ms (next.js: 2ms, application-code: 24ms)
2026-09-29T03:28:47.589Z [worker] run 95110a0d-2ad5-49a0-b5bd-ff52336ce3c0 done
 GET /api/runs/95110a0d-2ad5-49a0-b5bd-ff52336ce3c0 200 in 31ms (next.js: 2ms, application-code: 28ms)
 DELETE /api/workspaces/2976c373-ce69-4d6f-85cf-3d647cca73fc/members/4cb11add-c3a1-4a37-b997-d06078a8167e 200 in 38ms (next.js: 17ms, application-code: 21ms)
 GET /api/workspaces/2976c373-ce69-4d6f-85cf-3d647cca73fc/members 200 in 48ms (next.js: 17ms, application-code: 31ms)
 GET /api/workspaces/2976c373-ce69-4d6f-85cf-3d647cca73fc/invites 200 in 49ms (next.js: 35ms, application-code: 14ms)
 GET /api/workspaces/2976c373-ce69-4d6f-85cf-3d647cca73fc/flows 404 in 30ms (next.js: 17ms, application-code: 13ms)
 GET /api/workspaces/2976c373-ce69-4d6f-85cf-3d647cca73fc/audit 200 in 39ms (next.js: 18ms, application-code: 22ms)
 POST /api/auth/sign-up/email 200 in 92ms (next.js: 14ms, application-code: 78ms)
 GET /api/test/outbox?email=e2e-e58dbec4%40flowline-e2e.test 200 in 7ms (next.js: 1.8ms, application-code: 5ms)
 POST /api/email 200 in 19ms (next.js: 2ms, application-code: 17ms)
 POST /api/auth/sign-in/email 200 in 72ms (next.js: 2ms, application-code: 69ms)
 POST /api/workspaces 201 in 16ms (next.js: 2ms, application-code: 14ms)
 POST /api/onboarding 200 in 28ms (next.js: 1.8ms, application-code: 26ms)
 POST /api/workspaces/af510771-41b6-437a-80cd-dd1031bed538/flows 201 in 44ms (next.js: 16ms, application-code: 28ms)
 GET /w/e2e-28a751/settings?tab=keys 200 in 67ms (next.js: 15ms, application-code: 52ms)
 GET /api/health 200 in 8ms (next.js: 3ms, application-code: 5ms)
 GET /api/workspaces/af510771-41b6-437a-80cd-dd1031bed538/api-keys 200 in 43ms (next.js: 16ms, application-code: 27ms)
 POST /api/workspaces/af510771-41b6-437a-80cd-dd1031bed538/api-keys 201 in 37ms (next.js: 4ms, application-code: 33ms)
 GET /api/workspaces/af510771-41b6-437a-80cd-dd1031bed538/api-keys 200 in 23ms (next.js: 2ms, application-code: 21ms)
 GET /api/v1/flows 403 in 12ms (next.js: 5ms, application-code: 8ms)
 GET /api/workspaces/af510771-41b6-437a-80cd-dd1031bed538/flows 200 in 14ms (next.js: 2ms, application-code: 12ms)
 POST /api/v1/flows/4fb2c220-7333-4ea1-b6a9-d8720746901f/runs 202 in 60ms (next.js: 17ms, application-code: 43ms)
2026-09-29T03:28:50.048Z [worker] run de876dce-6801-467f-9670-241d423277e9 claimed
2026-09-29T03:28:50.103Z [worker] run de876dce-6801-467f-9670-241d423277e9 done
 GET /w/e2e-28a751/settings?tab=keys 200 in 60ms (next.js: 18ms, application-code: 42ms)
 GET /api/health 200 in 8ms (next.js: 3ms, application-code: 6ms)
 GET /api/workspaces/af510771-41b6-437a-80cd-dd1031bed538/api-keys 200 in 20ms (next.js: 2ms, application-code: 18ms)
 DELETE /api/workspaces/af510771-41b6-437a-80cd-dd1031bed538/api-keys/4adbb385-309c-4989-b66d-62b2e5526403 200 in 48ms (next.js: 18ms, application-code: 30ms)
 GET /api/workspaces/af510771-41b6-437a-80cd-dd1031bed538/api-keys 200 in 29ms (next.js: 3ms, application-code: 26ms)
 GET /api/workspaces/af510771-41b6-437a-80cd-dd1031bed538/flows 200 in 33ms (next.js: 17ms, application-code: 16ms)
 POST /api/v1/flows/4fb2c220-7333-4ea1-b6a9-d8720746901f/runs 401 in 7ms (next.js: 2ms, application-code: 5ms)
 POST /api/auth/sign-up/email 200 in 100ms (next.js: 16ms, application-code: 84ms)
 GET /api/test/outbox?email=e2e-79d661bf%40flowline-e2e.test 200 in 8ms (next.js: 2ms, application-code: 6ms)
 POST /api/email 200 in 22ms (next.js: 2ms, application-code: 20ms)
 POST /api/auth/sign-in/email 200 in 71ms (next.js: 2ms, application-code: 68ms)
 POST /api/workspaces 201 in 29ms (next.js: 2ms, application-code: 27ms)
 POST /api/onboarding 200 in 22ms (next.js: 2ms, application-code: 19ms)
 POST /api/workspaces/a799d6f1-752c-4611-b386-e4570d28f47b/ai/connections 201 in 69ms (next.js: 15ms, application-code: 54ms)
 PUT /api/workspaces/a799d6f1-752c-4611-b386-e4570d28f47b/ai/default-route 200 in 35ms (next.js: 16ms, application-code: 18ms)
 PUT /api/workspaces/a799d6f1-752c-4611-b386-e4570d28f47b/ai/policy 200 in 43ms (next.js: 17ms, application-code: 25ms)
 POST /api/workspaces/a799d6f1-752c-4611-b386-e4570d28f47b/flows 201 in 27ms (next.js: 3ms, application-code: 24ms)
 PUT /api/flows/316e0a52-01e1-42d3-8e11-c5a5c16af85c 200 in 50ms (next.js: 17ms, application-code: 32ms)
 POST /api/flows/316e0a52-01e1-42d3-8e11-c5a5c16af85c/publish 201 in 48ms (next.js: 17ms, application-code: 32ms)
 GET /w/e2e-74a203/knowledge 200 in 71ms (next.js: 18ms, application-code: 54ms)
 GET /api/health 200 in 9ms (next.js: 3ms, application-code: 6ms)
 GET /api/workspaces/a799d6f1-752c-4611-b386-e4570d28f47b/knowledge 200 in 40ms (next.js: 20ms, application-code: 19ms)
 POST /api/workspaces/a799d6f1-752c-4611-b386-e4570d28f47b/knowledge 201 in 26ms (next.js: 3ms, application-code: 23ms)
2026-09-29T03:28:52.156Z [worker] knowledge source indexed
 GET /api/workspaces/a799d6f1-752c-4611-b386-e4570d28f47b/knowledge 200 in 23ms (next.js: 3ms, application-code: 21ms)
 GET /w/e2e-74a203/agents 200 in 67ms (next.js: 16ms, application-code: 51ms)
 GET /api/health 200 in 7ms (next.js: 2ms, application-code: 5ms)
 GET /w/e2e-74a203/agents/new 200 in 33ms (next.js: 19ms, application-code: 14ms)
 GET /api/workspaces/a799d6f1-752c-4611-b386-e4570d28f47b/agents 200 in 63ms (next.js: 17ms, application-code: 45ms)
 GET /api/workspaces/a799d6f1-752c-4611-b386-e4570d28f47b/knowledge 200 in 52ms (next.js: 40ms, application-code: 12ms)
 GET /api/workspaces/a799d6f1-752c-4611-b386-e4570d28f47b/flows 200 in 53ms (next.js: 35ms, application-code: 18ms)
 GET /api/workspaces/a799d6f1-752c-4611-b386-e4570d28f47b/ai 200 in 66ms (next.js: 17ms, application-code: 49ms)
 GET /api/workspaces/a799d6f1-752c-4611-b386-e4570d28f47b/ai/models 200 in 52ms (next.js: 20ms, application-code: 33ms)
 POST /api/workspaces/a799d6f1-752c-4611-b386-e4570d28f47b/agents 201 in 49ms (next.js: 3ms, application-code: 46ms)
 GET /w/e2e-74a203/agents/dff08dea-0ece-44c4-8c80-b58bac81e11e 200 in 33ms (next.js: 20ms, application-code: 13ms)
 GET /api/agents/dff08dea-0ece-44c4-8c80-b58bac81e11e 200 in 40ms (next.js: 21ms, application-code: 19ms)
 GET /api/agents/dff08dea-0ece-44c4-8c80-b58bac81e11e/runs 200 in 47ms (next.js: 19ms, application-code: 28ms)
 POST /api/agents/dff08dea-0ece-44c4-8c80-b58bac81e11e/runs 202 in 60ms (next.js: 3ms, application-code: 57ms)
2026-09-29T03:28:53.229Z [worker] agent run 03714bf8-9e07-47a5-a970-09977b298c8c claimed
 GET /api/agent-runs/03714bf8-9e07-47a5-a970-09977b298c8c 200 in 48ms (next.js: 23ms, application-code: 26ms)
2026-09-29T03:28:53.370Z [worker] agent run 03714bf8-9e07-47a5-a970-09977b298c8c succeeded
 GET /api/agent-runs/03714bf8-9e07-47a5-a970-09977b298c8c 200 in 37ms (next.js: 13ms, application-code: 24ms)
 POST /api/agents/dff08dea-0ece-44c4-8c80-b58bac81e11e/runs 202 in 62ms (next.js: 17ms, application-code: 45ms)
2026-09-29T03:28:54.675Z [worker] agent run d35c0637-0741-42ee-90ce-8078158a7f34 claimed
 GET /api/agent-runs/d35c0637-0741-42ee-90ce-8078158a7f34 200 in 17ms (next.js: 2ms, application-code: 15ms)
2026-09-29T03:28:54.733Z [worker] agent run d35c0637-0741-42ee-90ce-8078158a7f34 waiting for approval
 GET /api/agent-runs/d35c0637-0741-42ee-90ce-8078158a7f34 200 in 38ms (next.js: 12ms, application-code: 25ms)
 POST /api/approvals/7f481eb1-0a6c-447c-be6c-8e13792747d8/decide 200 in 38ms (next.js: 14ms, application-code: 23ms)
2026-09-29T03:28:56.067Z [worker] agent run d35c0637-0741-42ee-90ce-8078158a7f34 claimed
2026-09-29T03:28:56.125Z [worker] run cc24939a-e6ff-48ca-8a56-deb2428e4e44 claimed
 GET /api/agents/dff08dea-0ece-44c4-8c80-b58bac81e11e/runs 200 in 32ms (next.js: 19ms, application-code: 13ms)
 GET /api/agent-runs/d35c0637-0741-42ee-90ce-8078158a7f34 200 in 36ms (next.js: 2ms, application-code: 34ms)
2026-09-29T03:28:56.165Z [worker] run cc24939a-e6ff-48ca-8a56-deb2428e4e44 done
2026-09-29T03:28:56.668Z [worker] agent run d35c0637-0741-42ee-90ce-8078158a7f34 succeeded
 GET /api/agent-runs/d35c0637-0741-42ee-90ce-8078158a7f34 200 in 38ms (next.js: 13ms, application-code: 25ms)
 GET /api/flows/316e0a52-01e1-42d3-8e11-c5a5c16af85c/runs 200 in 42ms (next.js: 14ms, application-code: 29ms)
 POST /api/auth/sign-up/email 200 in 99ms (next.js: 17ms, application-code: 82ms)
 GET /api/test/outbox?email=e2e-bd172453%40flowline-e2e.test 200 in 7ms (next.js: 1.8ms, application-code: 5ms)
 POST /api/email 200 in 22ms (next.js: 2ms, application-code: 20ms)
 POST /api/auth/sign-in/email 200 in 70ms (next.js: 3ms, application-code: 67ms)
 POST /api/workspaces 201 in 33ms (next.js: 1.9ms, application-code: 31ms)
 POST /api/onboarding 200 in 21ms (next.js: 2ms, application-code: 19ms)
 POST /api/workspaces/d2d98c2a-9102-4817-a989-9cbd4616f3d3/ai/connections 201 in 69ms (next.js: 14ms, application-code: 55ms)
 PUT /api/workspaces/d2d98c2a-9102-4817-a989-9cbd4616f3d3/ai/default-route 200 in 34ms (next.js: 15ms, application-code: 19ms)
 PUT /api/workspaces/d2d98c2a-9102-4817-a989-9cbd4616f3d3/ai/policy 200 in 106ms (next.js: 15ms, application-code: 91ms)
 GET /w/e2e-b68e21/flows 200 in 69ms (next.js: 17ms, application-code: 53ms)
 GET /api/health 200 in 9ms (next.js: 2ms, application-code: 6ms)
 GET /api/workspaces/d2d98c2a-9102-4817-a989-9cbd4616f3d3/usage 200 in 92ms (next.js: 44ms, application-code: 48ms)
 GET /api/workspaces/d2d98c2a-9102-4817-a989-9cbd4616f3d3/flows 200 in 47ms (next.js: 25ms, application-code: 22ms)
 GET /api/workspaces/d2d98c2a-9102-4817-a989-9cbd4616f3d3/overview 200 in 111ms (next.js: 21ms, application-code: 90ms)
 POST /api/workspaces/d2d98c2a-9102-4817-a989-9cbd4616f3d3/copilot 201 in 145ms (next.js: 23ms, application-code: 122ms)
 POST /api/workspaces/d2d98c2a-9102-4817-a989-9cbd4616f3d3/copilot/425b4513-9a11-4d3d-8bea-6fe4ffa42333 200 in 47ms (next.js: 16ms, application-code: 31ms)
 GET /api/workspaces/d2d98c2a-9102-4817-a989-9cbd4616f3d3/flows 200 in 31ms (next.js: 3ms, application-code: 29ms)
 POST /api/workspaces/d2d98c2a-9102-4817-a989-9cbd4616f3d3/copilot 201 in 118ms (next.js: 3ms, application-code: 114ms)
 POST /api/workspaces/d2d98c2a-9102-4817-a989-9cbd4616f3d3/copilot/834ce758-a154-4ea2-8397-914d985cbb75 200 in 41ms (next.js: 3ms, application-code: 38ms)
 GET /w/e2e-b68e21/flows/ae46dd65-49d9-43ab-a2f1-876f3269051a 200 in 29ms (next.js: 16ms, application-code: 14ms)
 GET /api/flows/ae46dd65-49d9-43ab-a2f1-876f3269051a 200 in 29ms (next.js: 17ms, application-code: 13ms)
 GET /api/flows/ae46dd65-49d9-43ab-a2f1-876f3269051a/publish 200 in 52ms (next.js: 16ms, application-code: 36ms)
 GET /api/flows/ae46dd65-49d9-43ab-a2f1-876f3269051a/runs 200 in 32ms (next.js: 17ms, application-code: 14ms)
 GET /api/workspaces/d2d98c2a-9102-4817-a989-9cbd4616f3d3/flows 200 in 34ms (next.js: 18ms, application-code: 16ms)
 GET /api/flows/ae46dd65-49d9-43ab-a2f1-876f3269051a/runs 200 in 18ms (next.js: 3ms, application-code: 15ms)
 POST /api/auth/sign-up/email 200 in 107ms (next.js: 15ms, application-code: 91ms)
 GET /api/test/outbox?email=e2e-ec07bbb2%40flowline-e2e.test 200 in 7ms (next.js: 2ms, application-code: 5ms)
 POST /api/email 200 in 22ms (next.js: 2ms, application-code: 20ms)
 POST /api/auth/sign-in/email 200 in 73ms (next.js: 2ms, application-code: 71ms)
 POST /api/workspaces 201 in 37ms (next.js: 2ms, application-code: 34ms)
 POST /api/onboarding 200 in 20ms (next.js: 3ms, application-code: 18ms)
 POST /api/workspaces/8e9bc7f8-8601-4318-a2c0-bf1713bd56e1/ai/connections 201 in 85ms (next.js: 16ms, application-code: 68ms)
 PUT /api/workspaces/8e9bc7f8-8601-4318-a2c0-bf1713bd56e1/ai/default-route 200 in 38ms (next.js: 16ms, application-code: 21ms)
 PUT /api/workspaces/8e9bc7f8-8601-4318-a2c0-bf1713bd56e1/ai/policy 200 in 41ms (next.js: 16ms, application-code: 25ms)
 POST /api/workspaces/8e9bc7f8-8601-4318-a2c0-bf1713bd56e1/flows 201 in 26ms (next.js: 3ms, application-code: 23ms)
 PUT /api/flows/16dfa3b7-baa9-4a20-8f5e-d5e84581a9f6 200 in 45ms (next.js: 17ms, application-code: 29ms)
 POST /api/flows/16dfa3b7-baa9-4a20-8f5e-d5e84581a9f6/publish 201 in 49ms (next.js: 18ms, application-code: 31ms)
 POST /api/workspaces/8e9bc7f8-8601-4318-a2c0-bf1713bd56e1/agents 201 in 53ms (next.js: 16ms, application-code: 38ms)
 POST /api/workspaces/8e9bc7f8-8601-4318-a2c0-bf1713bd56e1/invites 201 in 45ms (next.js: 16ms, application-code: 29ms)
 POST /api/auth/sign-up/email 200 in 113ms (next.js: 17ms, application-code: 96ms)
 GET /api/test/outbox?email=vw-e3971a58%40flowline-e2e.test 200 in 8ms (next.js: 2ms, application-code: 5ms)
 POST /api/email 200 in 26ms (next.js: 3ms, application-code: 23ms)
 POST /api/auth/sign-in/email 200 in 78ms (next.js: 3ms, application-code: 75ms)
 POST /api/invites/TaxXDUTeEHSoSGFcx4IzjL9Rp4WGEeK1FYg_N3bnFZk 200 in 53ms (next.js: 17ms, application-code: 36ms)
 GET /w/e2e-931079/agents/876b4a03-63ac-447a-adfa-2a8b3927d33b 200 in 74ms (next.js: 19ms, application-code: 55ms)
 GET /api/health 200 in 9ms (next.js: 3ms, application-code: 6ms)
 GET /api/agents/876b4a03-63ac-447a-adfa-2a8b3927d33b 200 in 45ms (next.js: 19ms, application-code: 26ms)
 GET /api/agents/876b4a03-63ac-447a-adfa-2a8b3927d33b/runs 200 in 39ms (next.js: 19ms, application-code: 20ms)
 POST /api/agents/876b4a03-63ac-447a-adfa-2a8b3927d33b/runs 202 in 47ms (next.js: 3ms, application-code: 45ms)
2026-09-29T03:29:02.316Z [worker] agent run ad6f409a-21ee-4156-a040-2735c6cc2771 claimed
 GET /api/agent-runs/ad6f409a-21ee-4156-a040-2735c6cc2771 200 in 43ms (next.js: 18ms, application-code: 25ms)
2026-09-29T03:29:02.390Z [worker] agent run ad6f409a-21ee-4156-a040-2735c6cc2771 waiting for approval
 GET /api/agent-runs/ad6f409a-21ee-4156-a040-2735c6cc2771 200 in 38ms (next.js: 15ms, application-code: 23ms)
 GET /w/e2e-931079/flows 200 in 59ms (next.js: 14ms, application-code: 44ms)
 GET /api/health 200 in 8ms (next.js: 3ms, application-code: 5ms)
 GET /api/workspaces/8e9bc7f8-8601-4318-a2c0-bf1713bd56e1/flows 200 in 52ms (next.js: 37ms, application-code: 15ms)
 GET /api/workspaces/8e9bc7f8-8601-4318-a2c0-bf1713bd56e1/usage 200 in 54ms (next.js: 18ms, application-code: 36ms)
 GET /api/workspaces/8e9bc7f8-8601-4318-a2c0-bf1713bd56e1/overview 200 in 81ms (next.js: 17ms, application-code: 64ms)
 GET /w/e2e-931079/agents/876b4a03-63ac-447a-adfa-2a8b3927d33b?tab=runs&run=ad6f409a-21ee-4156-a040-2735c6cc2771 200 in 31ms (next.js: 18ms, application-code: 14ms)
 GET /api/agents/876b4a03-63ac-447a-adfa-2a8b3927d33b 200 in 32ms (next.js: 16ms, application-code: 16ms)
 GET /api/agents/876b4a03-63ac-447a-adfa-2a8b3927d33b/runs 200 in 41ms (next.js: 16ms, application-code: 25ms)
 GET /api/agent-runs/ad6f409a-21ee-4156-a040-2735c6cc2771 200 in 37ms (next.js: 16ms, application-code: 21ms)
 GET /w/e2e-931079/agents/876b4a03-63ac-447a-adfa-2a8b3927d33b 200 in 64ms (next.js: 3ms, application-code: 61ms)
 GET /api/health 200 in 8ms (next.js: 3ms, application-code: 5ms)
 GET /api/agents/876b4a03-63ac-447a-adfa-2a8b3927d33b 200 in 22ms (next.js: 2ms, application-code: 20ms)
 GET /api/agents/876b4a03-63ac-447a-adfa-2a8b3927d33b/runs 200 in 20ms (next.js: 3ms, application-code: 17ms)
 GET /api/agent-runs/ad6f409a-21ee-4156-a040-2735c6cc2771 200 in 22ms (next.js: 3ms, application-code: 19ms)
 POST /api/approvals/4ce8c4b1-afd9-4aef-a977-5cb4e776091d/decide 200 in 42ms (next.js: 16ms, application-code: 26ms)
2026-09-29T03:29:05.514Z [worker] agent run ad6f409a-21ee-4156-a040-2735c6cc2771 claimed
2026-09-29T03:29:05.573Z [worker] run 0e0f38ea-9f96-4b65-8f43-b0c0217b36f9 claimed
 GET /api/agents/876b4a03-63ac-447a-adfa-2a8b3927d33b/runs 200 in 47ms (next.js: 35ms, application-code: 12ms)
 GET /api/agent-runs/ad6f409a-21ee-4156-a040-2735c6cc2771 200 in 51ms (next.js: 17ms, application-code: 34ms)
2026-09-29T03:29:05.621Z [worker] run 0e0f38ea-9f96-4b65-8f43-b0c0217b36f9 done
2026-09-29T03:29:06.129Z [worker] agent run ad6f409a-21ee-4156-a040-2735c6cc2771 succeeded
 GET /api/agent-runs/ad6f409a-21ee-4156-a040-2735c6cc2771 200 in 40ms (next.js: 13ms, application-code: 27ms)
 GET /api/flows/16dfa3b7-baa9-4a20-8f5e-d5e84581a9f6/runs 200 in 34ms (next.js: 15ms, application-code: 19ms)
 POST /api/auth/sign-up/email 200 in 97ms (next.js: 16ms, application-code: 81ms)
 GET /api/test/outbox?email=e2e-825e653e%40flowline-e2e.test 200 in 7ms (next.js: 1.9ms, application-code: 5ms)
 POST /api/email 200 in 23ms (next.js: 2.0ms, application-code: 21ms)
 POST /api/auth/sign-in/email 200 in 71ms (next.js: 1.9ms, application-code: 69ms)
 POST /api/workspaces 201 in 31ms (next.js: 2ms, application-code: 29ms)
 POST /api/onboarding 200 in 23ms (next.js: 1.8ms, application-code: 21ms)
 GET /w/e2e-4e5f5c/knowledge 200 in 64ms (next.js: 16ms, application-code: 48ms)
 GET /api/health 200 in 7ms (next.js: 2ms, application-code: 4ms)
 GET /api/workspaces/2306239a-28ab-47c0-848a-d3630f9b7b59/knowledge 200 in 33ms (next.js: 16ms, application-code: 17ms)
 GET /sign-in 200 in 31ms (next.js: 2ms, application-code: 28ms)
 GET /api/auth-config 200 in 8ms (next.js: 2ms, application-code: 5ms)
 GET /api/sso/start?workspace=no-such-workspace-xyz 307 in 14ms (next.js: 6ms, application-code: 8ms)
 GET /sign-in?sso_error=SSO%20isn%27t%20set%20up%20for%20that%20workspace 200 in 29ms (next.js: 2ms, application-code: 27ms)
 GET /api/auth-config 200 in 8ms (next.js: 3ms, application-code: 5ms)
 GET /sign-in 200 in 28ms (next.js: 3ms, application-code: 26ms)
 GET /api/auth-config 200 in 7ms (next.js: 2ms, application-code: 5ms)
[auth] User not found
 POST /api/auth/sign-in/email 401 in 79ms (next.js: 15ms, application-code: 64ms)
 POST /api/auth/sign-up/email 200 in 98ms (next.js: 14ms, application-code: 84ms)
 GET /api/test/outbox?email=e2e-c1736f89%40flowline-e2e.test 200 in 7ms (next.js: 2ms, application-code: 5ms)
 POST /api/email 200 in 23ms (next.js: 1.9ms, application-code: 21ms)
 POST /api/auth/sign-in/email 200 in 72ms (next.js: 2ms, application-code: 70ms)
 POST /api/workspaces 201 in 40ms (next.js: 2ms, application-code: 37ms)
 POST /api/onboarding 200 in 14ms (next.js: 2ms, application-code: 12ms)
 POST /api/workspaces/cac7719c-aa68-411e-bf6d-506c35a190e4/flows 201 in 29ms (next.js: 16ms, application-code: 14ms)
 POST /api/auth/sign-up/email 200 in 78ms (next.js: 2.0ms, application-code: 76ms)
 GET /api/test/outbox?email=e2e-85e3c603%40flowline-e2e.test 200 in 6ms (next.js: 1.8ms, application-code: 4ms)
 POST /api/email 200 in 26ms (next.js: 1.7ms, application-code: 24ms)
 POST /api/auth/sign-in/email 200 in 69ms (next.js: 1.8ms, application-code: 67ms)
 POST /api/workspaces 201 in 31ms (next.js: 2ms, application-code: 29ms)
 POST /api/onboarding 200 in 13ms (next.js: 3ms, application-code: 11ms)
 POST /api/workspaces/f0456d38-ddb6-4c28-93f9-26b8d705e301/flows 201 in 31ms (next.js: 2ms, application-code: 29ms)
 POST /api/flows/798b740c-30a0-4557-ac5e-3ab51142d4fc/runs 202 in 69ms (next.js: 15ms, application-code: 54ms)
2026-09-29T03:29:24.857Z [worker] run 4256dd28-44e5-4925-8a37-60aef1526ab7 claimed
 GET /api/runs/4256dd28-44e5-4925-8a37-60aef1526ab7 200 in 34ms (next.js: 16ms, application-code: 18ms)
2026-09-29T03:29:24.906Z [worker] run 4256dd28-44e5-4925-8a37-60aef1526ab7 done
 GET /api/runs/4256dd28-44e5-4925-8a37-60aef1526ab7 200 in 20ms (next.js: 2ms, application-code: 18ms)
 GET /w/tenant-b-10/flows 200 in 64ms (next.js: 17ms, application-code: 48ms)
 GET /api/health 200 in 10ms (next.js: 4ms, application-code: 6ms)
 GET /api/workspaces/f0456d38-ddb6-4c28-93f9-26b8d705e301/usage 200 in 87ms (next.js: 44ms, application-code: 43ms)
 GET /api/workspaces/f0456d38-ddb6-4c28-93f9-26b8d705e301/flows 200 in 41ms (next.js: 27ms, application-code: 15ms)
 GET /api/workspaces/f0456d38-ddb6-4c28-93f9-26b8d705e301/overview 200 in 101ms (next.js: 17ms, application-code: 83ms)
 GET /w/tenant-b-10/runs 200 in 63ms (next.js: 16ms, application-code: 47ms)
 GET /api/health 200 in 7ms (next.js: 2ms, application-code: 5ms)
 GET /api/workspaces/f0456d38-ddb6-4c28-93f9-26b8d705e301/runs?limit=25 200 in 30ms (next.js: 18ms, application-code: 12ms)
 GET /w/tenant-a-10/flows 404 in 68ms (next.js: 17ms, application-code: 51ms)
 GET /w/tenant-b-10/flows/798b740c-30a0-4557-ac5e-3ab51142d4fc 200 in 72ms (next.js: 17ms, application-code: 54ms)
 GET /api/health 200 in 9ms (next.js: 3ms, application-code: 6ms)
 GET /api/flows/798b740c-30a0-4557-ac5e-3ab51142d4fc 404 in 36ms (next.js: 22ms, application-code: 14ms)
 GET /api/flows/798b740c-30a0-4557-ac5e-3ab51142d4fc 404 in 26ms (next.js: 3ms, application-code: 24ms)
 GET /api/runs/4256dd28-44e5-4925-8a37-60aef1526ab7 404 in 42ms (next.js: 16ms, application-code: 26ms)
 GET /api/workspaces/cac7719c-aa68-411e-bf6d-506c35a190e4/runs 404 in 26ms (next.js: 16ms, application-code: 9ms)
 GET /api/workspaces/cac7719c-aa68-411e-bf6d-506c35a190e4/flows 404 in 24ms (next.js: 15ms, application-code: 9ms)
 GET /api/flows/798b740c-30a0-4557-ac5e-3ab51142d4fc/versions 404 in 43ms (next.js: 16ms, application-code: 27ms)
 PUT /api/flows/798b740c-30a0-4557-ac5e-3ab51142d4fc 404 in 17ms (next.js: 3ms, application-code: 14ms)
 POST /api/flows/798b740c-30a0-4557-ac5e-3ab51142d4fc/runs 404 in 42ms (next.js: 15ms, application-code: 26ms)
 POST /api/runs/4256dd28-44e5-4925-8a37-60aef1526ab7/rerun 404 in 42ms (next.js: 20ms, application-code: 22ms)
 GET /api/flows/798b740c-30a0-4557-ac5e-3ab51142d4fc 200 in 26ms (next.js: 2ms, application-code: 24ms)
 GET /api/health?require=worker 200 in 7ms (next.js: 3ms, application-code: 4ms)
 GET /api/health?require=worker 200 in 144ms (next.js: 139ms, application-code: 4ms)
 POST /api/auth/sign-up/email 200 in 93ms (next.js: 14ms, application-code: 78ms)
 GET /api/test/outbox?email=e2e-52914794%40flowline-e2e.test 200 in 7ms (next.js: 2ms, application-code: 4ms)
 POST /api/email 200 in 20ms (next.js: 2ms, application-code: 18ms)
 POST /api/auth/sign-in/email 200 in 66ms (next.js: 3ms, application-code: 63ms)
 POST /api/workspaces 201 in 20ms (next.js: 2.0ms, application-code: 18ms)
 POST /api/onboarding 200 in 11ms (next.js: 2ms, application-code: 9ms)
 GET /w/e2e-e37fa8/settings?tab=ai 200 in 59ms (next.js: 15ms, application-code: 43ms)
 GET /api/health 200 in 7ms (next.js: 2ms, application-code: 5ms)
 GET /api/workspaces/15496ada-fe1d-4ab7-8485-b13891897c3a/ai 200 in 32ms (next.js: 15ms, application-code: 16ms)
 GET /api/workspaces/15496ada-fe1d-4ab7-8485-b13891897c3a/ai/models 200 in 31ms (next.js: 16ms, application-code: 15ms)
 POST /api/workspaces/15496ada-fe1d-4ab7-8485-b13891897c3a/ai/connections 201 in 81ms (next.js: 16ms, application-code: 65ms)
 GET /api/workspaces/15496ada-fe1d-4ab7-8485-b13891897c3a/ai/models 200 in 22ms (next.js: 6ms, application-code: 16ms)
 GET /api/workspaces/15496ada-fe1d-4ab7-8485-b13891897c3a/ai 200 in 23ms (next.js: 2ms, application-code: 21ms)
[?25h
 ELIFECYCLE  Command failed with exit code 1.
