
> flowline@0.1.0 dev:test C:\Users\Abdelrahman\Desktop\Personal_Project\FL-wt-aihub
> node scripts/dev-test.mjs

npm warn Unknown env config "npm-globalconfig". This will stop working in the next major version of npm.
npm warn Unknown env config "verify-deps-before-run". This will stop working in the next major version of npm.
npm warn Unknown env config "_jsr-registry". This will stop working in the next major version of npm.
[seed-platform] test platform credentials ready
npm warn Unknown env config "npm-globalconfig". This will stop working in the next major version of npm.
npm warn Unknown env config "verify-deps-before-run". This will stop working in the next major version of npm.
npm warn Unknown env config "_jsr-registry". This will stop working in the next major version of npm.
npm warn Unknown env config "npm-globalconfig". This will stop working in the next major version of npm.
npm warn Unknown env config "verify-deps-before-run". This will stop working in the next major version of npm.
npm warn Unknown env config "_jsr-registry". This will stop working in the next major version of npm.
npm warn Unknown env config "npm-globalconfig". This will stop working in the next major version of npm.
npm warn Unknown env config "npm-globalconfig". This will stop working in the next major version of npm.
npm warn Unknown env config "verify-deps-before-run". This will stop working in the next major version of npm.
npm warn Unknown env config "verify-deps-before-run". This will stop working in the next major version of npm.
npm warn Unknown env config "_jsr-registry". This will stop working in the next major version of npm.
npm warn Unknown env config "_jsr-registry". This will stop working in the next major version of npm.
[fake-ai] listening on http://127.0.0.1:4011
Fake provider server listening on http://127.0.0.1:4010
Control API: POST http://127.0.0.1:4010/__fake/reset | GET http://127.0.0.1:4010/__fake/requests?provider=slack | GET http://127.0.0.1:4010/__fake/state/slack | POST http://127.0.0.1:4010/__fake/fault
▲ Next.js 16.3.6 (Turbopack)
- Local:         http://localhost:3100
- Network:       http://100.73.156.121:3100
- Environments: .env
✓ Ready in 394ms
✓ Running next.config.ts took 50ms
2026-09-29T03:29:59.840Z [worker] starting LAPTOP-AGGSOJ7U-38216-68d3fd

 GET /api/health?require=worker 200 in 410ms (next.js: 277ms, application-code: 133ms)
 GET /sign-in 200 in 266ms (next.js: 87ms, application-code: 180ms)
 GET /w 404 in 47ms (next.js: 22ms, application-code: 26ms)
[auth] [better-auth] Cookie integration plugin "next-cookies" should be placed last in the plugins array. Plugins with `hooks.after` running after it may set cookies that are not forwarded to the framework cookie store. Move your cookie integration plugin to the end of the `plugins` array to avoid missing `Set-Cookie` headers.
 GET /admin 404 in 304ms (next.js: 146ms, application-code: 157ms)
 GET /api/health?require=worker 200 in 8ms (next.js: 2ms, application-code: 6ms)
 GET /api/health?require=worker 200 in 147ms (next.js: 142ms, application-code: 5ms)
 POST /api/auth/sign-in/email 200 in 934ms (next.js: 825ms, application-code: 109ms)
[auth] [better-auth] Cookie integration plugin "next-cookies" should be placed last in the plugins array. Plugins with `hooks.after` running after it may set cookies that are not forwarded to the framework cookie store. Move your cookie integration plugin to the end of the `plugins` array to avoid missing `Set-Cookie` headers.
 GET /api/workspaces/15496ada-fe1d-4ab7-8485-b13891897c3a/ai/connections 200 in 858ms (next.js: 830ms, application-code: 29ms)
 POST /api/workspaces/15496ada-fe1d-4ab7-8485-b13891897c3a/ai/connections/0f7d5e7b-581b-4499-9c24-5fbc957b035c/test 200 in 880ms (next.js: 808ms, application-code: 72ms)
 GET /w/e2e-e37fa8/settings?tab=ai 200 in 704ms (next.js: 580ms, application-code: 124ms)
 GET /api/health 200 in 8ms (next.js: 2ms, application-code: 6ms)
 GET /api/workspaces/15496ada-fe1d-4ab7-8485-b13891897c3a/ai 200 in 864ms (next.js: 830ms, application-code: 34ms)
2026-09-29T03:30:09.981Z [worker] run 08062b6d-03e4-42ff-bd0c-91bf84af302f claimed
2026-09-29T03:30:09.986Z [worker] run be2a70ab-0455-46fa-9aec-2cc9a11ceb14 claimed
2026-09-29T03:30:10.046Z [worker] run 1aa11afc-7dae-482a-b4e4-cd3ad0d08ba8 claimed
2026-09-29T03:30:10.052Z [worker] run 48102899-ab35-470b-a3e9-3b0007f9e479 claimed
2026-09-29T03:30:10.087Z [worker] run 08062b6d-03e4-42ff-bd0c-91bf84af302f done
2026-09-29T03:30:10.089Z [worker] run 1aa11afc-7dae-482a-b4e4-cd3ad0d08ba8 done
 GET /api/workspaces/15496ada-fe1d-4ab7-8485-b13891897c3a/ai/models 200 in 459ms
2026-09-29T03:30:10.090Z [worker] run be2a70ab-0455-46fa-9aec-2cc9a11ceb14 done
2026-09-29T03:30:10.097Z [worker] run 48102899-ab35-470b-a3e9-3b0007f9e479 done
2026-09-29T03:30:10.107Z [worker] run 5990e9d9-3d34-4612-acb6-8baebbf20f20 claimed
2026-09-29T03:30:10.113Z [worker] run b8b532d5-4f6a-4616-893d-8f49119023ac claimed
2026-09-29T03:30:10.141Z [worker] run 5990e9d9-3d34-4612-acb6-8baebbf20f20 done
2026-09-29T03:30:10.147Z [worker] run ddd4f1ea-597f-4552-8cdb-b20c2fbcf8da claimed
2026-09-29T03:30:10.158Z [worker] run b8b532d5-4f6a-4616-893d-8f49119023ac done
2026-09-29T03:30:10.174Z [worker] run 1861eec8-fba6-47c8-8caf-0e357f1a975b claimed
2026-09-29T03:30:10.180Z [worker] run ddd4f1ea-597f-4552-8cdb-b20c2fbcf8da done
2026-09-29T03:30:10.206Z [worker] run cf2eb1f1-a325-4820-8edf-354e9618085d claimed
2026-09-29T03:30:10.211Z [worker] run 1861eec8-fba6-47c8-8caf-0e357f1a975b done
2026-09-29T03:30:10.231Z [worker] run 404f83cd-77a0-4404-8f02-81b14e8b693a claimed
2026-09-29T03:30:10.249Z [worker] run cf2eb1f1-a325-4820-8edf-354e9618085d done
2026-09-29T03:30:10.257Z [worker] run 40a6e10a-937f-403b-97a6-6c33465ba763 claimed
2026-09-29T03:30:10.266Z [worker] run 404f83cd-77a0-4404-8f02-81b14e8b693a done
2026-09-29T03:30:10.287Z [worker] run 3804cb3a-fbcb-4e72-810c-48dea4edcdd4 claimed
2026-09-29T03:30:10.289Z [worker] run 40a6e10a-937f-403b-97a6-6c33465ba763 done
2026-09-29T03:30:10.314Z [worker] run 7202aed2-722a-4c6c-9443-053e7833866c claimed
2026-09-29T03:30:10.321Z [worker] run 3804cb3a-fbcb-4e72-810c-48dea4edcdd4 done
2026-09-29T03:30:10.339Z [worker] run 1cb29822-6793-4714-8a25-50bd538aaee3 claimed
2026-09-29T03:30:10.345Z [worker] run 7202aed2-722a-4c6c-9443-053e7833866c done
2026-09-29T03:30:10.366Z [worker] run 23878eea-d8f1-426b-92e3-e7139ce147f2 claimed
2026-09-29T03:30:10.372Z [worker] run 1cb29822-6793-4714-8a25-50bd538aaee3 done
2026-09-29T03:30:10.392Z [worker] run 0ee6780d-9a6d-40a5-8f62-cc0d61bb2a1b claimed
2026-09-29T03:30:10.398Z [worker] run 23878eea-d8f1-426b-92e3-e7139ce147f2 done
2026-09-29T03:30:10.417Z [worker] run 6442eac9-a4e9-4f7c-ab8d-e691605bfa12 claimed
2026-09-29T03:30:10.423Z [worker] run 0ee6780d-9a6d-40a5-8f62-cc0d61bb2a1b done
2026-09-29T03:30:10.442Z [worker] run dd0a5af9-9776-4588-b6db-be34a13f77aa claimed
2026-09-29T03:30:10.447Z [worker] run 6442eac9-a4e9-4f7c-ab8d-e691605bfa12 done
2026-09-29T03:30:10.466Z [worker] run 6c4143b6-135a-49da-a48f-8550c7179601 claimed
2026-09-29T03:30:10.474Z [worker] run dd0a5af9-9776-4588-b6db-be34a13f77aa done
2026-09-29T03:30:10.494Z [worker] run 1dd1467b-c7f1-42f2-a6d7-3bd9116e91c0 claimed
2026-09-29T03:30:10.498Z [worker] run 6c4143b6-135a-49da-a48f-8550c7179601 done
2026-09-29T03:30:10.518Z [worker] run de0f1e9e-da35-48be-87b8-74643eef27cb claimed
2026-09-29T03:30:10.524Z [worker] run 1dd1467b-c7f1-42f2-a6d7-3bd9116e91c0 done
2026-09-29T03:30:10.540Z [worker] run 0169889e-112f-413f-8692-3f1eda8f6a9f claimed
2026-09-29T03:30:10.544Z [worker] run de0f1e9e-da35-48be-87b8-74643eef27cb done
2026-09-29T03:30:10.565Z [worker] run 964de09e-d988-4517-935e-fa347e946f70 claimed
2026-09-29T03:30:10.570Z [worker] run 0169889e-112f-413f-8692-3f1eda8f6a9f done
2026-09-29T03:30:10.590Z [worker] run 4736f30e-27b2-48cf-b58e-430281b10580 claimed
2026-09-29T03:30:10.595Z [worker] run 964de09e-d988-4517-935e-fa347e946f70 done
2026-09-29T03:30:10.615Z [worker] run ba1b4e71-80c4-401e-aa6c-06500e32ec58 claimed
2026-09-29T03:30:10.623Z [worker] run 4736f30e-27b2-48cf-b58e-430281b10580 done
2026-09-29T03:30:10.643Z [worker] run 0eeeb02d-6aec-4cd3-8fa7-a1210fe5847e claimed
2026-09-29T03:30:10.648Z [worker] run ba1b4e71-80c4-401e-aa6c-06500e32ec58 done
2026-09-29T03:30:10.669Z [worker] run 568d06ed-367e-4332-aba4-fa91b24099ee claimed
2026-09-29T03:30:10.673Z [worker] run 0eeeb02d-6aec-4cd3-8fa7-a1210fe5847e done
2026-09-29T03:30:10.691Z [worker] run 7835bbb6-23b0-4fb3-ab99-23361faab656 claimed
2026-09-29T03:30:10.701Z [worker] run 568d06ed-367e-4332-aba4-fa91b24099ee done
2026-09-29T03:30:10.718Z [worker] run 9723ba73-dfdf-481e-85df-f34e55a9bc55 claimed
2026-09-29T03:30:10.721Z [worker] run 7835bbb6-23b0-4fb3-ab99-23361faab656 done
2026-09-29T03:30:10.740Z [worker] run 008818ad-21be-418f-9cd2-242de9a255a8 claimed
2026-09-29T03:30:10.745Z [worker] run 9723ba73-dfdf-481e-85df-f34e55a9bc55 done
2026-09-29T03:30:10.762Z [worker] run e9912e8e-becc-4958-bac2-a87c7e102006 claimed
2026-09-29T03:30:10.766Z [worker] run 008818ad-21be-418f-9cd2-242de9a255a8 done
2026-09-29T03:30:10.782Z [worker] run 49521a89-e0ef-4779-9132-e6b05c7433a1 claimed
2026-09-29T03:30:10.789Z [worker] run e9912e8e-becc-4958-bac2-a87c7e102006 done
2026-09-29T03:30:10.805Z [worker] run 5a5f81c1-eac6-416e-ab8d-a1f56850fff5 claimed
2026-09-29T03:30:10.808Z [worker] run 49521a89-e0ef-4779-9132-e6b05c7433a1 done
2026-09-29T03:30:10.826Z [worker] run c9439b58-3cd1-4633-b617-848c024c5ac6 claimed
2026-09-29T03:30:10.834Z [worker] run 5a5f81c1-eac6-416e-ab8d-a1f56850fff5 done
2026-09-29T03:30:10.840Z [worker] scheduler fired 35
2026-09-29T03:30:10.846Z [worker] run ca2e6a6c-48c8-4ba8-8e12-cb97edcfa4d9 claimed
2026-09-29T03:30:10.851Z [worker] run c9439b58-3cd1-4633-b617-848c024c5ac6 done
2026-09-29T03:30:10.872Z [worker] run ca2e6a6c-48c8-4ba8-8e12-cb97edcfa4d9 done
 GET /api/health?require=worker 200 in 10ms (next.js: 5ms, application-code: 5ms)
 GET /api/health?require=worker 200 in 6ms (next.js: 1.9ms, application-code: 4ms)
 POST /api/auth/sign-up/email 200 in 112ms (next.js: 19ms, application-code: 93ms)
 GET /api/test/outbox?email=e2e-522d9144%40flowline-e2e.test 200 in 43ms (next.js: 36ms, application-code: 7ms)
 POST /api/email 200 in 69ms (next.js: 44ms, application-code: 25ms)
 POST /api/auth/sign-in/email 200 in 69ms (next.js: 1.5ms, application-code: 68ms)
 POST /api/workspaces 201 in 56ms (next.js: 37ms, application-code: 19ms)
 POST /api/onboarding 200 in 54ms (next.js: 31ms, application-code: 22ms)
 GET /w/e2e-5162f0/settings?tab=ai 200 in 67ms (next.js: 22ms, application-code: 45ms)
 GET /api/health 200 in 8ms (next.js: 3ms, application-code: 6ms)
 GET /api/workspaces/a5fbfed2-4657-441f-934d-70051c3e8733/ai 200 in 46ms (next.js: 18ms, application-code: 27ms)
 GET /api/workspaces/a5fbfed2-4657-441f-934d-70051c3e8733/ai/models 200 in 43ms (next.js: 17ms, application-code: 26ms)
 POST /api/workspaces/a5fbfed2-4657-441f-934d-70051c3e8733/ai/connections 201 in 93ms (next.js: 17ms, application-code: 76ms)
 GET /api/workspaces/a5fbfed2-4657-441f-934d-70051c3e8733/ai/models 200 in 59ms (next.js: 35ms, application-code: 23ms)
 GET /api/workspaces/a5fbfed2-4657-441f-934d-70051c3e8733/ai 200 in 61ms (next.js: 19ms, application-code: 43ms)
 PUT /api/workspaces/a5fbfed2-4657-441f-934d-70051c3e8733/ai/default-route 200 in 991ms (next.js: 954ms, application-code: 36ms)
 GET /api/workspaces/a5fbfed2-4657-441f-934d-70051c3e8733/ai 200 in 39ms (next.js: 18ms, application-code: 21ms)
 PATCH /api/workspaces/a5fbfed2-4657-441f-934d-70051c3e8733 200 in 820ms (next.js: 802ms, application-code: 18ms)
 POST /api/workspaces/a5fbfed2-4657-441f-934d-70051c3e8733/flows 201 in 838ms (next.js: 823ms, application-code: 15ms)
 PUT /api/flows/2f069d23-b16a-4b33-918a-1b84f5f9ce8c 200 in 830ms (next.js: 801ms, application-code: 29ms)
 GET /w/e2e-5162f0/flows/2f069d23-b16a-4b33-918a-1b84f5f9ce8c 200 in 659ms (next.js: 586ms, application-code: 73ms)
 GET /api/health 200 in 11ms (next.js: 4ms, application-code: 7ms)
 GET /api/flows/2f069d23-b16a-4b33-918a-1b84f5f9ce8c 200 in 34ms (next.js: 17ms, application-code: 16ms)
 GET /api/workspaces/a5fbfed2-4657-441f-934d-70051c3e8733/ai 200 in 54ms (next.js: 16ms, application-code: 38ms)
 GET /api/workspaces/a5fbfed2-4657-441f-934d-70051c3e8733/ai/models 200 in 31ms (next.js: 14ms, application-code: 16ms)
 GET /api/flows/2f069d23-b16a-4b33-918a-1b84f5f9ce8c/publish 200 in 979ms (next.js: 955ms, application-code: 24ms)
 GET /api/flows/2f069d23-b16a-4b33-918a-1b84f5f9ce8c/runs 200 in 927ms (next.js: 903ms, application-code: 24ms)
 PUT /api/flows/2f069d23-b16a-4b33-918a-1b84f5f9ce8c 200 in 36ms (next.js: 14ms, application-code: 22ms)
2026-09-29T03:30:39.978Z [worker] run 49495ba1-dd10-4320-a896-7b7ce1d45c42 claimed
 POST /api/flows/2f069d23-b16a-4b33-918a-1b84f5f9ce8c/runs 202 in 89ms (next.js: 18ms, application-code: 70ms)
 GET /api/flows/2f069d23-b16a-4b33-918a-1b84f5f9ce8c/runs 200 in 22ms (next.js: 2ms, application-code: 20ms)
2026-09-29T03:30:40.086Z [worker] run 49495ba1-dd10-4320-a896-7b7ce1d45c42 done
 GET /api/runs/49495ba1-dd10-4320-a896-7b7ce1d45c42 200 in 890ms (next.js: 863ms, application-code: 27ms)
 GET /api/flows/2f069d23-b16a-4b33-918a-1b84f5f9ce8c/runs 200 in 38ms (next.js: 14ms, application-code: 24ms)
 GET /w/e2e-5162f0/runs?run=49495ba1-dd10-4320-a896-7b7ce1d45c42 200 in 612ms (next.js: 596ms, application-code: 16ms)
 GET /api/workspaces/a5fbfed2-4657-441f-934d-70051c3e8733/runs?limit=25 200 in 945ms (next.js: 924ms, application-code: 21ms)
 GET /w/e2e-5162f0/settings?tab=ai 200 in 57ms (next.js: 15ms, application-code: 42ms)
 GET /api/health 200 in 9ms (next.js: 2ms, application-code: 7ms)
 GET /api/workspaces/a5fbfed2-4657-441f-934d-70051c3e8733/ai 200 in 51ms (next.js: 18ms, application-code: 34ms)
 GET /api/workspaces/a5fbfed2-4657-441f-934d-70051c3e8733/ai/models 200 in 43ms (next.js: 19ms, application-code: 24ms)
 POST /api/auth/sign-out 200 in 44ms (next.js: 17ms, application-code: 26ms)
 GET /sign-in 200 in 38ms (next.js: 6ms, application-code: 31ms)
 GET /api/auth-config 200 in 80ms (next.js: 69ms, application-code: 11ms)
 POST /api/auth/sign-in/email 200 in 127ms (next.js: 1.8ms, application-code: 125ms)
 GET /w/e2e-5162f0/settings?tab=ai 200 in 66ms (next.js: 16ms, application-code: 50ms)
 GET /api/health 200 in 14ms (next.js: 4ms, application-code: 10ms)
 GET /api/workspaces/a5fbfed2-4657-441f-934d-70051c3e8733/ai 200 in 60ms (next.js: 20ms, application-code: 39ms)
 GET /api/workspaces/a5fbfed2-4657-441f-934d-70051c3e8733/ai/models 200 in 64ms (next.js: 19ms, application-code: 45ms)
 POST /api/auth/sign-up/email 200 in 94ms (next.js: 14ms, application-code: 80ms)
 GET /api/test/outbox?email=ai-other-ac3e0906%40flowline-e2e.test 200 in 9ms (next.js: 3ms, application-code: 6ms)
 POST /api/email 200 in 25ms (next.js: 1.8ms, application-code: 23ms)
 POST /api/auth/sign-in/email 200 in 81ms (next.js: 3ms, application-code: 78ms)
 POST /api/workspaces 201 in 50ms (next.js: 2ms, application-code: 48ms)
 GET /api/workspaces/a5fbfed2-4657-441f-934d-70051c3e8733/ai/connections 404 in 37ms (next.js: 14ms, application-code: 23ms)
 GET /api/workspaces/a5fbfed2-4657-441f-934d-70051c3e8733/ai/models 404 in 12ms (next.js: 2ms, application-code: 10ms)
 GET /w/other-ai-13/settings?tab=ai 200 in 63ms (next.js: 16ms, application-code: 47ms)
 GET /api/health 200 in 10ms (next.js: 4ms, application-code: 6ms)
 GET /api/workspaces/54ede331-3227-476e-902c-3a2998d901a3/ai 200 in 40ms (next.js: 18ms, application-code: 22ms)
 GET /api/workspaces/54ede331-3227-476e-902c-3a2998d901a3/ai/models 200 in 36ms (next.js: 18ms, application-code: 19ms)
 POST /api/workspaces/a5fbfed2-4657-441f-934d-70051c3e8733/invites 201 in 820ms (next.js: 789ms, application-code: 32ms)
 POST /api/auth/sign-up/email 200 in 91ms (next.js: 14ms, application-code: 78ms)
 GET /api/test/outbox?email=ai-editor-e82b5810%40flowline-e2e.test 200 in 9ms (next.js: 2ms, application-code: 7ms)
 POST /api/email 200 in 42ms (next.js: 1.9ms, application-code: 40ms)
 POST /api/auth/sign-in/email 200 in 68ms (next.js: 2.0ms, application-code: 66ms)
 POST /api/invites/j9JV0ix_lG-mIhGdI5IfFS6SmAtQl9br81OR9yM1QfI 200 in 799ms (next.js: 778ms, application-code: 21ms)
 GET /api/workspaces/a5fbfed2-4657-441f-934d-70051c3e8733/ai/models 200 in 34ms (next.js: 13ms, application-code: 21ms)
 GET /api/workspaces/a5fbfed2-4657-441f-934d-70051c3e8733/ai/connections 200 in 32ms (next.js: 14ms, application-code: 18ms)
 POST /api/workspaces/a5fbfed2-4657-441f-934d-70051c3e8733/ai/connections 403 in 23ms (next.js: 1.7ms, application-code: 21ms)
 GET /api/flows/2f069d23-b16a-4b33-918a-1b84f5f9ce8c 200 in 27ms (next.js: 14ms, application-code: 13ms)
 PUT /api/flows/2f069d23-b16a-4b33-918a-1b84f5f9ce8c 403 in 21ms (next.js: 1.7ms, application-code: 19ms)
 GET /w/e2e-5162f0/flows/2f069d23-b16a-4b33-918a-1b84f5f9ce8c 200 in 62ms (next.js: 16ms, application-code: 46ms)
 GET /api/health 200 in 10ms (next.js: 4ms, application-code: 6ms)
 GET /api/flows/2f069d23-b16a-4b33-918a-1b84f5f9ce8c 200 in 25ms (next.js: 1.8ms, application-code: 23ms)
 GET /api/flows/2f069d23-b16a-4b33-918a-1b84f5f9ce8c/publish 200 in 69ms (next.js: 22ms, application-code: 48ms)
 GET /api/flows/2f069d23-b16a-4b33-918a-1b84f5f9ce8c/runs 200 in 54ms (next.js: 23ms, application-code: 31ms)
 GET /api/runs/49495ba1-dd10-4320-a896-7b7ce1d45c42 200 in 57ms (next.js: 20ms, application-code: 36ms)
 GET /api/workspaces/a5fbfed2-4657-441f-934d-70051c3e8733/ai 200 in 43ms (next.js: 14ms, application-code: 29ms)
 GET /api/workspaces/a5fbfed2-4657-441f-934d-70051c3e8733/ai/models 200 in 39ms (next.js: 15ms, application-code: 24ms)
 GET / 200 in 105ms (next.js: 46ms, application-code: 59ms)
 GET /sign-up 200 in 39ms (next.js: 21ms, application-code: 19ms)
 GET /api/auth-config 200 in 8ms (next.js: 2ms, application-code: 6ms)
 POST /api/auth/sign-up/email 200 in 109ms (next.js: 15ms, application-code: 94ms)
 GET /api/test/outbox?email=arabic-19c99eae%40flowline-e2e.test 200 in 7ms (next.js: 1.6ms, application-code: 5ms)
 GET /verify-email?token=98UOCFfreflx8PAE87oIC3TxTgvaoKeFadxjrbcVPH0&callbackURL=%2Fsign-in 200 in 42ms (next.js: 19ms, application-code: 22ms)
 POST /api/email 200 in 26ms (next.js: 1.9ms, application-code: 24ms)
 GET /sign-in 200 in 19ms (next.js: 4ms, application-code: 15ms)
 GET /api/auth-config 200 in 7ms (next.js: 1.6ms, application-code: 5ms)
 POST /api/auth/sign-in/email 200 in 98ms (next.js: 19ms, application-code: 79ms)
 GET /app 200 in 94ms (next.js: 43ms, application-code: 51ms)
 GET /app 200 in 62ms (next.js: 3ms, application-code: 58ms)
 GET /onboarding 200 in 85ms (next.js: 52ms, application-code: 33ms)
 GET /onboarding 200 in 99ms (next.js: 37ms, application-code: 62ms)
 POST /api/workspaces 201 in 35ms (next.js: 2ms, application-code: 33ms)
 POST /api/workspaces/ae8f82b7-a880-4b25-b9f8-9bb30029690a/flows 201 in 54ms (next.js: 18ms, application-code: 36ms)
 POST /api/onboarding 200 in 17ms (next.js: 1.8ms, application-code: 16ms)
 GET /w/arabic-co-12/flows/41cdd0e5-5f61-4aa1-ab66-5aae54882b2b 200 in 62ms (next.js: 19ms, application-code: 43ms)
 GET /api/health 200 in 28ms (next.js: 2ms, application-code: 26ms)
 GET /api/flows/41cdd0e5-5f61-4aa1-ab66-5aae54882b2b 200 in 35ms (next.js: 17ms, application-code: 18ms)
 GET /api/flows/41cdd0e5-5f61-4aa1-ab66-5aae54882b2b/publish 200 in 73ms (next.js: 22ms, application-code: 51ms)
 GET /api/flows/41cdd0e5-5f61-4aa1-ab66-5aae54882b2b/runs 200 in 43ms (next.js: 21ms, application-code: 22ms)
 GET /w/arabic-co-12/flows 200 in 674ms (next.js: 614ms, application-code: 60ms)
 GET /api/health 200 in 10ms (next.js: 3ms, application-code: 7ms)
 GET /api/workspaces/ae8f82b7-a880-4b25-b9f8-9bb30029690a/flows 200 in 142ms (next.js: 18ms, application-code: 124ms)
 GET /w/arabic-co-12/flows 200 in 57ms (next.js: 19ms, application-code: 38ms)
 GET /w/arabic-co-12/flows 200 in 51ms (next.js: 6ms, application-code: 45ms)
 GET /api/workspaces/ae8f82b7-a880-4b25-b9f8-9bb30029690a/usage 200 in 1090ms (next.js: 1057ms, application-code: 33ms)
 GET /api/workspaces/ae8f82b7-a880-4b25-b9f8-9bb30029690a/overview 200 in 1108ms (next.js: 1065ms, application-code: 43ms)
 POST /api/auth/sign-out 200 in 39ms (next.js: 17ms, application-code: 22ms)
 GET /sign-in 200 in 35ms (next.js: 4ms, application-code: 31ms)
 GET /sign-in 200 in 34ms (next.js: 3ms, application-code: 31ms)
 GET /api/auth-config 200 in 9ms (next.js: 3ms, application-code: 6ms)
 POST /api/auth/sign-in/email 200 in 83ms (next.js: 3ms, application-code: 79ms)
 GET /app 200 in 42ms (next.js: 3ms, application-code: 39ms)
 GET /app 200 in 62ms (next.js: 4ms, application-code: 59ms)
 GET /w/arabic-co-12/flows 200 in 70ms (next.js: 20ms, application-code: 51ms)
 GET /w/arabic-co-12/flows 200 in 70ms (next.js: 34ms, application-code: 36ms)
 GET /api/health 200 in 8ms (next.js: 3ms, application-code: 5ms)
 GET /api/workspaces/ae8f82b7-a880-4b25-b9f8-9bb30029690a/usage 200 in 72ms (next.js: 34ms, application-code: 38ms)
 GET /api/workspaces/ae8f82b7-a880-4b25-b9f8-9bb30029690a/flows 200 in 75ms (next.js: 52ms, application-code: 23ms)
 GET /api/workspaces/ae8f82b7-a880-4b25-b9f8-9bb30029690a/overview 200 in 87ms (next.js: 17ms, application-code: 70ms)
 GET /sign-in 200 in 30ms (next.js: 2ms, application-code: 28ms)
 GET /api/auth-config 200 in 9ms (next.js: 1.9ms, application-code: 7ms)
 GET /sign-in 200 in 23ms (next.js: 3ms, application-code: 20ms)
 GET /sign-up 200 in 29ms (next.js: 2ms, application-code: 26ms)
 GET /api/auth-config 200 in 11ms (next.js: 2ms, application-code: 9ms)
 GET /sign-up 200 in 21ms (next.js: 3ms, application-code: 18ms)
 GET /sign-in 200 in 28ms (next.js: 2ms, application-code: 26ms)
 GET /api/auth-config 200 in 7ms (next.js: 1.9ms, application-code: 6ms)
 POST /api/auth/sign-up/email 200 in 96ms (next.js: 15ms, application-code: 81ms)
 GET /api/test/outbox?email=arabic-rtl-3790c590%40flowline-e2e.test 200 in 9ms (next.js: 1.7ms, application-code: 7ms)
 POST /api/email 200 in 20ms (next.js: 1.6ms, application-code: 18ms)
 POST /api/auth/sign-in/email 200 in 72ms (next.js: 1.7ms, application-code: 71ms)
 POST /api/workspaces 201 in 30ms (next.js: 1.6ms, application-code: 28ms)
 POST /api/onboarding 200 in 12ms (next.js: 1.6ms, application-code: 11ms)
 POST /api/workspaces/cb2b26f6-f5fb-4ee1-9031-f40d1c78c922/flows 201 in 30ms (next.js: 13ms, application-code: 17ms)
 GET / 200 in 51ms (next.js: 2ms, application-code: 49ms)
 GET /sign-in 200 in 30ms (next.js: 2ms, application-code: 28ms)
 GET /api/auth-config 200 in 9ms (next.js: 2ms, application-code: 7ms)
 GET /w/rtl-scroll-12/flows 200 in 68ms (next.js: 16ms, application-code: 52ms)
 GET /api/health 200 in 22ms (next.js: 3ms, application-code: 19ms)
 GET /api/workspaces/cb2b26f6-f5fb-4ee1-9031-f40d1c78c922/flows 200 in 44ms (next.js: 37ms, application-code: 7ms)
 GET /api/workspaces/cb2b26f6-f5fb-4ee1-9031-f40d1c78c922/usage 200 in 63ms (next.js: 37ms, application-code: 26ms)
 GET /api/workspaces/cb2b26f6-f5fb-4ee1-9031-f40d1c78c922/overview 200 in 64ms (next.js: 17ms, application-code: 48ms)
 GET /w/rtl-scroll-12/flows/dd06f926-2ab0-457d-a1c2-139db7993b3c 200 in 83ms (next.js: 19ms, application-code: 64ms)
 GET /api/health 200 in 9ms (next.js: 3ms, application-code: 6ms)
 GET /api/flows/dd06f926-2ab0-457d-a1c2-139db7993b3c 200 in 34ms (next.js: 17ms, application-code: 16ms)
 GET /api/flows/dd06f926-2ab0-457d-a1c2-139db7993b3c/publish 200 in 54ms (next.js: 17ms, application-code: 38ms)
 GET /api/flows/dd06f926-2ab0-457d-a1c2-139db7993b3c/runs 200 in 33ms (next.js: 16ms, application-code: 17ms)
 GET /w/rtl-scroll-12/runs 200 in 83ms (next.js: 17ms, application-code: 65ms)
 GET /api/health 200 in 10ms (next.js: 2ms, application-code: 8ms)
 GET /api/workspaces/cb2b26f6-f5fb-4ee1-9031-f40d1c78c922/runs?limit=25 200 in 31ms (next.js: 18ms, application-code: 13ms)
 GET /w/rtl-scroll-12/settings 200 in 102ms (next.js: 20ms, application-code: 82ms)
 GET /api/health 200 in 10ms (next.js: 3ms, application-code: 8ms)
 GET /api/workspaces/cb2b26f6-f5fb-4ee1-9031-f40d1c78c922/invites 200 in 71ms (next.js: 66ms, application-code: 5ms)
 GET /api/workspaces/cb2b26f6-f5fb-4ee1-9031-f40d1c78c922/members 200 in 74ms
 GET / 200 in 74ms (next.js: 4ms, application-code: 70ms)
 GET /sign-in 200 in 32ms (next.js: 3ms, application-code: 29ms)
 GET /api/auth-config 200 in 11ms (next.js: 3ms, application-code: 8ms)
 GET /w/rtl-scroll-12/flows 200 in 62ms (next.js: 16ms, application-code: 46ms)
 GET /api/health 200 in 10ms (next.js: 3ms, application-code: 6ms)
 GET /api/workspaces/cb2b26f6-f5fb-4ee1-9031-f40d1c78c922/flows 200 in 69ms (next.js: 61ms, application-code: 9ms)
 GET /api/workspaces/cb2b26f6-f5fb-4ee1-9031-f40d1c78c922/overview 200 in 71ms (next.js: 19ms, application-code: 52ms)
 GET /api/workspaces/cb2b26f6-f5fb-4ee1-9031-f40d1c78c922/usage 200 in 71ms (next.js: 40ms, application-code: 31ms)
 GET /w/rtl-scroll-12/flows/dd06f926-2ab0-457d-a1c2-139db7993b3c 200 in 129ms (next.js: 24ms, application-code: 105ms)
 GET /api/health 200 in 10ms (next.js: 4ms, application-code: 6ms)
 GET /api/flows/dd06f926-2ab0-457d-a1c2-139db7993b3c 200 in 45ms (next.js: 21ms, application-code: 25ms)
 GET /api/flows/dd06f926-2ab0-457d-a1c2-139db7993b3c/publish 200 in 74ms (next.js: 24ms, application-code: 50ms)
 GET /api/flows/dd06f926-2ab0-457d-a1c2-139db7993b3c/runs 200 in 43ms (next.js: 25ms, application-code: 19ms)
 GET /w/rtl-scroll-12/runs 200 in 74ms (next.js: 24ms, application-code: 51ms)
 GET /api/health 200 in 11ms (next.js: 3ms, application-code: 8ms)
 GET /api/workspaces/cb2b26f6-f5fb-4ee1-9031-f40d1c78c922/runs?limit=25 200 in 37ms (next.js: 22ms, application-code: 15ms)
 GET /w/rtl-scroll-12/settings 200 in 95ms (next.js: 23ms, application-code: 72ms)
 GET /api/health 200 in 12ms (next.js: 3ms, application-code: 9ms)
 GET /api/workspaces/cb2b26f6-f5fb-4ee1-9031-f40d1c78c922/members 200 in 62ms (next.js: 21ms, application-code: 41ms)
 GET /api/workspaces/cb2b26f6-f5fb-4ee1-9031-f40d1c78c922/invites 200 in 63ms (next.js: 43ms, application-code: 20ms)
 GET / 200 in 74ms (next.js: 3ms, application-code: 71ms)
 GET /sign-in 200 in 32ms (next.js: 2ms, application-code: 29ms)
 GET /api/auth-config 200 in 10ms (next.js: 3ms, application-code: 7ms)
 GET /w/rtl-scroll-12/flows 200 in 67ms (next.js: 18ms, application-code: 49ms)
 GET /api/health 200 in 10ms (next.js: 3ms, application-code: 7ms)
 GET /api/workspaces/cb2b26f6-f5fb-4ee1-9031-f40d1c78c922/usage 200 in 70ms (next.js: 40ms, application-code: 30ms)
 GET /api/workspaces/cb2b26f6-f5fb-4ee1-9031-f40d1c78c922/overview 200 in 71ms (next.js: 17ms, application-code: 53ms)
 GET /api/workspaces/cb2b26f6-f5fb-4ee1-9031-f40d1c78c922/flows 200 in 70ms (next.js: 61ms, application-code: 9ms)
 GET /w/rtl-scroll-12/flows/dd06f926-2ab0-457d-a1c2-139db7993b3c 200 in 90ms (next.js: 22ms, application-code: 68ms)
 GET /api/health 200 in 8ms (next.js: 3ms, application-code: 5ms)
 GET /api/flows/dd06f926-2ab0-457d-a1c2-139db7993b3c 200 in 43ms (next.js: 19ms, application-code: 24ms)
 GET /api/flows/dd06f926-2ab0-457d-a1c2-139db7993b3c/publish 200 in 77ms (next.js: 19ms, application-code: 58ms)
 GET /api/flows/dd06f926-2ab0-457d-a1c2-139db7993b3c/runs 200 in 55ms (next.js: 24ms, application-code: 30ms)
 GET /w/rtl-scroll-12/runs 200 in 69ms (next.js: 18ms, application-code: 51ms)
 GET /api/health 200 in 8ms (next.js: 2ms, application-code: 6ms)
 GET /api/workspaces/cb2b26f6-f5fb-4ee1-9031-f40d1c78c922/runs?limit=25 200 in 38ms (next.js: 21ms, application-code: 17ms)
 GET /w/rtl-scroll-12/settings 200 in 80ms (next.js: 19ms, application-code: 61ms)
 GET /api/health 200 in 12ms (next.js: 5ms, application-code: 7ms)
 GET /api/workspaces/cb2b26f6-f5fb-4ee1-9031-f40d1c78c922/members 200 in 55ms (next.js: 23ms, application-code: 32ms)
 GET /api/workspaces/cb2b26f6-f5fb-4ee1-9031-f40d1c78c922/invites 200 in 55ms (next.js: 42ms, application-code: 13ms)
 POST /api/auth/sign-up/email 200 in 109ms (next.js: 14ms, application-code: 95ms)
 GET /api/test/outbox?email=e2e-094ec6b7%40flowline-e2e.test 200 in 9ms (next.js: 3ms, application-code: 7ms)
 POST /api/email 200 in 22ms (next.js: 3ms, application-code: 19ms)
 POST /api/auth/sign-in/email 200 in 73ms (next.js: 3ms, application-code: 70ms)
 POST /api/workspaces 201 in 23ms (next.js: 1.8ms, application-code: 21ms)
 POST /api/onboarding 200 in 21ms (next.js: 1.7ms, application-code: 19ms)
 POST /api/workspaces/034a0b33-5570-46f6-82aa-72f1edd6de61/flows 201 in 44ms (next.js: 14ms, application-code: 30ms)
 GET /w/e2e-22a205/templates 200 in 688ms (next.js: 609ms, application-code: 79ms)
 GET /api/health 200 in 7ms (next.js: 2ms, application-code: 5ms)
 GET /api/workspaces/034a0b33-5570-46f6-82aa-72f1edd6de61/connections 200 in 62ms
 GET /api/workspaces/034a0b33-5570-46f6-82aa-72f1edd6de61/ai 200 in 62ms (next.js: 15ms, application-code: 47ms)
 GET /w/e2e-22a205/flows/85c4f183-3052-41f7-8711-a9b954e2f499 200 in 64ms (next.js: 16ms, application-code: 47ms)
 GET /api/health 200 in 9ms (next.js: 3ms, application-code: 6ms)
 GET /api/flows/85c4f183-3052-41f7-8711-a9b954e2f499 200 in 49ms (next.js: 20ms, application-code: 30ms)
 GET /api/flows/85c4f183-3052-41f7-8711-a9b954e2f499/publish 200 in 63ms (next.js: 19ms, application-code: 44ms)
 GET /api/flows/85c4f183-3052-41f7-8711-a9b954e2f499/runs 200 in 40ms (next.js: 20ms, application-code: 21ms)
 GET /api/workspaces/034a0b33-5570-46f6-82aa-72f1edd6de61/ai 200 in 96ms (next.js: 3ms, application-code: 93ms)
 GET /api/integrations/catalog 200 in 215ms (next.js: 57ms, application-code: 158ms)
2026-09-29T03:31:11.776Z [worker] run a77ab566-2c0e-4dc1-8c77-fcc5e131b71a claimed
 POST /api/flows/85c4f183-3052-41f7-8711-a9b954e2f499/runs 202 in 85ms (next.js: 3ms, application-code: 82ms)
 GET /api/flows/85c4f183-3052-41f7-8711-a9b954e2f499/runs 200 in 45ms (next.js: 2ms, application-code: 42ms)
2026-09-29T03:31:11.847Z [worker] run a77ab566-2c0e-4dc1-8c77-fcc5e131b71a done
 GET /api/runs/a77ab566-2c0e-4dc1-8c77-fcc5e131b71a 200 in 51ms (next.js: 23ms, application-code: 28ms)
 GET /api/runs/a77ab566-2c0e-4dc1-8c77-fcc5e131b71a 200 in 25ms (next.js: 2ms, application-code: 23ms)
 GET /api/flows/85c4f183-3052-41f7-8711-a9b954e2f499/runs 200 in 34ms (next.js: 16ms, application-code: 18ms)
 GET /w/e2e-22a205/runs?run=a77ab566-2c0e-4dc1-8c77-fcc5e131b71a 200 in 34ms (next.js: 18ms, application-code: 15ms)
 GET /api/workspaces/034a0b33-5570-46f6-82aa-72f1edd6de61/runs?limit=25 200 in 31ms (next.js: 16ms, application-code: 16ms)
 GET /api/runs/a77ab566-2c0e-4dc1-8c77-fcc5e131b71a/rerun-preview?fromNodeId=hot&revision=original 200 in 925ms (next.js: 896ms, application-code: 29ms)
 POST /api/auth/sign-up/email 200 in 94ms (next.js: 14ms, application-code: 80ms)
 GET /api/test/outbox?email=e2e-8e049f0f%40flowline-e2e.test 200 in 7ms (next.js: 1.5ms, application-code: 6ms)
 POST /api/email 200 in 19ms (next.js: 1.7ms, application-code: 17ms)
 POST /api/auth/sign-in/email 200 in 71ms (next.js: 1.6ms, application-code: 69ms)
 POST /api/workspaces 201 in 29ms (next.js: 1.6ms, application-code: 28ms)
 POST /api/onboarding 200 in 25ms (next.js: 1.7ms, application-code: 23ms)
 GET /w/e2e-349ec1/settings?tab=general 200 in 73ms (next.js: 15ms, application-code: 57ms)
 GET /api/health 200 in 7ms (next.js: 2ms, application-code: 5ms)
 GET /resend-verification 200 in 34ms (next.js: 22ms, application-code: 12ms)
 GET /w/e2e-349ec1/flows 200 in 55ms (next.js: 13ms, application-code: 41ms)
 GET /api/health 200 in 8ms (next.js: 3ms, application-code: 6ms)
 GET /api/workspaces/bcff971a-1733-47ef-802d-1353fa5161ed/flows 200 in 58ms (next.js: 18ms, application-code: 40ms)
 GET /api/workspaces/bcff971a-1733-47ef-802d-1353fa5161ed/usage 200 in 61ms (next.js: 40ms, application-code: 21ms)
 GET /api/workspaces/bcff971a-1733-47ef-802d-1353fa5161ed/overview 200 in 93ms (next.js: 21ms, application-code: 72ms)
 GET /account/delete 200 in 35ms (next.js: 21ms, application-code: 13ms)
 POST /api/email 200 in 26ms (next.js: 2ms, application-code: 23ms)
 GET /api/test/outbox?email=e2e-8e049f0f%40flowline-e2e.test 200 in 9ms (next.js: 2ms, application-code: 7ms)
 GET /account/delete?token=V6Hgj0yyEb_BmlJUXPxJdRUDyEvRWx_DAB_PvRVDdrA 200 in 30ms (next.js: 4ms, application-code: 27ms)
 POST /api/email 200 in 65ms (next.js: 1.9ms, application-code: 63ms)
 GET /api/me 401 in 66ms (next.js: 36ms, application-code: 31ms)
 POST /api/auth/sign-up/email 200 in 95ms (next.js: 14ms, application-code: 81ms)
 GET /api/test/outbox?email=e2e-adcb3c4b%40flowline-e2e.test 200 in 8ms (next.js: 2ms, application-code: 5ms)
 POST /api/email 200 in 20ms (next.js: 1.8ms, application-code: 18ms)
 POST /api/auth/sign-in/email 200 in 71ms (next.js: 2ms, application-code: 69ms)
 POST /api/workspaces 201 in 20ms (next.js: 1.8ms, application-code: 19ms)
 POST /api/onboarding 200 in 23ms (next.js: 1.9ms, application-code: 21ms)
 GET /w/e2e-dd8b4e/settings 200 in 64ms (next.js: 14ms, application-code: 50ms)
 GET /api/health 200 in 9ms (next.js: 2ms, application-code: 7ms)
 GET /api/workspaces/b2b920d7-d7c2-4480-930b-cbbf706e5304/members 200 in 52ms (next.js: 17ms, application-code: 34ms)
 GET /api/workspaces/b2b920d7-d7c2-4480-930b-cbbf706e5304/invites 200 in 32ms (next.js: 18ms, application-code: 14ms)
 GET /api/workspaces/b2b920d7-d7c2-4480-930b-cbbf706e5304/ai 200 in 46ms (next.js: 17ms, application-code: 29ms)
 GET /api/workspaces/b2b920d7-d7c2-4480-930b-cbbf706e5304/ai/models 200 in 38ms (next.js: 17ms, application-code: 21ms)
 GET /api/workspaces/b2b920d7-d7c2-4480-930b-cbbf706e5304/api-keys 200 in 978ms (next.js: 953ms, application-code: 24ms)
 GET /api/workspaces/b2b920d7-d7c2-4480-930b-cbbf706e5304/billing 200 in 1000ms (next.js: 962ms, application-code: 38ms)
 GET /api/workspaces/b2b920d7-d7c2-4480-930b-cbbf706e5304 200 in 50ms (next.js: 35ms, application-code: 15ms)
 GET /api/workspaces/b2b920d7-d7c2-4480-930b-cbbf706e5304/usage 200 in 54ms (next.js: 15ms, application-code: 39ms)
 GET /api/workspaces/b2b920d7-d7c2-4480-930b-cbbf706e5304/audit 200 in 963ms (next.js: 933ms, application-code: 30ms)
 GET /api/workspaces/b2b920d7-d7c2-4480-930b-cbbf706e5304/sso 200 in 931ms (next.js: 909ms, application-code: 22ms)
 GET /w/e2e-dd8b4e/agents 200 in 634ms (next.js: 580ms, application-code: 54ms)
 GET /api/health 200 in 8ms (next.js: 3ms, application-code: 5ms)
 GET /api/workspaces/b2b920d7-d7c2-4480-930b-cbbf706e5304/agents 200 in 961ms (next.js: 933ms, application-code: 27ms)
 GET /w/e2e-dd8b4e/agents/new 200 in 604ms (next.js: 590ms, application-code: 14ms)
 GET /api/workspaces/b2b920d7-d7c2-4480-930b-cbbf706e5304/flows 200 in 85ms (next.js: 16ms, application-code: 70ms)
 GET /api/workspaces/b2b920d7-d7c2-4480-930b-cbbf706e5304/ai 200 in 106ms (next.js: 14ms, application-code: 92ms)
 GET /api/workspaces/b2b920d7-d7c2-4480-930b-cbbf706e5304/ai/models 200 in 33ms (next.js: 17ms, application-code: 16ms)
 GET /api/workspaces/b2b920d7-d7c2-4480-930b-cbbf706e5304/knowledge 200 in 170ms
 GET /w/e2e-dd8b4e/knowledge 200 in 669ms (next.js: 614ms, application-code: 55ms)
 GET /api/health 200 in 9ms (next.js: 3ms, application-code: 6ms)
 GET /api/workspaces/b2b920d7-d7c2-4480-930b-cbbf706e5304/knowledge 200 in 38ms (next.js: 19ms, application-code: 19ms)
 GET /w/e2e-dd8b4e/integrations 200 in 634ms (next.js: 586ms, application-code: 48ms)
 GET /api/health 200 in 7ms (next.js: 3ms, application-code: 5ms)
 GET /api/workspaces/b2b920d7-d7c2-4480-930b-cbbf706e5304/connections 200 in 31ms (next.js: 17ms, application-code: 14ms)
 GET /api/integrations/catalog?workspaceId=b2b920d7-d7c2-4480-930b-cbbf706e5304 200 in 50ms (next.js: 3ms, application-code: 47ms)
 GET /api/workspaces/b2b920d7-d7c2-4480-930b-cbbf706e5304/oauth-apps/provenance?provider=google_sheets 200 in 654ms
 GET /w/e2e-dd8b4e/settings?tab=keys 200 in 65ms (next.js: 15ms, application-code: 50ms)
 GET /api/health 200 in 9ms (next.js: 3ms, application-code: 6ms)
 GET /api/workspaces/b2b920d7-d7c2-4480-930b-cbbf706e5304/api-keys 200 in 27ms (next.js: 18ms, application-code: 9ms)
 GET /w/e2e-dd8b4e/settings?tab=billing 200 in 59ms (next.js: 3ms, application-code: 56ms)
 GET /api/health 200 in 8ms (next.js: 3ms, application-code: 6ms)
 GET /api/workspaces/b2b920d7-d7c2-4480-930b-cbbf706e5304 200 in 35ms (next.js: 16ms, application-code: 19ms)
 GET /api/workspaces/b2b920d7-d7c2-4480-930b-cbbf706e5304/usage 200 in 34ms (next.js: 31ms, application-code: 3ms)
 GET /w/e2e-dd8b4e/agents/new 200 in 80ms (next.js: 16ms, application-code: 65ms)
 GET /api/health 200 in 7ms (next.js: 3ms, application-code: 5ms)
 GET /api/workspaces/b2b920d7-d7c2-4480-930b-cbbf706e5304/flows 200 in 54ms (next.js: 17ms, application-code: 37ms)
 GET /api/workspaces/b2b920d7-d7c2-4480-930b-cbbf706e5304/knowledge 200 in 53ms (next.js: 50ms, application-code: 3ms)
 GET /api/workspaces/b2b920d7-d7c2-4480-930b-cbbf706e5304/ai 200 in 54ms (next.js: 33ms, application-code: 20ms)
 GET /w/e2e-dd8b4e/knowledge 200 in 67ms (next.js: 18ms, application-code: 49ms)
 GET /api/health 200 in 9ms (next.js: 2ms, application-code: 6ms)
 GET /api/workspaces/b2b920d7-d7c2-4480-930b-cbbf706e5304/knowledge 200 in 20ms (next.js: 3ms, application-code: 18ms)
 GET /w/e2e-dd8b4e/integrations 200 in 84ms (next.js: 18ms, application-code: 66ms)
 GET /api/health 200 in 8ms (next.js: 2ms, application-code: 6ms)
 GET /api/workspaces/b2b920d7-d7c2-4480-930b-cbbf706e5304/connections 200 in 37ms (next.js: 22ms, application-code: 15ms)
 GET /api/integrations/catalog?workspaceId=b2b920d7-d7c2-4480-930b-cbbf706e5304 200 in 53ms (next.js: 2ms, application-code: 50ms)
 POST /api/test/beta 200 in 48ms (next.js: 37ms, application-code: 12ms)
 GET /api/auth-config 200 in 7ms (next.js: 1.8ms, application-code: 5ms)
 GET /sign-up 200 in 31ms (next.js: 3ms, application-code: 29ms)
 GET /api/auth-config 200 in 8ms (next.js: 2ms, application-code: 6ms)
 POST /api/beta/check 200 in 49ms (next.js: 34ms, application-code: 15ms)
 GET /api/test/outbox?email=stranger-17870f1f%40flowline-e2e.test 200 in 8ms (next.js: 2ms, application-code: 6ms)
 POST /api/beta/check 200 in 15ms (next.js: 2ms, application-code: 13ms)
 POST /api/beta/check 200 in 13ms (next.js: 2ms, application-code: 11ms)
 POST /api/auth/sign-up/email 200 in 115ms (next.js: 17ms, application-code: 98ms)
 GET /api/test/outbox?email=stranger-17870f1f%40flowline-e2e.test 200 in 6ms (next.js: 1.6ms, application-code: 5ms)
 POST /api/beta/check 200 in 11ms (next.js: 1.6ms, application-code: 10ms)
 POST /api/email 200 in 522ms (next.js: 2ms, application-code: 520ms)
 POST /api/auth/sign-up/email 200 in 104ms (next.js: 14ms, application-code: 90ms)
 GET /api/test/outbox?email=e2e-5bbf8385%40flowline-e2e.test 200 in 6ms (next.js: 1.6ms, application-code: 4ms)
 POST /api/email 200 in 20ms (next.js: 2ms, application-code: 18ms)
 POST /api/auth/sign-in/email 200 in 69ms (next.js: 1.6ms, application-code: 67ms)
 POST /api/workspaces 201 in 51ms (next.js: 1.9ms, application-code: 49ms)
 POST /api/onboarding 200 in 13ms (next.js: 1.9ms, application-code: 11ms)
 POST /api/workspaces/29bbc76c-ad80-488f-b585-a3dbd7c933c5/invites 201 in 70ms (next.js: 15ms, application-code: 56ms)
 POST /api/test/beta 200 in 5ms (next.js: 1.9ms, application-code: 3ms)
 GET /invite/VoW-Q0qLFbNzvIZZoJVvY8qHrj0ujZcTMOPHcSvLyzo 307 in 633ms (next.js: 587ms, application-code: 45ms)
 GET /sign-in?next=invite%3AVoW-Q0qLFbNzvIZZoJVvY8qHrj0ujZcTMOPHcSvLyzo 200 in 29ms (next.js: 3ms, application-code: 26ms)
 GET /api/auth-config 200 in 8ms (next.js: 2ms, application-code: 5ms)
 GET /sign-up?next=invite%3AVoW-Q0qLFbNzvIZZoJVvY8qHrj0ujZcTMOPHcSvLyzo 200 in 16ms (next.js: 3ms, application-code: 13ms)
 POST /api/beta/check 200 in 13ms (next.js: 2ms, application-code: 10ms)
 POST /api/auth/sign-up/email 200 in 110ms (next.js: 17ms, application-code: 94ms)
 GET /api/test/outbox?email=beta-invitee-e6ee206f%40flowline-e2e.test 200 in 7ms (next.js: 2.0ms, application-code: 5ms)
 GET /verify-email?token=ZgTRrIarU41UQaqWHUjB-C1u5EU-sY1WkVTqzKIFb9s&callbackURL=%2Fsign-in%3Fnext%3Dinvite%253AVoW-Q0qLFbNzvIZZoJVvY8qHrj0ujZcTMOPHcSvLyzo 200 in 23ms (next.js: 3ms, application-code: 20ms)
 POST /api/email 200 in 23ms (next.js: 1.8ms, application-code: 21ms)
 GET /sign-in?next=invite%3AVoW-Q0qLFbNzvIZZoJVvY8qHrj0ujZcTMOPHcSvLyzo 200 in 18ms (next.js: 4ms, application-code: 14ms)
 GET /api/auth-config 200 in 8ms (next.js: 2ms, application-code: 6ms)
 POST /api/auth/sign-in/email 200 in 81ms (next.js: 3ms, application-code: 78ms)
 GET /app?next=invite%3AVoW-Q0qLFbNzvIZZoJVvY8qHrj0ujZcTMOPHcSvLyzo 200 in 29ms (next.js: 4ms, application-code: 25ms)
 GET /app?next=invite%3AVoW-Q0qLFbNzvIZZoJVvY8qHrj0ujZcTMOPHcSvLyzo 200 in 31ms (next.js: 4ms, application-code: 27ms)
 GET /invite/VoW-Q0qLFbNzvIZZoJVvY8qHrj0ujZcTMOPHcSvLyzo 200 in 71ms (next.js: 37ms, application-code: 34ms)
 GET /invite/VoW-Q0qLFbNzvIZZoJVvY8qHrj0ujZcTMOPHcSvLyzo 200 in 72ms (next.js: 23ms, application-code: 49ms)
 GET /api/invites/VoW-Q0qLFbNzvIZZoJVvY8qHrj0ujZcTMOPHcSvLyzo 200 in 44ms (next.js: 17ms, application-code: 26ms)
 POST /api/invites/VoW-Q0qLFbNzvIZZoJVvY8qHrj0ujZcTMOPHcSvLyzo 200 in 42ms (next.js: 2ms, application-code: 40ms)
 GET /w/beta-invite-co-11/flows 200 in 54ms (next.js: 21ms, application-code: 33ms)
 GET /api/health 200 in 9ms (next.js: 3ms, application-code: 6ms)
 GET /api/workspaces/29bbc76c-ad80-488f-b585-a3dbd7c933c5/flows 200 in 71ms (next.js: 33ms, application-code: 38ms)
 GET /api/workspaces/29bbc76c-ad80-488f-b585-a3dbd7c933c5/usage 200 in 74ms (next.js: 53ms, application-code: 20ms)
 GET /api/workspaces/29bbc76c-ad80-488f-b585-a3dbd7c933c5/overview 200 in 88ms (next.js: 17ms, application-code: 71ms)
 POST /api/auth/sign-up/email 200 in 104ms (next.js: 16ms, application-code: 89ms)
 GET /api/test/outbox?email=e2e-e154ae29%40flowline-e2e.test 200 in 8ms (next.js: 2ms, application-code: 6ms)
 POST /api/email 200 in 20ms (next.js: 2ms, application-code: 18ms)
 POST /api/auth/sign-in/email 200 in 71ms (next.js: 1.7ms, application-code: 69ms)
 POST /api/workspaces 201 in 21ms (next.js: 1.7ms, application-code: 19ms)
 POST /api/onboarding 200 in 23ms (next.js: 2ms, application-code: 21ms)
 POST /api/workspaces/e69f0409-4d81-4444-aa66-ed5effa1ccb6/flows 201 in 31ms (next.js: 14ms, application-code: 17ms)
 GET /w/e2e-88bf41/flows/7041c0fe-1d0d-4d15-b707-143db00f32ff 200 in 60ms (next.js: 14ms, application-code: 46ms)
 GET /api/health 200 in 11ms (next.js: 3ms, application-code: 8ms)
 GET /api/flows/7041c0fe-1d0d-4d15-b707-143db00f32ff 200 in 38ms (next.js: 20ms, application-code: 18ms)
 GET /api/flows/7041c0fe-1d0d-4d15-b707-143db00f32ff/publish 200 in 63ms (next.js: 19ms, application-code: 44ms)
 GET /api/flows/7041c0fe-1d0d-4d15-b707-143db00f32ff/runs 200 in 40ms (next.js: 21ms, application-code: 19ms)
 GET /api/integrations/catalog 200 in 42ms (next.js: 3ms, application-code: 39ms)
 GET /api/workspaces/e69f0409-4d81-4444-aa66-ed5effa1ccb6/ai 200 in 41ms (next.js: 20ms, application-code: 21ms)
 PUT /api/flows/7041c0fe-1d0d-4d15-b707-143db00f32ff 200 in 36ms (next.js: 13ms, application-code: 23ms)
 GET /api/flows/7041c0fe-1d0d-4d15-b707-143db00f32ff 200 in 27ms (next.js: 2ms, application-code: 25ms)
 POST /api/auth/sign-up/email 200 in 100ms (next.js: 15ms, application-code: 85ms)
 GET /api/test/outbox?email=e2e-9783d5ce%40flowline-e2e.test 200 in 7ms (next.js: 1.6ms, application-code: 5ms)
 POST /api/email 200 in 23ms (next.js: 2ms, application-code: 21ms)
 POST /api/auth/sign-in/email 200 in 70ms (next.js: 1.9ms, application-code: 68ms)
 POST /api/workspaces 201 in 22ms (next.js: 1.7ms, application-code: 20ms)
 POST /api/onboarding 200 in 12ms (next.js: 1.7ms, application-code: 10ms)
 POST /api/workspaces/bea576fd-30dd-4068-ae18-1727db877d96/flows 201 in 34ms (next.js: 13ms, application-code: 21ms)
 GET /w/e2e-292d38/flows 200 in 65ms (next.js: 16ms, application-code: 49ms)
 GET /api/health 200 in 9ms (next.js: 3ms, application-code: 6ms)
 GET /api/workspaces/bea576fd-30dd-4068-ae18-1727db877d96/usage 200 in 43ms (next.js: 17ms, application-code: 26ms)
 GET /api/workspaces/bea576fd-30dd-4068-ae18-1727db877d96/flows 200 in 25ms (next.js: 4ms, application-code: 20ms)
 GET /api/workspaces/bea576fd-30dd-4068-ae18-1727db877d96/overview 200 in 72ms (next.js: 18ms, application-code: 53ms)
 GET /w/e2e-292d38/templates 200 in 62ms (next.js: 15ms, application-code: 47ms)
 GET /api/health 200 in 7ms (next.js: 2ms, application-code: 5ms)
 GET /api/workspaces/bea576fd-30dd-4068-ae18-1727db877d96/connections 200 in 27ms (next.js: 14ms, application-code: 13ms)
 GET /api/workspaces/bea576fd-30dd-4068-ae18-1727db877d96/ai 200 in 46ms (next.js: 14ms, application-code: 32ms)
 GET /w/e2e-292d38/runs 200 in 59ms (next.js: 17ms, application-code: 42ms)
 GET /api/health 200 in 11ms (next.js: 3ms, application-code: 8ms)
 GET /api/workspaces/bea576fd-30dd-4068-ae18-1727db877d96/runs?limit=25 200 in 42ms (next.js: 23ms, application-code: 19ms)
 GET /w/e2e-292d38/integrations 200 in 58ms (next.js: 16ms, application-code: 43ms)
 GET /api/health 200 in 10ms (next.js: 4ms, application-code: 6ms)
 GET /api/workspaces/bea576fd-30dd-4068-ae18-1727db877d96/connections 200 in 30ms (next.js: 15ms, application-code: 15ms)
 GET /api/integrations/catalog?workspaceId=bea576fd-30dd-4068-ae18-1727db877d96 200 in 46ms (next.js: 3ms, application-code: 43ms)
 GET /w/e2e-292d38/agents 200 in 56ms (next.js: 16ms, application-code: 40ms)
 GET /api/health 200 in 11ms (next.js: 4ms, application-code: 7ms)
 GET /api/workspaces/bea576fd-30dd-4068-ae18-1727db877d96/agents 200 in 35ms (next.js: 18ms, application-code: 17ms)
 GET /w/e2e-292d38/knowledge 200 in 56ms (next.js: 14ms, application-code: 42ms)
 GET /api/health 200 in 9ms (next.js: 3ms, application-code: 6ms)
 GET /api/workspaces/bea576fd-30dd-4068-ae18-1727db877d96/knowledge 200 in 42ms (next.js: 18ms, application-code: 24ms)
 GET /w/e2e-292d38/settings 200 in 63ms (next.js: 16ms, application-code: 47ms)
 GET /api/health 200 in 12ms (next.js: 4ms, application-code: 8ms)
 GET /api/workspaces/bea576fd-30dd-4068-ae18-1727db877d96/members 200 in 51ms (next.js: 18ms, application-code: 33ms)
 GET /api/workspaces/bea576fd-30dd-4068-ae18-1727db877d96/invites 200 in 52ms (next.js: 37ms, application-code: 16ms)
 GET /w/e2e-292d38/canvas 307 in 647ms (next.js: 594ms, application-code: 53ms)
 GET /w/e2e-292d38/flows/aac85b8d-e5fa-4813-9e37-709cdff6c8fc 200 in 54ms (next.js: 14ms, application-code: 40ms)
 GET /api/health 200 in 11ms (next.js: 4ms, application-code: 7ms)
 GET /api/flows/aac85b8d-e5fa-4813-9e37-709cdff6c8fc 200 in 45ms (next.js: 18ms, application-code: 27ms)
 GET /api/flows/aac85b8d-e5fa-4813-9e37-709cdff6c8fc/publish 200 in 66ms (next.js: 20ms, application-code: 46ms)
 GET /api/flows/aac85b8d-e5fa-4813-9e37-709cdff6c8fc/runs 200 in 41ms (next.js: 23ms, application-code: 18ms)
 POST /api/auth/sign-up/email 200 in 95ms (next.js: 14ms, application-code: 81ms)
 GET /api/test/outbox?email=e2e-1e48280d%40flowline-e2e.test 200 in 7ms (next.js: 1.8ms, application-code: 5ms)
 POST /api/email 200 in 23ms (next.js: 2ms, application-code: 20ms)
 POST /api/auth/sign-in/email 200 in 69ms (next.js: 1.8ms, application-code: 67ms)
 POST /api/workspaces 201 in 26ms (next.js: 1.8ms, application-code: 24ms)
 POST /api/onboarding 200 in 22ms (next.js: 2ms, application-code: 19ms)
 POST /api/workspaces/f9a3550d-e82e-457b-ad01-536f90505a59/flows 201 in 26ms (next.js: 14ms, application-code: 12ms)
 GET /w/e2e-d0b3f7/flows 200 in 59ms (next.js: 14ms, application-code: 46ms)
 GET /api/health 200 in 10ms (next.js: 4ms, application-code: 6ms)
 GET /api/workspaces/f9a3550d-e82e-457b-ad01-536f90505a59/usage 200 in 41ms (next.js: 17ms, application-code: 23ms)
 GET /api/workspaces/f9a3550d-e82e-457b-ad01-536f90505a59/flows 200 in 40ms (next.js: 22ms, application-code: 19ms)
 GET /api/workspaces/f9a3550d-e82e-457b-ad01-536f90505a59/overview 200 in 70ms (next.js: 17ms, application-code: 53ms)
 GET /w/e2e-d0b3f7/templates 200 in 68ms (next.js: 15ms, application-code: 53ms)
 GET /api/health 200 in 8ms (next.js: 3ms, application-code: 5ms)
 GET /api/workspaces/f9a3550d-e82e-457b-ad01-536f90505a59/connections 200 in 44ms (next.js: 30ms, application-code: 14ms)
 GET /api/workspaces/f9a3550d-e82e-457b-ad01-536f90505a59/ai 200 in 47ms (next.js: 14ms, application-code: 33ms)
 GET /w/e2e-d0b3f7/runs 200 in 58ms (next.js: 15ms, application-code: 42ms)
 GET /api/health 200 in 10ms (next.js: 3ms, application-code: 7ms)
 GET /api/workspaces/f9a3550d-e82e-457b-ad01-536f90505a59/runs?limit=25 200 in 34ms (next.js: 17ms, application-code: 17ms)
 GET /w/e2e-d0b3f7/integrations 200 in 58ms (next.js: 15ms, application-code: 43ms)
 GET /api/health 200 in 9ms (next.js: 2ms, application-code: 7ms)
 GET /api/workspaces/f9a3550d-e82e-457b-ad01-536f90505a59/connections 200 in 33ms (next.js: 18ms, application-code: 15ms)
 GET /api/integrations/catalog?workspaceId=f9a3550d-e82e-457b-ad01-536f90505a59 200 in 48ms (next.js: 3ms, application-code: 45ms)
 GET /w/e2e-d0b3f7/agents 200 in 53ms (next.js: 15ms, application-code: 38ms)
 GET /api/health 200 in 9ms (next.js: 4ms, application-code: 6ms)
 GET /api/workspaces/f9a3550d-e82e-457b-ad01-536f90505a59/agents 200 in 39ms (next.js: 17ms, application-code: 22ms)
 GET /w/e2e-d0b3f7/knowledge 200 in 54ms (next.js: 15ms, application-code: 39ms)
 GET /api/health 200 in 9ms (next.js: 3ms, application-code: 6ms)
 GET /api/workspaces/f9a3550d-e82e-457b-ad01-536f90505a59/knowledge 200 in 46ms (next.js: 18ms, application-code: 28ms)
 GET /w/e2e-d0b3f7/settings 200 in 57ms (next.js: 14ms, application-code: 44ms)
 GET /api/health 200 in 11ms (next.js: 5ms, application-code: 7ms)
 GET /api/workspaces/f9a3550d-e82e-457b-ad01-536f90505a59/members 200 in 54ms (next.js: 21ms, application-code: 33ms)
 GET /api/workspaces/f9a3550d-e82e-457b-ad01-536f90505a59/invites 200 in 31ms (next.js: 17ms, application-code: 14ms)
 GET /w/e2e-d0b3f7/canvas 307 in 79ms (next.js: 16ms, application-code: 63ms)
 GET /w/e2e-d0b3f7/flows/a8f4f586-cda9-44ab-9e9f-05a0850a9937 200 in 61ms (next.js: 15ms, application-code: 46ms)
 GET /api/health 200 in 11ms (next.js: 4ms, application-code: 7ms)
 GET /api/flows/a8f4f586-cda9-44ab-9e9f-05a0850a9937 200 in 41ms (next.js: 19ms, application-code: 22ms)
 GET /api/flows/a8f4f586-cda9-44ab-9e9f-05a0850a9937/publish 200 in 65ms (next.js: 21ms, application-code: 45ms)
 GET /api/flows/a8f4f586-cda9-44ab-9e9f-05a0850a9937/runs 200 in 39ms (next.js: 21ms, application-code: 18ms)
 POST /api/auth/sign-up/email 200 in 96ms (next.js: 15ms, application-code: 81ms)
 GET /api/test/outbox?email=e2e-274b7adc%40flowline-e2e.test 200 in 7ms (next.js: 1.7ms, application-code: 5ms)
 POST /api/email 200 in 18ms (next.js: 1.9ms, application-code: 16ms)
 POST /api/auth/sign-in/email 200 in 68ms (next.js: 1.8ms, application-code: 66ms)
 POST /api/workspaces 201 in 25ms (next.js: 2ms, application-code: 23ms)
 POST /api/onboarding 200 in 25ms (next.js: 1.9ms, application-code: 23ms)
 POST /api/workspaces/a804136a-64c0-45eb-a46f-596e8bf49a88/flows 201 in 28ms (next.js: 13ms, application-code: 15ms)
 GET /w/e2e-cfa00c/flows 200 in 59ms (next.js: 14ms, application-code: 45ms)
 GET /api/health 200 in 10ms (next.js: 3ms, application-code: 7ms)
 GET /api/workspaces/a804136a-64c0-45eb-a46f-596e8bf49a88/flows 200 in 36ms (next.js: 21ms, application-code: 15ms)
 GET /api/workspaces/a804136a-64c0-45eb-a46f-596e8bf49a88/usage 200 in 38ms (next.js: 16ms, application-code: 23ms)
 GET /api/workspaces/a804136a-64c0-45eb-a46f-596e8bf49a88/overview 200 in 65ms (next.js: 17ms, application-code: 48ms)
 GET /w/e2e-cfa00c/templates 200 in 79ms (next.js: 15ms, application-code: 63ms)
 GET /api/health 200 in 7ms (next.js: 3ms, application-code: 4ms)
 GET /api/workspaces/a804136a-64c0-45eb-a46f-596e8bf49a88/connections 200 in 41ms (next.js: 29ms, application-code: 12ms)
 GET /api/workspaces/a804136a-64c0-45eb-a46f-596e8bf49a88/ai 200 in 43ms (next.js: 14ms, application-code: 29ms)
 GET /w/e2e-cfa00c/runs 200 in 56ms (next.js: 15ms, application-code: 40ms)
 GET /api/health 200 in 7ms (next.js: 2ms, application-code: 5ms)
 GET /api/workspaces/a804136a-64c0-45eb-a46f-596e8bf49a88/runs?limit=25 200 in 28ms (next.js: 16ms, application-code: 12ms)
 GET /w/e2e-cfa00c/integrations 200 in 63ms (next.js: 16ms, application-code: 47ms)
 GET /api/health 200 in 8ms (next.js: 2ms, application-code: 6ms)
 GET /api/workspaces/a804136a-64c0-45eb-a46f-596e8bf49a88/connections 200 in 28ms (next.js: 15ms, application-code: 13ms)
 GET /api/integrations/catalog?workspaceId=a804136a-64c0-45eb-a46f-596e8bf49a88 200 in 41ms (next.js: 2ms, application-code: 38ms)
 GET /w/e2e-cfa00c/agents 200 in 53ms (next.js: 14ms, application-code: 39ms)
 GET /api/health 200 in 16ms (next.js: 4ms, application-code: 12ms)
 GET /api/workspaces/a804136a-64c0-45eb-a46f-596e8bf49a88/agents 200 in 33ms (next.js: 19ms, application-code: 14ms)
 GET /w/e2e-cfa00c/knowledge 200 in 59ms (next.js: 14ms, application-code: 44ms)
 GET /api/health 200 in 7ms (next.js: 2ms, application-code: 5ms)
 GET /api/workspaces/a804136a-64c0-45eb-a46f-596e8bf49a88/knowledge 200 in 30ms (next.js: 17ms, application-code: 13ms)
 GET /w/e2e-cfa00c/settings 200 in 61ms (next.js: 15ms, application-code: 46ms)
 GET /api/health 200 in 10ms (next.js: 3ms, application-code: 7ms)
 GET /api/workspaces/a804136a-64c0-45eb-a46f-596e8bf49a88/members 200 in 46ms (next.js: 16ms, application-code: 30ms)
 GET /api/workspaces/a804136a-64c0-45eb-a46f-596e8bf49a88/invites 200 in 47ms (next.js: 34ms, application-code: 14ms)
 GET /w/e2e-cfa00c/canvas 307 in 74ms (next.js: 15ms, application-code: 59ms)
 GET /w/e2e-cfa00c/flows/68ceba69-db8d-40e8-ac3e-2abb2fccacd1 200 in 66ms (next.js: 15ms, application-code: 52ms)
 GET /api/health 200 in 8ms (next.js: 2ms, application-code: 5ms)
 GET /api/flows/68ceba69-db8d-40e8-ac3e-2abb2fccacd1 200 in 37ms (next.js: 17ms, application-code: 19ms)
 GET /api/flows/68ceba69-db8d-40e8-ac3e-2abb2fccacd1/publish 200 in 53ms (next.js: 17ms, application-code: 36ms)
 GET /api/flows/68ceba69-db8d-40e8-ac3e-2abb2fccacd1/runs 200 in 33ms (next.js: 19ms, application-code: 14ms)
 GET / 200 in 44ms (next.js: 3ms, application-code: 41ms)
 GET /sign-up 200 in 16ms (next.js: 3ms, application-code: 14ms)
 GET /api/auth-config 200 in 7ms (next.js: 2ms, application-code: 5ms)
 POST /api/auth/sign-up/email 200 in 111ms (next.js: 19ms, application-code: 92ms)
 GET /api/me 401 in 19ms (next.js: 1.8ms, application-code: 18ms)
 GET /api/test/outbox?email=journey-4f8dcc1a%40flowline-e2e.test 200 in 7ms (next.js: 2ms, application-code: 4ms)
 GET /verify-email?token=G0ErTPkO5XEeLDvsjWs8Cs4DLd_UIURIQLXgT2o9srU&callbackURL=%2Fsign-in 200 in 22ms (next.js: 2ms, application-code: 20ms)
 POST /api/email 200 in 22ms (next.js: 1.8ms, application-code: 20ms)
 GET /sign-in 200 in 18ms (next.js: 3ms, application-code: 15ms)
 GET /api/auth-config 200 in 10ms (next.js: 3ms, application-code: 7ms)
 POST /api/auth/sign-in/email 200 in 82ms (next.js: 3ms, application-code: 79ms)
 GET /app 200 in 37ms (next.js: 4ms, application-code: 33ms)
 GET /app 200 in 98ms (next.js: 4ms, application-code: 94ms)
 GET /onboarding 200 in 52ms (next.js: 6ms, application-code: 46ms)
 GET /onboarding 200 in 52ms (next.js: 20ms, application-code: 32ms)
 POST /api/workspaces 201 in 50ms (next.js: 3ms, application-code: 47ms)
 POST /api/workspaces/f2e2877d-a2f5-4ad2-961d-eb772a3230c9/flows 201 in 45ms (next.js: 18ms, application-code: 26ms)
 POST /api/onboarding 200 in 20ms (next.js: 3ms, application-code: 17ms)
 GET /w/journey-co-11/flows/3c1c0114-28bf-4a95-a6a2-5803321c3cd6 200 in 57ms (next.js: 18ms, application-code: 39ms)
 GET /api/health 200 in 29ms (next.js: 2ms, application-code: 27ms)
 GET /api/flows/3c1c0114-28bf-4a95-a6a2-5803321c3cd6 200 in 34ms (next.js: 20ms, application-code: 15ms)
 GET /api/flows/3c1c0114-28bf-4a95-a6a2-5803321c3cd6/publish 200 in 62ms (next.js: 19ms, application-code: 42ms)
 GET /api/flows/3c1c0114-28bf-4a95-a6a2-5803321c3cd6/runs 200 in 37ms (next.js: 21ms, application-code: 15ms)
 GET /api/workspaces/f2e2877d-a2f5-4ad2-961d-eb772a3230c9/ai 200 in 57ms (next.js: 17ms, application-code: 40ms)
 GET /api/integrations/catalog 200 in 183ms (next.js: 3ms, application-code: 180ms)
 PUT /api/flows/3c1c0114-28bf-4a95-a6a2-5803321c3cd6 200 in 48ms (next.js: 14ms, application-code: 34ms)
 GET /w/journey-co-11/flows/3c1c0114-28bf-4a95-a6a2-5803321c3cd6 200 in 60ms (next.js: 14ms, application-code: 47ms)
 GET /api/health 200 in 11ms (next.js: 4ms, application-code: 6ms)
 GET /api/flows/3c1c0114-28bf-4a95-a6a2-5803321c3cd6 200 in 18ms (next.js: 3ms, application-code: 16ms)
 GET /api/flows/3c1c0114-28bf-4a95-a6a2-5803321c3cd6/publish 200 in 74ms (next.js: 21ms, application-code: 53ms)
 GET /api/flows/3c1c0114-28bf-4a95-a6a2-5803321c3cd6/runs 200 in 50ms (next.js: 25ms, application-code: 25ms)
2026-09-29T03:32:16.752Z [worker] run 7d6ed5db-daab-4fb3-bc5c-c46f094014fe claimed
 POST /api/flows/3c1c0114-28bf-4a95-a6a2-5803321c3cd6/runs 202 in 61ms (next.js: 3ms, application-code: 58ms)
 GET /api/flows/3c1c0114-28bf-4a95-a6a2-5803321c3cd6/runs 200 in 44ms (next.js: 4ms, application-code: 40ms)
2026-09-29T03:32:16.812Z [worker] run 7d6ed5db-daab-4fb3-bc5c-c46f094014fe done
 GET /api/runs/7d6ed5db-daab-4fb3-bc5c-c46f094014fe 200 in 42ms (next.js: 20ms, application-code: 22ms)
 GET /w/journey-co-11/runs?run=7d6ed5db-daab-4fb3-bc5c-c46f094014fe 200 in 40ms (next.js: 22ms, application-code: 19ms)
 GET /api/workspaces/f2e2877d-a2f5-4ad2-961d-eb772a3230c9/runs?limit=25 200 in 44ms (next.js: 17ms, application-code: 27ms)
 GET /api/flows/3c1c0114-28bf-4a95-a6a2-5803321c3cd6 200 in 43ms (next.js: 17ms, application-code: 26ms)
 GET /api/flows/3c1c0114-28bf-4a95-a6a2-5803321c3cd6/runs 200 in 42ms (next.js: 15ms, application-code: 27ms)
 GET /api/runs/7d6ed5db-daab-4fb3-bc5c-c46f094014fe 200 in 30ms (next.js: 2ms, application-code: 27ms)
 GET /api/flows/3c1c0114-28bf-4a95-a6a2-5803321c3cd6/versions 200 in 846ms (next.js: 828ms, application-code: 19ms)
 POST /api/auth/sign-up/email 200 in 92ms (next.js: 14ms, application-code: 78ms)
 GET /api/test/outbox?email=e2e-cd62c983%40flowline-e2e.test 200 in 7ms (next.js: 2ms, application-code: 5ms)
 POST /api/email 200 in 21ms (next.js: 2ms, application-code: 19ms)
 POST /api/auth/sign-in/email 200 in 71ms (next.js: 2ms, application-code: 69ms)
 POST /api/workspaces 201 in 25ms (next.js: 2ms, application-code: 23ms)
 POST /api/onboarding 200 in 11ms (next.js: 1.9ms, application-code: 9ms)
 POST /api/workspaces/92e210aa-abe2-4b5e-bc49-91fdb0aa787a/flows 201 in 40ms (next.js: 13ms, application-code: 27ms)
 POST /api/workspaces/92e210aa-abe2-4b5e-bc49-91fdb0aa787a/connections 201 in 55ms (next.js: 13ms, application-code: 42ms)
 PUT /api/flows/5e1a404c-0567-4e32-930b-8669089aecf7 200 in 30ms (next.js: 14ms, application-code: 16ms)
 GET /w/e2e-4fdd64/flows/5e1a404c-0567-4e32-930b-8669089aecf7 200 in 75ms (next.js: 16ms, application-code: 59ms)
 GET /api/health 200 in 9ms (next.js: 2ms, application-code: 6ms)
 GET /api/flows/5e1a404c-0567-4e32-930b-8669089aecf7 200 in 23ms (next.js: 3ms, application-code: 19ms)
 GET /api/flows/5e1a404c-0567-4e32-930b-8669089aecf7/publish 200 in 74ms (next.js: 24ms, application-code: 50ms)
 GET /api/flows/5e1a404c-0567-4e32-930b-8669089aecf7/runs 200 in 50ms (next.js: 26ms, application-code: 24ms)
 POST /api/flows/5e1a404c-0567-4e32-930b-8669089aecf7/runs 202 in 69ms (next.js: 2ms, application-code: 66ms)
2026-09-29T03:32:20.232Z [worker] run 8457927f-8294-40d8-b5ec-4783f24be0f3 claimed
 GET /api/flows/5e1a404c-0567-4e32-930b-8669089aecf7/runs 200 in 39ms (next.js: 1.9ms, application-code: 37ms)
 GET /api/runs/8457927f-8294-40d8-b5ec-4783f24be0f3 200 in 41ms (next.js: 18ms, application-code: 23ms)
2026-09-29T03:32:20.281Z [worker] run 8457927f-8294-40d8-b5ec-4783f24be0f3 done
 GET /api/runs/8457927f-8294-40d8-b5ec-4783f24be0f3 200 in 43ms (next.js: 3ms, application-code: 40ms)
 GET /api/flows/5e1a404c-0567-4e32-930b-8669089aecf7/runs 200 in 41ms (next.js: 15ms, application-code: 26ms)
 GET /w/e2e-4fdd64/runs?run=8457927f-8294-40d8-b5ec-4783f24be0f3 200 in 34ms (next.js: 18ms, application-code: 16ms)
 GET /api/workspaces/92e210aa-abe2-4b5e-bc49-91fdb0aa787a/runs?limit=25 200 in 29ms (next.js: 15ms, application-code: 14ms)
 GET /api/flows/5e1a404c-0567-4e32-930b-8669089aecf7/runs 200 in 40ms (next.js: 21ms, application-code: 19ms)
 GET /api/flows/5e1a404c-0567-4e32-930b-8669089aecf7/runs 200 in 33ms (next.js: 3ms, application-code: 29ms)
 GET /api/flows/5e1a404c-0567-4e32-930b-8669089aecf7/runs 200 in 31ms (next.js: 3ms, application-code: 28ms)
 POST /api/approvals/39e75baf-521f-40f6-998e-cad2af99f56f/decide 200 in 953ms (next.js: 908ms, application-code: 45ms)
2026-09-29T03:32:23.463Z [worker] run 8457927f-8294-40d8-b5ec-4783f24be0f3 claimed
 GET /api/runs/8457927f-8294-40d8-b5ec-4783f24be0f3 200 in 41ms (next.js: 20ms, application-code: 21ms)
2026-09-29T03:32:23.527Z [worker] run 8457927f-8294-40d8-b5ec-4783f24be0f3 done
 GET /api/flows/5e1a404c-0567-4e32-930b-8669089aecf7/runs 200 in 44ms (next.js: 18ms, application-code: 26ms)
 POST /api/auth/sign-up/email 200 in 98ms (next.js: 16ms, application-code: 83ms)
 GET /api/test/outbox?email=e2e-d3a28cd0%40flowline-e2e.test 200 in 8ms (next.js: 2ms, application-code: 6ms)
 POST /api/email 200 in 24ms (next.js: 2ms, application-code: 21ms)
 POST /api/auth/sign-in/email 200 in 74ms (next.js: 3ms, application-code: 71ms)
 POST /api/workspaces 201 in 36ms (next.js: 2ms, application-code: 34ms)
 POST /api/onboarding 200 in 18ms (next.js: 2.0ms, application-code: 16ms)
 GET /w/e2e-dd12d7/settings 200 in 59ms (next.js: 13ms, application-code: 46ms)
 GET /api/health 200 in 35ms (next.js: 4ms, application-code: 31ms)
 GET /api/workspaces/4bb24a78-cc05-412f-ad6d-c217091403c3/members 200 in 54ms (next.js: 19ms, application-code: 35ms)
 GET /api/workspaces/4bb24a78-cc05-412f-ad6d-c217091403c3/invites 200 in 34ms (next.js: 18ms, application-code: 16ms)
 POST /api/workspaces/4bb24a78-cc05-412f-ad6d-c217091403c3/invites 201 in 49ms (next.js: 2ms, application-code: 47ms)
 GET /api/workspaces/4bb24a78-cc05-412f-ad6d-c217091403c3/members 200 in 20ms (next.js: 3ms, application-code: 17ms)
 GET /api/workspaces/4bb24a78-cc05-412f-ad6d-c217091403c3/invites 200 in 21ms (next.js: 8ms, application-code: 13ms)
 POST /api/auth/sign-up/email 200 in 98ms (next.js: 15ms, application-code: 82ms)
 GET /api/test/outbox?email=viewer-aa9bc88f%40flowline-e2e.test 200 in 7ms (next.js: 1.9ms, application-code: 5ms)
 POST /api/email 200 in 25ms (next.js: 3ms, application-code: 22ms)
 POST /api/auth/sign-in/email 200 in 73ms (next.js: 1.9ms, application-code: 72ms)
 GET /invite/5xIvZAh_EU3EZ1YnAaDdEY2gb0olevIZLCtx-bS4QYo 200 in 51ms (next.js: 16ms, application-code: 35ms)
 GET /api/invites/5xIvZAh_EU3EZ1YnAaDdEY2gb0olevIZLCtx-bS4QYo 200 in 41ms (next.js: 20ms, application-code: 20ms)
 POST /api/invites/5xIvZAh_EU3EZ1YnAaDdEY2gb0olevIZLCtx-bS4QYo 200 in 43ms (next.js: 2ms, application-code: 41ms)
 GET /w/e2e-dd12d7/flows 200 in 59ms (next.js: 20ms, application-code: 38ms)
 GET /api/health 200 in 9ms (next.js: 4ms, application-code: 5ms)
 GET /api/workspaces/4bb24a78-cc05-412f-ad6d-c217091403c3/usage 200 in 68ms (next.js: 35ms, application-code: 33ms)
 GET /api/workspaces/4bb24a78-cc05-412f-ad6d-c217091403c3/flows 200 in 69ms (next.js: 52ms, application-code: 17ms)
 GET /api/workspaces/4bb24a78-cc05-412f-ad6d-c217091403c3/overview 200 in 111ms (next.js: 17ms, application-code: 94ms)
 POST /api/workspaces/4bb24a78-cc05-412f-ad6d-c217091403c3/connections 201 in 58ms (next.js: 25ms, application-code: 33ms)
 POST /api/workspaces/4bb24a78-cc05-412f-ad6d-c217091403c3/flows 201 in 36ms (next.js: 2ms, application-code: 34ms)
 PUT /api/flows/4d8eb440-5a78-48ba-90d0-dbf8deec08ec 200 in 43ms (next.js: 16ms, application-code: 27ms)
 POST /api/flows/4d8eb440-5a78-48ba-90d0-dbf8deec08ec/runs 202 in 72ms (next.js: 16ms, application-code: 56ms)
2026-09-29T03:32:26.857Z [worker] run 74823890-c923-4275-8249-8993a5f74772 claimed
2026-09-29T03:32:26.896Z [worker] run 74823890-c923-4275-8249-8993a5f74772 done
 GET /api/runs/74823890-c923-4275-8249-8993a5f74772 200 in 42ms (next.js: 16ms, application-code: 26ms)
 GET /w/e2e-dd12d7/runs?run=74823890-c923-4275-8249-8993a5f74772 200 in 71ms (next.js: 19ms, application-code: 52ms)
 GET /api/health 200 in 12ms (next.js: 3ms, application-code: 8ms)
 GET /api/workspaces/4bb24a78-cc05-412f-ad6d-c217091403c3/runs?limit=25 200 in 62ms (next.js: 31ms, application-code: 31ms)
 GET /api/runs/74823890-c923-4275-8249-8993a5f74772 200 in 77ms (next.js: 39ms, application-code: 38ms)
 GET /api/workspaces/4bb24a78-cc05-412f-ad6d-c217091403c3/approvals 200 in 844ms (next.js: 824ms, application-code: 20ms)
 POST /api/approvals/ec833b06-df4c-4e71-98f9-b0181c5535b6/decide 403 in 32ms (next.js: 13ms, application-code: 19ms)
 GET /api/runs/74823890-c923-4275-8249-8993a5f74772 200 in 31ms (next.js: 14ms, application-code: 17ms)
 GET /w/e2e-dd12d7/settings 200 in 58ms (next.js: 15ms, application-code: 43ms)
 GET /api/health 200 in 13ms (next.js: 3ms, application-code: 10ms)
 GET /api/workspaces/4bb24a78-cc05-412f-ad6d-c217091403c3/invites 200 in 58ms (next.js: 22ms, application-code: 36ms)
 GET /api/workspaces/4bb24a78-cc05-412f-ad6d-c217091403c3/members 200 in 59ms (next.js: 43ms, application-code: 16ms)
 PATCH /api/workspaces/4bb24a78-cc05-412f-ad6d-c217091403c3/members/e079d183-08fb-456c-962f-d6614f6b6bf7 200 in 855ms (next.js: 829ms, application-code: 26ms)
 GET /api/workspaces/4bb24a78-cc05-412f-ad6d-c217091403c3/members 200 in 42ms (next.js: 14ms, application-code: 28ms)
 GET /api/workspaces/4bb24a78-cc05-412f-ad6d-c217091403c3/invites 200 in 43ms (next.js: 29ms, application-code: 14ms)
 GET /w/e2e-dd12d7/runs?run=74823890-c923-4275-8249-8993a5f74772 200 in 56ms (next.js: 15ms, application-code: 41ms)
 GET /api/health 200 in 10ms (next.js: 4ms, application-code: 6ms)
 GET /api/workspaces/4bb24a78-cc05-412f-ad6d-c217091403c3/runs?limit=25 200 in 56ms (next.js: 21ms, application-code: 35ms)
 GET /api/runs/74823890-c923-4275-8249-8993a5f74772 200 in 43ms (next.js: 19ms, application-code: 24ms)
 GET /api/runs/74823890-c923-4275-8249-8993a5f74772 200 in 33ms (next.js: 2ms, application-code: 31ms)
 POST /api/approvals/ec833b06-df4c-4e71-98f9-b0181c5535b6/decide 200 in 57ms (next.js: 15ms, application-code: 41ms)
2026-09-29T03:32:30.865Z [worker] run 74823890-c923-4275-8249-8993a5f74772 claimed
 GET /api/runs/74823890-c923-4275-8249-8993a5f74772 200 in 39ms (next.js: 4ms, application-code: 34ms)
2026-09-29T03:32:30.941Z [worker] run 74823890-c923-4275-8249-8993a5f74772 done
 GET /api/runs/74823890-c923-4275-8249-8993a5f74772 200 in 34ms (next.js: 3ms, application-code: 31ms)
 DELETE /api/workspaces/4bb24a78-cc05-412f-ad6d-c217091403c3/members/e079d183-08fb-456c-962f-d6614f6b6bf7 200 in 58ms (next.js: 18ms, application-code: 41ms)
 GET /api/workspaces/4bb24a78-cc05-412f-ad6d-c217091403c3/members 200 in 52ms (next.js: 21ms, application-code: 32ms)
 GET /api/workspaces/4bb24a78-cc05-412f-ad6d-c217091403c3/invites 200 in 53ms (next.js: 37ms, application-code: 17ms)
 GET /api/workspaces/4bb24a78-cc05-412f-ad6d-c217091403c3/flows 404 in 43ms (next.js: 20ms, application-code: 22ms)
 GET /api/runs/74823890-c923-4275-8249-8993a5f74772 200 in 21ms (next.js: 17ms, application-code: 4ms)
 GET /api/workspaces/4bb24a78-cc05-412f-ad6d-c217091403c3/audit 200 in 47ms (next.js: 20ms, application-code: 27ms)
 POST /api/auth/sign-up/email 200 in 107ms (next.js: 15ms, application-code: 92ms)
 GET /api/test/outbox?email=e2e-ae43d684%40flowline-e2e.test 200 in 7ms (next.js: 1.8ms, application-code: 6ms)
 POST /api/email 200 in 22ms (next.js: 2ms, application-code: 19ms)
 POST /api/auth/sign-in/email 200 in 67ms (next.js: 1.7ms, application-code: 66ms)
 POST /api/workspaces 201 in 17ms (next.js: 1.8ms, application-code: 15ms)
 POST /api/onboarding 200 in 28ms (next.js: 2ms, application-code: 25ms)
 POST /api/workspaces/7dd5c8d0-9382-4f5a-98b1-38432d7354ac/flows 201 in 28ms (next.js: 14ms, application-code: 14ms)
 GET /w/e2e-8310b2/settings?tab=keys 200 in 58ms (next.js: 15ms, application-code: 43ms)
 POST /api/auth/sign-up/email 200 in 114ms (next.js: 15ms, application-code: 99ms)
 GET /api/test/outbox?email=e2e-8f1bfb03%40flowline-e2e.test 200 in 11ms (next.js: 2ms, application-code: 8ms)
 POST /api/email 200 in 23ms (next.js: 2ms, application-code: 21ms)
 POST /api/auth/sign-in/email 200 in 67ms (next.js: 2ms, application-code: 65ms)
 POST /api/workspaces 201 in 25ms (next.js: 2ms, application-code: 23ms)
 POST /api/onboarding 200 in 19ms (next.js: 1.9ms, application-code: 17ms)
 POST /api/workspaces/074e9de8-b874-47a3-a5a0-f160b7a76f6d/ai/connections 201 in 70ms (next.js: 14ms, application-code: 56ms)
 PUT /api/workspaces/074e9de8-b874-47a3-a5a0-f160b7a76f6d/ai/default-route 200 in 42ms (next.js: 14ms, application-code: 28ms)
 PUT /api/workspaces/074e9de8-b874-47a3-a5a0-f160b7a76f6d/ai/policy 200 in 841ms (next.js: 815ms, application-code: 26ms)
 POST /api/workspaces/074e9de8-b874-47a3-a5a0-f160b7a76f6d/flows 201 in 26ms (next.js: 13ms, application-code: 13ms)
 PUT /api/flows/26863d89-8a86-4f09-b7ef-c6450be5476b 200 in 41ms (next.js: 13ms, application-code: 29ms)
 POST /api/flows/26863d89-8a86-4f09-b7ef-c6450be5476b/publish 201 in 42ms (next.js: 14ms, application-code: 28ms)
 GET /w/e2e-e08bc5/knowledge 200 in 62ms (next.js: 15ms, application-code: 48ms)
 GET /api/health 200 in 44ms (next.js: 3ms, application-code: 41ms)
 GET /api/workspaces/074e9de8-b874-47a3-a5a0-f160b7a76f6d/knowledge 200 in 38ms (next.js: 19ms, application-code: 19ms)
 POST /api/workspaces/074e9de8-b874-47a3-a5a0-f160b7a76f6d/knowledge 201 in 35ms (next.js: 3ms, application-code: 32ms)
2026-09-29T03:33:40.374Z [worker] knowledge source indexed
 GET /api/workspaces/074e9de8-b874-47a3-a5a0-f160b7a76f6d/knowledge 200 in 21ms (next.js: 4ms, application-code: 17ms)
 GET /w/e2e-e08bc5/agents 200 in 81ms (next.js: 19ms, application-code: 62ms)
 GET /api/health 200 in 9ms (next.js: 4ms, application-code: 6ms)
 GET /api/workspaces/074e9de8-b874-47a3-a5a0-f160b7a76f6d/agents 200 in 44ms (next.js: 19ms, application-code: 25ms)
 GET /w/e2e-e08bc5/agents/new 200 in 38ms (next.js: 18ms, application-code: 20ms)
 GET /api/workspaces/074e9de8-b874-47a3-a5a0-f160b7a76f6d/knowledge 200 in 52ms (next.js: 23ms, application-code: 29ms)
 GET /api/workspaces/074e9de8-b874-47a3-a5a0-f160b7a76f6d/flows 200 in 56ms (next.js: 18ms, application-code: 38ms)
 GET /api/workspaces/074e9de8-b874-47a3-a5a0-f160b7a76f6d/ai 200 in 94ms (next.js: 38ms, application-code: 56ms)
 GET /api/workspaces/074e9de8-b874-47a3-a5a0-f160b7a76f6d/ai/models 200 in 48ms (next.js: 19ms, application-code: 29ms)
 POST /api/workspaces/074e9de8-b874-47a3-a5a0-f160b7a76f6d/agents 201 in 56ms (next.js: 3ms, application-code: 53ms)
 GET /w/e2e-e08bc5/agents/10234483-a631-4f2e-9544-cc13587df00c 200 in 651ms (next.js: 635ms, application-code: 16ms)
 GET /api/agents/10234483-a631-4f2e-9544-cc13587df00c 200 in 969ms (next.js: 943ms, application-code: 26ms)
 GET /api/agents/10234483-a631-4f2e-9544-cc13587df00c/runs 200 in 921ms (next.js: 892ms, application-code: 29ms)
 POST /api/agents/10234483-a631-4f2e-9544-cc13587df00c/runs 202 in 470ms (next.js: 409ms, application-code: 62ms)
2026-09-29T03:33:44.194Z [worker] agent run 5eea6cf8-9a6a-4a16-a1df-02557a558db1 claimed
2026-09-29T03:33:44.318Z [worker] agent run 5eea6cf8-9a6a-4a16-a1df-02557a558db1 succeeded
 GET /api/agent-runs/5eea6cf8-9a6a-4a16-a1df-02557a558db1 200 in 929ms (next.js: 903ms, application-code: 26ms)
 POST /api/agents/10234483-a631-4f2e-9544-cc13587df00c/runs 202 in 65ms (next.js: 17ms, application-code: 48ms)
2026-09-29T03:33:45.752Z [worker] agent run 7e2fb890-edee-43aa-92c3-fa175216590c claimed
 GET /api/agent-runs/7e2fb890-edee-43aa-92c3-fa175216590c 200 in 54ms (next.js: 21ms, application-code: 33ms)
2026-09-29T03:33:45.825Z [worker] agent run 7e2fb890-edee-43aa-92c3-fa175216590c waiting for approval
 GET /api/agent-runs/7e2fb890-edee-43aa-92c3-fa175216590c 200 in 32ms (next.js: 14ms, application-code: 18ms)
 POST /api/approvals/897ea3b6-845a-4ee1-8785-ac4f1ec67ddb/decide 200 in 52ms (next.js: 16ms, application-code: 35ms)
2026-09-29T03:33:47.172Z [worker] agent run 7e2fb890-edee-43aa-92c3-fa175216590c claimed
 GET /api/agents/10234483-a631-4f2e-9544-cc13587df00c/runs 200 in 47ms (next.js: 27ms, application-code: 20ms)
 GET /api/agent-runs/7e2fb890-edee-43aa-92c3-fa175216590c 200 in 53ms (next.js: 3ms, application-code: 50ms)
2026-09-29T03:33:47.269Z [worker] run 63b9e436-54fa-40d7-9f97-fd4b847e88c4 claimed
2026-09-29T03:33:47.317Z [worker] run 63b9e436-54fa-40d7-9f97-fd4b847e88c4 done
2026-09-29T03:33:47.807Z [worker] agent run 7e2fb890-edee-43aa-92c3-fa175216590c succeeded
 GET /api/agent-runs/7e2fb890-edee-43aa-92c3-fa175216590c 200 in 40ms (next.js: 15ms, application-code: 25ms)
 GET /api/flows/26863d89-8a86-4f09-b7ef-c6450be5476b/runs 200 in 35ms (next.js: 13ms, application-code: 22ms)
 POST /api/auth/sign-up/email 200 in 105ms (next.js: 14ms, application-code: 90ms)
 GET /api/test/outbox?email=e2e-3c331c76%40flowline-e2e.test 200 in 8ms (next.js: 1.9ms, application-code: 6ms)
 POST /api/email 200 in 25ms (next.js: 2ms, application-code: 23ms)
 POST /api/auth/sign-in/email 200 in 73ms (next.js: 3ms, application-code: 69ms)
 POST /api/workspaces 201 in 20ms (next.js: 2ms, application-code: 17ms)
 POST /api/onboarding 200 in 22ms (next.js: 1.8ms, application-code: 20ms)
 POST /api/workspaces/f6d6926c-2fec-4e79-ad5f-3ce95ab1f2b9/ai/connections 201 in 64ms (next.js: 14ms, application-code: 50ms)
 PUT /api/workspaces/f6d6926c-2fec-4e79-ad5f-3ce95ab1f2b9/ai/default-route 200 in 41ms (next.js: 14ms, application-code: 27ms)
 PUT /api/workspaces/f6d6926c-2fec-4e79-ad5f-3ce95ab1f2b9/ai/policy 200 in 38ms (next.js: 15ms, application-code: 22ms)
 GET /w/e2e-2b38d3/flows 200 in 68ms (next.js: 16ms, application-code: 52ms)
 GET /api/health 200 in 11ms (next.js: 3ms, application-code: 8ms)
 GET /api/workspaces/f6d6926c-2fec-4e79-ad5f-3ce95ab1f2b9/flows 200 in 72ms (next.js: 23ms, application-code: 49ms)
 GET /api/workspaces/f6d6926c-2fec-4e79-ad5f-3ce95ab1f2b9/usage 200 in 78ms (next.js: 48ms, application-code: 30ms)
 GET /api/workspaces/f6d6926c-2fec-4e79-ad5f-3ce95ab1f2b9/overview 200 in 122ms (next.js: 23ms, application-code: 99ms)
 POST /api/workspaces/f6d6926c-2fec-4e79-ad5f-3ce95ab1f2b9/copilot 201 in 1135ms (next.js: 988ms, application-code: 147ms)
 POST /api/workspaces/f6d6926c-2fec-4e79-ad5f-3ce95ab1f2b9/copilot/a3ab99f0-ddee-4b2a-bff1-71d0ad85cc7d 200 in 965ms (next.js: 936ms, application-code: 29ms)
 GET /api/workspaces/f6d6926c-2fec-4e79-ad5f-3ce95ab1f2b9/flows 200 in 31ms (next.js: 14ms, application-code: 17ms)
 POST /api/workspaces/f6d6926c-2fec-4e79-ad5f-3ce95ab1f2b9/copilot 201 in 145ms (next.js: 15ms, application-code: 130ms)
 POST /api/workspaces/f6d6926c-2fec-4e79-ad5f-3ce95ab1f2b9/copilot/dc10b1e0-098e-4bdb-a6dd-713aec04b979 200 in 44ms (next.js: 15ms, application-code: 29ms)
 GET /w/e2e-2b38d3/flows/5cf2c5ad-b37d-4387-a4c2-4aa15fcbdb3e 200 in 33ms (next.js: 19ms, application-code: 15ms)
 GET /api/flows/5cf2c5ad-b37d-4387-a4c2-4aa15fcbdb3e 200 in 39ms (next.js: 18ms, application-code: 21ms)
 GET /api/flows/5cf2c5ad-b37d-4387-a4c2-4aa15fcbdb3e/publish 200 in 73ms (next.js: 21ms, application-code: 52ms)
 GET /api/flows/5cf2c5ad-b37d-4387-a4c2-4aa15fcbdb3e/runs 200 in 54ms (next.js: 23ms, application-code: 31ms)
 GET /api/workspaces/f6d6926c-2fec-4e79-ad5f-3ce95ab1f2b9/flows 200 in 27ms (next.js: 3ms, application-code: 24ms)
 GET /api/flows/5cf2c5ad-b37d-4387-a4c2-4aa15fcbdb3e/runs 200 in 20ms (next.js: 3ms, application-code: 17ms)
 POST /api/auth/sign-up/email 200 in 107ms (next.js: 16ms, application-code: 91ms)
 GET /api/test/outbox?email=e2e-ec5ea1e7%40flowline-e2e.test 200 in 8ms (next.js: 2ms, application-code: 6ms)
 POST /api/email 200 in 28ms (next.js: 2ms, application-code: 26ms)
 POST /api/auth/sign-in/email 200 in 75ms (next.js: 3ms, application-code: 73ms)
 POST /api/workspaces 201 in 25ms (next.js: 2ms, application-code: 22ms)
 POST /api/onboarding 200 in 13ms (next.js: 2ms, application-code: 11ms)
 POST /api/workspaces/1510c2d9-5d7d-456c-ab28-3db0d17aa691/ai/connections 201 in 66ms (next.js: 14ms, application-code: 53ms)
 PUT /api/workspaces/1510c2d9-5d7d-456c-ab28-3db0d17aa691/ai/default-route 200 in 42ms (next.js: 14ms, application-code: 28ms)
 PUT /api/workspaces/1510c2d9-5d7d-456c-ab28-3db0d17aa691/ai/policy 200 in 34ms (next.js: 16ms, application-code: 18ms)
 POST /api/workspaces/1510c2d9-5d7d-456c-ab28-3db0d17aa691/flows 201 in 38ms (next.js: 19ms, application-code: 19ms)
 PUT /api/flows/5915838c-aa2c-4dce-a18e-38243497f135 200 in 49ms (next.js: 16ms, application-code: 34ms)
 POST /api/flows/5915838c-aa2c-4dce-a18e-38243497f135/publish 201 in 50ms (next.js: 16ms, application-code: 34ms)
 POST /api/workspaces/1510c2d9-5d7d-456c-ab28-3db0d17aa691/agents 201 in 50ms (next.js: 16ms, application-code: 33ms)
 POST /api/workspaces/1510c2d9-5d7d-456c-ab28-3db0d17aa691/invites 201 in 62ms (next.js: 22ms, application-code: 40ms)
 POST /api/auth/sign-up/email 200 in 105ms (next.js: 16ms, application-code: 89ms)
 GET /api/test/outbox?email=vw-f085a91f%40flowline-e2e.test 200 in 9ms (next.js: 3ms, application-code: 6ms)
 POST /api/email 200 in 31ms (next.js: 2ms, application-code: 28ms)
 POST /api/auth/sign-in/email 200 in 78ms (next.js: 3ms, application-code: 75ms)
 POST /api/invites/QjKIYW_0TeQ1BcKtf54zWf68rMux9HiR1wtdZenHhxI 200 in 41ms (next.js: 15ms, application-code: 26ms)
 GET /w/e2e-a2214f/agents/d6a7aa3f-a50e-4c9d-8983-3327a44deabe 200 in 79ms (next.js: 20ms, application-code: 59ms)
 GET /api/health 200 in 11ms (next.js: 4ms, application-code: 7ms)
 GET /api/agents/d6a7aa3f-a50e-4c9d-8983-3327a44deabe 200 in 58ms (next.js: 26ms, application-code: 33ms)
 GET /api/agents/d6a7aa3f-a50e-4c9d-8983-3327a44deabe/runs 200 in 39ms (next.js: 19ms, application-code: 20ms)
 POST /api/agents/d6a7aa3f-a50e-4c9d-8983-3327a44deabe/runs 202 in 47ms (next.js: 3ms, application-code: 45ms)
2026-09-29T03:33:56.649Z [worker] agent run 0c4dd433-7e84-40db-b792-faa42dd260a7 claimed
 GET /api/agent-runs/0c4dd433-7e84-40db-b792-faa42dd260a7 200 in 54ms (next.js: 19ms, application-code: 35ms)
2026-09-29T03:33:56.730Z [worker] agent run 0c4dd433-7e84-40db-b792-faa42dd260a7 waiting for approval
 GET /api/agent-runs/0c4dd433-7e84-40db-b792-faa42dd260a7 200 in 40ms (next.js: 14ms, application-code: 25ms)
 GET /w/e2e-a2214f/flows 200 in 75ms (next.js: 16ms, application-code: 60ms)
 GET /api/health 200 in 13ms (next.js: 4ms, application-code: 9ms)
 GET /api/workspaces/1510c2d9-5d7d-456c-ab28-3db0d17aa691/usage 200 in 77ms (next.js: 35ms, application-code: 42ms)
 GET /api/workspaces/1510c2d9-5d7d-456c-ab28-3db0d17aa691/flows 200 in 80ms (next.js: 57ms, application-code: 23ms)
 GET /api/workspaces/1510c2d9-5d7d-456c-ab28-3db0d17aa691/overview 200 in 97ms (next.js: 18ms, application-code: 79ms)
 GET /w/e2e-a2214f/agents/d6a7aa3f-a50e-4c9d-8983-3327a44deabe?tab=runs&run=0c4dd433-7e84-40db-b792-faa42dd260a7 200 in 39ms (next.js: 21ms, application-code: 17ms)
 GET /api/agents/d6a7aa3f-a50e-4c9d-8983-3327a44deabe 200 in 47ms (next.js: 17ms, application-code: 29ms)
 GET /api/agents/d6a7aa3f-a50e-4c9d-8983-3327a44deabe/runs 200 in 48ms (next.js: 20ms, application-code: 28ms)
 GET /api/agent-runs/0c4dd433-7e84-40db-b792-faa42dd260a7 200 in 47ms (next.js: 19ms, application-code: 28ms)
 GET /w/e2e-a2214f/agents/d6a7aa3f-a50e-4c9d-8983-3327a44deabe 200 in 61ms (next.js: 4ms, application-code: 57ms)
 GET /api/health 200 in 11ms (next.js: 3ms, application-code: 8ms)
 GET /api/agents/d6a7aa3f-a50e-4c9d-8983-3327a44deabe 200 in 30ms (next.js: 3ms, application-code: 26ms)
 GET /api/agents/d6a7aa3f-a50e-4c9d-8983-3327a44deabe/runs 200 in 35ms (next.js: 4ms, application-code: 32ms)
 GET /api/agent-runs/0c4dd433-7e84-40db-b792-faa42dd260a7 200 in 27ms (next.js: 3ms, application-code: 24ms)
 POST /api/approvals/7661025c-ecfe-4476-88b8-c8591b8afc4b/decide 200 in 46ms (next.js: 16ms, application-code: 30ms)
2026-09-29T03:33:59.970Z [worker] agent run 0c4dd433-7e84-40db-b792-faa42dd260a7 claimed
 GET /api/agents/d6a7aa3f-a50e-4c9d-8983-3327a44deabe/runs 200 in 59ms (next.js: 42ms, application-code: 17ms)
 GET /api/agent-runs/0c4dd433-7e84-40db-b792-faa42dd260a7 200 in 65ms (next.js: 18ms, application-code: 47ms)
2026-09-29T03:34:00.046Z [worker] run 219ea6c1-c59a-4a09-8424-751c25a166bd claimed
2026-09-29T03:34:00.089Z [worker] run 219ea6c1-c59a-4a09-8424-751c25a166bd done
2026-09-29T03:34:00.584Z [worker] agent run 0c4dd433-7e84-40db-b792-faa42dd260a7 succeeded
 GET /api/agent-runs/0c4dd433-7e84-40db-b792-faa42dd260a7 200 in 43ms (next.js: 14ms, application-code: 30ms)
 GET /api/flows/5915838c-aa2c-4dce-a18e-38243497f135/runs 200 in 39ms (next.js: 13ms, application-code: 25ms)
 POST /api/auth/sign-up/email 200 in 93ms (next.js: 16ms, application-code: 78ms)
 GET /api/test/outbox?email=e2e-3bf912c6%40flowline-e2e.test 200 in 7ms (next.js: 2.0ms, application-code: 5ms)
 POST /api/email 200 in 24ms (next.js: 3ms, application-code: 22ms)
 POST /api/auth/sign-in/email 200 in 72ms (next.js: 1.8ms, application-code: 71ms)
 POST /api/workspaces 201 in 34ms (next.js: 1.8ms, application-code: 33ms)
 POST /api/onboarding 200 in 20ms (next.js: 1.9ms, application-code: 18ms)
 GET /w/e2e-729e64/knowledge 200 in 60ms (next.js: 15ms, application-code: 45ms)
 GET /api/health 200 in 8ms (next.js: 3ms, application-code: 5ms)
 GET /api/workspaces/dd885176-d0de-44ef-a1b6-46c5f66bf818/knowledge 200 in 48ms (next.js: 18ms, application-code: 30ms)
 GET /sign-in 200 in 29ms (next.js: 2ms, application-code: 27ms)
 GET /api/sso/start?workspace=no-such-workspace-xyz 307 in 40ms (next.js: 33ms, application-code: 8ms)
 GET /sign-in?sso_error=SSO%20isn%27t%20set%20up%20for%20that%20workspace 200 in 29ms (next.js: 2ms, application-code: 27ms)
 GET /sign-in 200 in 40ms (next.js: 3ms, application-code: 37ms)
 POST /sign-in 200 in 28ms (next.js: 3ms, application-code: 26ms)
 GET /api/auth-config 200 in 8ms (next.js: 2ms, application-code: 6ms)
 POST /api/auth/sign-up/email 200 in 96ms (next.js: 16ms, application-code: 80ms)
 GET /api/test/outbox?email=e2e-205a373f%40flowline-e2e.test 200 in 7ms (next.js: 2ms, application-code: 5ms)
 POST /api/email 200 in 22ms (next.js: 1.8ms, application-code: 20ms)
 POST /api/auth/sign-in/email 200 in 70ms (next.js: 1.7ms, application-code: 69ms)
 POST /api/workspaces 201 in 33ms (next.js: 1.8ms, application-code: 31ms)
 POST /api/onboarding 200 in 12ms (next.js: 1.7ms, application-code: 10ms)
 POST /api/workspaces/e26a0e63-ef82-4b50-8ced-81034a334b84/flows 201 in 35ms (next.js: 14ms, application-code: 22ms)
 POST /api/auth/sign-up/email 200 in 78ms (next.js: 2ms, application-code: 75ms)
 GET /api/test/outbox?email=e2e-d3954a84%40flowline-e2e.test 200 in 7ms (next.js: 2ms, application-code: 5ms)
 POST /api/email 200 in 18ms (next.js: 1.6ms, application-code: 16ms)
 POST /api/auth/sign-in/email 200 in 68ms (next.js: 1.8ms, application-code: 66ms)
 POST /api/workspaces 201 in 29ms (next.js: 2ms, application-code: 27ms)
 POST /api/onboarding 200 in 13ms (next.js: 2ms, application-code: 11ms)
 POST /api/workspaces/bc8836c4-691d-4537-80e8-e7ad44cc5f44/flows 201 in 28ms (next.js: 1.9ms, application-code: 26ms)
 POST /api/flows/45a83950-0602-498d-b85b-5690c4d847ca/runs 202 in 58ms (next.js: 14ms, application-code: 45ms)
2026-09-29T03:34:16.600Z [worker] run f3860c48-d913-466a-a302-960467ac0487 claimed
2026-09-29T03:34:16.651Z [worker] run f3860c48-d913-466a-a302-960467ac0487 done
 GET /api/runs/f3860c48-d913-466a-a302-960467ac0487 200 in 52ms (next.js: 15ms, application-code: 37ms)
 GET /api/runs/f3860c48-d913-466a-a302-960467ac0487 200 in 33ms (next.js: 2ms, application-code: 31ms)
 GET /w/tenant-b-11/flows 200 in 58ms (next.js: 15ms, application-code: 43ms)
 GET /api/health 200 in 12ms (next.js: 4ms, application-code: 9ms)
 GET /api/workspaces/bc8836c4-691d-4537-80e8-e7ad44cc5f44/flows 200 in 58ms (next.js: 40ms, application-code: 18ms)
 GET /api/workspaces/bc8836c4-691d-4537-80e8-e7ad44cc5f44/usage 200 in 61ms (next.js: 20ms, application-code: 41ms)
 GET /api/workspaces/bc8836c4-691d-4537-80e8-e7ad44cc5f44/overview 200 in 103ms (next.js: 20ms, application-code: 82ms)
 GET /w/tenant-b-11/runs 200 in 66ms (next.js: 16ms, application-code: 50ms)
 GET /api/health 200 in 7ms (next.js: 2ms, application-code: 5ms)
 GET /api/workspaces/bc8836c4-691d-4537-80e8-e7ad44cc5f44/runs?limit=25 200 in 34ms (next.js: 19ms, application-code: 15ms)
 GET /w/tenant-a-11/flows 404 in 80ms (next.js: 17ms, application-code: 62ms)
 GET /w/tenant-b-11/flows/45a83950-0602-498d-b85b-5690c4d847ca 200 in 66ms (next.js: 18ms, application-code: 48ms)
 GET /api/health 200 in 10ms (next.js: 4ms, application-code: 6ms)
 GET /api/flows/45a83950-0602-498d-b85b-5690c4d847ca 404 in 39ms (next.js: 19ms, application-code: 20ms)
 GET /api/flows/45a83950-0602-498d-b85b-5690c4d847ca 404 in 15ms (next.js: 3ms, application-code: 13ms)
 GET /api/runs/f3860c48-d913-466a-a302-960467ac0487 404 in 31ms (next.js: 18ms, application-code: 12ms)
 GET /api/workspaces/e26a0e63-ef82-4b50-8ced-81034a334b84/runs 404 in 15ms (next.js: 3ms, application-code: 12ms)
 GET /api/workspaces/e26a0e63-ef82-4b50-8ced-81034a334b84/flows 404 in 27ms (next.js: 15ms, application-code: 11ms)
 GET /api/flows/45a83950-0602-498d-b85b-5690c4d847ca/versions 404 in 29ms (next.js: 17ms, application-code: 12ms)
 PUT /api/flows/45a83950-0602-498d-b85b-5690c4d847ca 404 in 28ms (next.js: 2ms, application-code: 25ms)
 POST /api/flows/45a83950-0602-498d-b85b-5690c4d847ca/runs 404 in 26ms (next.js: 15ms, application-code: 11ms)
 POST /api/runs/f3860c48-d913-466a-a302-960467ac0487/rerun 404 in 851ms (next.js: 834ms, application-code: 17ms)
 GET /api/flows/45a83950-0602-498d-b85b-5690c4d847ca 200 in 26ms (next.js: 13ms, application-code: 13ms)
 GET /api/health?require=worker 200 in 18ms (next.js: 2ms, application-code: 16ms)
 GET /api/health?require=worker 200 in 7ms (next.js: 1.6ms, application-code: 5ms)
 POST /api/auth/sign-up/email 200 in 101ms (next.js: 16ms, application-code: 84ms)
 GET /api/test/outbox?email=e2e-ea4b43c7%40flowline-e2e.test 200 in 9ms (next.js: 2ms, application-code: 7ms)
 POST /api/email 200 in 24ms (next.js: 1.8ms, application-code: 23ms)
 POST /api/auth/sign-in/email 200 in 74ms (next.js: 1.9ms, application-code: 72ms)
 POST /api/workspaces 201 in 33ms (next.js: 3ms, application-code: 30ms)
 POST /api/onboarding 200 in 22ms (next.js: 1.8ms, application-code: 20ms)
 GET /w/e2e-3daa82/settings?tab=ai 200 in 57ms (next.js: 15ms, application-code: 42ms)
 GET /api/health 200 in 8ms (next.js: 3ms, application-code: 5ms)
 GET /api/workspaces/0a146012-9ca9-45f2-9a18-1d1998dae600/ai 200 in 42ms (next.js: 16ms, application-code: 27ms)
 GET /api/workspaces/0a146012-9ca9-45f2-9a18-1d1998dae600/ai/models 200 in 39ms (next.js: 16ms, application-code: 23ms)
 POST /api/workspaces/0a146012-9ca9-45f2-9a18-1d1998dae600/ai/connections 201 in 78ms (next.js: 15ms, application-code: 63ms)
 GET /api/workspaces/0a146012-9ca9-45f2-9a18-1d1998dae600/ai 200 in 55ms (next.js: 17ms, application-code: 38ms)
 GET /api/workspaces/0a146012-9ca9-45f2-9a18-1d1998dae600/ai/models 200 in 57ms (next.js: 34ms, application-code: 23ms)
 PUT /api/workspaces/0a146012-9ca9-45f2-9a18-1d1998dae600/ai/default-route 200 in 51ms (next.js: 20ms, application-code: 31ms)
 GET /api/workspaces/0a146012-9ca9-45f2-9a18-1d1998dae600/ai 200 in 34ms (next.js: 4ms, application-code: 30ms)
 PATCH /api/workspaces/0a146012-9ca9-45f2-9a18-1d1998dae600 200 in 59ms (next.js: 20ms, application-code: 39ms)
 POST /api/workspaces/0a146012-9ca9-45f2-9a18-1d1998dae600/flows 201 in 39ms (next.js: 20ms, application-code: 19ms)
 PUT /api/flows/95734db4-1aa0-4fe8-a3fa-27eb25bf17f4 200 in 48ms (next.js: 16ms, application-code: 32ms)
 GET /w/e2e-3daa82/flows/95734db4-1aa0-4fe8-a3fa-27eb25bf17f4 200 in 60ms (next.js: 16ms, application-code: 45ms)
 GET /api/health 200 in 13ms (next.js: 5ms, application-code: 8ms)
 GET /api/flows/95734db4-1aa0-4fe8-a3fa-27eb25bf17f4 200 in 29ms (next.js: 3ms, application-code: 26ms)
 GET /api/flows/95734db4-1aa0-4fe8-a3fa-27eb25bf17f4/publish 200 in 83ms (next.js: 24ms, application-code: 59ms)
 GET /api/flows/95734db4-1aa0-4fe8-a3fa-27eb25bf17f4/runs 200 in 56ms (next.js: 32ms, application-code: 24ms)
 GET /api/workspaces/0a146012-9ca9-45f2-9a18-1d1998dae600/ai 200 in 58ms (next.js: 17ms, application-code: 41ms)
 GET /api/workspaces/0a146012-9ca9-45f2-9a18-1d1998dae600/ai/models 200 in 52ms (next.js: 17ms, application-code: 35ms)
 PUT /api/flows/95734db4-1aa0-4fe8-a3fa-27eb25bf17f4 200 in 39ms (next.js: 13ms, application-code: 25ms)
 POST /api/flows/95734db4-1aa0-4fe8-a3fa-27eb25bf17f4/runs 202 in 75ms (next.js: 18ms, application-code: 57ms)
2026-09-29T03:35:27.476Z [worker] run 0a62dffd-31b9-4b9e-9438-8a5b2e558a0c claimed
 GET /api/flows/95734db4-1aa0-4fe8-a3fa-27eb25bf17f4/runs 200 in 36ms (next.js: 2ms, application-code: 33ms)
 GET /api/runs/0a62dffd-31b9-4b9e-9438-8a5b2e558a0c 200 in 44ms (next.js: 17ms, application-code: 27ms)
2026-09-29T03:35:27.554Z [worker] run 0a62dffd-31b9-4b9e-9438-8a5b2e558a0c done
 GET /w/e2e-3daa82/runs?run=0a62dffd-31b9-4b9e-9438-8a5b2e558a0c 200 in 37ms (next.js: 17ms, application-code: 19ms)
 GET /api/workspaces/0a146012-9ca9-45f2-9a18-1d1998dae600/runs?limit=25 200 in 41ms (next.js: 18ms, application-code: 23ms)
 GET /api/runs/0a62dffd-31b9-4b9e-9438-8a5b2e558a0c 200 in 30ms (next.js: 14ms, application-code: 16ms)
 GET /w/e2e-3daa82/settings?tab=ai 200 in 58ms (next.js: 14ms, application-code: 44ms)
 GET /api/health 200 in 9ms (next.js: 2ms, application-code: 7ms)
 GET /api/workspaces/0a146012-9ca9-45f2-9a18-1d1998dae600/ai 200 in 57ms (next.js: 18ms, application-code: 39ms)
 GET /api/workspaces/0a146012-9ca9-45f2-9a18-1d1998dae600/ai/models 200 in 50ms (next.js: 21ms, application-code: 29ms)
 POST /api/auth/sign-out 200 in 44ms (next.js: 19ms, application-code: 25ms)
 GET /sign-in 200 in 34ms (next.js: 3ms, application-code: 31ms)
 POST /api/auth/sign-in/email 200 in 79ms (next.js: 2ms, application-code: 77ms)
 GET /w/e2e-3daa82/settings?tab=ai 200 in 70ms (next.js: 18ms, application-code: 52ms)
 GET /api/health 200 in 9ms (next.js: 4ms, application-code: 6ms)
 GET /api/workspaces/0a146012-9ca9-45f2-9a18-1d1998dae600/ai 200 in 39ms (next.js: 4ms, application-code: 35ms)
 GET /api/workspaces/0a146012-9ca9-45f2-9a18-1d1998dae600/ai/models 200 in 41ms (next.js: 3ms, application-code: 37ms)
 POST /api/auth/sign-up/email 200 in 100ms (next.js: 17ms, application-code: 83ms)
 GET /api/test/outbox?email=ai-other-e05d8bd9%40flowline-e2e.test 200 in 8ms (next.js: 1.8ms, application-code: 7ms)
 POST /api/email 200 in 22ms (next.js: 1.9ms, application-code: 20ms)
 POST /api/auth/sign-in/email 200 in 74ms (next.js: 1.8ms, application-code: 72ms)
 POST /api/workspaces 201 in 46ms (next.js: 1.9ms, application-code: 44ms)
 GET /api/workspaces/0a146012-9ca9-45f2-9a18-1d1998dae600/ai/connections 404 in 37ms (next.js: 15ms, application-code: 22ms)
 GET /api/workspaces/0a146012-9ca9-45f2-9a18-1d1998dae600/ai/models 404 in 26ms (next.js: 15ms, application-code: 11ms)
 GET /w/other-ai-14/settings?tab=ai 200 in 61ms (next.js: 15ms, application-code: 47ms)
 GET /api/health 200 in 10ms (next.js: 5ms, application-code: 5ms)
 GET /api/workspaces/0447e2ee-cc9b-4b19-a064-f939e37d4281/ai 200 in 48ms (next.js: 20ms, application-code: 28ms)
 GET /api/workspaces/0447e2ee-cc9b-4b19-a064-f939e37d4281/ai/models 200 in 24ms (next.js: 4ms, application-code: 20ms)
 POST /api/workspaces/0a146012-9ca9-45f2-9a18-1d1998dae600/invites 201 in 52ms (next.js: 15ms, application-code: 37ms)
 POST /api/auth/sign-up/email 200 in 101ms (next.js: 16ms, application-code: 84ms)
 GET /api/test/outbox?email=ai-editor-37400d09%40flowline-e2e.test 200 in 7ms (next.js: 2ms, application-code: 5ms)
 POST /api/email 200 in 23ms (next.js: 2.0ms, application-code: 21ms)
 POST /api/auth/sign-in/email 200 in 72ms (next.js: 3ms, application-code: 69ms)
 POST /api/invites/yybFJnBnr3-g6EOaeWivFxLq_pGU7_WG-HZkjbSnft8 200 in 41ms (next.js: 16ms, application-code: 25ms)
 GET /api/workspaces/0a146012-9ca9-45f2-9a18-1d1998dae600/ai/models 200 in 30ms (next.js: 15ms, application-code: 15ms)
 GET /api/workspaces/0a146012-9ca9-45f2-9a18-1d1998dae600/ai/connections 200 in 28ms (next.js: 16ms, application-code: 12ms)
 POST /api/workspaces/0a146012-9ca9-45f2-9a18-1d1998dae600/ai/connections 403 in 19ms (next.js: 2ms, application-code: 17ms)
 GET /api/flows/95734db4-1aa0-4fe8-a3fa-27eb25bf17f4 200 in 29ms (next.js: 18ms, application-code: 11ms)
 PUT /api/flows/95734db4-1aa0-4fe8-a3fa-27eb25bf17f4 403 in 31ms (next.js: 2ms, application-code: 29ms)
 GET /w/e2e-3daa82/flows/95734db4-1aa0-4fe8-a3fa-27eb25bf17f4 200 in 68ms (next.js: 19ms, application-code: 49ms)
 GET /api/health 200 in 15ms (next.js: 4ms, application-code: 10ms)
 GET /api/flows/95734db4-1aa0-4fe8-a3fa-27eb25bf17f4 200 in 31ms (next.js: 5ms, application-code: 25ms)
 GET /api/flows/95734db4-1aa0-4fe8-a3fa-27eb25bf17f4/publish 200 in 91ms (next.js: 23ms, application-code: 67ms)
 GET /api/flows/95734db4-1aa0-4fe8-a3fa-27eb25bf17f4/runs 200 in 64ms (next.js: 30ms, application-code: 34ms)
 GET /api/runs/0a62dffd-31b9-4b9e-9438-8a5b2e558a0c 200 in 61ms (next.js: 24ms, application-code: 37ms)
 GET /api/workspaces/0a146012-9ca9-45f2-9a18-1d1998dae600/ai 200 in 58ms (next.js: 17ms, application-code: 41ms)
 GET /api/workspaces/0a146012-9ca9-45f2-9a18-1d1998dae600/ai/models 200 in 43ms (next.js: 15ms, application-code: 28ms)
 GET / 200 in 44ms (next.js: 3ms, application-code: 42ms)
 GET /sign-up 200 in 16ms (next.js: 3ms, application-code: 13ms)
 GET /api/auth-config 200 in 7ms (next.js: 2ms, application-code: 5ms)
 POST /api/auth/sign-up/email 200 in 117ms (next.js: 17ms, application-code: 100ms)
 GET /api/test/outbox?email=arabic-d958f58a%40flowline-e2e.test 200 in 7ms (next.js: 2ms, application-code: 4ms)
 GET /verify-email?token=F8tAvsu7uN_fvsjPlYx4BGvhL2q2J8BVNN44Zy3fB_A&callbackURL=%2Fsign-in 200 in 23ms (next.js: 2ms, application-code: 21ms)
 POST /api/email 200 in 22ms (next.js: 2.0ms, application-code: 20ms)
 GET /sign-in 200 in 18ms (next.js: 4ms, application-code: 15ms)
 GET /api/auth-config 200 in 8ms (next.js: 2ms, application-code: 6ms)
 POST /api/auth/sign-in/email 200 in 83ms (next.js: 2ms, application-code: 81ms)
 GET /app 200 in 28ms (next.js: 4ms, application-code: 24ms)
 GET /app 200 in 34ms (next.js: 3ms, application-code: 30ms)
 GET /onboarding 200 in 77ms (next.js: 6ms, application-code: 71ms)
 GET /onboarding 200 in 77ms (next.js: 23ms, application-code: 54ms)
 POST /api/workspaces 201 in 40ms (next.js: 3ms, application-code: 37ms)
 POST /api/workspaces/00a7370d-864e-438b-9c13-2fd2ea6eb044/flows 201 in 43ms (next.js: 18ms, application-code: 26ms)
 POST /api/onboarding 200 in 22ms (next.js: 2ms, application-code: 20ms)
 GET /w/arabic-co-13/flows/d4fa3e0f-fb8e-489c-b5e1-cf2849b5830f 200 in 62ms (next.js: 22ms, application-code: 40ms)
 GET /api/health 200 in 7ms (next.js: 2ms, application-code: 5ms)
 GET /api/flows/d4fa3e0f-fb8e-489c-b5e1-cf2849b5830f 200 in 44ms (next.js: 17ms, application-code: 27ms)
 GET /api/flows/d4fa3e0f-fb8e-489c-b5e1-cf2849b5830f/publish 200 in 83ms (next.js: 21ms, application-code: 61ms)
 GET /api/flows/d4fa3e0f-fb8e-489c-b5e1-cf2849b5830f/runs 200 in 58ms (next.js: 21ms, application-code: 37ms)
 GET /w/arabic-co-13/flows 200 in 68ms (next.js: 18ms, application-code: 50ms)
 GET /api/health 200 in 14ms (next.js: 4ms, application-code: 10ms)
 GET /api/workspaces/00a7370d-864e-438b-9c13-2fd2ea6eb044/flows 200 in 84ms (next.js: 57ms, application-code: 28ms)
 GET /api/workspaces/00a7370d-864e-438b-9c13-2fd2ea6eb044/usage 200 in 88ms (next.js: 29ms, application-code: 59ms)
 GET /api/workspaces/00a7370d-864e-438b-9c13-2fd2ea6eb044/overview 200 in 144ms (next.js: 23ms, application-code: 121ms)
 GET /w/arabic-co-13/flows 200 in 48ms (next.js: 4ms, application-code: 44ms)
 GET /w/arabic-co-13/flows 200 in 67ms (next.js: 22ms, application-code: 45ms)
 POST /api/auth/sign-out 200 in 42ms (next.js: 18ms, application-code: 23ms)
 GET /sign-in 200 in 32ms (next.js: 2ms, application-code: 29ms)
 GET /sign-in 200 in 40ms (next.js: 3ms, application-code: 36ms)
 GET /api/auth-config 200 in 14ms (next.js: 2ms, application-code: 12ms)
 POST /api/auth/sign-in/email 200 in 79ms (next.js: 3ms, application-code: 76ms)
 GET /app 200 in 32ms (next.js: 4ms, application-code: 28ms)
 GET /app 200 in 31ms (next.js: 3ms, application-code: 28ms)
 GET /w/arabic-co-13/flows 200 in 76ms (next.js: 22ms, application-code: 53ms)
 GET /w/arabic-co-13/flows 200 in 76ms (next.js: 38ms, application-code: 38ms)
 GET /api/health 200 in 8ms (next.js: 3ms, application-code: 5ms)
 GET /api/workspaces/00a7370d-864e-438b-9c13-2fd2ea6eb044/flows 200 in 56ms (next.js: 36ms, application-code: 19ms)
 GET /api/workspaces/00a7370d-864e-438b-9c13-2fd2ea6eb044/usage 200 in 58ms (next.js: 17ms, application-code: 41ms)
 GET /api/workspaces/00a7370d-864e-438b-9c13-2fd2ea6eb044/overview 200 in 87ms (next.js: 16ms, application-code: 71ms)
 GET /sign-in 200 in 31ms (next.js: 3ms, application-code: 28ms)
 GET /api/auth-config 200 in 8ms (next.js: 2ms, application-code: 6ms)
 GET /sign-in 200 in 23ms (next.js: 3ms, application-code: 20ms)
 GET /sign-up 200 in 27ms (next.js: 2ms, application-code: 25ms)
 GET /api/auth-config 200 in 9ms (next.js: 2ms, application-code: 7ms)
 GET /sign-up 200 in 20ms (next.js: 3ms, application-code: 17ms)
 GET /sign-in 200 in 29ms (next.js: 2ms, application-code: 27ms)
 GET /api/auth-config 200 in 7ms (next.js: 2ms, application-code: 5ms)
 POST /api/auth/sign-up/email 200 in 94ms (next.js: 14ms, application-code: 80ms)
 GET /api/test/outbox?email=arabic-rtl-845c1e9e%40flowline-e2e.test 200 in 9ms (next.js: 3ms, application-code: 7ms)
 POST /api/email 200 in 22ms (next.js: 2ms, application-code: 20ms)
 POST /api/auth/sign-in/email 200 in 72ms (next.js: 2ms, application-code: 69ms)
 POST /api/workspaces 201 in 29ms (next.js: 2ms, application-code: 27ms)
 POST /api/onboarding 200 in 20ms (next.js: 2ms, application-code: 18ms)
 POST /api/workspaces/38a4d9e8-4d32-4bb9-a7a6-d0fb9f574823/flows 201 in 38ms (next.js: 13ms, application-code: 25ms)
 GET / 200 in 45ms (next.js: 2ms, application-code: 42ms)
 GET /sign-in 200 in 32ms (next.js: 3ms, application-code: 29ms)
 GET /api/auth-config 200 in 9ms (next.js: 2ms, application-code: 7ms)
 GET /w/rtl-scroll-13/flows 200 in 54ms (next.js: 16ms, application-code: 39ms)
 GET /api/health 200 in 8ms (next.js: 3ms, application-code: 5ms)
 GET /api/workspaces/38a4d9e8-4d32-4bb9-a7a6-d0fb9f574823/flows 200 in 62ms (next.js: 53ms, application-code: 8ms)
 GET /api/workspaces/38a4d9e8-4d32-4bb9-a7a6-d0fb9f574823/usage 200 in 62ms (next.js: 36ms, application-code: 27ms)
 GET /api/workspaces/38a4d9e8-4d32-4bb9-a7a6-d0fb9f574823/overview 200 in 63ms (next.js: 16ms, application-code: 46ms)
 GET /w/rtl-scroll-13/flows/e6d747bc-6edc-4e90-9171-7514fc0f0cf9 200 in 88ms (next.js: 19ms, application-code: 69ms)
 GET /api/health 200 in 10ms (next.js: 4ms, application-code: 6ms)
 GET /api/flows/e6d747bc-6edc-4e90-9171-7514fc0f0cf9 200 in 38ms (next.js: 20ms, application-code: 18ms)
 GET /api/flows/e6d747bc-6edc-4e90-9171-7514fc0f0cf9/publish 200 in 58ms (next.js: 20ms, application-code: 38ms)
 GET /api/flows/e6d747bc-6edc-4e90-9171-7514fc0f0cf9/runs 200 in 33ms (next.js: 17ms, application-code: 16ms)
 GET /w/rtl-scroll-13/runs 200 in 70ms (next.js: 18ms, application-code: 52ms)
 GET /api/health 200 in 11ms (next.js: 3ms, application-code: 8ms)
 GET /api/workspaces/38a4d9e8-4d32-4bb9-a7a6-d0fb9f574823/runs?limit=25 200 in 42ms (next.js: 19ms, application-code: 23ms)
 GET /w/rtl-scroll-13/settings 200 in 77ms (next.js: 19ms, application-code: 58ms)
 GET /api/health 200 in 11ms (next.js: 4ms, application-code: 7ms)
 GET /api/workspaces/38a4d9e8-4d32-4bb9-a7a6-d0fb9f574823/invites 200 in 26ms (next.js: 18ms, application-code: 7ms)
 GET /api/workspaces/38a4d9e8-4d32-4bb9-a7a6-d0fb9f574823/members 200 in 48ms (next.js: 18ms, application-code: 30ms)
 GET / 200 in 59ms (next.js: 3ms, application-code: 56ms)
 GET /sign-in 200 in 30ms (next.js: 3ms, application-code: 28ms)
 GET /api/auth-config 200 in 10ms (next.js: 2ms, application-code: 8ms)
 GET /w/rtl-scroll-13/flows 200 in 62ms (next.js: 16ms, application-code: 46ms)
 GET /api/health 200 in 10ms (next.js: 4ms, application-code: 7ms)
 GET /api/workspaces/38a4d9e8-4d32-4bb9-a7a6-d0fb9f574823/overview 200 in 79ms (next.js: 20ms, application-code: 59ms)
 GET /api/workspaces/38a4d9e8-4d32-4bb9-a7a6-d0fb9f574823/flows 200 in 79ms (next.js: 62ms, application-code: 17ms)
 GET /api/workspaces/38a4d9e8-4d32-4bb9-a7a6-d0fb9f574823/usage 200 in 79ms (next.js: 42ms, application-code: 38ms)
 GET /w/rtl-scroll-13/flows/e6d747bc-6edc-4e90-9171-7514fc0f0cf9 200 in 108ms (next.js: 25ms, application-code: 83ms)
 GET /api/health 200 in 10ms (next.js: 3ms, application-code: 7ms)
 GET /api/flows/e6d747bc-6edc-4e90-9171-7514fc0f0cf9 200 in 50ms (next.js: 19ms, application-code: 31ms)
 GET /api/flows/e6d747bc-6edc-4e90-9171-7514fc0f0cf9/publish 200 in 75ms (next.js: 23ms, application-code: 53ms)
 GET /api/flows/e6d747bc-6edc-4e90-9171-7514fc0f0cf9/runs 200 in 48ms (next.js: 24ms, application-code: 24ms)
 GET /w/rtl-scroll-13/runs 200 in 73ms (next.js: 19ms, application-code: 54ms)
 GET /api/health 200 in 10ms (next.js: 3ms, application-code: 7ms)
 GET /api/workspaces/38a4d9e8-4d32-4bb9-a7a6-d0fb9f574823/runs?limit=25 200 in 41ms (next.js: 25ms, application-code: 16ms)
 GET /w/rtl-scroll-13/settings 200 in 100ms (next.js: 28ms, application-code: 72ms)
 GET /api/health 200 in 12ms (next.js: 4ms, application-code: 8ms)
 GET /api/workspaces/38a4d9e8-4d32-4bb9-a7a6-d0fb9f574823/members 200 in 73ms (next.js: 24ms, application-code: 49ms)
 GET /api/workspaces/38a4d9e8-4d32-4bb9-a7a6-d0fb9f574823/invites 200 in 74ms (next.js: 54ms, application-code: 20ms)
 GET / 200 in 73ms (next.js: 4ms, application-code: 69ms)
 GET /sign-in 200 in 37ms (next.js: 3ms, application-code: 34ms)
 GET /api/auth-config 200 in 11ms (next.js: 3ms, application-code: 8ms)
 GET /w/rtl-scroll-13/flows 200 in 71ms (next.js: 19ms, application-code: 52ms)
 GET /api/health 200 in 10ms (next.js: 3ms, application-code: 7ms)
 GET /api/workspaces/38a4d9e8-4d32-4bb9-a7a6-d0fb9f574823/usage 200 in 83ms (next.js: 46ms, application-code: 36ms)
 GET /api/workspaces/38a4d9e8-4d32-4bb9-a7a6-d0fb9f574823/flows 200 in 83ms (next.js: 76ms, application-code: 7ms)
 GET /api/workspaces/38a4d9e8-4d32-4bb9-a7a6-d0fb9f574823/overview 200 in 84ms (next.js: 25ms, application-code: 59ms)
 GET /w/rtl-scroll-13/flows/e6d747bc-6edc-4e90-9171-7514fc0f0cf9 200 in 105ms (next.js: 27ms, application-code: 78ms)
 GET /api/health 200 in 9ms (next.js: 3ms, application-code: 7ms)
 GET /api/flows/e6d747bc-6edc-4e90-9171-7514fc0f0cf9 200 in 45ms (next.js: 21ms, application-code: 23ms)
 GET /api/flows/e6d747bc-6edc-4e90-9171-7514fc0f0cf9/publish 200 in 86ms (next.js: 37ms, application-code: 49ms)
 GET /api/flows/e6d747bc-6edc-4e90-9171-7514fc0f0cf9/runs 200 in 45ms (next.js: 28ms, application-code: 17ms)
 GET /w/rtl-scroll-13/runs 200 in 72ms (next.js: 17ms, application-code: 54ms)
 GET /api/health 200 in 14ms (next.js: 5ms, application-code: 9ms)
 GET /api/workspaces/38a4d9e8-4d32-4bb9-a7a6-d0fb9f574823/runs?limit=25 200 in 43ms (next.js: 23ms, application-code: 20ms)
 GET /w/rtl-scroll-13/settings 200 in 77ms (next.js: 18ms, application-code: 59ms)
 GET /api/health 200 in 15ms (next.js: 4ms, application-code: 11ms)
 GET /api/workspaces/38a4d9e8-4d32-4bb9-a7a6-d0fb9f574823/members 200 in 62ms (next.js: 21ms, application-code: 42ms)
 GET /api/workspaces/38a4d9e8-4d32-4bb9-a7a6-d0fb9f574823/invites 200 in 63ms (next.js: 46ms, application-code: 16ms)
 POST /api/auth/sign-up/email 200 in 106ms (next.js: 16ms, application-code: 90ms)
 GET /api/test/outbox?email=e2e-9e14a7d2%40flowline-e2e.test 200 in 8ms (next.js: 2ms, application-code: 6ms)
 POST /api/email 200 in 24ms (next.js: 3ms, application-code: 22ms)
 POST /api/auth/sign-in/email 200 in 72ms (next.js: 2ms, application-code: 70ms)
 POST /api/workspaces 201 in 21ms (next.js: 2ms, application-code: 19ms)
 POST /api/onboarding 200 in 15ms (next.js: 2.0ms, application-code: 13ms)
 POST /api/workspaces/fb605888-ee84-4118-a2b0-7822ea997a6a/flows 201 in 35ms (next.js: 14ms, application-code: 20ms)
 GET /w/e2e-88cdb8/templates 200 in 74ms (next.js: 15ms, application-code: 59ms)
 GET /api/health 200 in 8ms (next.js: 3ms, application-code: 5ms)
 GET /api/workspaces/fb605888-ee84-4118-a2b0-7822ea997a6a/connections 200 in 41ms (next.js: 33ms, application-code: 9ms)
 GET /api/workspaces/fb605888-ee84-4118-a2b0-7822ea997a6a/ai 200 in 42ms (next.js: 14ms, application-code: 27ms)
 GET /w/e2e-88cdb8/flows/1b3e62fc-91a7-4fe5-b2e3-d8589011caed 200 in 66ms (next.js: 16ms, application-code: 50ms)
 GET /api/health 200 in 10ms (next.js: 3ms, application-code: 6ms)
 GET /api/flows/1b3e62fc-91a7-4fe5-b2e3-d8589011caed 200 in 45ms (next.js: 17ms, application-code: 29ms)
 GET /api/flows/1b3e62fc-91a7-4fe5-b2e3-d8589011caed/publish 200 in 62ms (next.js: 19ms, application-code: 43ms)
 GET /api/flows/1b3e62fc-91a7-4fe5-b2e3-d8589011caed/runs 200 in 37ms (next.js: 20ms, application-code: 17ms)
 GET /api/workspaces/fb605888-ee84-4118-a2b0-7822ea997a6a/ai 200 in 39ms (next.js: 3ms, application-code: 36ms)
 GET /api/integrations/catalog 200 in 163ms (next.js: 3ms, application-code: 160ms)
2026-09-29T03:35:54.266Z [worker] run 3b03d975-6aaf-4ed6-bbe6-e940b2a6b982 claimed
 POST /api/flows/1b3e62fc-91a7-4fe5-b2e3-d8589011caed/runs 202 in 75ms (next.js: 3ms, application-code: 72ms)
 GET /api/flows/1b3e62fc-91a7-4fe5-b2e3-d8589011caed/runs 200 in 37ms (next.js: 3ms, application-code: 34ms)
 GET /api/runs/3b03d975-6aaf-4ed6-bbe6-e940b2a6b982 200 in 43ms (next.js: 16ms, application-code: 27ms)
2026-09-29T03:35:54.330Z [worker] run 3b03d975-6aaf-4ed6-bbe6-e940b2a6b982 done
 GET /api/runs/3b03d975-6aaf-4ed6-bbe6-e940b2a6b982 200 in 32ms (next.js: 4ms, application-code: 28ms)
 GET /api/flows/1b3e62fc-91a7-4fe5-b2e3-d8589011caed/runs 200 in 53ms (next.js: 15ms, application-code: 37ms)
 GET /w/e2e-88cdb8/runs?run=3b03d975-6aaf-4ed6-bbe6-e940b2a6b982 200 in 39ms (next.js: 20ms, application-code: 19ms)
 GET /api/workspaces/fb605888-ee84-4118-a2b0-7822ea997a6a/runs?limit=25 200 in 42ms (next.js: 16ms, application-code: 25ms)
 GET /api/runs/3b03d975-6aaf-4ed6-bbe6-e940b2a6b982/rerun-preview?fromNodeId=hot&revision=original 200 in 53ms (next.js: 17ms, application-code: 36ms)
 POST /api/auth/sign-up/email 200 in 102ms (next.js: 16ms, application-code: 85ms)
 GET /api/test/outbox?email=e2e-1795ca61%40flowline-e2e.test 200 in 9ms (next.js: 2ms, application-code: 6ms)
 POST /api/email 200 in 20ms (next.js: 1.9ms, application-code: 18ms)
 POST /api/auth/sign-in/email 200 in 72ms (next.js: 2ms, application-code: 70ms)
 POST /api/workspaces 201 in 21ms (next.js: 1.8ms, application-code: 19ms)
 POST /api/onboarding 200 in 20ms (next.js: 3ms, application-code: 17ms)
 GET /w/e2e-6bbf4f/settings?tab=general 200 in 66ms (next.js: 15ms, application-code: 50ms)
 GET /api/health 200 in 6ms (next.js: 2ms, application-code: 4ms)
 GET /resend-verification 200 in 18ms (next.js: 3ms, application-code: 15ms)
 GET /w/e2e-6bbf4f/flows 200 in 53ms (next.js: 14ms, application-code: 38ms)
 GET /api/health 200 in 8ms (next.js: 3ms, application-code: 5ms)
 GET /api/workspaces/d03eacf9-d6e8-48b2-837a-8564fb415cbe/usage 200 in 57ms (next.js: 19ms, application-code: 38ms)
 GET /api/workspaces/d03eacf9-d6e8-48b2-837a-8564fb415cbe/flows 200 in 57ms (next.js: 39ms, application-code: 18ms)
 GET /api/workspaces/d03eacf9-d6e8-48b2-837a-8564fb415cbe/overview 200 in 94ms (next.js: 19ms, application-code: 75ms)
 GET /account/delete 200 in 18ms (next.js: 4ms, application-code: 15ms)
 POST /api/email 200 in 33ms (next.js: 2ms, application-code: 31ms)
 GET /api/test/outbox?email=e2e-1795ca61%40flowline-e2e.test 200 in 10ms (next.js: 3ms, application-code: 7ms)
 GET /account/delete?token=dePgrrI6a6bf3Kt0V11RpYzBR57OE1VqwPeItqPvKiw 200 in 31ms (next.js: 3ms, application-code: 28ms)
 POST /api/email 200 in 60ms (next.js: 2ms, application-code: 58ms)
 GET /api/me 401 in 15ms (next.js: 3ms, application-code: 12ms)
 POST /api/auth/sign-up/email 200 in 91ms (next.js: 15ms, application-code: 77ms)
 GET /api/test/outbox?email=e2e-0a13cc01%40flowline-e2e.test 200 in 7ms (next.js: 2ms, application-code: 5ms)
 POST /api/email 200 in 20ms (next.js: 2ms, application-code: 18ms)
 POST /api/auth/sign-in/email 200 in 71ms (next.js: 1.8ms, application-code: 69ms)
 POST /api/workspaces 201 in 20ms (next.js: 1.8ms, application-code: 18ms)
 POST /api/onboarding 200 in 11ms (next.js: 2.0ms, application-code: 9ms)
 GET /w/e2e-b66667/settings 200 in 58ms (next.js: 15ms, application-code: 43ms)
 GET /api/health 200 in 9ms (next.js: 4ms, application-code: 5ms)
 GET /api/workspaces/b6c4ea75-7f1f-47f3-b8df-12ada750fba9/members 200 in 56ms (next.js: 19ms, application-code: 37ms)
 GET /api/workspaces/b6c4ea75-7f1f-47f3-b8df-12ada750fba9/invites 200 in 33ms (next.js: 19ms, application-code: 14ms)
 GET /api/workspaces/b6c4ea75-7f1f-47f3-b8df-12ada750fba9/ai 200 in 51ms (next.js: 17ms, application-code: 34ms)
 GET /api/workspaces/b6c4ea75-7f1f-47f3-b8df-12ada750fba9/ai/models 200 in 45ms (next.js: 18ms, application-code: 27ms)
 GET /api/workspaces/b6c4ea75-7f1f-47f3-b8df-12ada750fba9/api-keys 200 in 32ms (next.js: 17ms, application-code: 15ms)
 GET /api/workspaces/b6c4ea75-7f1f-47f3-b8df-12ada750fba9/billing 200 in 58ms (next.js: 21ms, application-code: 37ms)
 GET /api/workspaces/b6c4ea75-7f1f-47f3-b8df-12ada750fba9 200 in 76ms (next.js: 20ms, application-code: 56ms)
 GET /api/workspaces/b6c4ea75-7f1f-47f3-b8df-12ada750fba9/usage 200 in 79ms (next.js: 41ms, application-code: 37ms)
 GET /api/workspaces/b6c4ea75-7f1f-47f3-b8df-12ada750fba9/audit 200 in 54ms (next.js: 22ms, application-code: 32ms)
 GET /api/workspaces/b6c4ea75-7f1f-47f3-b8df-12ada750fba9/sso 200 in 46ms (next.js: 17ms, application-code: 29ms)
 GET /w/e2e-b66667/agents 200 in 70ms (next.js: 23ms, application-code: 48ms)
 GET /api/health 200 in 10ms (next.js: 3ms, application-code: 7ms)
 GET /api/workspaces/b6c4ea75-7f1f-47f3-b8df-12ada750fba9/agents 200 in 46ms (next.js: 20ms, application-code: 26ms)
 GET /w/e2e-b66667/agents/new 200 in 33ms (next.js: 17ms, application-code: 17ms)
 GET /api/workspaces/b6c4ea75-7f1f-47f3-b8df-12ada750fba9/flows 200 in 59ms (next.js: 19ms, application-code: 40ms)
 GET /api/workspaces/b6c4ea75-7f1f-47f3-b8df-12ada750fba9/knowledge 200 in 59ms (next.js: 52ms, application-code: 6ms)
 GET /api/workspaces/b6c4ea75-7f1f-47f3-b8df-12ada750fba9/ai 200 in 59ms (next.js: 36ms, application-code: 23ms)
 GET /w/e2e-b66667/knowledge 200 in 65ms (next.js: 17ms, application-code: 48ms)
 GET /api/health 200 in 11ms (next.js: 4ms, application-code: 6ms)
 GET /api/workspaces/b6c4ea75-7f1f-47f3-b8df-12ada750fba9/knowledge 200 in 27ms (next.js: 4ms, application-code: 24ms)
 GET /w/e2e-b66667/integrations 200 in 72ms (next.js: 20ms, application-code: 53ms)
 GET /api/health 200 in 22ms (next.js: 4ms, application-code: 18ms)
 GET /api/workspaces/b6c4ea75-7f1f-47f3-b8df-12ada750fba9/connections 200 in 60ms (next.js: 19ms, application-code: 41ms)
 GET /api/integrations/catalog?workspaceId=b6c4ea75-7f1f-47f3-b8df-12ada750fba9 200 in 191ms (next.js: 3ms, application-code: 188ms)
 GET /api/workspaces/b6c4ea75-7f1f-47f3-b8df-12ada750fba9/oauth-apps/provenance?provider=google_sheets 200 in 32ms (next.js: 15ms, application-code: 17ms)
 GET /w/e2e-b66667/settings?tab=keys 200 in 65ms (next.js: 17ms, application-code: 48ms)
 GET /api/health 200 in 9ms (next.js: 3ms, application-code: 6ms)
 GET /api/workspaces/b6c4ea75-7f1f-47f3-b8df-12ada750fba9/api-keys 200 in 20ms (next.js: 16ms, application-code: 4ms)
 GET /w/e2e-b66667/settings?tab=billing 200 in 53ms (next.js: 3ms, application-code: 50ms)
 GET /api/health 200 in 7ms (next.js: 2ms, application-code: 5ms)
 GET /api/workspaces/b6c4ea75-7f1f-47f3-b8df-12ada750fba9/usage 200 in 29ms (next.js: 19ms, application-code: 10ms)
 GET /w/e2e-b66667/agents/new 200 in 72ms (next.js: 17ms, application-code: 55ms)
 GET /api/health 200 in 11ms (next.js: 3ms, application-code: 8ms)
 GET /api/workspaces/b6c4ea75-7f1f-47f3-b8df-12ada750fba9/flows 200 in 34ms (next.js: 30ms, application-code: 3ms)
 GET /api/workspaces/b6c4ea75-7f1f-47f3-b8df-12ada750fba9/ai 200 in 34ms (next.js: 16ms, application-code: 18ms)
 GET /w/e2e-b66667/knowledge 200 in 80ms (next.js: 21ms, application-code: 60ms)
 GET /api/health 200 in 10ms (next.js: 3ms, application-code: 7ms)
 GET /api/workspaces/b6c4ea75-7f1f-47f3-b8df-12ada750fba9/knowledge 200 in 14ms (next.js: 3ms, application-code: 12ms)
 GET /w/e2e-b66667/integrations 200 in 84ms (next.js: 18ms, application-code: 66ms)
 GET /api/health 200 in 8ms (next.js: 3ms, application-code: 5ms)
 GET /api/integrations/catalog?workspaceId=b6c4ea75-7f1f-47f3-b8df-12ada750fba9 200 in 51ms (next.js: 3ms, application-code: 49ms)
 GET /api/workspaces/b6c4ea75-7f1f-47f3-b8df-12ada750fba9/connections 200 in 41ms (next.js: 19ms, application-code: 21ms)
 POST /api/test/beta 200 in 12ms (next.js: 1.9ms, application-code: 10ms)
 GET /api/auth-config 200 in 8ms (next.js: 2.0ms, application-code: 6ms)
 GET /sign-up 200 in 34ms (next.js: 2ms, application-code: 32ms)
 GET /api/auth-config 200 in 10ms (next.js: 3ms, application-code: 7ms)
 POST /api/beta/check 200 in 17ms (next.js: 2ms, application-code: 15ms)
 GET /api/test/outbox?email=stranger-e1a707fd%40flowline-e2e.test 200 in 10ms (next.js: 3ms, application-code: 7ms)
 POST /api/beta/check 200 in 16ms (next.js: 2ms, application-code: 14ms)
 POST /api/beta/check 200 in 15ms (next.js: 2ms, application-code: 13ms)
 POST /api/auth/sign-up/email 200 in 118ms (next.js: 17ms, application-code: 102ms)
 GET /api/test/outbox?email=stranger-e1a707fd%40flowline-e2e.test 200 in 7ms (next.js: 1.8ms, application-code: 5ms)
 POST /api/beta/check 200 in 11ms (next.js: 2ms, application-code: 9ms)
 POST /api/email 200 in 520ms (next.js: 1.9ms, application-code: 518ms)
 POST /api/auth/sign-up/email 200 in 98ms (next.js: 14ms, application-code: 84ms)
 GET /api/test/outbox?email=e2e-35ecacc1%40flowline-e2e.test 200 in 8ms (next.js: 2ms, application-code: 6ms)
 POST /api/email 200 in 21ms (next.js: 2.0ms, application-code: 19ms)
 POST /api/auth/sign-in/email 200 in 72ms (next.js: 1.7ms, application-code: 70ms)
 POST /api/workspaces 201 in 32ms (next.js: 1.8ms, application-code: 30ms)
 POST /api/onboarding 200 in 16ms (next.js: 2ms, application-code: 14ms)
 POST /api/workspaces/afe2d070-19a1-4b67-861a-dcf147cdb0cc/invites 201 in 42ms (next.js: 14ms, application-code: 28ms)
 POST /api/test/beta 200 in 5ms (next.js: 2ms, application-code: 3ms)
 GET /invite/7_o0c362Py6VLibhSSVtc6el6LqDJPlWsY0fa0z_tks 307 in 56ms (next.js: 16ms, application-code: 40ms)
 GET /sign-in?next=invite%3A7_o0c362Py6VLibhSSVtc6el6LqDJPlWsY0fa0z_tks 200 in 30ms (next.js: 2ms, application-code: 27ms)
 GET /api/auth-config 200 in 8ms (next.js: 2ms, application-code: 6ms)
 GET /sign-up?next=invite%3A7_o0c362Py6VLibhSSVtc6el6LqDJPlWsY0fa0z_tks 200 in 21ms (next.js: 3ms, application-code: 18ms)
 POST /api/beta/check 200 in 11ms (next.js: 2.0ms, application-code: 9ms)
 POST /api/auth/sign-up/email 200 in 110ms (next.js: 17ms, application-code: 93ms)
 GET /api/test/outbox?email=beta-invitee-c251ddba%40flowline-e2e.test 200 in 6ms (next.js: 2.0ms, application-code: 4ms)
 GET /verify-email?token=J3p6lU2XZ0PIzyUG8B-OwMuZX8iYuip7EFnGLAh-AAE&callbackURL=%2Fsign-in%3Fnext%3Dinvite%253A7_o0c362Py6VLibhSSVtc6el6LqDJPlWsY0fa0z_tks 200 in 22ms (next.js: 2ms, application-code: 20ms)
 POST /api/email 200 in 24ms (next.js: 3ms, application-code: 21ms)
 GET /sign-in?next=invite%3A7_o0c362Py6VLibhSSVtc6el6LqDJPlWsY0fa0z_tks 200 in 19ms (next.js: 3ms, application-code: 16ms)
 GET /api/auth-config 200 in 8ms (next.js: 2ms, application-code: 6ms)
 POST /api/auth/sign-in/email 200 in 86ms (next.js: 3ms, application-code: 83ms)
 GET /app?next=invite%3A7_o0c362Py6VLibhSSVtc6el6LqDJPlWsY0fa0z_tks 200 in 28ms (next.js: 4ms, application-code: 23ms)
 GET /app?next=invite%3A7_o0c362Py6VLibhSSVtc6el6LqDJPlWsY0fa0z_tks 200 in 35ms (next.js: 5ms, application-code: 30ms)
 GET /invite/7_o0c362Py6VLibhSSVtc6el6LqDJPlWsY0fa0z_tks 200 in 64ms (next.js: 32ms, application-code: 31ms)
 GET /invite/7_o0c362Py6VLibhSSVtc6el6LqDJPlWsY0fa0z_tks 200 in 64ms (next.js: 19ms, application-code: 45ms)
 GET /api/invites/7_o0c362Py6VLibhSSVtc6el6LqDJPlWsY0fa0z_tks 200 in 45ms (next.js: 19ms, application-code: 27ms)
 POST /api/invites/7_o0c362Py6VLibhSSVtc6el6LqDJPlWsY0fa0z_tks 200 in 44ms (next.js: 2ms, application-code: 42ms)
 GET /w/beta-invite-co-12/flows 200 in 56ms (next.js: 19ms, application-code: 37ms)
 GET /api/health 200 in 9ms (next.js: 3ms, application-code: 6ms)
 GET /api/workspaces/afe2d070-19a1-4b67-861a-dcf147cdb0cc/flows 200 in 60ms (next.js: 37ms, application-code: 23ms)
 GET /api/workspaces/afe2d070-19a1-4b67-861a-dcf147cdb0cc/usage 200 in 62ms (next.js: 19ms, application-code: 43ms)
 GET /api/workspaces/afe2d070-19a1-4b67-861a-dcf147cdb0cc/overview 200 in 97ms (next.js: 17ms, application-code: 80ms)
 POST /api/auth/sign-up/email 200 in 104ms (next.js: 15ms, application-code: 89ms)
 GET /api/test/outbox?email=e2e-47e86258%40flowline-e2e.test 200 in 9ms (next.js: 2ms, application-code: 6ms)
 POST /api/email 200 in 21ms (next.js: 1.9ms, application-code: 19ms)
 POST /api/auth/sign-in/email 200 in 71ms (next.js: 1.8ms, application-code: 69ms)
 POST /api/workspaces 201 in 21ms (next.js: 1.8ms, application-code: 19ms)
 POST /api/onboarding 200 in 21ms (next.js: 1.9ms, application-code: 19ms)
 POST /api/workspaces/c528f683-93cd-4470-a9b3-d425af70ea2b/flows 201 in 27ms (next.js: 14ms, application-code: 13ms)
 GET /w/e2e-cabe7d/flows/7e0578bc-72eb-4654-be52-8d8705b180e8 200 in 74ms (next.js: 14ms, application-code: 60ms)
 GET /api/health 200 in 9ms (next.js: 3ms, application-code: 6ms)
 GET /api/flows/7e0578bc-72eb-4654-be52-8d8705b180e8 200 in 42ms (next.js: 18ms, application-code: 24ms)
 GET /api/flows/7e0578bc-72eb-4654-be52-8d8705b180e8/publish 200 in 73ms (next.js: 22ms, application-code: 51ms)
 GET /api/flows/7e0578bc-72eb-4654-be52-8d8705b180e8/runs 200 in 45ms (next.js: 23ms, application-code: 22ms)
 GET /api/integrations/catalog 200 in 37ms (next.js: 2ms, application-code: 35ms)
 GET /api/workspaces/c528f683-93cd-4470-a9b3-d425af70ea2b/ai 200 in 40ms (next.js: 15ms, application-code: 25ms)
 PUT /api/flows/7e0578bc-72eb-4654-be52-8d8705b180e8 200 in 50ms (next.js: 14ms, application-code: 36ms)
 GET /api/flows/7e0578bc-72eb-4654-be52-8d8705b180e8 200 in 15ms (next.js: 2ms, application-code: 13ms)
 POST /api/auth/sign-up/email 200 in 99ms (next.js: 14ms, application-code: 84ms)
 GET /api/test/outbox?email=e2e-fbc1b799%40flowline-e2e.test 200 in 8ms (next.js: 2ms, application-code: 6ms)
 POST /api/email 200 in 22ms (next.js: 1.8ms, application-code: 20ms)
 POST /api/auth/sign-in/email 200 in 72ms (next.js: 2ms, application-code: 70ms)
 POST /api/workspaces 201 in 33ms (next.js: 1.9ms, application-code: 31ms)
 POST /api/onboarding 200 in 22ms (next.js: 1.6ms, application-code: 21ms)
 POST /api/workspaces/e1ca1f50-05d9-47f5-a092-90f5dc1421a9/flows 201 in 33ms (next.js: 14ms, application-code: 19ms)
 GET /w/e2e-8a63b7/flows 200 in 60ms (next.js: 15ms, application-code: 45ms)
 GET /api/health 200 in 9ms (next.js: 3ms, application-code: 6ms)
 GET /api/workspaces/e1ca1f50-05d9-47f5-a092-90f5dc1421a9/flows 200 in 45ms (next.js: 24ms, application-code: 21ms)
 GET /api/workspaces/e1ca1f50-05d9-47f5-a092-90f5dc1421a9/usage 200 in 48ms (next.js: 19ms, application-code: 29ms)
 GET /api/workspaces/e1ca1f50-05d9-47f5-a092-90f5dc1421a9/overview 200 in 92ms (next.js: 21ms, application-code: 70ms)
 GET /w/e2e-8a63b7/templates 200 in 69ms (next.js: 16ms, application-code: 53ms)
 GET /api/health 200 in 7ms (next.js: 3ms, application-code: 4ms)
 GET /api/workspaces/e1ca1f50-05d9-47f5-a092-90f5dc1421a9/connections 200 in 29ms (next.js: 15ms, application-code: 14ms)
 GET /api/workspaces/e1ca1f50-05d9-47f5-a092-90f5dc1421a9/ai 200 in 50ms (next.js: 15ms, application-code: 35ms)
 GET /w/e2e-8a63b7/runs 200 in 66ms (next.js: 18ms, application-code: 48ms)
 GET /api/health 200 in 9ms (next.js: 2ms, application-code: 6ms)
 GET /api/workspaces/e1ca1f50-05d9-47f5-a092-90f5dc1421a9/runs?limit=25 200 in 44ms (next.js: 17ms, application-code: 27ms)
 GET /w/e2e-8a63b7/integrations 200 in 59ms (next.js: 15ms, application-code: 44ms)
 GET /api/health 200 in 10ms (next.js: 3ms, application-code: 7ms)
 GET /api/workspaces/e1ca1f50-05d9-47f5-a092-90f5dc1421a9/connections 200 in 36ms (next.js: 21ms, application-code: 15ms)
 GET /api/integrations/catalog?workspaceId=e1ca1f50-05d9-47f5-a092-90f5dc1421a9 200 in 53ms (next.js: 4ms, application-code: 48ms)
 GET /w/e2e-8a63b7/agents 200 in 65ms (next.js: 16ms, application-code: 50ms)
 GET /api/health 200 in 10ms (next.js: 3ms, application-code: 6ms)
 GET /api/workspaces/e1ca1f50-05d9-47f5-a092-90f5dc1421a9/agents 200 in 34ms (next.js: 18ms, application-code: 16ms)
 GET /w/e2e-8a63b7/knowledge 200 in 57ms (next.js: 15ms, application-code: 42ms)
 GET /api/health 200 in 9ms (next.js: 2ms, application-code: 7ms)
 GET /api/workspaces/e1ca1f50-05d9-47f5-a092-90f5dc1421a9/knowledge 200 in 35ms (next.js: 18ms, application-code: 17ms)
 GET /w/e2e-8a63b7/settings 200 in 58ms (next.js: 15ms, application-code: 44ms)
 GET /api/health 200 in 9ms (next.js: 4ms, application-code: 5ms)
 GET /api/workspaces/e1ca1f50-05d9-47f5-a092-90f5dc1421a9/members 200 in 57ms (next.js: 22ms, application-code: 35ms)
 GET /api/workspaces/e1ca1f50-05d9-47f5-a092-90f5dc1421a9/invites 200 in 58ms (next.js: 39ms, application-code: 18ms)
 GET /w/e2e-8a63b7/canvas 307 in 92ms (next.js: 16ms, application-code: 76ms)
 GET /w/e2e-8a63b7/flows/9e85c097-704a-4dec-84e8-e6f0279aeb6a 200 in 61ms (next.js: 16ms, application-code: 45ms)
 GET /api/health 200 in 11ms (next.js: 4ms, application-code: 7ms)
 GET /api/flows/9e85c097-704a-4dec-84e8-e6f0279aeb6a 200 in 35ms (next.js: 19ms, application-code: 15ms)
 GET /api/flows/9e85c097-704a-4dec-84e8-e6f0279aeb6a/publish 200 in 73ms (next.js: 22ms, application-code: 50ms)
 GET /api/flows/9e85c097-704a-4dec-84e8-e6f0279aeb6a/runs 200 in 43ms (next.js: 24ms, application-code: 19ms)
 POST /api/auth/sign-up/email 200 in 99ms (next.js: 14ms, application-code: 85ms)
 GET /api/test/outbox?email=e2e-b926edc2%40flowline-e2e.test 200 in 6ms (next.js: 1.9ms, application-code: 4ms)
 POST /api/email 200 in 21ms (next.js: 1.8ms, application-code: 19ms)
 POST /api/auth/sign-in/email 200 in 72ms (next.js: 2.0ms, application-code: 70ms)
 POST /api/workspaces 201 in 23ms (next.js: 2ms, application-code: 21ms)
 POST /api/onboarding 200 in 22ms (next.js: 1.9ms, application-code: 20ms)
 POST /api/workspaces/7b90726f-738b-48e2-9088-8465b0914197/flows 201 in 28ms (next.js: 13ms, application-code: 15ms)
 GET /w/e2e-b8873e/flows 200 in 61ms (next.js: 15ms, application-code: 47ms)
 GET /api/health 200 in 11ms (next.js: 4ms, application-code: 7ms)
 GET /api/workspaces/7b90726f-738b-48e2-9088-8465b0914197/flows 200 in 55ms (next.js: 25ms, application-code: 31ms)
 GET /api/workspaces/7b90726f-738b-48e2-9088-8465b0914197/usage 200 in 58ms (next.js: 20ms, application-code: 38ms)
 GET /api/workspaces/7b90726f-738b-48e2-9088-8465b0914197/overview 200 in 93ms (next.js: 22ms, application-code: 71ms)
 GET /w/e2e-b8873e/templates 200 in 71ms (next.js: 14ms, application-code: 57ms)
 GET /api/health 200 in 10ms (next.js: 3ms, application-code: 7ms)
 GET /api/workspaces/7b90726f-738b-48e2-9088-8465b0914197/connections 200 in 27ms (next.js: 14ms, application-code: 12ms)
 GET /api/workspaces/7b90726f-738b-48e2-9088-8465b0914197/ai 200 in 47ms (next.js: 17ms, application-code: 30ms)
 GET /w/e2e-b8873e/runs 200 in 69ms (next.js: 18ms, application-code: 51ms)
 GET /api/health 200 in 8ms (next.js: 3ms, application-code: 5ms)
 GET /api/workspaces/7b90726f-738b-48e2-9088-8465b0914197/runs?limit=25 200 in 40ms (next.js: 17ms, application-code: 24ms)
 GET /w/e2e-b8873e/integrations 200 in 62ms (next.js: 16ms, application-code: 47ms)
 GET /api/health 200 in 8ms (next.js: 2ms, application-code: 6ms)
 GET /api/workspaces/7b90726f-738b-48e2-9088-8465b0914197/connections 200 in 45ms (next.js: 17ms, application-code: 28ms)
 GET /api/integrations/catalog?workspaceId=7b90726f-738b-48e2-9088-8465b0914197 200 in 61ms (next.js: 3ms, application-code: 58ms)
 GET /w/e2e-b8873e/agents 200 in 57ms (next.js: 15ms, application-code: 42ms)
 GET /api/health 200 in 9ms (next.js: 4ms, application-code: 5ms)
 GET /api/workspaces/7b90726f-738b-48e2-9088-8465b0914197/agents 200 in 35ms (next.js: 19ms, application-code: 17ms)
 GET /w/e2e-b8873e/knowledge 200 in 64ms (next.js: 16ms, application-code: 48ms)
 GET /api/health 200 in 10ms (next.js: 5ms, application-code: 5ms)
 GET /api/workspaces/7b90726f-738b-48e2-9088-8465b0914197/knowledge 200 in 32ms (next.js: 17ms, application-code: 15ms)
 GET /w/e2e-b8873e/settings 200 in 58ms (next.js: 14ms, application-code: 43ms)
 GET /api/health 200 in 11ms (next.js: 5ms, application-code: 6ms)
 GET /api/workspaces/7b90726f-738b-48e2-9088-8465b0914197/members 200 in 47ms (next.js: 16ms, application-code: 32ms)
 GET /api/workspaces/7b90726f-738b-48e2-9088-8465b0914197/invites 200 in 48ms (next.js: 35ms, application-code: 13ms)
 GET /w/e2e-b8873e/canvas 307 in 90ms (next.js: 18ms, application-code: 72ms)
 GET /w/e2e-b8873e/flows/0727e866-57c2-4646-ade9-625793f50a64 200 in 66ms (next.js: 17ms, application-code: 50ms)
 GET /api/health 200 in 9ms (next.js: 3ms, application-code: 6ms)
 GET /api/flows/0727e866-57c2-4646-ade9-625793f50a64 200 in 40ms (next.js: 21ms, application-code: 19ms)
 GET /api/flows/0727e866-57c2-4646-ade9-625793f50a64/publish 200 in 64ms (next.js: 20ms, application-code: 44ms)
 GET /api/flows/0727e866-57c2-4646-ade9-625793f50a64/runs 200 in 41ms (next.js: 25ms, application-code: 17ms)
 POST /api/auth/sign-up/email 200 in 95ms (next.js: 14ms, application-code: 81ms)
 GET /api/test/outbox?email=e2e-02961e69%40flowline-e2e.test 200 in 7ms (next.js: 1.9ms, application-code: 5ms)
 POST /api/email 200 in 18ms (next.js: 1.7ms, application-code: 17ms)
 POST /api/auth/sign-in/email 200 in 68ms (next.js: 1.8ms, application-code: 66ms)
 POST /api/workspaces 201 in 31ms (next.js: 2ms, application-code: 29ms)
 POST /api/onboarding 200 in 20ms (next.js: 2ms, application-code: 18ms)
 POST /api/workspaces/0e5e15ab-a261-4045-935d-713e72f49d7b/flows 201 in 30ms (next.js: 14ms, application-code: 17ms)
 GET /w/e2e-787163/flows 200 in 68ms (next.js: 15ms, application-code: 53ms)
 GET /api/health 200 in 10ms (next.js: 4ms, application-code: 6ms)
 GET /api/workspaces/0e5e15ab-a261-4045-935d-713e72f49d7b/flows 200 in 58ms (next.js: 40ms, application-code: 18ms)
 GET /api/workspaces/0e5e15ab-a261-4045-935d-713e72f49d7b/usage 200 in 62ms (next.js: 36ms, application-code: 26ms)
 GET /api/workspaces/0e5e15ab-a261-4045-935d-713e72f49d7b/overview 200 in 69ms (next.js: 19ms, application-code: 50ms)
 GET /w/e2e-787163/templates 200 in 71ms (next.js: 14ms, application-code: 57ms)
 GET /api/health 200 in 8ms (next.js: 2ms, application-code: 5ms)
 GET /api/workspaces/0e5e15ab-a261-4045-935d-713e72f49d7b/connections 200 in 27ms (next.js: 14ms, application-code: 12ms)
 GET /api/workspaces/0e5e15ab-a261-4045-935d-713e72f49d7b/ai 200 in 48ms (next.js: 15ms, application-code: 33ms)
 GET /w/e2e-787163/runs 200 in 70ms (next.js: 17ms, application-code: 53ms)
 GET /api/health 200 in 7ms (next.js: 2ms, application-code: 5ms)
 GET /api/workspaces/0e5e15ab-a261-4045-935d-713e72f49d7b/runs?limit=25 200 in 30ms (next.js: 16ms, application-code: 14ms)
 GET /w/e2e-787163/integrations 200 in 74ms (next.js: 17ms, application-code: 57ms)
 GET /api/health 200 in 11ms (next.js: 4ms, application-code: 7ms)
 GET /api/workspaces/0e5e15ab-a261-4045-935d-713e72f49d7b/connections 200 in 31ms (next.js: 17ms, application-code: 14ms)
 GET /api/integrations/catalog?workspaceId=0e5e15ab-a261-4045-935d-713e72f49d7b 200 in 45ms (next.js: 2ms, application-code: 43ms)
 GET /w/e2e-787163/agents 200 in 59ms (next.js: 15ms, application-code: 44ms)
 GET /api/health 200 in 8ms (next.js: 3ms, application-code: 5ms)
 GET /api/workspaces/0e5e15ab-a261-4045-935d-713e72f49d7b/agents 200 in 28ms (next.js: 15ms, application-code: 13ms)
 GET /w/e2e-787163/knowledge 200 in 61ms (next.js: 15ms, application-code: 46ms)
 GET /api/health 200 in 8ms (next.js: 3ms, application-code: 5ms)
 GET /api/workspaces/0e5e15ab-a261-4045-935d-713e72f49d7b/knowledge 200 in 34ms (next.js: 16ms, application-code: 17ms)
 GET /w/e2e-787163/settings 200 in 62ms (next.js: 15ms, application-code: 47ms)
 GET /api/health 200 in 9ms (next.js: 3ms, application-code: 6ms)
 GET /api/workspaces/0e5e15ab-a261-4045-935d-713e72f49d7b/members 200 in 46ms (next.js: 17ms, application-code: 29ms)
 GET /api/workspaces/0e5e15ab-a261-4045-935d-713e72f49d7b/invites 200 in 46ms (next.js: 34ms, application-code: 12ms)
 GET /w/e2e-787163/canvas 307 in 79ms (next.js: 16ms, application-code: 64ms)
 GET /w/e2e-787163/flows/4316fe60-a826-4aea-96fb-016f3062e181 200 in 67ms (next.js: 18ms, application-code: 49ms)
 GET /api/health 200 in 9ms (next.js: 4ms, application-code: 5ms)
 GET /api/flows/4316fe60-a826-4aea-96fb-016f3062e181 200 in 32ms (next.js: 16ms, application-code: 16ms)
 GET /api/flows/4316fe60-a826-4aea-96fb-016f3062e181/publish 200 in 54ms (next.js: 17ms, application-code: 37ms)
 GET /api/flows/4316fe60-a826-4aea-96fb-016f3062e181/runs 200 in 33ms (next.js: 20ms, application-code: 13ms)
 GET / 200 in 46ms (next.js: 3ms, application-code: 43ms)
 GET /sign-up 200 in 16ms (next.js: 3ms, application-code: 13ms)
 GET /api/auth-config 200 in 8ms (next.js: 1.8ms, application-code: 6ms)
 POST /api/auth/sign-up/email 200 in 110ms (next.js: 16ms, application-code: 94ms)
 GET /api/me 401 in 11ms (next.js: 2ms, application-code: 9ms)
 GET /api/test/outbox?email=journey-13e34b1e%40flowline-e2e.test 200 in 6ms (next.js: 1.7ms, application-code: 4ms)
 GET /verify-email?token=rkqjJxrl9xI_9PW4Hfb27CpdQFCikaPHEXJFbegMYmw&callbackURL=%2Fsign-in 200 in 23ms (next.js: 2ms, application-code: 20ms)
 POST /api/email 200 in 22ms (next.js: 2.0ms, application-code: 20ms)
 GET /sign-in 200 in 18ms (next.js: 3ms, application-code: 15ms)
 GET /api/auth-config 200 in 8ms (next.js: 2ms, application-code: 6ms)
 POST /api/auth/sign-in/email 200 in 79ms (next.js: 3ms, application-code: 75ms)
 GET /app 200 in 50ms (next.js: 4ms, application-code: 46ms)
 GET /app 200 in 36ms (next.js: 4ms, application-code: 32ms)
 GET /onboarding 200 in 59ms (next.js: 5ms, application-code: 54ms)
 GET /onboarding 200 in 59ms (next.js: 19ms, application-code: 40ms)
 POST /api/workspaces 201 in 36ms (next.js: 3ms, application-code: 34ms)
 POST /api/workspaces/6266f208-da96-4e24-9b4a-525eb1f4d602/flows 201 in 46ms (next.js: 17ms, application-code: 28ms)
 POST /api/onboarding 200 in 25ms (next.js: 2ms, application-code: 22ms)
 GET /w/journey-co-12/flows/e7367bad-0121-4e8f-8db7-a1bdb2b8db8b 200 in 66ms (next.js: 18ms, application-code: 48ms)
 GET /api/health 200 in 7ms (next.js: 2ms, application-code: 5ms)
 GET /api/flows/e7367bad-0121-4e8f-8db7-a1bdb2b8db8b 200 in 35ms (next.js: 17ms, application-code: 18ms)
 GET /api/flows/e7367bad-0121-4e8f-8db7-a1bdb2b8db8b/publish 200 in 58ms (next.js: 18ms, application-code: 40ms)
 GET /api/flows/e7367bad-0121-4e8f-8db7-a1bdb2b8db8b/runs 200 in 32ms (next.js: 18ms, application-code: 14ms)
 GET /api/integrations/catalog 200 in 40ms (next.js: 3ms, application-code: 37ms)
 GET /api/workspaces/6266f208-da96-4e24-9b4a-525eb1f4d602/ai 200 in 42ms (next.js: 18ms, application-code: 25ms)
 PUT /api/flows/e7367bad-0121-4e8f-8db7-a1bdb2b8db8b 200 in 45ms (next.js: 14ms, application-code: 31ms)
 GET /w/journey-co-12/flows/e7367bad-0121-4e8f-8db7-a1bdb2b8db8b 200 in 63ms (next.js: 15ms, application-code: 48ms)
 GET /api/health 200 in 12ms (next.js: 5ms, application-code: 7ms)
 GET /api/flows/e7367bad-0121-4e8f-8db7-a1bdb2b8db8b 200 in 21ms (next.js: 2.0ms, application-code: 19ms)
 GET /api/flows/e7367bad-0121-4e8f-8db7-a1bdb2b8db8b/publish 200 in 68ms (next.js: 20ms, application-code: 49ms)
 GET /api/flows/e7367bad-0121-4e8f-8db7-a1bdb2b8db8b/runs 200 in 42ms (next.js: 25ms, application-code: 18ms)
2026-09-29T03:38:02.084Z [worker] run d1f2f7f4-9a5a-4435-b2a0-f051d85cbe65 claimed
 POST /api/flows/e7367bad-0121-4e8f-8db7-a1bdb2b8db8b/runs 202 in 72ms (next.js: 2ms, application-code: 70ms)
 GET /api/flows/e7367bad-0121-4e8f-8db7-a1bdb2b8db8b/runs 200 in 38ms (next.js: 3ms, application-code: 34ms)
2026-09-29T03:38:02.138Z [worker] run d1f2f7f4-9a5a-4435-b2a0-f051d85cbe65 done
 GET /api/runs/d1f2f7f4-9a5a-4435-b2a0-f051d85cbe65 200 in 44ms (next.js: 15ms, application-code: 30ms)
 GET /w/journey-co-12/runs?run=d1f2f7f4-9a5a-4435-b2a0-f051d85cbe65 200 in 37ms (next.js: 20ms, application-code: 17ms)
 GET /api/workspaces/6266f208-da96-4e24-9b4a-525eb1f4d602/runs?limit=25 200 in 44ms (next.js: 16ms, application-code: 28ms)
 GET /api/flows/e7367bad-0121-4e8f-8db7-a1bdb2b8db8b 200 in 28ms (next.js: 18ms, application-code: 10ms)
 GET /api/flows/e7367bad-0121-4e8f-8db7-a1bdb2b8db8b/runs 200 in 34ms (next.js: 13ms, application-code: 21ms)
 GET /api/runs/d1f2f7f4-9a5a-4435-b2a0-f051d85cbe65 200 in 47ms (next.js: 14ms, application-code: 33ms)
 GET /api/flows/e7367bad-0121-4e8f-8db7-a1bdb2b8db8b/versions 200 in 27ms (next.js: 16ms, application-code: 12ms)
 POST /api/auth/sign-up/email 200 in 101ms (next.js: 17ms, application-code: 84ms)
 GET /api/test/outbox?email=e2e-b2fe843a%40flowline-e2e.test 200 in 10ms (next.js: 3ms, application-code: 7ms)
 POST /api/email 200 in 26ms (next.js: 2ms, application-code: 23ms)
 POST /api/auth/sign-in/email 200 in 78ms (next.js: 2.0ms, application-code: 76ms)
 POST /api/workspaces 201 in 22ms (next.js: 2ms, application-code: 20ms)
 POST /api/onboarding 200 in 14ms (next.js: 2ms, application-code: 12ms)
 POST /api/workspaces/ca15c423-f4aa-4292-aa83-96b5475dcdbf/flows 201 in 41ms (next.js: 15ms, application-code: 27ms)
 POST /api/workspaces/ca15c423-f4aa-4292-aa83-96b5475dcdbf/connections 201 in 48ms (next.js: 14ms, application-code: 33ms)
 PUT /api/flows/ec03d184-f24b-455b-8464-e5a8c607bc34 200 in 32ms (next.js: 14ms, application-code: 18ms)
 GET /w/e2e-862fc4/flows/ec03d184-f24b-455b-8464-e5a8c607bc34 200 in 66ms (next.js: 15ms, application-code: 51ms)
 GET /api/health 200 in 10ms (next.js: 3ms, application-code: 7ms)
 GET /api/flows/ec03d184-f24b-455b-8464-e5a8c607bc34 200 in 20ms (next.js: 4ms, application-code: 16ms)
 GET /api/flows/ec03d184-f24b-455b-8464-e5a8c607bc34/publish 200 in 75ms (next.js: 20ms, application-code: 54ms)
 GET /api/flows/ec03d184-f24b-455b-8464-e5a8c607bc34/runs 200 in 44ms (next.js: 22ms, application-code: 21ms)
 POST /api/flows/ec03d184-f24b-455b-8464-e5a8c607bc34/runs 202 in 60ms (next.js: 2ms, application-code: 57ms)
2026-09-29T03:38:04.976Z [worker] run 8083e41f-8704-447f-8c87-88cf371b130d claimed
 GET /api/flows/ec03d184-f24b-455b-8464-e5a8c607bc34/runs 200 in 43ms (next.js: 4ms, application-code: 40ms)
2026-09-29T03:38:05.024Z [worker] run 8083e41f-8704-447f-8c87-88cf371b130d done
 GET /api/runs/8083e41f-8704-447f-8c87-88cf371b130d 200 in 48ms (next.js: 18ms, application-code: 30ms)
 GET /w/e2e-862fc4/runs?run=8083e41f-8704-447f-8c87-88cf371b130d 200 in 47ms (next.js: 19ms, application-code: 28ms)
 GET /api/workspaces/ca15c423-f4aa-4292-aa83-96b5475dcdbf/runs?limit=25 200 in 37ms (next.js: 19ms, application-code: 18ms)
 GET /api/flows/ec03d184-f24b-455b-8464-e5a8c607bc34/runs 200 in 36ms (next.js: 16ms, application-code: 20ms)
 POST /api/approvals/2cbe0387-f446-427b-b0e0-6f3bbfd326ae/decide 200 in 73ms (next.js: 18ms, application-code: 55ms)
2026-09-29T03:38:05.828Z [worker] run 8083e41f-8704-447f-8c87-88cf371b130d claimed
 GET /api/runs/8083e41f-8704-447f-8c87-88cf371b130d 200 in 37ms (next.js: 3ms, application-code: 35ms)
2026-09-29T03:38:05.905Z [worker] run 8083e41f-8704-447f-8c87-88cf371b130d done
 GET /api/flows/ec03d184-f24b-455b-8464-e5a8c607bc34/runs 200 in 21ms (next.js: 4ms, application-code: 17ms)
 POST /api/auth/sign-up/email 200 in 106ms (next.js: 16ms, application-code: 90ms)
 GET /api/test/outbox?email=e2e-1f850d62%40flowline-e2e.test 200 in 9ms (next.js: 3ms, application-code: 6ms)
 POST /api/email 200 in 22ms (next.js: 2ms, application-code: 20ms)
 POST /api/auth/sign-in/email 200 in 79ms (next.js: 3ms, application-code: 76ms)
 POST /api/workspaces 201 in 21ms (next.js: 2ms, application-code: 19ms)
 POST /api/onboarding 200 in 11ms (next.js: 1.7ms, application-code: 9ms)
 GET /w/e2e-fcc06a/settings 200 in 58ms (next.js: 15ms, application-code: 44ms)
 GET /api/health 200 in 12ms (next.js: 5ms, application-code: 7ms)
 GET /api/workspaces/0b9c341d-7aa2-4d56-9f0c-15fa163ec507/invites 200 in 55ms (next.js: 19ms, application-code: 35ms)
 GET /api/workspaces/0b9c341d-7aa2-4d56-9f0c-15fa163ec507/members 200 in 54ms (next.js: 38ms, application-code: 16ms)
 POST /api/workspaces/0b9c341d-7aa2-4d56-9f0c-15fa163ec507/invites 201 in 36ms (next.js: 2ms, application-code: 34ms)
 GET /api/workspaces/0b9c341d-7aa2-4d56-9f0c-15fa163ec507/members 200 in 21ms (next.js: 3ms, application-code: 18ms)
 GET /api/workspaces/0b9c341d-7aa2-4d56-9f0c-15fa163ec507/invites 200 in 22ms (next.js: 8ms, application-code: 14ms)
 POST /api/auth/sign-up/email 200 in 104ms (next.js: 17ms, application-code: 87ms)
 GET /api/test/outbox?email=viewer-d151825a%40flowline-e2e.test 200 in 8ms (next.js: 3ms, application-code: 5ms)
 POST /api/email 200 in 35ms (next.js: 1.8ms, application-code: 33ms)
 POST /api/auth/sign-in/email 200 in 72ms (next.js: 1.9ms, application-code: 70ms)
 GET /invite/J7BF3gaCB_CoubPv5Ehit2ec6koZdQ01T_Hkiwr-Rug 200 in 59ms (next.js: 16ms, application-code: 43ms)
 GET /api/invites/J7BF3gaCB_CoubPv5Ehit2ec6koZdQ01T_Hkiwr-Rug 200 in 42ms (next.js: 20ms, application-code: 21ms)
 POST /api/invites/J7BF3gaCB_CoubPv5Ehit2ec6koZdQ01T_Hkiwr-Rug 200 in 41ms (next.js: 2ms, application-code: 38ms)
 GET /w/e2e-fcc06a/flows 200 in 58ms (next.js: 20ms, application-code: 38ms)
 GET /api/health 200 in 10ms (next.js: 3ms, application-code: 6ms)
 GET /api/workspaces/0b9c341d-7aa2-4d56-9f0c-15fa163ec507/usage 200 in 69ms (next.js: 33ms, application-code: 36ms)
 GET /api/workspaces/0b9c341d-7aa2-4d56-9f0c-15fa163ec507/flows 200 in 70ms (next.js: 16ms, application-code: 54ms)
 GET /api/workspaces/0b9c341d-7aa2-4d56-9f0c-15fa163ec507/overview 200 in 111ms (next.js: 50ms, application-code: 61ms)
 POST /api/workspaces/0b9c341d-7aa2-4d56-9f0c-15fa163ec507/connections 201 in 47ms (next.js: 21ms, application-code: 26ms)
 POST /api/workspaces/0b9c341d-7aa2-4d56-9f0c-15fa163ec507/flows 201 in 25ms (next.js: 3ms, application-code: 22ms)
 PUT /api/flows/ea9b45e7-cd9d-4575-99bb-74fb39d8498d 200 in 50ms (next.js: 21ms, application-code: 29ms)
 POST /api/flows/ea9b45e7-cd9d-4575-99bb-74fb39d8498d/runs 202 in 65ms (next.js: 16ms, application-code: 49ms)
2026-09-29T03:38:09.079Z [worker] run 48769775-ed6e-4a09-ab09-de33ad78a8a7 claimed
2026-09-29T03:38:09.120Z [worker] run 48769775-ed6e-4a09-ab09-de33ad78a8a7 done
 GET /api/runs/48769775-ed6e-4a09-ab09-de33ad78a8a7 200 in 49ms (next.js: 18ms, application-code: 32ms)
 GET /w/e2e-fcc06a/runs?run=48769775-ed6e-4a09-ab09-de33ad78a8a7 200 in 79ms (next.js: 19ms, application-code: 61ms)
 GET /api/health 200 in 17ms (next.js: 4ms, application-code: 12ms)
 GET /api/workspaces/0b9c341d-7aa2-4d56-9f0c-15fa163ec507/runs?limit=25 200 in 58ms (next.js: 26ms, application-code: 32ms)
 GET /api/runs/48769775-ed6e-4a09-ab09-de33ad78a8a7 200 in 78ms (next.js: 31ms, application-code: 47ms)
 GET /api/workspaces/0b9c341d-7aa2-4d56-9f0c-15fa163ec507/approvals 200 in 33ms (next.js: 18ms, application-code: 16ms)
 POST /api/approvals/bd8610ea-d9d4-430e-bd4f-0cf1aadc4fdc/decide 403 in 35ms (next.js: 17ms, application-code: 18ms)
 GET /api/runs/48769775-ed6e-4a09-ab09-de33ad78a8a7 200 in 36ms (next.js: 3ms, application-code: 33ms)
 GET /w/e2e-fcc06a/settings 200 in 75ms (next.js: 19ms, application-code: 56ms)
 GET /api/health 200 in 13ms (next.js: 5ms, application-code: 8ms)
 GET /api/workspaces/0b9c341d-7aa2-4d56-9f0c-15fa163ec507/invites 200 in 58ms (next.js: 20ms, application-code: 38ms)
 GET /api/workspaces/0b9c341d-7aa2-4d56-9f0c-15fa163ec507/members 200 in 59ms (next.js: 41ms, application-code: 18ms)
 PATCH /api/workspaces/0b9c341d-7aa2-4d56-9f0c-15fa163ec507/members/9734d33e-390e-4aa3-9a2c-587d3d235f40 200 in 54ms (next.js: 22ms, application-code: 32ms)
 GET /api/workspaces/0b9c341d-7aa2-4d56-9f0c-15fa163ec507/members 200 in 18ms (next.js: 2ms, application-code: 16ms)
 GET /api/workspaces/0b9c341d-7aa2-4d56-9f0c-15fa163ec507/invites 200 in 19ms (next.js: 6ms, application-code: 13ms)
 GET /w/e2e-fcc06a/runs?run=48769775-ed6e-4a09-ab09-de33ad78a8a7 200 in 103ms (next.js: 27ms, application-code: 76ms)
 GET /api/health 200 in 21ms (next.js: 3ms, application-code: 18ms)
 GET /api/workspaces/0b9c341d-7aa2-4d56-9f0c-15fa163ec507/runs?limit=25 200 in 84ms (next.js: 28ms, application-code: 56ms)
 GET /api/runs/48769775-ed6e-4a09-ab09-de33ad78a8a7 200 in 101ms (next.js: 58ms, application-code: 43ms)
 GET /api/runs/48769775-ed6e-4a09-ab09-de33ad78a8a7 200 in 35ms (next.js: 4ms, application-code: 31ms)
 POST /api/approvals/bd8610ea-d9d4-430e-bd4f-0cf1aadc4fdc/decide 200 in 67ms (next.js: 18ms, application-code: 49ms)
2026-09-29T03:38:11.253Z [worker] run 48769775-ed6e-4a09-ab09-de33ad78a8a7 claimed
 GET /api/runs/48769775-ed6e-4a09-ab09-de33ad78a8a7 200 in 26ms (next.js: 4ms, application-code: 22ms)
2026-09-29T03:38:11.322Z [worker] run 48769775-ed6e-4a09-ab09-de33ad78a8a7 done
 GET /api/runs/48769775-ed6e-4a09-ab09-de33ad78a8a7 200 in 46ms (next.js: 2ms, application-code: 43ms)
 DELETE /api/workspaces/0b9c341d-7aa2-4d56-9f0c-15fa163ec507/members/9734d33e-390e-4aa3-9a2c-587d3d235f40 200 in 40ms (next.js: 19ms, application-code: 21ms)
 GET /api/workspaces/0b9c341d-7aa2-4d56-9f0c-15fa163ec507/members 200 in 52ms (next.js: 21ms, application-code: 31ms)
 GET /api/workspaces/0b9c341d-7aa2-4d56-9f0c-15fa163ec507/invites 200 in 53ms (next.js: 38ms, application-code: 15ms)
 GET /api/workspaces/0b9c341d-7aa2-4d56-9f0c-15fa163ec507/flows 404 in 40ms (next.js: 23ms, application-code: 17ms)
 GET /api/workspaces/0b9c341d-7aa2-4d56-9f0c-15fa163ec507/audit 200 in 46ms (next.js: 18ms, application-code: 29ms)
 POST /api/auth/sign-up/email 200 in 96ms (next.js: 15ms, application-code: 81ms)
 GET /api/test/outbox?email=e2e-56307943%40flowline-e2e.test 200 in 8ms (next.js: 1.8ms, application-code: 6ms)
 POST /api/email 200 in 23ms (next.js: 3ms, application-code: 20ms)
 POST /api/auth/sign-in/email 200 in 74ms (next.js: 2ms, application-code: 72ms)
 POST /api/workspaces 201 in 24ms (next.js: 1.9ms, application-code: 22ms)
 POST /api/onboarding 200 in 11ms (next.js: 1.9ms, application-code: 10ms)
 POST /api/workspaces/854ae945-181b-4cf9-8788-3f3c71aa5a6c/flows 201 in 36ms (next.js: 14ms, application-code: 22ms)
 GET /w/e2e-351937/settings?tab=keys 200 in 55ms (next.js: 15ms, application-code: 41ms)
 GET /api/health 200 in 19ms (next.js: 4ms, application-code: 16ms)
 GET /api/workspaces/854ae945-181b-4cf9-8788-3f3c71aa5a6c/api-keys 200 in 40ms (next.js: 18ms, application-code: 23ms)
 POST /api/workspaces/854ae945-181b-4cf9-8788-3f3c71aa5a6c/api-keys 201 in 20ms (next.js: 2ms, application-code: 18ms)
 GET /api/workspaces/854ae945-181b-4cf9-8788-3f3c71aa5a6c/api-keys 200 in 14ms (next.js: 2ms, application-code: 12ms)
 GET /api/v1/flows 403 in 57ms (next.js: 47ms, application-code: 10ms)
 GET /api/workspaces/854ae945-181b-4cf9-8788-3f3c71aa5a6c/flows 200 in 35ms (next.js: 15ms, application-code: 20ms)
 POST /api/v1/flows/35e9b918-d418-48cd-9923-3a60b8138aa0/runs 202 in 859ms (next.js: 824ms, application-code: 35ms)
2026-09-29T03:38:14.930Z [worker] run 280df228-844e-4050-b84c-9b4a9a34f1c2 claimed
2026-09-29T03:38:14.975Z [worker] run 280df228-844e-4050-b84c-9b4a9a34f1c2 done
 GET /w/e2e-351937/settings?tab=keys 200 in 60ms (next.js: 19ms, application-code: 42ms)
 GET /api/health 200 in 7ms (next.js: 2ms, application-code: 5ms)
 GET /api/workspaces/854ae945-181b-4cf9-8788-3f3c71aa5a6c/api-keys 200 in 43ms (next.js: 18ms, application-code: 25ms)
 DELETE /api/workspaces/854ae945-181b-4cf9-8788-3f3c71aa5a6c/api-keys/5fd5e470-5ec1-4615-aa3e-5718fc4ad705 200 in 876ms (next.js: 853ms, application-code: 23ms)
 GET /api/workspaces/854ae945-181b-4cf9-8788-3f3c71aa5a6c/api-keys 200 in 32ms (next.js: 17ms, application-code: 15ms)
 GET /api/workspaces/854ae945-181b-4cf9-8788-3f3c71aa5a6c/flows 200 in 26ms (next.js: 15ms, application-code: 11ms)
 POST /api/v1/flows/35e9b918-d418-48cd-9923-3a60b8138aa0/runs 401 in 17ms (next.js: 13ms, application-code: 4ms)
 POST /api/auth/sign-up/email 200 in 97ms (next.js: 14ms, application-code: 83ms)
 GET /api/test/outbox?email=e2e-dbb33c2c%40flowline-e2e.test 200 in 17ms (next.js: 3ms, application-code: 14ms)
 POST /api/email 200 in 22ms (next.js: 2ms, application-code: 20ms)
 POST /api/auth/sign-in/email 200 in 103ms (next.js: 2ms, application-code: 100ms)
 POST /api/workspaces 201 in 19ms (next.js: 2ms, application-code: 17ms)
 POST /api/onboarding 200 in 21ms (next.js: 2ms, application-code: 19ms)
 POST /api/workspaces/6bf29d00-2483-4679-a111-e931bd7f7d9f/ai/connections 201 in 78ms (next.js: 15ms, application-code: 63ms)
 PUT /api/workspaces/6bf29d00-2483-4679-a111-e931bd7f7d9f/ai/default-route 200 in 32ms (next.js: 14ms, application-code: 17ms)
 PUT /api/workspaces/6bf29d00-2483-4679-a111-e931bd7f7d9f/ai/policy 200 in 36ms (next.js: 14ms, application-code: 22ms)
 POST /api/workspaces/6bf29d00-2483-4679-a111-e931bd7f7d9f/flows 201 in 34ms (next.js: 15ms, application-code: 19ms)
 PUT /api/flows/b03d1018-a3ee-45c7-b5cb-863b9ef11fb4 200 in 47ms (next.js: 15ms, application-code: 32ms)
 POST /api/flows/b03d1018-a3ee-45c7-b5cb-863b9ef11fb4/publish 201 in 56ms (next.js: 16ms, application-code: 41ms)
 GET /w/e2e-1e4b23/knowledge 200 in 73ms (next.js: 17ms, application-code: 56ms)
 GET /api/health 200 in 10ms (next.js: 3ms, application-code: 7ms)
 GET /api/workspaces/6bf29d00-2483-4679-a111-e931bd7f7d9f/knowledge 200 in 55ms (next.js: 29ms, application-code: 26ms)
 POST /api/workspaces/6bf29d00-2483-4679-a111-e931bd7f7d9f/knowledge 201 in 37ms (next.js: 3ms, application-code: 34ms)
2026-09-29T03:38:18.785Z [worker] knowledge source indexed
 GET /api/workspaces/6bf29d00-2483-4679-a111-e931bd7f7d9f/knowledge 200 in 19ms (next.js: 4ms, application-code: 15ms)
 GET /w/e2e-1e4b23/agents 200 in 66ms (next.js: 15ms, application-code: 51ms)
 GET /api/health 200 in 10ms (next.js: 3ms, application-code: 7ms)
 GET /api/workspaces/6bf29d00-2483-4679-a111-e931bd7f7d9f/agents 200 in 38ms (next.js: 20ms, application-code: 18ms)
 GET /w/e2e-1e4b23/agents/new 200 in 34ms (next.js: 18ms, application-code: 16ms)
 GET /api/workspaces/6bf29d00-2483-4679-a111-e931bd7f7d9f/knowledge 200 in 58ms (next.js: 3ms, application-code: 54ms)
 GET /api/workspaces/6bf29d00-2483-4679-a111-e931bd7f7d9f/flows 200 in 58ms (next.js: 21ms, application-code: 36ms)
 GET /api/workspaces/6bf29d00-2483-4679-a111-e931bd7f7d9f/ai 200 in 74ms (next.js: 39ms, application-code: 36ms)
 GET /api/workspaces/6bf29d00-2483-4679-a111-e931bd7f7d9f/ai/models 200 in 51ms (next.js: 21ms, application-code: 30ms)
 POST /api/workspaces/6bf29d00-2483-4679-a111-e931bd7f7d9f/agents 201 in 45ms (next.js: 3ms, application-code: 42ms)
 GET /w/e2e-1e4b23/agents/fd898b01-a22c-434d-8bcd-a4efc39477a9 200 in 39ms (next.js: 20ms, application-code: 19ms)
 GET /api/agents/fd898b01-a22c-434d-8bcd-a4efc39477a9 200 in 41ms (next.js: 22ms, application-code: 20ms)
 GET /api/agents/fd898b01-a22c-434d-8bcd-a4efc39477a9/runs 200 in 45ms (next.js: 22ms, application-code: 23ms)
 POST /api/agents/fd898b01-a22c-434d-8bcd-a4efc39477a9/runs 202 in 62ms (next.js: 4ms, application-code: 58ms)
2026-09-29T03:38:20.147Z [worker] agent run 0b1143ac-c806-43b5-95ec-54035525d3ec claimed
 GET /api/agent-runs/0b1143ac-c806-43b5-95ec-54035525d3ec 200 in 59ms (next.js: 21ms, application-code: 38ms)
2026-09-29T03:38:20.301Z [worker] agent run 0b1143ac-c806-43b5-95ec-54035525d3ec succeeded
 GET /api/agent-runs/0b1143ac-c806-43b5-95ec-54035525d3ec 200 in 32ms (next.js: 14ms, application-code: 18ms)
 POST /api/agents/fd898b01-a22c-434d-8bcd-a4efc39477a9/runs 202 in 73ms (next.js: 19ms, application-code: 54ms)
2026-09-29T03:38:21.715Z [worker] agent run c821aa2c-1e8b-476b-9284-da3b289ba54a claimed
 GET /api/agent-runs/c821aa2c-1e8b-476b-9284-da3b289ba54a 200 in 23ms (next.js: 3ms, application-code: 20ms)
2026-09-29T03:38:21.785Z [worker] agent run c821aa2c-1e8b-476b-9284-da3b289ba54a waiting for approval
 GET /api/agent-runs/c821aa2c-1e8b-476b-9284-da3b289ba54a 200 in 35ms (next.js: 14ms, application-code: 21ms)
 POST /api/approvals/0a20c55c-f6cf-4df7-800b-de22263ecb67/decide 200 in 49ms (next.js: 15ms, application-code: 34ms)
2026-09-29T03:38:23.091Z [worker] agent run c821aa2c-1e8b-476b-9284-da3b289ba54a claimed
 GET /api/agents/fd898b01-a22c-434d-8bcd-a4efc39477a9/runs 200 in 39ms (next.js: 23ms, application-code: 16ms)
 GET /api/agent-runs/c821aa2c-1e8b-476b-9284-da3b289ba54a 200 in 45ms (next.js: 4ms, application-code: 42ms)
2026-09-29T03:38:23.160Z [worker] run 7cb96cdc-e21e-4020-9e6f-31da1a213e31 claimed
2026-09-29T03:38:23.209Z [worker] run 7cb96cdc-e21e-4020-9e6f-31da1a213e31 done
2026-09-29T03:38:23.703Z [worker] agent run c821aa2c-1e8b-476b-9284-da3b289ba54a succeeded
 GET /api/agent-runs/c821aa2c-1e8b-476b-9284-da3b289ba54a 200 in 29ms (next.js: 13ms, application-code: 16ms)
 GET /api/flows/b03d1018-a3ee-45c7-b5cb-863b9ef11fb4/runs 200 in 32ms (next.js: 13ms, application-code: 18ms)
 POST /api/auth/sign-up/email 200 in 95ms (next.js: 15ms, application-code: 81ms)
 GET /api/test/outbox?email=e2e-9e3b0886%40flowline-e2e.test 200 in 7ms (next.js: 2ms, application-code: 5ms)
 POST /api/email 200 in 24ms (next.js: 2ms, application-code: 22ms)
 POST /api/auth/sign-in/email 200 in 79ms (next.js: 2ms, application-code: 76ms)
 POST /api/workspaces 201 in 17ms (next.js: 1.9ms, application-code: 15ms)
 POST /api/onboarding 200 in 15ms (next.js: 2ms, application-code: 13ms)
 POST /api/workspaces/d961b9b7-5d7b-4fb1-9284-2d0047f6fa27/ai/connections 201 in 58ms (next.js: 15ms, application-code: 43ms)
 PUT /api/workspaces/d961b9b7-5d7b-4fb1-9284-2d0047f6fa27/ai/default-route 200 in 46ms (next.js: 15ms, application-code: 31ms)
 PUT /api/workspaces/d961b9b7-5d7b-4fb1-9284-2d0047f6fa27/ai/policy 200 in 40ms (next.js: 16ms, application-code: 23ms)
 GET /w/e2e-bb1485/flows 200 in 69ms (next.js: 17ms, application-code: 52ms)
 GET /api/health 200 in 14ms (next.js: 4ms, application-code: 10ms)
 GET /api/workspaces/d961b9b7-5d7b-4fb1-9284-2d0047f6fa27/usage 200 in 106ms (next.js: 48ms, application-code: 57ms)
 GET /api/workspaces/d961b9b7-5d7b-4fb1-9284-2d0047f6fa27/flows 200 in 47ms (next.js: 23ms, application-code: 24ms)
 GET /api/workspaces/d961b9b7-5d7b-4fb1-9284-2d0047f6fa27/overview 200 in 119ms (next.js: 26ms, application-code: 93ms)
 POST /api/workspaces/d961b9b7-5d7b-4fb1-9284-2d0047f6fa27/copilot 201 in 153ms (next.js: 20ms, application-code: 133ms)
 POST /api/workspaces/d961b9b7-5d7b-4fb1-9284-2d0047f6fa27/copilot/1a61e32c-eb71-46c7-9979-a306a1020ef7 200 in 49ms (next.js: 17ms, application-code: 32ms)
 GET /api/workspaces/d961b9b7-5d7b-4fb1-9284-2d0047f6fa27/flows 200 in 22ms (next.js: 3ms, application-code: 19ms)
 POST /api/workspaces/d961b9b7-5d7b-4fb1-9284-2d0047f6fa27/copilot 201 in 131ms (next.js: 3ms, application-code: 128ms)
 POST /api/workspaces/d961b9b7-5d7b-4fb1-9284-2d0047f6fa27/copilot/cae2355a-fa54-4975-900c-185bb33a7fa0 200 in 45ms (next.js: 2ms, application-code: 43ms)
 GET /w/e2e-bb1485/flows/e60be167-46b4-4827-8097-5f3235aa69b5 200 in 37ms (next.js: 22ms, application-code: 15ms)
 GET /api/flows/e60be167-46b4-4827-8097-5f3235aa69b5 200 in 33ms (next.js: 20ms, application-code: 13ms)
 GET /api/flows/e60be167-46b4-4827-8097-5f3235aa69b5/publish 200 in 69ms (next.js: 20ms, application-code: 50ms)
 GET /api/flows/e60be167-46b4-4827-8097-5f3235aa69b5/runs 200 in 43ms (next.js: 22ms, application-code: 21ms)
 GET /api/workspaces/d961b9b7-5d7b-4fb1-9284-2d0047f6fa27/flows 200 in 33ms (next.js: 18ms, application-code: 14ms)
 GET /api/flows/e60be167-46b4-4827-8097-5f3235aa69b5/runs 200 in 28ms (next.js: 3ms, application-code: 25ms)
 POST /api/auth/sign-up/email 200 in 105ms (next.js: 17ms, application-code: 89ms)
 GET /api/test/outbox?email=e2e-470a83ff%40flowline-e2e.test 200 in 10ms (next.js: 3ms, application-code: 7ms)
 POST /api/email 200 in 25ms (next.js: 2ms, application-code: 23ms)
 POST /api/auth/sign-in/email 200 in 77ms (next.js: 2ms, application-code: 75ms)
 POST /api/workspaces 201 in 27ms (next.js: 2ms, application-code: 25ms)
 POST /api/onboarding 200 in 20ms (next.js: 1.8ms, application-code: 18ms)
 POST /api/workspaces/b068168c-9779-4d11-ba3c-74ff357aaf27/ai/connections 201 in 63ms (next.js: 14ms, application-code: 50ms)
 PUT /api/workspaces/b068168c-9779-4d11-ba3c-74ff357aaf27/ai/default-route 200 in 31ms (next.js: 14ms, application-code: 17ms)
 PUT /api/workspaces/b068168c-9779-4d11-ba3c-74ff357aaf27/ai/policy 200 in 39ms (next.js: 15ms, application-code: 24ms)
 POST /api/workspaces/b068168c-9779-4d11-ba3c-74ff357aaf27/flows 201 in 40ms (next.js: 15ms, application-code: 25ms)
 PUT /api/flows/7aaeacec-f9c1-430b-a0be-ea93da88c418 200 in 45ms (next.js: 17ms, application-code: 28ms)
 POST /api/flows/7aaeacec-f9c1-430b-a0be-ea93da88c418/publish 201 in 48ms (next.js: 17ms, application-code: 31ms)
 POST /api/workspaces/b068168c-9779-4d11-ba3c-74ff357aaf27/agents 201 in 41ms (next.js: 17ms, application-code: 25ms)
 POST /api/workspaces/b068168c-9779-4d11-ba3c-74ff357aaf27/invites 201 in 58ms (next.js: 16ms, application-code: 42ms)
 POST /api/auth/sign-up/email 200 in 119ms (next.js: 15ms, application-code: 104ms)
 GET /api/test/outbox?email=vw-46cda021%40flowline-e2e.test 200 in 9ms (next.js: 2ms, application-code: 6ms)
 POST /api/email 200 in 29ms (next.js: 2ms, application-code: 27ms)
 POST /api/auth/sign-in/email 200 in 90ms (next.js: 4ms, application-code: 86ms)
 POST /api/invites/IaTMj-HBLij4T4u4xdEC8SypnhKIQ9Yux_MrcSdYCYI 200 in 41ms (next.js: 16ms, application-code: 25ms)
 GET /w/e2e-ebb396/agents/8bcfdee3-031a-4db5-835a-ee93f0d844b6 200 in 77ms (next.js: 18ms, application-code: 59ms)
 GET /api/health 200 in 11ms (next.js: 4ms, application-code: 7ms)
 GET /api/agents/8bcfdee3-031a-4db5-835a-ee93f0d844b6 200 in 42ms (next.js: 19ms, application-code: 23ms)
 GET /api/agents/8bcfdee3-031a-4db5-835a-ee93f0d844b6/runs 200 in 42ms (next.js: 21ms, application-code: 20ms)
 POST /api/agents/8bcfdee3-031a-4db5-835a-ee93f0d844b6/runs 202 in 54ms (next.js: 3ms, application-code: 51ms)
2026-09-29T03:38:30.080Z [worker] agent run d5ce6774-c4fc-4e2d-8a89-da6812c9cacb claimed
 GET /api/agent-runs/d5ce6774-c4fc-4e2d-8a89-da6812c9cacb 200 in 37ms (next.js: 18ms, application-code: 19ms)
2026-09-29T03:38:30.155Z [worker] agent run d5ce6774-c4fc-4e2d-8a89-da6812c9cacb waiting for approval
 GET /api/agent-runs/d5ce6774-c4fc-4e2d-8a89-da6812c9cacb 200 in 38ms (next.js: 13ms, application-code: 25ms)
 GET /w/e2e-ebb396/flows 200 in 65ms (next.js: 15ms, application-code: 50ms)
 GET /api/health 200 in 13ms (next.js: 5ms, application-code: 8ms)
 GET /api/workspaces/b068168c-9779-4d11-ba3c-74ff357aaf27/flows 200 in 87ms (next.js: 35ms, application-code: 53ms)
 GET /api/workspaces/b068168c-9779-4d11-ba3c-74ff357aaf27/usage 200 in 90ms (next.js: 55ms, application-code: 35ms)
 GET /api/workspaces/b068168c-9779-4d11-ba3c-74ff357aaf27/overview 200 in 99ms (next.js: 16ms, application-code: 83ms)
 GET /w/e2e-ebb396/agents/8bcfdee3-031a-4db5-835a-ee93f0d844b6?tab=runs&run=d5ce6774-c4fc-4e2d-8a89-da6812c9cacb 200 in 35ms (next.js: 19ms, application-code: 16ms)
 GET /api/agents/8bcfdee3-031a-4db5-835a-ee93f0d844b6 200 in 108ms (next.js: 20ms, application-code: 88ms)
 GET /api/agents/8bcfdee3-031a-4db5-835a-ee93f0d844b6/runs 200 in 40ms (next.js: 17ms, application-code: 23ms)
 GET /api/agent-runs/d5ce6774-c4fc-4e2d-8a89-da6812c9cacb 200 in 61ms (next.js: 20ms, application-code: 40ms)
 GET /w/e2e-ebb396/agents/8bcfdee3-031a-4db5-835a-ee93f0d844b6 200 in 65ms (next.js: 4ms, application-code: 61ms)
 GET /api/health 200 in 12ms (next.js: 5ms, application-code: 7ms)
 GET /api/agents/8bcfdee3-031a-4db5-835a-ee93f0d844b6 200 in 26ms (next.js: 3ms, application-code: 23ms)
 GET /api/agents/8bcfdee3-031a-4db5-835a-ee93f0d844b6/runs 200 in 23ms (next.js: 3ms, application-code: 19ms)
 GET /api/agent-runs/d5ce6774-c4fc-4e2d-8a89-da6812c9cacb 200 in 24ms (next.js: 3ms, application-code: 21ms)
 POST /api/approvals/e70fafd6-704f-40a4-8a6c-e90e176b1f26/decide 200 in 47ms (next.js: 16ms, application-code: 30ms)
2026-09-29T03:38:33.394Z [worker] agent run d5ce6774-c4fc-4e2d-8a89-da6812c9cacb claimed
 GET /api/agents/8bcfdee3-031a-4db5-835a-ee93f0d844b6/runs 200 in 58ms (next.js: 43ms, application-code: 15ms)
2026-09-29T03:38:33.466Z [worker] run bc8057b5-cbcf-4494-9f5e-822c31ad4e37 claimed
 GET /api/agent-runs/d5ce6774-c4fc-4e2d-8a89-da6812c9cacb 200 in 64ms (next.js: 21ms, application-code: 43ms)
2026-09-29T03:38:33.510Z [worker] run bc8057b5-cbcf-4494-9f5e-822c31ad4e37 done
2026-09-29T03:38:34.019Z [worker] agent run d5ce6774-c4fc-4e2d-8a89-da6812c9cacb succeeded
 GET /api/agent-runs/d5ce6774-c4fc-4e2d-8a89-da6812c9cacb 200 in 38ms (next.js: 13ms, application-code: 25ms)
 GET /api/flows/7aaeacec-f9c1-430b-a0be-ea93da88c418/runs 200 in 40ms (next.js: 14ms, application-code: 26ms)
 POST /api/auth/sign-up/email 200 in 96ms (next.js: 16ms, application-code: 80ms)
 GET /api/test/outbox?email=e2e-523ff9c2%40flowline-e2e.test 200 in 8ms (next.js: 2ms, application-code: 6ms)
 POST /api/email 200 in 21ms (next.js: 1.8ms, application-code: 19ms)
 POST /api/auth/sign-in/email 200 in 78ms (next.js: 2ms, application-code: 75ms)
 POST /api/workspaces 201 in 18ms (next.js: 1.8ms, application-code: 17ms)
 POST /api/onboarding 200 in 12ms (next.js: 1.8ms, application-code: 10ms)
 GET /w/e2e-df41b3/knowledge 200 in 59ms (next.js: 15ms, application-code: 45ms)
 GET /api/health 200 in 8ms (next.js: 3ms, application-code: 5ms)
 GET /api/workspaces/f5af5956-4a0b-431d-a460-3a4e31269e76/knowledge 200 in 48ms (next.js: 18ms, application-code: 31ms)
 GET /sign-in 200 in 31ms (next.js: 2ms, application-code: 28ms)
 GET /api/sso/start?workspace=no-such-workspace-xyz 307 in 22ms (next.js: 2ms, application-code: 20ms)
 GET /sign-in?sso_error=SSO%20isn%27t%20set%20up%20for%20that%20workspace 200 in 37ms (next.js: 3ms, application-code: 34ms)
 GET /sign-in 200 in 35ms (next.js: 2ms, application-code: 33ms)
 POST /sign-in 200 in 39ms (next.js: 3ms, application-code: 36ms)
 GET /api/auth-config 200 in 9ms (next.js: 2ms, application-code: 7ms)
 POST /api/auth/sign-up/email 200 in 97ms (next.js: 15ms, application-code: 82ms)
 GET /api/test/outbox?email=e2e-a923fb17%40flowline-e2e.test 200 in 7ms (next.js: 1.8ms, application-code: 5ms)
 POST /api/email 200 in 21ms (next.js: 2.0ms, application-code: 19ms)
 POST /api/auth/sign-in/email 200 in 70ms (next.js: 1.8ms, application-code: 69ms)
 POST /api/workspaces 201 in 27ms (next.js: 2ms, application-code: 25ms)
 POST /api/onboarding 200 in 20ms (next.js: 1.8ms, application-code: 18ms)
 POST /api/workspaces/10ad1c97-f895-496e-8b61-9206c100cfe2/flows 201 in 29ms (next.js: 13ms, application-code: 16ms)
 POST /api/auth/sign-up/email 200 in 75ms (next.js: 1.9ms, application-code: 73ms)
 GET /api/test/outbox?email=e2e-540be4e6%40flowline-e2e.test 200 in 7ms (next.js: 2ms, application-code: 5ms)
 POST /api/email 200 in 18ms (next.js: 1.8ms, application-code: 17ms)
 POST /api/auth/sign-in/email 200 in 68ms (next.js: 3ms, application-code: 65ms)
 POST /api/workspaces 201 in 28ms (next.js: 1.8ms, application-code: 27ms)
 POST /api/onboarding 200 in 13ms (next.js: 1.8ms, application-code: 11ms)
 POST /api/workspaces/f14a37bd-7d50-4fed-8cd0-754e129847e9/flows 201 in 29ms (next.js: 2.0ms, application-code: 27ms)
 POST /api/flows/8fbbe40d-9c41-423c-9ccc-bfa4bb202b68/runs 202 in 62ms (next.js: 14ms, application-code: 48ms)
2026-09-29T03:38:50.053Z [worker] run cb8ed5b9-8162-4961-96f4-a7d617207221 claimed
 GET /api/runs/cb8ed5b9-8162-4961-96f4-a7d617207221 200 in 48ms (next.js: 16ms, application-code: 32ms)
2026-09-29T03:38:50.103Z [worker] run cb8ed5b9-8162-4961-96f4-a7d617207221 done
 GET /api/runs/cb8ed5b9-8162-4961-96f4-a7d617207221 200 in 20ms (next.js: 1.9ms, application-code: 18ms)
 GET /w/tenant-b-12/flows 200 in 65ms (next.js: 17ms, application-code: 48ms)
 GET /api/health 200 in 11ms (next.js: 3ms, application-code: 8ms)
 GET /api/workspaces/f14a37bd-7d50-4fed-8cd0-754e129847e9/flows 200 in 77ms (next.js: 24ms, application-code: 53ms)
 GET /api/workspaces/f14a37bd-7d50-4fed-8cd0-754e129847e9/usage 200 in 79ms (next.js: 48ms, application-code: 32ms)
 GET /api/workspaces/f14a37bd-7d50-4fed-8cd0-754e129847e9/overview 200 in 117ms (next.js: 20ms, application-code: 96ms)
 GET /w/tenant-b-12/runs 200 in 60ms (next.js: 16ms, application-code: 44ms)
 GET /api/health 200 in 8ms (next.js: 3ms, application-code: 6ms)
 GET /api/workspaces/f14a37bd-7d50-4fed-8cd0-754e129847e9/runs?limit=25 200 in 44ms (next.js: 19ms, application-code: 24ms)
 GET /w/tenant-a-12/flows 404 in 82ms (next.js: 23ms, application-code: 59ms)
 GET /w/tenant-b-12/flows/8fbbe40d-9c41-423c-9ccc-bfa4bb202b68 200 in 82ms (next.js: 20ms, application-code: 62ms)
 GET /api/health 200 in 11ms (next.js: 4ms, application-code: 7ms)
 GET /api/flows/8fbbe40d-9c41-423c-9ccc-bfa4bb202b68 404 in 45ms (next.js: 23ms, application-code: 22ms)
 GET /api/flows/8fbbe40d-9c41-423c-9ccc-bfa4bb202b68 404 in 23ms (next.js: 2ms, application-code: 21ms)
 GET /api/runs/cb8ed5b9-8162-4961-96f4-a7d617207221 404 in 40ms (next.js: 17ms, application-code: 23ms)
 GET /api/workspaces/10ad1c97-f895-496e-8b61-9206c100cfe2/runs 404 in 22ms (next.js: 2ms, application-code: 20ms)
 GET /api/workspaces/10ad1c97-f895-496e-8b61-9206c100cfe2/flows 404 in 30ms (next.js: 16ms, application-code: 13ms)
 GET /api/flows/8fbbe40d-9c41-423c-9ccc-bfa4bb202b68/versions 404 in 27ms (next.js: 15ms, application-code: 12ms)
 PUT /api/flows/8fbbe40d-9c41-423c-9ccc-bfa4bb202b68 404 in 17ms (next.js: 2ms, application-code: 15ms)
 POST /api/flows/8fbbe40d-9c41-423c-9ccc-bfa4bb202b68/runs 404 in 32ms (next.js: 15ms, application-code: 18ms)
 POST /api/runs/cb8ed5b9-8162-4961-96f4-a7d617207221/rerun 404 in 42ms (next.js: 15ms, application-code: 27ms)
 GET /api/flows/8fbbe40d-9c41-423c-9ccc-bfa4bb202b68 200 in 26ms (next.js: 2ms, application-code: 24ms)
[?25h
 ELIFECYCLE  Command failed with exit code 1.
