
> flowline@0.1.0 dev:test C:\Users\Abdelrahman\Desktop\Personal_Project\FL-wt-aihub
> node scripts/dev-test.mjs

npm warn Unknown env config "npm-globalconfig". This will stop working in the next major version of npm.
npm warn Unknown env config "verify-deps-before-run". This will stop working in the next major version of npm.
npm warn Unknown env config "_jsr-registry". This will stop working in the next major version of npm.
[seed-platform] test platform credentials ready
npm warn Unknown env config "npm-globalconfig". This will stop working in the next major version of npm.
npm warn Unknown env config "verify-deps-before-run". This will stop working in the next major version of npm.
npm warn Unknown env config "_jsr-registry". This will stop working in the next major version of npm.
npm warn Unknown env config "npm-globalconfig". This will stop working in the next major version of npm.
npm warn Unknown env config "verify-deps-before-run". This will stop working in the next major version of npm.
npm warn Unknown env config "_jsr-registry". This will stop working in the next major version of npm.
npm warn Unknown env config "npm-globalconfig". This will stop working in the next major version of npm.
npm warn Unknown env config "verify-deps-before-run". This will stop working in the next major version of npm.
npm warn Unknown env config "_jsr-registry". This will stop working in the next major version of npm.
npm warn Unknown env config "npm-globalconfig". This will stop working in the next major version of npm.
npm warn Unknown env config "verify-deps-before-run". This will stop working in the next major version of npm.
npm warn Unknown env config "_jsr-registry". This will stop working in the next major version of npm.
[fake-ai] listening on http://127.0.0.1:4011
Fake provider server listening on http://127.0.0.1:4010
Control API: POST http://127.0.0.1:4010/__fake/reset | GET http://127.0.0.1:4010/__fake/requests?provider=slack | GET http://127.0.0.1:4010/__fake/state/slack | POST http://127.0.0.1:4010/__fake/fault
▲ Next.js 16.3.6 (Turbopack)
- Local:         http://localhost:3100
- Network:       http://100.73.156.121:3100
- Environments: .env
✓ Ready in 382ms
✓ Running next.config.ts took 50ms
2026-09-29T10:15:31.045Z [worker] starting LAPTOP-AGGSOJ7U-3332-898854
2026-09-29T10:15:31.109Z [worker] agent run 6ad65996-5ffa-4542-a3be-bf8fa05ad89f claimed
2026-09-29T10:15:31.114Z [worker] agent run b337088e-e07e-4340-b674-73236d93d4bc claimed
2026-09-29T10:15:31.130Z [worker] agent run 3ac6a76b-aefa-4e29-a1dd-a5f2f9cbf2eb claimed
2026-09-29T10:15:31.146Z [worker] agent run 655c3812-af35-42c2-b27a-85dd2b335c91 claimed
2026-09-29T10:15:31.219Z [worker] agent run 6ad65996-5ffa-4542-a3be-bf8fa05ad89f succeeded
2026-09-29T10:15:31.220Z [worker] agent run b337088e-e07e-4340-b674-73236d93d4bc succeeded
2026-09-29T10:15:31.229Z [worker] agent run 3ac6a76b-aefa-4e29-a1dd-a5f2f9cbf2eb succeeded
2026-09-29T10:15:31.235Z [worker] agent run 655c3812-af35-42c2-b27a-85dd2b335c91 succeeded
2026-09-29T10:15:31.238Z [worker] agent run 3d6ce300-185f-41ed-942c-965279bb2f96 claimed
2026-09-29T10:15:31.240Z [worker] agent run 0757f893-2187-4f05-a2fa-86b15496305a claimed
2026-09-29T10:15:31.243Z [worker] agent run 1d94413d-5b5f-4f6b-b7d4-d8eb88ed020a claimed
2026-09-29T10:15:31.245Z [worker] agent run b653514e-3b26-4b8f-99ff-19529e1bc486 claimed
2026-09-29T10:15:31.306Z [worker] agent run b653514e-3b26-4b8f-99ff-19529e1bc486 succeeded
2026-09-29T10:15:31.312Z [worker] agent run d4714567-f2b6-4bf9-8af3-77fbcf1b9d58 claimed
2026-09-29T10:15:31.312Z [worker] agent run 1d94413d-5b5f-4f6b-b7d4-d8eb88ed020a succeeded
2026-09-29T10:15:31.316Z [worker] agent run 0757f893-2187-4f05-a2fa-86b15496305a succeeded
2026-09-29T10:15:31.317Z [worker] agent run 5e48d9d0-f400-4985-8710-ced6f2a84b85 claimed
2026-09-29T10:15:31.319Z [worker] agent run d4714567-f2b6-4bf9-8af3-77fbcf1b9d58 failed
2026-09-29T10:15:31.322Z [worker] agent run 3d6ce300-185f-41ed-942c-965279bb2f96 succeeded
2026-09-29T10:15:31.324Z [worker] agent run 5e48d9d0-f400-4985-8710-ced6f2a84b85 failed

 GET /api/health?require=worker 200 in 449ms (next.js: 311ms, application-code: 139ms)
 GET /sign-in 200 in 285ms (next.js: 93ms, application-code: 192ms)
 GET /sign-up 200 in 54ms (next.js: 19ms, application-code: 35ms)
 GET /w 404 in 49ms (next.js: 24ms, application-code: 26ms)
[auth] [better-auth] Cookie integration plugin "next-cookies" should be placed last in the plugins array. Plugins with `hooks.after` running after it may set cookies that are not forwarded to the framework cookie store. Move your cookie integration plugin to the end of the `plugins` array to avoid missing `Set-Cookie` headers.
 GET /admin 404 in 270ms (next.js: 134ms, application-code: 137ms)
 GET /admin/setup 200 in 40ms (next.js: 15ms, application-code: 25ms)
 GET /api/health?require=worker 200 in 8ms (next.js: 2ms, application-code: 6ms)
 GET /api/health?require=worker 200 in 5ms (next.js: 1.3ms, application-code: 4ms)
 GET /admin/setup 200 in 33ms (next.js: 11ms, application-code: 23ms)
 GET /api/platform/setup 404 in 137ms (next.js: 112ms, application-code: 25ms)
 POST /api/platform/setup/redeem 200 in 104ms (next.js: 67ms, application-code: 37ms)
[auth] [better-auth] Cookie integration plugin "next-cookies" should be placed last in the plugins array. Plugins with `hooks.after` running after it may set cookies that are not forwarded to the framework cookie store. Move your cookie integration plugin to the end of the `plugins` array to avoid missing `Set-Cookie` headers.
 GET /api/platform/setup 200 in 20ms (next.js: 3ms, application-code: 18ms)
 POST /api/auth/sign-up/email 200 in 863ms (next.js: 764ms, application-code: 99ms)
 GET /api/test/outbox?email=platform-admin-273db8db%40flowline-e2e.test 200 in 40ms (next.js: 32ms, application-code: 9ms)
 POST /api/email 200 in 62ms (next.js: 40ms, application-code: 23ms)
 POST /api/auth/sign-in/email 200 in 84ms (next.js: 15ms, application-code: 69ms)
 GET /admin/setup 200 in 25ms (next.js: 2ms, application-code: 23ms)
 GET /api/platform/setup 200 in 22ms (next.js: 1.9ms, application-code: 20ms)
 POST /api/auth/two-factor/enable 200 in 77ms (next.js: 1.8ms, application-code: 75ms)
 POST /api/auth/two-factor/verify-totp 200 in 27ms (next.js: 1.6ms, application-code: 26ms)
 GET /api/platform/setup 200 in 21ms (next.js: 1.7ms, application-code: 19ms)
 POST /api/platform/setup/complete 200 in 66ms (next.js: 32ms, application-code: 34ms)
 GET /admin 200 in 47ms (next.js: 8ms, application-code: 38ms)
2026-09-29T10:15:41.156Z [worker] run 894020d0-b366-4558-b4ee-08105df546ab claimed
2026-09-29T10:15:41.181Z [worker] run 2a569151-729d-4d41-a5da-98b6d8dba89b claimed
2026-09-29T10:15:41.223Z [worker] run b3948fff-88b7-4f79-a5c9-8df2edbf3486 claimed
 GET /api/platform/me 200 in 91ms (next.js: 32ms, application-code: 59ms)
2026-09-29T10:15:41.252Z [worker] run 2cd1502e-618c-4b39-a127-7edfc8698b46 claimed
 GET /api/platform/credentials 200 in 115ms (next.js: 75ms, application-code: 40ms)
2026-09-29T10:15:41.261Z [worker] run 894020d0-b366-4558-b4ee-08105df546ab done
2026-09-29T10:15:41.266Z [worker] run 2a569151-729d-4d41-a5da-98b6d8dba89b done
2026-09-29T10:15:41.271Z [worker] run b3948fff-88b7-4f79-a5c9-8df2edbf3486 done
2026-09-29T10:15:41.291Z [worker] run 72c5c6ea-6ee9-4358-8aed-3c9c6e6fdf93 claimed
2026-09-29T10:15:41.293Z [worker] run 2cd1502e-618c-4b39-a127-7edfc8698b46 done
2026-09-29T10:15:41.318Z [worker] run 08bb9b74-43cf-40b8-bd53-f2fe4fd910c1 claimed
2026-09-29T10:15:41.337Z [worker] run 72c5c6ea-6ee9-4358-8aed-3c9c6e6fdf93 done
2026-09-29T10:15:41.345Z [worker] run 02a8d8e7-54eb-4f72-a3e6-4a109f5c3438 claimed
2026-09-29T10:15:41.356Z [worker] run 08bb9b74-43cf-40b8-bd53-f2fe4fd910c1 done
2026-09-29T10:15:41.377Z [worker] run 7463f838-574b-46c7-86d2-ae643101ac6b claimed
2026-09-29T10:15:41.379Z [worker] run 02a8d8e7-54eb-4f72-a3e6-4a109f5c3438 done
 GET /api/platform/admins 200 in 99ms (next.js: 35ms, application-code: 64ms)
 GET /api/platform/audit 200 in 101ms (next.js: 70ms, application-code: 32ms)
2026-09-29T10:15:41.406Z [worker] run 9c077f51-8056-436d-af30-df1fe3bd2319 claimed
2026-09-29T10:15:41.410Z [worker] run 7463f838-574b-46c7-86d2-ae643101ac6b done
2026-09-29T10:15:41.428Z [worker] run c383c25f-b6af-403f-b412-c48f73ee21dc claimed
2026-09-29T10:15:41.445Z [worker] run 9c077f51-8056-436d-af30-df1fe3bd2319 done
2026-09-29T10:15:41.456Z [worker] run ac1688d7-b054-4e78-858e-0c36bc4039a4 claimed
2026-09-29T10:15:41.466Z [worker] run c383c25f-b6af-403f-b412-c48f73ee21dc done
2026-09-29T10:15:41.485Z [worker] run 2cb9f744-8e65-4b50-adb3-7c5404f34f58 claimed
2026-09-29T10:15:41.486Z [worker] run ac1688d7-b054-4e78-858e-0c36bc4039a4 done
2026-09-29T10:15:41.510Z [worker] run 6ae72a8d-7bfd-4dc0-9e41-baed6848e60e claimed
2026-09-29T10:15:41.515Z [worker] run 2cb9f744-8e65-4b50-adb3-7c5404f34f58 done
2026-09-29T10:15:41.537Z [worker] run 0ba66740-690b-4d0c-94ce-923cc20a1ce4 claimed
2026-09-29T10:15:41.543Z [worker] run 6ae72a8d-7bfd-4dc0-9e41-baed6848e60e done
2026-09-29T10:15:41.562Z [worker] run 35dbf300-ca6c-44e6-a78c-b179dea75b90 claimed
2026-09-29T10:15:41.566Z [worker] run 0ba66740-690b-4d0c-94ce-923cc20a1ce4 done
2026-09-29T10:15:41.588Z [worker] run 695514db-a0bf-43f6-bed9-2cea8599ee8c claimed
2026-09-29T10:15:41.592Z [worker] run 35dbf300-ca6c-44e6-a78c-b179dea75b90 done
2026-09-29T10:15:41.611Z [worker] run ad1ed82d-6b7f-4f11-ad14-962407f14ff4 claimed
2026-09-29T10:15:41.619Z [worker] run 695514db-a0bf-43f6-bed9-2cea8599ee8c done
2026-09-29T10:15:41.638Z [worker] run 5a9ed62e-fce9-4277-b87a-04f9df35c7f8 claimed
2026-09-29T10:15:41.642Z [worker] run ad1ed82d-6b7f-4f11-ad14-962407f14ff4 done
 POST /api/platform/step-up 200 in 77ms (next.js: 32ms, application-code: 45ms)
2026-09-29T10:15:41.663Z [worker] run df0d7dea-3f88-4b11-96ec-8191eb191690 claimed
2026-09-29T10:15:41.666Z [worker] run 5a9ed62e-fce9-4277-b87a-04f9df35c7f8 done
 GET /api/platform/me 200 in 17ms (next.js: 2ms, application-code: 15ms)
2026-09-29T10:15:41.686Z [worker] run 1c27d4d2-fcea-4a24-863e-4067e7d513be claimed
2026-09-29T10:15:41.688Z [worker] run df0d7dea-3f88-4b11-96ec-8191eb191690 done
2026-09-29T10:15:41.708Z [worker] run d2c553d6-ef2d-45b9-8001-f1f8472cd06b claimed
2026-09-29T10:15:41.715Z [worker] run 1c27d4d2-fcea-4a24-863e-4067e7d513be done
2026-09-29T10:15:41.734Z [worker] run d967bbbc-1003-4463-8442-845fa7ea8a0a claimed
2026-09-29T10:15:41.737Z [worker] run d2c553d6-ef2d-45b9-8001-f1f8472cd06b done
2026-09-29T10:15:41.757Z [worker] run 4302279f-39dc-4a69-8423-965b37f76de8 claimed
2026-09-29T10:15:41.763Z [worker] run d967bbbc-1003-4463-8442-845fa7ea8a0a done
2026-09-29T10:15:41.781Z [worker] run 8763b9a4-b7bd-4e8d-b549-3ec63a24a921 claimed
2026-09-29T10:15:41.784Z [worker] run 4302279f-39dc-4a69-8423-965b37f76de8 done
2026-09-29T10:15:41.805Z [worker] run 24747c6a-edbc-4ad3-85fb-a05d485cde28 claimed
2026-09-29T10:15:41.809Z [worker] run 8763b9a4-b7bd-4e8d-b549-3ec63a24a921 done
2026-09-29T10:15:41.827Z [worker] run d0af85c9-5894-4b41-8cb1-fddd2712b542 claimed
2026-09-29T10:15:41.833Z [worker] run 24747c6a-edbc-4ad3-85fb-a05d485cde28 done
2026-09-29T10:15:41.853Z [worker] run 54dd7ceb-39f5-4504-a27d-aee16bbd9b67 claimed
2026-09-29T10:15:41.856Z [worker] run d0af85c9-5894-4b41-8cb1-fddd2712b542 done
2026-09-29T10:15:41.876Z [worker] run c1f9ba24-afa7-4c1a-ac19-7b4106ebb7ae claimed
2026-09-29T10:15:41.880Z [worker] run 54dd7ceb-39f5-4504-a27d-aee16bbd9b67 done
2026-09-29T10:15:41.899Z [worker] run e30adfeb-27cf-4dd3-bcef-c237c32bd047 claimed
2026-09-29T10:15:41.901Z [worker] run c1f9ba24-afa7-4c1a-ac19-7b4106ebb7ae done
2026-09-29T10:15:41.921Z [worker] run b77bb657-24ba-4634-a499-232298b1e89c claimed
2026-09-29T10:15:41.927Z [worker] run e30adfeb-27cf-4dd3-bcef-c237c32bd047 done
2026-09-29T10:15:41.947Z [worker] run 4a11d270-9b5a-446d-9702-2d47e32500fe claimed
2026-09-29T10:15:41.951Z [worker] run b77bb657-24ba-4634-a499-232298b1e89c done
2026-09-29T10:15:41.972Z [worker] run 2e9900e4-a5c5-4ca2-b28d-06b57410b754 claimed
2026-09-29T10:15:41.975Z [worker] run 4a11d270-9b5a-446d-9702-2d47e32500fe done
2026-09-29T10:15:41.996Z [worker] run 5b0ae9fc-e21d-404b-880c-fadee1b45971 claimed
2026-09-29T10:15:42.000Z [worker] run 2e9900e4-a5c5-4ca2-b28d-06b57410b754 done
2026-09-29T10:15:42.023Z [worker] run e8e464b8-6899-411b-8b79-fed050a441f3 claimed
2026-09-29T10:15:42.026Z [worker] run 5b0ae9fc-e21d-404b-880c-fadee1b45971 done
2026-09-29T10:15:42.046Z [worker] run c531ace2-c3e7-4ec1-84d4-c8b3d9493162 claimed
2026-09-29T10:15:42.052Z [worker] run e8e464b8-6899-411b-8b79-fed050a441f3 done
2026-09-29T10:15:42.070Z [worker] run dc11c091-73a4-4283-bfa4-e97d8879a8a8 claimed
2026-09-29T10:15:42.076Z [worker] run c531ace2-c3e7-4ec1-84d4-c8b3d9493162 done
2026-09-29T10:15:42.094Z [worker] run 911bd270-7588-45d0-899b-210c99702d0e claimed
2026-09-29T10:15:42.099Z [worker] run dc11c091-73a4-4283-bfa4-e97d8879a8a8 done
2026-09-29T10:15:42.117Z [worker] run 05ca7ea5-b6cd-4f8b-88f3-9439691c26c7 claimed
2026-09-29T10:15:42.122Z [worker] run 911bd270-7588-45d0-899b-210c99702d0e done
2026-09-29T10:15:42.142Z [worker] run 0042706a-f9b1-4aac-964f-a13143260211 claimed
2026-09-29T10:15:42.147Z [worker] run 05ca7ea5-b6cd-4f8b-88f3-9439691c26c7 done
2026-09-29T10:15:42.166Z [worker] run 8f5539e0-9c0d-47bd-b31d-3363cc50c1b9 claimed
2026-09-29T10:15:42.170Z [worker] run 0042706a-f9b1-4aac-964f-a13143260211 done
2026-09-29T10:15:42.189Z [worker] run b6e25b6e-fe88-4dff-a728-d1071cca581c claimed
2026-09-29T10:15:42.194Z [worker] run 8f5539e0-9c0d-47bd-b31d-3363cc50c1b9 done
2026-09-29T10:15:42.210Z [worker] run 4f2e990d-4152-4b5b-ab3c-f376151ee7d3 claimed
2026-09-29T10:15:42.215Z [worker] run b6e25b6e-fe88-4dff-a728-d1071cca581c done
2026-09-29T10:15:42.234Z [worker] run c4113a4d-08a5-4c47-8c1b-9b78d2471f3b claimed
2026-09-29T10:15:42.235Z [worker] run 4f2e990d-4152-4b5b-ab3c-f376151ee7d3 done
2026-09-29T10:15:42.258Z [worker] run 0543797b-c938-402c-bf8a-152c5cde1911 claimed
2026-09-29T10:15:42.261Z [worker] run c4113a4d-08a5-4c47-8c1b-9b78d2471f3b done
2026-09-29T10:15:42.278Z [worker] run 4d8378d6-468d-4456-80c2-b83126389427 claimed
2026-09-29T10:15:42.285Z [worker] run 0543797b-c938-402c-bf8a-152c5cde1911 done
2026-09-29T10:15:42.303Z [worker] run 5a9d787f-ec08-429d-b217-128fc1fe7fd4 claimed
2026-09-29T10:15:42.306Z [worker] run 4d8378d6-468d-4456-80c2-b83126389427 done
2026-09-29T10:15:42.327Z [worker] run 28f1db59-de08-42cb-a15c-baa412d84507 claimed
2026-09-29T10:15:42.329Z [worker] run 5a9d787f-ec08-429d-b217-128fc1fe7fd4 done
2026-09-29T10:15:42.348Z [worker] run d55ddc62-2801-45aa-80ad-83750908bb9b claimed
2026-09-29T10:15:42.354Z [worker] run 28f1db59-de08-42cb-a15c-baa412d84507 done
2026-09-29T10:15:42.368Z [worker] run eee7472a-c88a-42d1-ab94-6d373c8dc3fd claimed
2026-09-29T10:15:42.373Z [worker] run d55ddc62-2801-45aa-80ad-83750908bb9b done
2026-09-29T10:15:42.390Z [worker] run 56af1926-d468-4693-9af4-610bb730a779 claimed
2026-09-29T10:15:42.395Z [worker] run eee7472a-c88a-42d1-ab94-6d373c8dc3fd done
2026-09-29T10:15:42.414Z [worker] run 18fb2da3-d7d8-4b64-addf-80bd9385bb47 claimed
2026-09-29T10:15:42.417Z [worker] run 56af1926-d468-4693-9af4-610bb730a779 done
2026-09-29T10:15:42.440Z [worker] run 7e311afe-e645-40d2-a970-d53a8214d57c claimed
2026-09-29T10:15:42.442Z [worker] run 18fb2da3-d7d8-4b64-addf-80bd9385bb47 done
2026-09-29T10:15:42.463Z [worker] run a6fb4c9c-6fac-4476-b3d0-219596bd0079 claimed
2026-09-29T10:15:42.469Z [worker] run 7e311afe-e645-40d2-a970-d53a8214d57c done
2026-09-29T10:15:42.489Z [worker] run bc087ef8-d3e3-4b5e-9785-05aa21bd09be claimed
2026-09-29T10:15:42.496Z [worker] run a6fb4c9c-6fac-4476-b3d0-219596bd0079 done
2026-09-29T10:15:42.514Z [worker] run 7900dfc7-cbfb-4b2c-a8fd-0cf9b4dc6a6c claimed
2026-09-29T10:15:42.517Z [worker] run bc087ef8-d3e3-4b5e-9785-05aa21bd09be done
2026-09-29T10:15:42.537Z [worker] run 00be8cf2-b6ca-4a54-b532-c2ddc198a35a claimed
2026-09-29T10:15:42.540Z [worker] run 7900dfc7-cbfb-4b2c-a8fd-0cf9b4dc6a6c done
2026-09-29T10:15:42.559Z [worker] run 4f1a2653-cb8d-4dd2-b4d7-2033bd0871c7 claimed
2026-09-29T10:15:42.564Z [worker] run 00be8cf2-b6ca-4a54-b532-c2ddc198a35a done
2026-09-29T10:15:42.582Z [worker] run 6a309627-153f-4ae2-9ee0-4887a325761d claimed
2026-09-29T10:15:42.587Z [worker] run 4f1a2653-cb8d-4dd2-b4d7-2033bd0871c7 done
2026-09-29T10:15:42.606Z [worker] run 99375798-c777-4c9d-bcf2-f36c4bb5d112 claimed
2026-09-29T10:15:42.611Z [worker] run 6a309627-153f-4ae2-9ee0-4887a325761d done
2026-09-29T10:15:42.633Z [worker] run 6858236a-baf5-496a-b655-90d0c0179990 claimed
2026-09-29T10:15:42.641Z [worker] run 99375798-c777-4c9d-bcf2-f36c4bb5d112 done
2026-09-29T10:15:42.657Z [worker] run fb962a08-b7d0-4395-97a9-4644e9fd2875 claimed
2026-09-29T10:15:42.660Z [worker] run 6858236a-baf5-496a-b655-90d0c0179990 done
2026-09-29T10:15:42.680Z [worker] run 80544fab-ff76-45a5-a034-5d4fece5e41e claimed
2026-09-29T10:15:42.683Z [worker] run fb962a08-b7d0-4395-97a9-4644e9fd2875 done
2026-09-29T10:15:42.701Z [worker] run 14938fd3-156b-48d2-a8b6-34c0e4cea668 claimed
2026-09-29T10:15:42.708Z [worker] run 80544fab-ff76-45a5-a034-5d4fece5e41e done
2026-09-29T10:15:42.723Z [worker] run c324a705-565c-481c-ab3f-b2204d143224 claimed
2026-09-29T10:15:42.731Z [worker] run 14938fd3-156b-48d2-a8b6-34c0e4cea668 done
2026-09-29T10:15:42.750Z [worker] run 9611245b-5982-46c4-bcee-4da393b70495 claimed
2026-09-29T10:15:42.754Z [worker] run c324a705-565c-481c-ab3f-b2204d143224 done
2026-09-29T10:15:42.771Z [worker] run c776d112-a82a-4490-af04-a350992bbc6e claimed
2026-09-29T10:15:42.777Z [worker] run 9611245b-5982-46c4-bcee-4da393b70495 done
 PUT /api/platform/credentials/integration.github 200 in 869ms (next.js: 821ms, application-code: 48ms)
2026-09-29T10:15:42.793Z [worker] run d298f6e0-36bb-4225-a573-47bd0751c2bd claimed
2026-09-29T10:15:42.797Z [worker] run c776d112-a82a-4490-af04-a350992bbc6e done
 GET /api/platform/credentials 200 in 27ms (next.js: 1.8ms, application-code: 25ms)
2026-09-29T10:15:42.814Z [worker] run e2b5fac1-a834-4255-be18-f1df6bddac6f claimed
2026-09-29T10:15:42.821Z [worker] run d298f6e0-36bb-4225-a573-47bd0751c2bd done
2026-09-29T10:15:42.837Z [worker] run 92049a8c-8002-43db-8386-ab7172ead4f6 claimed
2026-09-29T10:15:42.842Z [worker] run e2b5fac1-a834-4255-be18-f1df6bddac6f done
2026-09-29T10:15:42.862Z [worker] run c5f4a886-b447-4b04-b59c-52788276f630 claimed
2026-09-29T10:15:42.865Z [worker] run 92049a8c-8002-43db-8386-ab7172ead4f6 done
2026-09-29T10:15:42.886Z [worker] run ef37cc9c-2f7c-4bca-ae29-25a2f15a80fe claimed
2026-09-29T10:15:42.892Z [worker] run c5f4a886-b447-4b04-b59c-52788276f630 done
2026-09-29T10:15:42.911Z [worker] run 5fcaa3c7-548c-4350-bc01-b737ec5bb66e claimed
2026-09-29T10:15:42.917Z [worker] run ef37cc9c-2f7c-4bca-ae29-25a2f15a80fe done
2026-09-29T10:15:42.933Z [worker] run 5d46ee07-e2da-4c3c-8511-9c89fd602609 claimed
2026-09-29T10:15:42.940Z [worker] run 5fcaa3c7-548c-4350-bc01-b737ec5bb66e done
2026-09-29T10:15:42.956Z [worker] run 657e6955-30a0-447b-a8ee-1ba7cf4fc9ec claimed
2026-09-29T10:15:42.961Z [worker] run 5d46ee07-e2da-4c3c-8511-9c89fd602609 done
2026-09-29T10:15:42.993Z [worker] run 7279ca8d-ad28-4f85-af7e-dbaa551f530f claimed
 GET /admin 200 in 48ms (next.js: 2ms, application-code: 46ms)
2026-09-29T10:15:43.005Z [worker] run 657e6955-30a0-447b-a8ee-1ba7cf4fc9ec done
2026-09-29T10:15:43.024Z [worker] run 7279ca8d-ad28-4f85-af7e-dbaa551f530f done
 GET /api/platform/me 200 in 16ms (next.js: 1.8ms, application-code: 14ms)
 GET /api/platform/credentials 200 in 22ms (next.js: 5ms, application-code: 17ms)
 GET /api/platform/audit 200 in 21ms (next.js: 5ms, application-code: 16ms)
 GET /api/platform/admins 200 in 23ms (next.js: 2.0ms, application-code: 21ms)
2026-09-29T10:15:43.191Z [worker] run ee5c46b2-35fc-43db-961d-e3751c73c38d claimed
2026-09-29T10:15:43.217Z [worker] run ee5c46b2-35fc-43db-961d-e3751c73c38d done
2026-09-29T10:15:43.488Z [worker] run 6dbe706f-1b0d-4e76-8f31-222be2b13024 claimed
2026-09-29T10:15:43.493Z [worker] run 1e240e53-2097-4192-9a89-183a8ca63751 claimed
2026-09-29T10:15:43.498Z [worker] run 3590d578-3ab1-45e3-a079-1ca15fb3fecb claimed
2026-09-29T10:15:43.520Z [worker] run 9e18f29e-e04d-4835-b13c-eeb478094f37 claimed
2026-09-29T10:15:43.526Z [worker] run 6dbe706f-1b0d-4e76-8f31-222be2b13024 done
2026-09-29T10:15:43.529Z [worker] run 1e240e53-2097-4192-9a89-183a8ca63751 done
2026-09-29T10:15:43.532Z [worker] run 88a91403-56dc-48b7-921f-14444849a8ca claimed
2026-09-29T10:15:43.534Z [worker] run 3590d578-3ab1-45e3-a079-1ca15fb3fecb done
2026-09-29T10:15:43.537Z [worker] run 99b7869f-8495-4a5c-a0b9-b307afcd6488 claimed
2026-09-29T10:15:43.542Z [worker] run c2adecc1-ed48-475c-8092-d94abfce59f8 claimed
2026-09-29T10:15:43.550Z [worker] run 9e18f29e-e04d-4835-b13c-eeb478094f37 done
2026-09-29T10:15:43.560Z [worker] run 88a91403-56dc-48b7-921f-14444849a8ca done
2026-09-29T10:15:43.563Z [worker] run 99b7869f-8495-4a5c-a0b9-b307afcd6488 done
2026-09-29T10:15:43.566Z [worker] run f72534c9-07a7-42bc-8319-5f4829eccc9e claimed
2026-09-29T10:15:43.570Z [worker] run 2814e5ae-b2df-4994-a88b-687da4bc6045 claimed
2026-09-29T10:15:43.571Z [worker] run c2adecc1-ed48-475c-8092-d94abfce59f8 done
2026-09-29T10:15:43.575Z [worker] run 60ab8a81-c826-4ec2-bf11-e93f05181e71 claimed
2026-09-29T10:15:43.592Z [worker] run f72534c9-07a7-42bc-8319-5f4829eccc9e done
2026-09-29T10:15:43.597Z [worker] run 2814e5ae-b2df-4994-a88b-687da4bc6045 done
2026-09-29T10:15:43.599Z [worker] run f6b16c43-8743-4bc4-a02b-eff9324e10c8 claimed
2026-09-29T10:15:43.603Z [worker] run 60ab8a81-c826-4ec2-bf11-e93f05181e71 done
2026-09-29T10:15:43.604Z [worker] run a14973f6-2401-4377-9951-2b24424050d1 claimed
2026-09-29T10:15:43.624Z [worker] run f6b16c43-8743-4bc4-a02b-eff9324e10c8 done
2026-09-29T10:15:43.630Z [worker] run a14973f6-2401-4377-9951-2b24424050d1 done
2026-09-29T10:15:43.854Z [worker] run 5046bc53-2147-43bf-be95-b18159b7fff5 claimed
2026-09-29T10:15:43.858Z [worker] run 59cfedc7-acbe-4e56-a6de-30e317414af0 claimed
2026-09-29T10:15:43.864Z [worker] run 23fa83ea-cc33-4ab5-b18c-5e196e58b389 claimed
2026-09-29T10:15:43.882Z [worker] run 5046bc53-2147-43bf-be95-b18159b7fff5 done
2026-09-29T10:15:43.886Z [worker] run 59cfedc7-acbe-4e56-a6de-30e317414af0 done
2026-09-29T10:15:43.889Z [worker] run facd8114-dfaa-4c45-bfbd-64ad869dd350 claimed
2026-09-29T10:15:43.892Z [worker] run 23fa83ea-cc33-4ab5-b18c-5e196e58b389 done
2026-09-29T10:15:43.895Z [worker] run 3db2d87d-ed73-4b0d-9255-07442ada867a claimed
2026-09-29T10:15:43.900Z [worker] run 58ed7b98-bf5d-4b04-b9bf-596e8838f3aa claimed
2026-09-29T10:15:43.919Z [worker] run facd8114-dfaa-4c45-bfbd-64ad869dd350 done
2026-09-29T10:15:43.924Z [worker] run 3db2d87d-ed73-4b0d-9255-07442ada867a done
2026-09-29T10:15:43.926Z [worker] run 4f2db41c-e605-4d13-a39d-c325cdb95981 claimed
2026-09-29T10:15:43.930Z [worker] run dca2bc4f-c6d8-404e-a2ea-d585f7a3a571 claimed
2026-09-29T10:15:43.933Z [worker] run 58ed7b98-bf5d-4b04-b9bf-596e8838f3aa done
2026-09-29T10:15:43.936Z [worker] run 0feda5a5-2815-4d72-b844-4905d1e48b1e claimed
2026-09-29T10:15:43.956Z [worker] run 4f2db41c-e605-4d13-a39d-c325cdb95981 done
2026-09-29T10:15:43.959Z [worker] run dca2bc4f-c6d8-404e-a2ea-d585f7a3a571 done
2026-09-29T10:15:43.963Z [worker] run cf66b452-f9a4-40dc-8b53-d2cd1b565203 claimed
2026-09-29T10:15:43.964Z [worker] run 0feda5a5-2815-4d72-b844-4905d1e48b1e done
2026-09-29T10:15:43.968Z [worker] run 21ac1505-8c3e-407e-9210-c1aa5ec2b9c2 claimed
2026-09-29T10:15:43.988Z [worker] run cf66b452-f9a4-40dc-8b53-d2cd1b565203 done
2026-09-29T10:15:43.992Z [worker] run 21ac1505-8c3e-407e-9210-c1aa5ec2b9c2 done
2026-09-29T10:15:44.044Z [worker] run 60ba7cd8-8463-402c-82eb-961489431e5d claimed
2026-09-29T10:15:44.069Z [worker] run 60ba7cd8-8463-402c-82eb-961489431e5d done
2026-09-29T10:15:44.348Z [worker] run 740ff6d8-a994-452f-abf8-77824e7871c7 claimed
2026-09-29T10:15:44.352Z [worker] run 3f43cb44-131d-4bfc-a387-5172ee23a743 claimed
2026-09-29T10:15:44.357Z [worker] run 00fc2cdb-5247-4c6f-ac85-e0230da25bcc claimed
2026-09-29T10:15:44.373Z [worker] run 9e37e78f-29ff-4d04-ab94-61c060425c22 claimed
2026-09-29T10:15:44.376Z [worker] run 740ff6d8-a994-452f-abf8-77824e7871c7 done
2026-09-29T10:15:44.384Z [worker] run 3f43cb44-131d-4bfc-a387-5172ee23a743 done
2026-09-29T10:15:44.385Z [worker] run 362bd34c-bc31-4a67-a5b2-a3bf6d86777b claimed
2026-09-29T10:15:44.391Z [worker] run 00fc2cdb-5247-4c6f-ac85-e0230da25bcc done
2026-09-29T10:15:44.391Z [worker] run 2dc4e7f6-71b3-45db-b0e1-c3a1742c2462 claimed
2026-09-29T10:15:44.396Z [worker] run 77cd4abf-f49c-4013-b32d-b7d3817a57a6 claimed
2026-09-29T10:15:44.405Z [worker] run 9e37e78f-29ff-4d04-ab94-61c060425c22 done
2026-09-29T10:15:44.413Z [worker] run 0123b7a4-36fd-4837-9257-c76a1af051df claimed
2026-09-29T10:15:44.418Z [worker] run 362bd34c-bc31-4a67-a5b2-a3bf6d86777b done
2026-09-29T10:15:44.421Z [worker] run 2dc4e7f6-71b3-45db-b0e1-c3a1742c2462 done
2026-09-29T10:15:44.426Z [worker] run 77cd4abf-f49c-4013-b32d-b7d3817a57a6 done
2026-09-29T10:15:44.426Z [worker] run 0f99c01c-e737-4110-8a88-64c51850ecc1 claimed
2026-09-29T10:15:44.431Z [worker] run 940c3c67-8475-4961-a280-1fb83831ad35 claimed
2026-09-29T10:15:44.439Z [worker] run fc13e25a-5a66-4da9-84ae-574c43dd01f6 claimed
2026-09-29T10:15:44.444Z [worker] run 0123b7a4-36fd-4837-9257-c76a1af051df done
2026-09-29T10:15:44.452Z [worker] run 96d401a5-451b-4088-8d68-9a8be09a220a claimed
2026-09-29T10:15:44.458Z [worker] run 0f99c01c-e737-4110-8a88-64c51850ecc1 done
2026-09-29T10:15:44.466Z [worker] run 940c3c67-8475-4961-a280-1fb83831ad35 done
2026-09-29T10:15:44.466Z [worker] run d2f50cfe-87b5-4015-882d-b76be30967fa claimed
2026-09-29T10:15:44.472Z [worker] run aae327f2-bf9d-4702-aa76-8d7b40f907bd claimed
2026-09-29T10:15:44.473Z [worker] run fc13e25a-5a66-4da9-84ae-574c43dd01f6 done
2026-09-29T10:15:44.482Z [worker] run 1de616a7-c086-494a-afb2-419e942ad949 claimed
2026-09-29T10:15:44.488Z [worker] run 96d401a5-451b-4088-8d68-9a8be09a220a done
2026-09-29T10:15:44.496Z [worker] run b76df7bd-ce39-450d-8ef2-606958a85551 claimed
2026-09-29T10:15:44.501Z [worker] run d2f50cfe-87b5-4015-882d-b76be30967fa done
2026-09-29T10:15:44.506Z [worker] run aae327f2-bf9d-4702-aa76-8d7b40f907bd done
2026-09-29T10:15:44.508Z [worker] run c7307db7-effe-4ae5-9f8e-6c99a4caab18 claimed
2026-09-29T10:15:44.517Z [worker] run 1de616a7-c086-494a-afb2-419e942ad949 done
2026-09-29T10:15:44.524Z [worker] run 86c2cd71-06ad-47c2-a28f-503d4cb03360 claimed
2026-09-29T10:15:44.527Z [worker] run b76df7bd-ce39-450d-8ef2-606958a85551 done
 GET /api/platform/credentials/integration.github/impact 200 in 840ms (next.js: 821ms, application-code: 19ms)
2026-09-29T10:15:44.538Z [worker] run c7307db7-effe-4ae5-9f8e-6c99a4caab18 done
2026-09-29T10:15:44.551Z [worker] run 86c2cd71-06ad-47c2-a28f-503d4cb03360 done
2026-09-29T10:15:44.554Z [worker] run be40b1cd-a6b0-4b7a-811d-c3df2839f49b claimed
2026-09-29T10:15:44.573Z [worker] run 6bbce891-c7c2-4a66-85df-c1aadff8d0a8 claimed
2026-09-29T10:15:44.579Z [worker] run be40b1cd-a6b0-4b7a-811d-c3df2839f49b done
2026-09-29T10:15:44.594Z [worker] run c96b0b16-5e0b-4910-90fd-d0ff3c3e1d6f claimed
2026-09-29T10:15:44.599Z [worker] run 6bbce891-c7c2-4a66-85df-c1aadff8d0a8 done
2026-09-29T10:15:44.619Z [worker] run ddf750fb-158b-463b-9395-9ab859ca2512 claimed
2026-09-29T10:15:44.622Z [worker] run c96b0b16-5e0b-4910-90fd-d0ff3c3e1d6f done
2026-09-29T10:15:44.641Z [worker] run 3872970d-8fbe-4276-a0df-acf6caee918e claimed
2026-09-29T10:15:44.646Z [worker] run ddf750fb-158b-463b-9395-9ab859ca2512 done
2026-09-29T10:15:44.661Z [worker] run 62ad98af-cc57-424c-9786-741ebda46107 claimed
2026-09-29T10:15:44.668Z [worker] run 3872970d-8fbe-4276-a0df-acf6caee918e done
2026-09-29T10:15:44.677Z [worker] scheduler fired 125
2026-09-29T10:15:44.684Z [worker] run 7b3131c8-59d0-4179-80d8-44c7efa27915 claimed
2026-09-29T10:15:44.687Z [worker] run 62ad98af-cc57-424c-9786-741ebda46107 done
2026-09-29T10:15:44.711Z [worker] run 7b3131c8-59d0-4179-80d8-44c7efa27915 done
 POST /api/platform/credentials/integration.github/revoke 200 in 837ms (next.js: 790ms, application-code: 47ms)
 GET /api/platform/credentials 200 in 20ms (next.js: 2.0ms, application-code: 18ms)
 GET /api/platform/credentials/integration.github/impact 200 in 36ms (next.js: 16ms, application-code: 20ms)
 POST /api/platform/credentials/integration.github/clear 200 in 53ms
 POST /api/auth/sign-up/email 200 in 106ms (next.js: 21ms, application-code: 86ms)
 GET /api/test/outbox?email=e2e-4080ae62%40flowline-e2e.test 200 in 9ms (next.js: 1.4ms, application-code: 8ms)
 POST /api/email 200 in 20ms (next.js: 1.4ms, application-code: 18ms)
 POST /api/auth/sign-in/email 200 in 70ms (next.js: 2ms, application-code: 67ms)
 POST /api/workspaces 201 in 57ms (next.js: 30ms, application-code: 28ms)
 POST /api/onboarding 200 in 59ms (next.js: 31ms, application-code: 29ms)
 GET /admin 404 in 52ms (next.js: 2ms, application-code: 49ms)
 POST /api/auth/sign-up/email 200 in 79ms (next.js: 1.7ms, application-code: 77ms)
 GET /api/test/outbox?email=e2e-e3c34dcd%40flowline-e2e.test 200 in 11ms (next.js: 2ms, application-code: 9ms)
 POST /api/email 200 in 20ms (next.js: 1.7ms, application-code: 19ms)
 POST /api/auth/sign-in/email 200 in 81ms (next.js: 14ms, application-code: 67ms)
 POST /api/workspaces 201 in 30ms (next.js: 1.6ms, application-code: 29ms)
 POST /api/onboarding 200 in 22ms (next.js: 1.3ms, application-code: 21ms)
 GET /w/e2e-7a6032/settings?tab=oauthApps 200 in 666ms (next.js: 586ms, application-code: 80ms)
 GET /api/health 200 in 50ms (next.js: 4ms, application-code: 46ms)
 GET /api/workspaces/f13e9abc-656c-454b-848b-3c7a91a851eb/oauth-apps 200 in 812ms (next.js: 788ms, application-code: 24ms)
 PUT /api/workspaces/f13e9abc-656c-454b-848b-3c7a91a851eb/oauth-apps/google 200 in 796ms (next.js: 767ms, application-code: 29ms)
 GET /api/workspaces/f13e9abc-656c-454b-848b-3c7a91a851eb/oauth-apps 200 in 39ms (next.js: 13ms, application-code: 26ms)
 POST /api/workspaces/f13e9abc-656c-454b-848b-3c7a91a851eb/invites 201 in 826ms (next.js: 789ms, application-code: 37ms)
 POST /api/auth/sign-up/email 200 in 90ms (next.js: 14ms, application-code: 77ms)
 GET /api/test/outbox?email=oauth-editor-d3db503b%40flowline-e2e.test 200 in 9ms (next.js: 2ms, application-code: 7ms)
 POST /api/email 200 in 20ms (next.js: 1.3ms, application-code: 19ms)
 POST /api/auth/sign-in/email 200 in 68ms (next.js: 1.9ms, application-code: 66ms)
 POST /api/invites/eOJr7EZOqXIFrGTECO9Z37fLioR06YLIX9f65nPg5TQ 200 in 808ms (next.js: 777ms, application-code: 30ms)
 GET /w/e2e-7a6032/integrations 200 in 637ms (next.js: 580ms, application-code: 58ms)
 GET /api/health 200 in 7ms (next.js: 1.9ms, application-code: 5ms)
 GET /api/integrations/catalog?workspaceId=f13e9abc-656c-454b-848b-3c7a91a851eb 200 in 216ms (next.js: 44ms, application-code: 172ms)
 GET /api/workspaces/f13e9abc-656c-454b-848b-3c7a91a851eb/connections 200 in 859ms (next.js: 835ms, application-code: 24ms)
 GET /api/workspaces/f13e9abc-656c-454b-848b-3c7a91a851eb/oauth-apps/provenance?provider=google_sheets 200 in 789ms (next.js: 771ms, application-code: 18ms)
 GET /api/workspaces/f13e9abc-656c-454b-848b-3c7a91a851eb/oauth-apps/google/impact 200 in 802ms (next.js: 785ms, application-code: 17ms)
 DELETE /api/workspaces/f13e9abc-656c-454b-848b-3c7a91a851eb/oauth-apps/google 200 in 44ms (next.js: 14ms, application-code: 30ms)
 GET /api/workspaces/f13e9abc-656c-454b-848b-3c7a91a851eb/oauth-apps 200 in 34ms (next.js: 15ms, application-code: 19ms)
 POST /api/auth/sign-up/email 200 in 104ms (next.js: 17ms, application-code: 87ms)
 GET /api/test/outbox?email=e2e-f2930479%40flowline-e2e.test 200 in 7ms (next.js: 1.6ms, application-code: 5ms)
 POST /api/email 200 in 21ms (next.js: 1.5ms, application-code: 19ms)
 POST /api/auth/sign-in/email 200 in 69ms (next.js: 1.9ms, application-code: 68ms)
 POST /api/workspaces 201 in 32ms (next.js: 1.9ms, application-code: 31ms)
 POST /api/onboarding 200 in 22ms (next.js: 2ms, application-code: 20ms)
 GET /w/e2e-ceaf59/settings?tab=ai 200 in 60ms (next.js: 13ms, application-code: 47ms)
 GET /api/health 200 in 9ms (next.js: 2ms, application-code: 6ms)
 GET /api/workspaces/216b9e5b-7757-453c-8453-f088f0038351/ai 200 in 873ms (next.js: 847ms, application-code: 27ms)
 GET /api/workspaces/216b9e5b-7757-453c-8453-f088f0038351/ai/models 200 in 850ms (next.js: 831ms, application-code: 19ms)
 POST /api/workspaces/216b9e5b-7757-453c-8453-f088f0038351/ai/connections 201 in 888ms (next.js: 832ms, application-code: 56ms)
 GET /api/workspaces/216b9e5b-7757-453c-8453-f088f0038351/ai 200 in 48ms (next.js: 15ms, application-code: 34ms)
 GET /api/workspaces/216b9e5b-7757-453c-8453-f088f0038351/ai/models 200 in 51ms (next.js: 31ms, application-code: 20ms)
 POST /api/auth/sign-up/email 200 in 95ms (next.js: 15ms, application-code: 81ms)
 GET /api/test/outbox?email=e2e-78aa5634%40flowline-e2e.test 200 in 8ms (next.js: 1.8ms, application-code: 6ms)
 POST /api/email 200 in 21ms (next.js: 1.8ms, application-code: 19ms)
 POST /api/auth/sign-in/email 200 in 71ms (next.js: 1.5ms, application-code: 69ms)
 POST /api/workspaces 201 in 19ms (next.js: 1.5ms, application-code: 18ms)
 POST /api/onboarding 200 in 23ms (next.js: 2ms, application-code: 21ms)
 GET /w/e2e-76910c/settings?tab=ai 200 in 54ms (next.js: 13ms, application-code: 41ms)
 GET /api/health 200 in 7ms (next.js: 1.9ms, application-code: 6ms)
 GET /api/workspaces/d43426bc-b7c5-482f-97a2-a28be2f59d16/ai 200 in 44ms (next.js: 16ms, application-code: 29ms)
 GET /api/workspaces/d43426bc-b7c5-482f-97a2-a28be2f59d16/ai/models 200 in 35ms (next.js: 15ms, application-code: 19ms)
 POST /api/workspaces/d43426bc-b7c5-482f-97a2-a28be2f59d16/ai/connections 201 in 69ms (next.js: 16ms, application-code: 52ms)
 GET /api/workspaces/d43426bc-b7c5-482f-97a2-a28be2f59d16/ai/models 200 in 21ms (next.js: 5ms, application-code: 16ms)
 GET /api/workspaces/d43426bc-b7c5-482f-97a2-a28be2f59d16/ai 200 in 23ms (next.js: 2ms, application-code: 21ms)
 POST /api/auth/sign-up/email 200 in 96ms (next.js: 14ms, application-code: 82ms)
 GET /api/test/outbox?email=e2e-f8a4a6ee%40flowline-e2e.test 200 in 8ms (next.js: 1.5ms, application-code: 6ms)
 POST /api/email 200 in 21ms (next.js: 2.0ms, application-code: 19ms)
 POST /api/auth/sign-in/email 200 in 78ms (next.js: 1.7ms, application-code: 76ms)
 POST /api/workspaces 201 in 26ms (next.js: 1.9ms, application-code: 25ms)
 POST /api/onboarding 200 in 22ms (next.js: 1.6ms, application-code: 20ms)
 POST /api/workspaces/c0894b56-3935-438c-8773-7d3a74f462c7/ai/connections 201 in 64ms (next.js: 1.6ms, application-code: 63ms)
 PUT /api/workspaces/c0894b56-3935-438c-8773-7d3a74f462c7/ai/default-route 200 in 804ms (next.js: 781ms, application-code: 23ms)
 PUT /api/workspaces/c0894b56-3935-438c-8773-7d3a74f462c7/ai/policy 200 in 798ms (next.js: 781ms, application-code: 17ms)
 POST /api/workspaces/c0894b56-3935-438c-8773-7d3a74f462c7/ai/connections 201 in 64ms (next.js: 14ms, application-code: 50ms)
 GET /w/e2e-e28795/settings?tab=ai 200 in 58ms (next.js: 14ms, application-code: 44ms)
 GET /api/health 200 in 7ms (next.js: 1.8ms, application-code: 5ms)
 GET /api/workspaces/c0894b56-3935-438c-8773-7d3a74f462c7/ai 200 in 51ms (next.js: 16ms, application-code: 35ms)
 GET /api/workspaces/c0894b56-3935-438c-8773-7d3a74f462c7/ai/models 200 in 36ms (next.js: 15ms, application-code: 21ms)
 PUT /api/workspaces/c0894b56-3935-438c-8773-7d3a74f462c7/ai/policy 200 in 56ms (next.js: 16ms, application-code: 40ms)
 GET /api/workspaces/c0894b56-3935-438c-8773-7d3a74f462c7/ai 200 in 68ms (next.js: 3ms, application-code: 66ms)
 GET /w/e2e-e28795/settings?tab=ai 200 in 76ms (next.js: 16ms, application-code: 60ms)
 GET /api/health 200 in 8ms (next.js: 3ms, application-code: 5ms)
 GET /api/workspaces/c0894b56-3935-438c-8773-7d3a74f462c7/ai 200 in 32ms (next.js: 2ms, application-code: 30ms)
 GET /api/workspaces/c0894b56-3935-438c-8773-7d3a74f462c7/ai/models 200 in 33ms (next.js: 2ms, application-code: 31ms)
 GET /w/e2e-e28795/agents/new 200 in 660ms (next.js: 594ms, application-code: 66ms)
 GET /api/health 200 in 7ms (next.js: 1.8ms, application-code: 5ms)
 GET /api/workspaces/c0894b56-3935-438c-8773-7d3a74f462c7/ai 200 in 152ms (next.js: 14ms, application-code: 138ms)
 GET /api/workspaces/c0894b56-3935-438c-8773-7d3a74f462c7/ai/models 200 in 54ms (next.js: 16ms, application-code: 38ms)
 GET /api/workspaces/c0894b56-3935-438c-8773-7d3a74f462c7/knowledge 200 in 875ms (next.js: 860ms, application-code: 15ms)
 GET /api/workspaces/c0894b56-3935-438c-8773-7d3a74f462c7/flows 200 in 950ms (next.js: 917ms, application-code: 34ms)
 POST /api/workspaces/c0894b56-3935-438c-8773-7d3a74f462c7/agents 201 in 887ms (next.js: 860ms, application-code: 26ms)
 GET /w/e2e-e28795/agents/11c28f16-74bd-4412-9c0a-b4d3c9d760a9 200 in 581ms (next.js: 567ms, application-code: 14ms)
 GET /api/agents/11c28f16-74bd-4412-9c0a-b4d3c9d760a9 200 in 834ms (next.js: 814ms, application-code: 19ms)
 POST /api/auth/sign-up/email 200 in 92ms (next.js: 13ms, application-code: 78ms)
 GET /api/test/outbox?email=e2e-02c3861f%40flowline-e2e.test 200 in 7ms (next.js: 1.9ms, application-code: 5ms)
 POST /api/email 200 in 17ms (next.js: 1.4ms, application-code: 16ms)
 POST /api/auth/sign-in/email 200 in 67ms (next.js: 1.9ms, application-code: 65ms)
 POST /api/workspaces 201 in 25ms (next.js: 1.7ms, application-code: 23ms)
 POST /api/onboarding 200 in 24ms (next.js: 1.6ms, application-code: 22ms)
 POST /api/workspaces/d79c532b-9f36-48f8-8e26-f7d9f2a39dda/ai/connections 201 in 55ms (next.js: 13ms, application-code: 42ms)
 PUT /api/workspaces/d79c532b-9f36-48f8-8e26-f7d9f2a39dda/ai/default-route 200 in 36ms (next.js: 14ms, application-code: 22ms)
 PUT /api/workspaces/d79c532b-9f36-48f8-8e26-f7d9f2a39dda/ai/policy 200 in 41ms (next.js: 14ms, application-code: 27ms)
 PATCH /api/workspaces/d79c532b-9f36-48f8-8e26-f7d9f2a39dda 200 in 828ms (next.js: 812ms, application-code: 16ms)
 GET /w/e2e-73275d/settings?tab=ai 200 in 59ms (next.js: 13ms, application-code: 46ms)
 GET /api/health 200 in 7ms (next.js: 1.8ms, application-code: 5ms)
 GET /api/workspaces/d79c532b-9f36-48f8-8e26-f7d9f2a39dda/ai 200 in 50ms (next.js: 14ms, application-code: 35ms)
 GET /api/workspaces/d79c532b-9f36-48f8-8e26-f7d9f2a39dda/ai/models 200 in 35ms (next.js: 17ms, application-code: 18ms)
 GET /api/workspaces/d79c532b-9f36-48f8-8e26-f7d9f2a39dda 200 in 71ms (next.js: 16ms, application-code: 54ms)
 PATCH /api/workspaces/d79c532b-9f36-48f8-8e26-f7d9f2a39dda 200 in 29ms (next.js: 2ms, application-code: 27ms)
 GET /api/workspaces/d79c532b-9f36-48f8-8e26-f7d9f2a39dda 200 in 14ms (next.js: 1.9ms, application-code: 12ms)
 GET /w/e2e-73275d/settings?tab=ai 200 in 50ms (next.js: 20ms, application-code: 30ms)
 GET /api/workspaces/d79c532b-9f36-48f8-8e26-f7d9f2a39dda/ai/models 200 in 20ms (next.js: 1.8ms, application-code: 18ms)
 GET /api/workspaces/d79c532b-9f36-48f8-8e26-f7d9f2a39dda/ai 200 in 29ms (next.js: 5ms, application-code: 25ms)
 GET /api/workspaces/d79c532b-9f36-48f8-8e26-f7d9f2a39dda/usage 200 in 420ms
 POST /api/auth/sign-up/email 200 in 106ms (next.js: 17ms, application-code: 89ms)
 GET /api/test/outbox?email=e2e-ad805180%40flowline-e2e.test 200 in 8ms (next.js: 2.0ms, application-code: 6ms)
 POST /api/email 200 in 23ms (next.js: 1.7ms, application-code: 21ms)
 POST /api/auth/sign-in/email 200 in 82ms (next.js: 1.9ms, application-code: 80ms)
 POST /api/workspaces 201 in 31ms (next.js: 1.9ms, application-code: 29ms)
 POST /api/onboarding 200 in 21ms (next.js: 1.8ms, application-code: 19ms)
 GET /w/e2e-488d3a/settings?tab=ai 200 in 51ms (next.js: 3ms, application-code: 48ms)
 GET /api/health 200 in 7ms (next.js: 2ms, application-code: 5ms)
 GET /api/workspaces/0870b46b-dee3-4d31-8cdb-1f0a4b18451b/ai 200 in 32ms (next.js: 17ms, application-code: 15ms)
 GET /api/workspaces/0870b46b-dee3-4d31-8cdb-1f0a4b18451b/ai/models 200 in 38ms (next.js: 15ms, application-code: 23ms)
 POST /api/workspaces/0870b46b-dee3-4d31-8cdb-1f0a4b18451b/ai/connections 201 in 79ms (next.js: 15ms, application-code: 64ms)
 GET /api/workspaces/0870b46b-dee3-4d31-8cdb-1f0a4b18451b/ai/models 200 in 17ms (next.js: 4ms, application-code: 12ms)
 GET /api/workspaces/0870b46b-dee3-4d31-8cdb-1f0a4b18451b/ai 200 in 19ms (next.js: 1.8ms, application-code: 18ms)
 PUT /api/workspaces/0870b46b-dee3-4d31-8cdb-1f0a4b18451b/ai/default-route 200 in 36ms (next.js: 16ms, application-code: 20ms)
 PATCH /api/workspaces/0870b46b-dee3-4d31-8cdb-1f0a4b18451b 200 in 32ms (next.js: 16ms, application-code: 16ms)
 GET /api/workspaces/0870b46b-dee3-4d31-8cdb-1f0a4b18451b/ai 200 in 59ms (next.js: 2ms, application-code: 57ms)
 POST /api/workspaces/0870b46b-dee3-4d31-8cdb-1f0a4b18451b/flows 201 in 37ms (next.js: 16ms, application-code: 21ms)
 PUT /api/flows/24054a75-58e8-4c39-8026-546ff4e3a9eb 200 in 884ms (next.js: 856ms, application-code: 28ms)
 GET /w/e2e-488d3a/flows/24054a75-58e8-4c39-8026-546ff4e3a9eb 200 in 648ms (next.js: 574ms, application-code: 74ms)
 GET /api/health 200 in 7ms (next.js: 2ms, application-code: 4ms)
 GET /api/flows/24054a75-58e8-4c39-8026-546ff4e3a9eb 200 in 39ms (next.js: 14ms, application-code: 25ms)
 GET /api/workspaces/0870b46b-dee3-4d31-8cdb-1f0a4b18451b/ai 200 in 44ms (next.js: 18ms, application-code: 26ms)
 GET /api/workspaces/0870b46b-dee3-4d31-8cdb-1f0a4b18451b/ai/models 200 in 39ms (next.js: 21ms, application-code: 18ms)
 GET /api/flows/24054a75-58e8-4c39-8026-546ff4e3a9eb/publish 200 in 922ms (next.js: 897ms, application-code: 25ms)
 GET /api/flows/24054a75-58e8-4c39-8026-546ff4e3a9eb/runs 200 in 888ms (next.js: 867ms, application-code: 21ms)
 PUT /api/flows/24054a75-58e8-4c39-8026-546ff4e3a9eb 200 in 45ms (next.js: 14ms, application-code: 30ms)
2026-09-29T10:16:15.019Z [worker] run 9ac08e70-abfe-41f0-b1cd-f7492142b034 claimed
 POST /api/flows/24054a75-58e8-4c39-8026-546ff4e3a9eb/runs 202 in 80ms (next.js: 15ms, application-code: 65ms)
 GET /api/flows/24054a75-58e8-4c39-8026-546ff4e3a9eb/runs 200 in 56ms (next.js: 2ms, application-code: 54ms)
2026-09-29T10:16:15.123Z [worker] run 9ac08e70-abfe-41f0-b1cd-f7492142b034 done
 GET /api/runs/9ac08e70-abfe-41f0-b1cd-f7492142b034 200 in 897ms (next.js: 869ms, application-code: 28ms)
 GET /api/flows/24054a75-58e8-4c39-8026-546ff4e3a9eb/runs 200 in 34ms (next.js: 14ms, application-code: 20ms)
 GET /w/e2e-488d3a/runs?run=9ac08e70-abfe-41f0-b1cd-f7492142b034 200 in 622ms (next.js: 608ms, application-code: 15ms)
 GET /api/workspaces/0870b46b-dee3-4d31-8cdb-1f0a4b18451b/runs?limit=25 200 in 881ms (next.js: 865ms, application-code: 16ms)
 GET /w/e2e-488d3a/settings?tab=ai 200 in 59ms (next.js: 15ms, application-code: 44ms)
 GET /api/health 200 in 8ms (next.js: 2ms, application-code: 5ms)
 GET /api/workspaces/0870b46b-dee3-4d31-8cdb-1f0a4b18451b/ai 200 in 41ms (next.js: 16ms, application-code: 26ms)
 GET /api/workspaces/0870b46b-dee3-4d31-8cdb-1f0a4b18451b/ai/models 200 in 43ms (next.js: 16ms, application-code: 28ms)
 POST /api/auth/sign-out 200 in 39ms (next.js: 15ms, application-code: 24ms)
 GET /sign-in 200 in 32ms (next.js: 5ms, application-code: 28ms)
 GET /api/auth-config 200 in 68ms (next.js: 60ms, application-code: 8ms)
 POST /api/auth/sign-in/email 200 in 129ms (next.js: 2ms, application-code: 127ms)
 GET /w/e2e-488d3a/settings?tab=ai 200 in 59ms (next.js: 16ms, application-code: 43ms)
 GET /api/health 200 in 8ms (next.js: 2ms, application-code: 5ms)
 GET /api/workspaces/0870b46b-dee3-4d31-8cdb-1f0a4b18451b/ai 200 in 28ms (next.js: 3ms, application-code: 25ms)
 GET /api/workspaces/0870b46b-dee3-4d31-8cdb-1f0a4b18451b/ai/models 200 in 26ms (next.js: 2ms, application-code: 24ms)
 POST /api/auth/sign-up/email 200 in 86ms (next.js: 3ms, application-code: 84ms)
 GET /api/test/outbox?email=ai-other-e380a177%40flowline-e2e.test 200 in 8ms (next.js: 2ms, application-code: 6ms)
 POST /api/email 200 in 20ms (next.js: 1.6ms, application-code: 19ms)
 POST /api/auth/sign-in/email 200 in 73ms (next.js: 1.8ms, application-code: 71ms)
 POST /api/workspaces 201 in 46ms (next.js: 2ms, application-code: 44ms)
 GET /api/workspaces/0870b46b-dee3-4d31-8cdb-1f0a4b18451b/ai/connections 404 in 27ms (next.js: 15ms, application-code: 12ms)
 GET /api/workspaces/0870b46b-dee3-4d31-8cdb-1f0a4b18451b/ai/models 404 in 27ms (next.js: 15ms, application-code: 12ms)
 GET /w/other-ai-23/settings?tab=ai 200 in 62ms (next.js: 16ms, application-code: 46ms)
 GET /api/health 200 in 7ms (next.js: 2ms, application-code: 5ms)
 GET /api/workspaces/29512ceb-b0b9-4d8a-8a94-5c9c8df2984f/ai 200 in 37ms (next.js: 16ms, application-code: 21ms)
 GET /api/workspaces/29512ceb-b0b9-4d8a-8a94-5c9c8df2984f/ai/models 200 in 17ms (next.js: 2ms, application-code: 15ms)
 POST /api/workspaces/0870b46b-dee3-4d31-8cdb-1f0a4b18451b/invites 201 in 54ms (next.js: 16ms, application-code: 38ms)
 POST /api/auth/sign-up/email 200 in 98ms (next.js: 15ms, application-code: 82ms)
 GET /api/test/outbox?email=ai-editor-37cf91b6%40flowline-e2e.test 200 in 9ms (next.js: 1.9ms, application-code: 7ms)
 POST /api/email 200 in 21ms (next.js: 1.7ms, application-code: 19ms)
 POST /api/auth/sign-in/email 200 in 70ms (next.js: 2ms, application-code: 68ms)
 POST /api/invites/uR1UKn07WAsgFZgf3F_WKSqLwNqxHV5HT9M0IJjleOs 200 in 57ms (next.js: 14ms, application-code: 43ms)
 GET /api/workspaces/0870b46b-dee3-4d31-8cdb-1f0a4b18451b/ai/models 200 in 42ms (next.js: 15ms, application-code: 27ms)
 GET /api/workspaces/0870b46b-dee3-4d31-8cdb-1f0a4b18451b/ai/connections 200 in 43ms (next.js: 16ms, application-code: 27ms)
 POST /api/workspaces/0870b46b-dee3-4d31-8cdb-1f0a4b18451b/ai/connections 403 in 21ms (next.js: 2ms, application-code: 18ms)
 GET /api/flows/24054a75-58e8-4c39-8026-546ff4e3a9eb 200 in 28ms (next.js: 15ms, application-code: 13ms)
 PUT /api/flows/24054a75-58e8-4c39-8026-546ff4e3a9eb 403 in 33ms (next.js: 2ms, application-code: 31ms)
 GET /w/e2e-488d3a/flows/24054a75-58e8-4c39-8026-546ff4e3a9eb 200 in 72ms (next.js: 17ms, application-code: 55ms)
 GET /api/health 200 in 10ms (next.js: 3ms, application-code: 7ms)
 GET /api/flows/24054a75-58e8-4c39-8026-546ff4e3a9eb 200 in 26ms (next.js: 5ms, application-code: 21ms)
 GET /api/flows/24054a75-58e8-4c39-8026-546ff4e3a9eb/publish 200 in 61ms (next.js: 17ms, application-code: 43ms)
 GET /api/flows/24054a75-58e8-4c39-8026-546ff4e3a9eb/runs 200 in 40ms (next.js: 19ms, application-code: 20ms)
 GET /api/runs/9ac08e70-abfe-41f0-b1cd-f7492142b034 200 in 74ms (next.js: 20ms, application-code: 53ms)
 GET /api/workspaces/0870b46b-dee3-4d31-8cdb-1f0a4b18451b/ai 200 in 51ms (next.js: 21ms, application-code: 30ms)
 GET /api/workspaces/0870b46b-dee3-4d31-8cdb-1f0a4b18451b/ai/models 200 in 20ms (next.js: 3ms, application-code: 18ms)
 GET / 200 in 111ms (next.js: 47ms, application-code: 64ms)
 GET /sign-up 200 in 20ms (next.js: 6ms, application-code: 14ms)
 GET /api/auth-config 200 in 8ms (next.js: 2ms, application-code: 6ms)
 POST /api/auth/sign-up/email 200 in 92ms (next.js: 15ms, application-code: 77ms)
 GET /api/test/outbox?email=arabic-df1cd567%40flowline-e2e.test 200 in 8ms (next.js: 1.6ms, application-code: 6ms)
 GET /verify-email?token=nIKoRxMF_-v0EvpJMMXIyZRk2oZKfv9dqq7QpE3Q9Dg&callbackURL=%2Fsign-in 200 in 45ms (next.js: 19ms, application-code: 26ms)
 POST /api/email 200 in 18ms (next.js: 1.7ms, application-code: 16ms)
 GET /sign-in 200 in 15ms (next.js: 2ms, application-code: 13ms)
 GET /api/auth-config 200 in 7ms (next.js: 1.8ms, application-code: 6ms)
 POST /api/auth/sign-in/email 200 in 85ms (next.js: 15ms, application-code: 70ms)
 GET /app 200 in 89ms (next.js: 41ms, application-code: 48ms)
 GET /app 200 in 33ms (next.js: 8ms, application-code: 24ms)
 GET /onboarding 200 in 75ms (next.js: 31ms, application-code: 43ms)
 GET /onboarding 200 in 43ms (next.js: 4ms, application-code: 39ms)
 POST /api/workspaces 201 in 44ms (next.js: 2ms, application-code: 41ms)
 POST /api/workspaces/6198bc8f-1be6-4b56-a24f-b470dbb1ca8a/flows 201 in 48ms (next.js: 15ms, application-code: 34ms)
 POST /api/onboarding 200 in 18ms (next.js: 1.8ms, application-code: 16ms)
 GET /w/arabic-co-21/flows/5663c790-cbea-4280-81f9-442f77f26fae 200 in 48ms (next.js: 16ms, application-code: 33ms)
 GET /api/health 200 in 9ms (next.js: 2ms, application-code: 6ms)
 GET /api/flows/5663c790-cbea-4280-81f9-442f77f26fae 200 in 37ms (next.js: 16ms, application-code: 21ms)
 GET /api/flows/5663c790-cbea-4280-81f9-442f77f26fae/publish 200 in 51ms (next.js: 15ms, application-code: 36ms)
 GET /api/flows/5663c790-cbea-4280-81f9-442f77f26fae/runs 200 in 35ms (next.js: 16ms, application-code: 19ms)
 GET /w/arabic-co-21/flows 200 in 693ms (next.js: 636ms, application-code: 57ms)
 GET /api/health 200 in 9ms (next.js: 3ms, application-code: 6ms)
 GET /api/workspaces/6198bc8f-1be6-4b56-a24f-b470dbb1ca8a/usage 200 in 92ms (next.js: 16ms, application-code: 76ms)
 GET /api/workspaces/6198bc8f-1be6-4b56-a24f-b470dbb1ca8a/flows 200 in 95ms (next.js: 32ms, application-code: 63ms)
 GET /w/arabic-co-21/flows 200 in 60ms (next.js: 17ms, application-code: 43ms)
 GET /w/arabic-co-21/flows 200 in 39ms (next.js: 3ms, application-code: 36ms)
 POST /api/auth/sign-out 200 in 44ms (next.js: 19ms, application-code: 26ms)
 GET /sign-in 200 in 35ms (next.js: 3ms, application-code: 32ms)
 GET /api/workspaces/6198bc8f-1be6-4b56-a24f-b470dbb1ca8a/overview 200 in 762ms
 GET /sign-in 200 in 42ms (next.js: 3ms, application-code: 39ms)
 GET /api/auth-config 200 in 9ms (next.js: 2ms, application-code: 7ms)
 GET /api/auth-config 200 in 13ms (next.js: 2ms, application-code: 10ms)
 POST /api/auth/sign-in/email 200 in 78ms (next.js: 2ms, application-code: 76ms)
 GET /app 200 in 46ms (next.js: 3ms, application-code: 43ms)
 GET /app 200 in 35ms (next.js: 8ms, application-code: 26ms)
 GET /w/arabic-co-21/flows 200 in 77ms (next.js: 15ms, application-code: 61ms)
 GET /w/arabic-co-21/flows 200 in 39ms (next.js: 8ms, application-code: 31ms)
 GET /api/health 200 in 8ms (next.js: 2ms, application-code: 6ms)
 GET /api/workspaces/6198bc8f-1be6-4b56-a24f-b470dbb1ca8a/flows 200 in 32ms (next.js: 17ms, application-code: 15ms)
 GET /api/workspaces/6198bc8f-1be6-4b56-a24f-b470dbb1ca8a/usage 200 in 72ms (next.js: 35ms, application-code: 37ms)
 GET /api/workspaces/6198bc8f-1be6-4b56-a24f-b470dbb1ca8a/overview 200 in 74ms (next.js: 18ms, application-code: 56ms)
 GET /sign-in 200 in 32ms (next.js: 3ms, application-code: 29ms)
 GET /api/auth-config 200 in 8ms (next.js: 1.8ms, application-code: 6ms)
 GET /sign-in 200 in 18ms (next.js: 3ms, application-code: 16ms)
 GET /sign-up 200 in 35ms (next.js: 3ms, application-code: 33ms)
 GET /api/auth-config 200 in 10ms (next.js: 3ms, application-code: 7ms)
 GET /sign-up 200 in 20ms (next.js: 3ms, application-code: 18ms)
 GET /sign-in 200 in 32ms (next.js: 3ms, application-code: 29ms)
 GET /api/auth-config 200 in 8ms (next.js: 2.0ms, application-code: 6ms)
 POST /api/auth/sign-up/email 200 in 89ms (next.js: 14ms, application-code: 75ms)
 GET /api/test/outbox?email=arabic-rtl-3b14779c%40flowline-e2e.test 200 in 7ms (next.js: 1.7ms, application-code: 5ms)
 POST /api/email 200 in 21ms (next.js: 1.9ms, application-code: 19ms)
 POST /api/auth/sign-in/email 200 in 70ms (next.js: 1.7ms, application-code: 68ms)
 POST /api/workspaces 201 in 34ms (next.js: 1.9ms, application-code: 32ms)
 POST /api/onboarding 200 in 23ms (next.js: 1.8ms, application-code: 21ms)
 POST /api/workspaces/ffd70fc1-61a2-478f-a65a-91563457b06a/flows 201 in 30ms (next.js: 13ms, application-code: 17ms)
 GET / 200 in 49ms (next.js: 2ms, application-code: 46ms)
 GET /sign-in 200 in 28ms (next.js: 2ms, application-code: 26ms)
 GET /api/auth-config 200 in 8ms (next.js: 1.9ms, application-code: 7ms)
 GET /w/rtl-scroll-21/flows 200 in 66ms (next.js: 15ms, application-code: 51ms)
 GET /api/health 200 in 7ms (next.js: 2ms, application-code: 5ms)
 GET /api/workspaces/ffd70fc1-61a2-478f-a65a-91563457b06a/usage 200 in 85ms (next.js: 31ms, application-code: 53ms)
 GET /api/workspaces/ffd70fc1-61a2-478f-a65a-91563457b06a/flows 200 in 51ms (next.js: 3ms, application-code: 48ms)
 GET /api/workspaces/ffd70fc1-61a2-478f-a65a-91563457b06a/overview 200 in 121ms (next.js: 16ms, application-code: 105ms)
 GET /w/rtl-scroll-21/flows/ed42613a-47f7-4729-9cfd-253551f3c12b 200 in 78ms (next.js: 16ms, application-code: 61ms)
 GET /api/health 200 in 9ms (next.js: 4ms, application-code: 5ms)
 GET /api/flows/ed42613a-47f7-4729-9cfd-253551f3c12b 200 in 39ms (next.js: 17ms, application-code: 22ms)
 GET /api/flows/ed42613a-47f7-4729-9cfd-253551f3c12b/publish 200 in 50ms (next.js: 16ms, application-code: 34ms)
 GET /api/flows/ed42613a-47f7-4729-9cfd-253551f3c12b/runs 200 in 33ms (next.js: 17ms, application-code: 16ms)
 GET /w/rtl-scroll-21/runs 200 in 82ms (next.js: 17ms, application-code: 65ms)
 GET /api/health 200 in 9ms (next.js: 3ms, application-code: 6ms)
 GET /api/workspaces/ffd70fc1-61a2-478f-a65a-91563457b06a/runs?limit=25 200 in 75ms (next.js: 23ms, application-code: 53ms)
 GET /w/rtl-scroll-21/settings 200 in 75ms (next.js: 19ms, application-code: 56ms)
 GET /api/health 200 in 10ms (next.js: 2ms, application-code: 8ms)
 GET /api/workspaces/ffd70fc1-61a2-478f-a65a-91563457b06a/invites 200 in 123ms (next.js: 20ms, application-code: 103ms)
 GET / 200 in 67ms (next.js: 5ms, application-code: 62ms)
 GET /api/workspaces/ffd70fc1-61a2-478f-a65a-91563457b06a/members 200 in 162ms
 GET /sign-in 200 in 33ms (next.js: 3ms, application-code: 30ms)
 GET /api/auth-config 200 in 10ms (next.js: 3ms, application-code: 7ms)
 GET /w/rtl-scroll-21/flows 200 in 71ms (next.js: 18ms, application-code: 53ms)
2026-09-29T10:16:31.296Z [worker] platform notifications sent 20
 GET /api/health 200 in 8ms (next.js: 2.0ms, application-code: 6ms)
 GET /api/workspaces/ffd70fc1-61a2-478f-a65a-91563457b06a/flows 200 in 78ms (next.js: 37ms, application-code: 41ms)
 GET /api/workspaces/ffd70fc1-61a2-478f-a65a-91563457b06a/usage 200 in 119ms (next.js: 36ms, application-code: 83ms)
 GET /api/workspaces/ffd70fc1-61a2-478f-a65a-91563457b06a/overview 200 in 138ms (next.js: 18ms, application-code: 120ms)
 GET /w/rtl-scroll-21/flows/ed42613a-47f7-4729-9cfd-253551f3c12b 200 in 99ms (next.js: 23ms, application-code: 76ms)
 GET /api/health 200 in 8ms (next.js: 3ms, application-code: 5ms)
 GET /api/flows/ed42613a-47f7-4729-9cfd-253551f3c12b 200 in 46ms (next.js: 18ms, application-code: 28ms)
 GET /api/flows/ed42613a-47f7-4729-9cfd-253551f3c12b/publish 200 in 54ms (next.js: 16ms, application-code: 38ms)
(node:43588) MaxListenersExceededWarning: Possible EventEmitter memory leak detected. 11 unpipe listeners added to [SyncWriteStream]. MaxListeners is 10. Use emitter.setMaxListeners() to increase limit
(Use `node --trace-warnings ...` to show where the warning was created)
(node:43588) MaxListenersExceededWarning: Possible EventEmitter memory leak detected. 11 error listeners added to [SyncWriteStream]. MaxListeners is 10. Use emitter.setMaxListeners() to increase limit
(node:43588) MaxListenersExceededWarning: Possible EventEmitter memory leak detected. 11 close listeners added to [SyncWriteStream]. MaxListeners is 10. Use emitter.setMaxListeners() to increase limit
(node:43588) MaxListenersExceededWarning: Possible EventEmitter memory leak detected. 11 finish listeners added to [SyncWriteStream]. MaxListeners is 10. Use emitter.setMaxListeners() to increase limit
(node:43588) MaxListenersExceededWarning: Possible EventEmitter memory leak detected. 11 unpipe listeners added to [SyncWriteStream]. MaxListeners is 10. Use emitter.setMaxListeners() to increase limit
(node:43588) MaxListenersExceededWarning: Possible EventEmitter memory leak detected. 11 error listeners added to [SyncWriteStream]. MaxListeners is 10. Use emitter.setMaxListeners() to increase limit
(node:43588) MaxListenersExceededWarning: Possible EventEmitter memory leak detected. 11 close listeners added to [SyncWriteStream]. MaxListeners is 10. Use emitter.setMaxListeners() to increase limit
(node:43588) MaxListenersExceededWarning: Possible EventEmitter memory leak detected. 11 finish listeners added to [SyncWriteStream]. MaxListeners is 10. Use emitter.setMaxListeners() to increase limit
 GET /api/flows/ed42613a-47f7-4729-9cfd-253551f3c12b/runs 200 in 78ms (next.js: 18ms, application-code: 59ms)
 GET /w/rtl-scroll-21/runs 200 in 91ms (next.js: 22ms, application-code: 69ms)
 GET /api/health 200 in 8ms (next.js: 2ms, application-code: 6ms)
 GET /api/workspaces/ffd70fc1-61a2-478f-a65a-91563457b06a/runs?limit=25 200 in 86ms (next.js: 24ms, application-code: 62ms)
 GET /w/rtl-scroll-21/settings 200 in 84ms (next.js: 20ms, application-code: 64ms)
 GET /api/health 200 in 10ms (next.js: 2ms, application-code: 7ms)
 GET /api/workspaces/ffd70fc1-61a2-478f-a65a-91563457b06a/members 200 in 96ms (next.js: 21ms, application-code: 76ms)
 GET /api/workspaces/ffd70fc1-61a2-478f-a65a-91563457b06a/invites 200 in 104ms (next.js: 44ms, application-code: 59ms)
 GET / 200 in 94ms (next.js: 4ms, application-code: 89ms)
 GET /sign-in 200 in 35ms (next.js: 3ms, application-code: 32ms)
 GET /api/auth-config 200 in 8ms (next.js: 2ms, application-code: 6ms)
 GET /w/rtl-scroll-21/flows 200 in 71ms (next.js: 16ms, application-code: 55ms)
 GET /api/health 200 in 9ms (next.js: 2ms, application-code: 7ms)
 GET /api/workspaces/ffd70fc1-61a2-478f-a65a-91563457b06a/flows 200 in 85ms (next.js: 35ms, application-code: 50ms)
 GET /api/workspaces/ffd70fc1-61a2-478f-a65a-91563457b06a/usage 200 in 129ms (next.js: 36ms, application-code: 93ms)
 GET /api/workspaces/ffd70fc1-61a2-478f-a65a-91563457b06a/overview 200 in 148ms (next.js: 17ms, application-code: 130ms)
 GET /w/rtl-scroll-21/flows/ed42613a-47f7-4729-9cfd-253551f3c12b 200 in 90ms (next.js: 22ms, application-code: 68ms)
 GET /api/health 200 in 9ms (next.js: 2ms, application-code: 7ms)
 GET /api/flows/ed42613a-47f7-4729-9cfd-253551f3c12b 200 in 43ms (next.js: 19ms, application-code: 24ms)
 GET /api/flows/ed42613a-47f7-4729-9cfd-253551f3c12b/publish 200 in 76ms (next.js: 19ms, application-code: 58ms)
 GET /api/flows/ed42613a-47f7-4729-9cfd-253551f3c12b/runs 200 in 51ms (next.js: 21ms, application-code: 30ms)
 GET /w/rtl-scroll-21/runs 200 in 66ms (next.js: 18ms, application-code: 48ms)
 GET /api/health 200 in 9ms (next.js: 3ms, application-code: 6ms)
 GET /api/workspaces/ffd70fc1-61a2-478f-a65a-91563457b06a/runs?limit=25 200 in 75ms (next.js: 21ms, application-code: 54ms)
 GET /w/rtl-scroll-21/settings 200 in 77ms (next.js: 19ms, application-code: 58ms)
 GET /api/health 200 in 10ms (next.js: 2ms, application-code: 7ms)
 GET /api/workspaces/ffd70fc1-61a2-478f-a65a-91563457b06a/invites 200 in 59ms (next.js: 44ms, application-code: 16ms)
 GET /api/workspaces/ffd70fc1-61a2-478f-a65a-91563457b06a/members 200 in 61ms (next.js: 19ms, application-code: 42ms)
 POST /api/auth/sign-up/email 200 in 115ms (next.js: 17ms, application-code: 97ms)
 GET /api/test/outbox?email=e2e-318a8026%40flowline-e2e.test 200 in 9ms (next.js: 2ms, application-code: 6ms)
 POST /api/email 200 in 27ms (next.js: 2ms, application-code: 25ms)
 POST /api/auth/sign-in/email 200 in 79ms (next.js: 2ms, application-code: 76ms)
 POST /api/workspaces 201 in 30ms (next.js: 3ms, application-code: 27ms)
 POST /api/onboarding 200 in 20ms (next.js: 2ms, application-code: 18ms)
 POST /api/workspaces/f89ae010-1ea9-4c31-a13d-be0a1eb47950/flows 201 in 34ms (next.js: 17ms, application-code: 18ms)
 GET /w/e2e-1f2f7c/templates 200 in 720ms (next.js: 634ms, application-code: 86ms)
 GET /api/health 200 in 8ms (next.js: 1.7ms, application-code: 6ms)
 GET /api/workspaces/f89ae010-1ea9-4c31-a13d-be0a1eb47950/connections 200 in 66ms (next.js: 15ms, application-code: 51ms)
 GET /api/workspaces/f89ae010-1ea9-4c31-a13d-be0a1eb47950/ai 200 in 90ms (next.js: 15ms, application-code: 76ms)
 GET /w/e2e-1f2f7c/flows/bde31fa5-3d1c-45ed-b8ba-4dabd8ed57ac 200 in 72ms (next.js: 14ms, application-code: 58ms)
 GET /api/health 200 in 6ms (next.js: 1.9ms, application-code: 5ms)
 GET /api/flows/bde31fa5-3d1c-45ed-b8ba-4dabd8ed57ac 200 in 40ms (next.js: 16ms, application-code: 24ms)
 GET /api/flows/bde31fa5-3d1c-45ed-b8ba-4dabd8ed57ac/publish 200 in 48ms (next.js: 15ms, application-code: 34ms)
 GET /api/flows/bde31fa5-3d1c-45ed-b8ba-4dabd8ed57ac/runs 200 in 30ms (next.js: 15ms, application-code: 15ms)
 GET /api/integrations/catalog 200 in 22ms (next.js: 2ms, application-code: 20ms)
 GET /api/workspaces/f89ae010-1ea9-4c31-a13d-be0a1eb47950/ai 200 in 22ms (next.js: 2ms, application-code: 19ms)
2026-09-29T10:16:35.745Z [worker] run 22591197-1b57-4cd0-a756-980a768a307c claimed
 POST /api/flows/bde31fa5-3d1c-45ed-b8ba-4dabd8ed57ac/runs 202 in 72ms (next.js: 2ms, application-code: 70ms)
 GET /api/flows/bde31fa5-3d1c-45ed-b8ba-4dabd8ed57ac/runs 200 in 39ms (next.js: 2ms, application-code: 36ms)
 GET /api/runs/22591197-1b57-4cd0-a756-980a768a307c 200 in 45ms (next.js: 17ms, application-code: 27ms)
2026-09-29T10:16:35.811Z [worker] run 22591197-1b57-4cd0-a756-980a768a307c done
 GET /api/runs/22591197-1b57-4cd0-a756-980a768a307c 200 in 34ms (next.js: 2ms, application-code: 32ms)
 GET /api/flows/bde31fa5-3d1c-45ed-b8ba-4dabd8ed57ac/runs 200 in 28ms (next.js: 15ms, application-code: 13ms)
 GET /w/e2e-1f2f7c/runs?run=22591197-1b57-4cd0-a756-980a768a307c 200 in 28ms (next.js: 16ms, application-code: 12ms)
 GET /api/workspaces/f89ae010-1ea9-4c31-a13d-be0a1eb47950/runs?limit=25 200 in 32ms (next.js: 17ms, application-code: 15ms)
 GET /api/runs/22591197-1b57-4cd0-a756-980a768a307c/rerun-preview?fromNodeId=hot&revision=original 200 in 856ms (next.js: 834ms, application-code: 23ms)
 POST /api/auth/sign-up/email 200 in 96ms (next.js: 14ms, application-code: 81ms)
 GET /api/test/outbox?email=e2e-bbf6bf53%40flowline-e2e.test 200 in 8ms (next.js: 1.6ms, application-code: 7ms)
 POST /api/email 200 in 19ms (next.js: 1.6ms, application-code: 17ms)
 POST /api/auth/sign-in/email 200 in 68ms (next.js: 1.6ms, application-code: 67ms)
 POST /api/workspaces 201 in 25ms (next.js: 1.7ms, application-code: 23ms)
 POST /api/onboarding 200 in 23ms (next.js: 1.8ms, application-code: 21ms)
 GET /w/e2e-d19c83/settings?tab=general 200 in 67ms (next.js: 14ms, application-code: 53ms)
 GET /api/health 200 in 7ms (next.js: 2.0ms, application-code: 5ms)
 GET /resend-verification 200 in 33ms (next.js: 21ms, application-code: 12ms)
 GET /w/e2e-d19c83/flows 200 in 65ms (next.js: 13ms, application-code: 52ms)
 GET /api/health 200 in 8ms (next.js: 2ms, application-code: 6ms)
 GET /api/workspaces/e488751d-9321-49ab-9b53-d54e578794e2/flows 200 in 49ms (next.js: 34ms, application-code: 15ms)
 GET /api/workspaces/e488751d-9321-49ab-9b53-d54e578794e2/usage 200 in 50ms (next.js: 16ms, application-code: 35ms)
 GET /api/workspaces/e488751d-9321-49ab-9b53-d54e578794e2/overview 200 in 77ms (next.js: 16ms, application-code: 61ms)
 GET /account/delete 200 in 38ms (next.js: 24ms, application-code: 14ms)
 POST /api/email 200 in 31ms (next.js: 2ms, application-code: 29ms)
 GET /api/test/outbox?email=e2e-bbf6bf53%40flowline-e2e.test 200 in 8ms (next.js: 1.7ms, application-code: 7ms)
 GET /account/delete?token=EMqHBa9oVTDZ6Db0RMO3XX0oREOqsOF_QEJsMg1akdw 200 in 25ms (next.js: 2ms, application-code: 23ms)
 POST /api/email 200 in 64ms (next.js: 2ms, application-code: 62ms)
 GET /api/me 401 in 61ms (next.js: 33ms, application-code: 28ms)
 POST /api/auth/sign-up/email 200 in 90ms (next.js: 15ms, application-code: 75ms)
 GET /api/test/outbox?email=e2e-2e31a730%40flowline-e2e.test 200 in 7ms (next.js: 1.9ms, application-code: 6ms)
 POST /api/email 200 in 20ms (next.js: 1.9ms, application-code: 18ms)
 POST /api/auth/sign-in/email 200 in 68ms (next.js: 2ms, application-code: 66ms)
 POST /api/workspaces 201 in 21ms (next.js: 2ms, application-code: 19ms)
 POST /api/onboarding 200 in 25ms (next.js: 2ms, application-code: 23ms)
 GET /w/e2e-a90bbb/settings 200 in 65ms (next.js: 14ms, application-code: 51ms)
 GET /api/health 200 in 8ms (next.js: 2ms, application-code: 6ms)
 GET /api/workspaces/30e669d5-1573-4fb9-b4fe-8aa98398f67e/members 200 in 61ms (next.js: 17ms, application-code: 44ms)
 GET /api/workspaces/30e669d5-1573-4fb9-b4fe-8aa98398f67e/invites 200 in 44ms (next.js: 16ms, application-code: 28ms)
 GET /api/workspaces/30e669d5-1573-4fb9-b4fe-8aa98398f67e/ai 200 in 39ms (next.js: 16ms, application-code: 23ms)
 GET /api/workspaces/30e669d5-1573-4fb9-b4fe-8aa98398f67e/ai/models 200 in 28ms (next.js: 16ms, application-code: 12ms)
 GET /api/workspaces/30e669d5-1573-4fb9-b4fe-8aa98398f67e/api-keys 200 in 858ms (next.js: 835ms, application-code: 22ms)
 GET /api/workspaces/30e669d5-1573-4fb9-b4fe-8aa98398f67e/billing 200 in 850ms (next.js: 824ms, application-code: 26ms)
 GET /api/workspaces/30e669d5-1573-4fb9-b4fe-8aa98398f67e 200 in 41ms (next.js: 30ms, application-code: 10ms)
 GET /api/workspaces/30e669d5-1573-4fb9-b4fe-8aa98398f67e/usage 200 in 44ms (next.js: 15ms, application-code: 29ms)
 GET /api/workspaces/30e669d5-1573-4fb9-b4fe-8aa98398f67e/audit 200 in 867ms (next.js: 850ms, application-code: 17ms)
 GET /api/workspaces/30e669d5-1573-4fb9-b4fe-8aa98398f67e/sso 200 in 863ms (next.js: 841ms, application-code: 22ms)
 GET /w/e2e-a90bbb/agents 200 in 624ms (next.js: 567ms, application-code: 58ms)
 GET /api/health 200 in 7ms (next.js: 1.8ms, application-code: 5ms)
 GET /api/workspaces/30e669d5-1573-4fb9-b4fe-8aa98398f67e/agents 200 in 26ms (next.js: 15ms, application-code: 10ms)
 GET /w/e2e-a90bbb/agents/new 200 in 30ms (next.js: 16ms, application-code: 13ms)
 GET /api/workspaces/30e669d5-1573-4fb9-b4fe-8aa98398f67e/flows 200 in 64ms (next.js: 32ms, application-code: 32ms)
 GET /api/workspaces/30e669d5-1573-4fb9-b4fe-8aa98398f67e/knowledge 200 in 29ms (next.js: 16ms, application-code: 13ms)
 GET /api/workspaces/30e669d5-1573-4fb9-b4fe-8aa98398f67e/ai 200 in 105ms (next.js: 16ms, application-code: 89ms)
 GET /api/workspaces/30e669d5-1573-4fb9-b4fe-8aa98398f67e/ai/models 200 in 43ms (next.js: 18ms, application-code: 25ms)
 GET /w/e2e-a90bbb/knowledge 200 in 722ms (next.js: 665ms, application-code: 57ms)
 GET /api/health 200 in 7ms (next.js: 3ms, application-code: 5ms)
 GET /api/workspaces/30e669d5-1573-4fb9-b4fe-8aa98398f67e/knowledge 200 in 41ms (next.js: 17ms, application-code: 25ms)
 GET /w/e2e-a90bbb/integrations 200 in 61ms (next.js: 15ms, application-code: 45ms)
 GET /api/health 200 in 7ms (next.js: 2.0ms, application-code: 5ms)
 GET /api/workspaces/30e669d5-1573-4fb9-b4fe-8aa98398f67e/connections 200 in 28ms (next.js: 16ms, application-code: 12ms)
 GET /api/integrations/catalog?workspaceId=30e669d5-1573-4fb9-b4fe-8aa98398f67e 200 in 41ms (next.js: 2ms, application-code: 39ms)
 GET /api/workspaces/30e669d5-1573-4fb9-b4fe-8aa98398f67e/oauth-apps/provenance?provider=google_sheets 200 in 36ms (next.js: 18ms, application-code: 18ms)
 GET /w/e2e-a90bbb/settings?tab=keys 200 in 69ms (next.js: 16ms, application-code: 53ms)
 GET /api/health 200 in 7ms (next.js: 2ms, application-code: 5ms)
 GET /api/workspaces/30e669d5-1573-4fb9-b4fe-8aa98398f67e/api-keys 200 in 50ms (next.js: 15ms, application-code: 34ms)
 GET /w/e2e-a90bbb/settings?tab=billing 200 in 56ms (next.js: 4ms, application-code: 52ms)
 GET /api/health 200 in 8ms (next.js: 3ms, application-code: 5ms)
 GET /api/workspaces/30e669d5-1573-4fb9-b4fe-8aa98398f67e 200 in 45ms (next.js: 33ms, application-code: 12ms)
 GET /api/workspaces/30e669d5-1573-4fb9-b4fe-8aa98398f67e/usage 200 in 87ms (next.js: 16ms, application-code: 71ms)
 GET /w/e2e-a90bbb/agents/new 200 in 88ms (next.js: 20ms, application-code: 68ms)
 GET /api/health 200 in 6ms (next.js: 2ms, application-code: 4ms)
 GET /api/workspaces/30e669d5-1573-4fb9-b4fe-8aa98398f67e/flows 200 in 101ms (next.js: 19ms, application-code: 81ms)
 GET /api/workspaces/30e669d5-1573-4fb9-b4fe-8aa98398f67e/knowledge 200 in 105ms (next.js: 38ms, application-code: 67ms)
 GET /api/workspaces/30e669d5-1573-4fb9-b4fe-8aa98398f67e/ai 200 in 134ms (next.js: 19ms, application-code: 115ms)
 GET /api/workspaces/30e669d5-1573-4fb9-b4fe-8aa98398f67e/ai/models 200 in 23ms (next.js: 18ms, application-code: 5ms)
 GET /w/e2e-a90bbb/knowledge 200 in 111ms (next.js: 21ms, application-code: 91ms)
 GET /api/health 200 in 8ms (next.js: 2ms, application-code: 6ms)
 GET /api/workspaces/30e669d5-1573-4fb9-b4fe-8aa98398f67e/knowledge 200 in 62ms (next.js: 3ms, application-code: 59ms)
 GET /w/e2e-a90bbb/integrations 200 in 71ms (next.js: 17ms, application-code: 54ms)
 GET /api/health 200 in 8ms (next.js: 2ms, application-code: 5ms)
(node:43588) MaxListenersExceededWarning: Possible EventEmitter memory leak detected. 11 unpipe listeners added to [SyncWriteStream]. MaxListeners is 10. Use emitter.setMaxListeners() to increase limit
(node:43588) MaxListenersExceededWarning: Possible EventEmitter memory leak detected. 11 error listeners added to [SyncWriteStream]. MaxListeners is 10. Use emitter.setMaxListeners() to increase limit
(node:43588) MaxListenersExceededWarning: Possible EventEmitter memory leak detected. 11 close listeners added to [SyncWriteStream]. MaxListeners is 10. Use emitter.setMaxListeners() to increase limit
(node:43588) MaxListenersExceededWarning: Possible EventEmitter memory leak detected. 11 finish listeners added to [SyncWriteStream]. MaxListeners is 10. Use emitter.setMaxListeners() to increase limit
(node:43588) MaxListenersExceededWarning: Possible EventEmitter memory leak detected. 11 unpipe listeners added to [SyncWriteStream]. MaxListeners is 10. Use emitter.setMaxListeners() to increase limit
(node:43588) MaxListenersExceededWarning: Possible EventEmitter memory leak detected. 11 error listeners added to [SyncWriteStream]. MaxListeners is 10. Use emitter.setMaxListeners() to increase limit
(node:43588) MaxListenersExceededWarning: Possible EventEmitter memory leak detected. 11 close listeners added to [SyncWriteStream]. MaxListeners is 10. Use emitter.setMaxListeners() to increase limit
(node:43588) MaxListenersExceededWarning: Possible EventEmitter memory leak detected. 11 finish listeners added to [SyncWriteStream]. MaxListeners is 10. Use emitter.setMaxListeners() to increase limit
 GET /api/integrations/catalog?workspaceId=30e669d5-1573-4fb9-b4fe-8aa98398f67e 200 in 42ms (next.js: 2ms, application-code: 39ms)
 GET /api/workspaces/30e669d5-1573-4fb9-b4fe-8aa98398f67e/connections 200 in 34ms (next.js: 20ms, application-code: 15ms)
 POST /api/test/beta 200 in 54ms (next.js: 43ms, application-code: 11ms)
 GET /api/auth-config 200 in 17ms (next.js: 3ms, application-code: 14ms)
 GET /sign-up 200 in 35ms (next.js: 3ms, application-code: 32ms)
 GET /api/auth-config 200 in 9ms (next.js: 2ms, application-code: 7ms)
 POST /api/beta/check 200 in 44ms (next.js: 30ms, application-code: 14ms)
 GET /api/test/outbox?email=stranger-65ebcc21%40flowline-e2e.test 200 in 8ms (next.js: 2ms, application-code: 6ms)
 POST /api/beta/check 200 in 13ms (next.js: 2ms, application-code: 10ms)
 POST /api/beta/check 200 in 11ms (next.js: 2ms, application-code: 9ms)
 POST /api/auth/sign-up/email 200 in 95ms (next.js: 14ms, application-code: 81ms)
 GET /api/test/outbox?email=stranger-65ebcc21%40flowline-e2e.test 200 in 7ms (next.js: 1.6ms, application-code: 5ms)
 POST /api/beta/check 200 in 10ms (next.js: 1.7ms, application-code: 8ms)
 POST /api/email 200 in 516ms (next.js: 2ms, application-code: 514ms)
 POST /api/auth/sign-up/email 200 in 90ms (next.js: 15ms, application-code: 75ms)
 GET /api/test/outbox?email=e2e-61da9841%40flowline-e2e.test 200 in 8ms (next.js: 2ms, application-code: 5ms)
 POST /api/email 200 in 18ms (next.js: 2ms, application-code: 16ms)
 POST /api/auth/sign-in/email 200 in 67ms (next.js: 1.7ms, application-code: 66ms)
 POST /api/workspaces 201 in 52ms (next.js: 2ms, application-code: 49ms)
 POST /api/onboarding 200 in 21ms (next.js: 1.7ms, application-code: 19ms)
 POST /api/workspaces/a609bbc2-6001-4678-b4fe-408bea1d2831/invites 201 in 40ms (next.js: 14ms, application-code: 26ms)
 POST /api/test/beta 200 in 5ms (next.js: 1.9ms, application-code: 3ms)
 GET /invite/ddXj-z84bNg105Wj9hf8oRBnOVhmW6AjqUJIr2b6Kc0 307 in 663ms (next.js: 609ms, application-code: 54ms)
 GET /sign-in?next=invite%3AddXj-z84bNg105Wj9hf8oRBnOVhmW6AjqUJIr2b6Kc0 200 in 31ms (next.js: 2ms, application-code: 29ms)
 GET /api/auth-config 200 in 7ms (next.js: 2ms, application-code: 5ms)
 GET /sign-up?next=invite%3AddXj-z84bNg105Wj9hf8oRBnOVhmW6AjqUJIr2b6Kc0 200 in 15ms (next.js: 3ms, application-code: 12ms)
 POST /api/beta/check 200 in 10ms (next.js: 3ms, application-code: 8ms)
 POST /api/auth/sign-up/email 200 in 94ms (next.js: 14ms, application-code: 80ms)
 GET /api/test/outbox?email=beta-invitee-06dd4571%40flowline-e2e.test 200 in 7ms (next.js: 2ms, application-code: 5ms)
 GET /verify-email?token=KJvQNBBejITLU0Suxlqsl7FT5NiWG369Qm_GSh5BDF4&callbackURL=%2Fsign-in%3Fnext%3Dinvite%253AddXj-z84bNg105Wj9hf8oRBnOVhmW6AjqUJIr2b6Kc0 200 in 25ms (next.js: 2ms, application-code: 22ms)
 POST /api/email 200 in 19ms (next.js: 1.8ms, application-code: 17ms)
 GET /sign-in?next=invite%3AddXj-z84bNg105Wj9hf8oRBnOVhmW6AjqUJIr2b6Kc0 200 in 17ms (next.js: 3ms, application-code: 14ms)
 GET /api/auth-config 200 in 8ms (next.js: 2.0ms, application-code: 6ms)
 POST /api/auth/sign-in/email 200 in 84ms (next.js: 14ms, application-code: 70ms)
 GET /app?next=invite%3AddXj-z84bNg105Wj9hf8oRBnOVhmW6AjqUJIr2b6Kc0 200 in 45ms (next.js: 3ms, application-code: 42ms)
 GET /app?next=invite%3AddXj-z84bNg105Wj9hf8oRBnOVhmW6AjqUJIr2b6Kc0 200 in 30ms (next.js: 7ms, application-code: 23ms)
 GET /invite/ddXj-z84bNg105Wj9hf8oRBnOVhmW6AjqUJIr2b6Kc0 200 in 57ms (next.js: 16ms, application-code: 41ms)
 GET /invite/ddXj-z84bNg105Wj9hf8oRBnOVhmW6AjqUJIr2b6Kc0 200 in 30ms (next.js: 7ms, application-code: 23ms)
 GET /api/invites/ddXj-z84bNg105Wj9hf8oRBnOVhmW6AjqUJIr2b6Kc0 200 in 30ms (next.js: 15ms, application-code: 15ms)
 POST /api/invites/ddXj-z84bNg105Wj9hf8oRBnOVhmW6AjqUJIr2b6Kc0 200 in 28ms (next.js: 1.8ms, application-code: 27ms)
 GET /w/beta-invite-co-20/flows 200 in 51ms (next.js: 17ms, application-code: 33ms)
 GET /api/health 200 in 7ms (next.js: 2ms, application-code: 5ms)
 GET /api/workspaces/a609bbc2-6001-4678-b4fe-408bea1d2831/flows 200 in 48ms (next.js: 35ms, application-code: 13ms)
 GET /api/workspaces/a609bbc2-6001-4678-b4fe-408bea1d2831/usage 200 in 67ms (next.js: 34ms, application-code: 34ms)
 GET /api/workspaces/a609bbc2-6001-4678-b4fe-408bea1d2831/overview 200 in 76ms (next.js: 17ms, application-code: 60ms)
 POST /api/auth/sign-up/email 200 in 99ms (next.js: 3ms, application-code: 96ms)
 GET /api/test/outbox?email=e2e-c8edb6b8%40flowline-e2e.test 200 in 7ms (next.js: 1.7ms, application-code: 6ms)
 POST /api/email 200 in 21ms (next.js: 2.0ms, application-code: 19ms)
 POST /api/auth/sign-in/email 200 in 87ms (next.js: 15ms, application-code: 71ms)
 POST /api/workspaces 201 in 21ms (next.js: 2ms, application-code: 19ms)
 POST /api/onboarding 200 in 22ms (next.js: 2.0ms, application-code: 20ms)
 POST /api/workspaces/1ee5cb36-416a-4ced-a00c-7ac23e3abb2a/flows 201 in 22ms (next.js: 2ms, application-code: 20ms)
 GET /w/e2e-1e8141/flows/fc523075-16f5-4a63-8328-f05d05648fca 200 in 72ms (next.js: 19ms, application-code: 53ms)
 GET /api/health 200 in 7ms (next.js: 3ms, application-code: 5ms)
 GET /api/flows/fc523075-16f5-4a63-8328-f05d05648fca 200 in 35ms (next.js: 17ms, application-code: 18ms)
 GET /api/flows/fc523075-16f5-4a63-8328-f05d05648fca/publish 200 in 53ms (next.js: 17ms, application-code: 36ms)
 GET /api/flows/fc523075-16f5-4a63-8328-f05d05648fca/runs 200 in 35ms (next.js: 18ms, application-code: 17ms)
 GET /api/workspaces/1ee5cb36-416a-4ced-a00c-7ac23e3abb2a/ai 200 in 53ms (next.js: 14ms, application-code: 39ms)
 GET /api/integrations/catalog 200 in 152ms (next.js: 2ms, application-code: 149ms)
 PUT /api/flows/fc523075-16f5-4a63-8328-f05d05648fca 200 in 28ms (next.js: 14ms, application-code: 14ms)
 GET /api/flows/fc523075-16f5-4a63-8328-f05d05648fca 200 in 16ms (next.js: 1.9ms, application-code: 15ms)
 POST /api/auth/sign-up/email 200 in 89ms (next.js: 14ms, application-code: 75ms)
 GET /api/test/outbox?email=e2e-3eb03dc9%40flowline-e2e.test 200 in 8ms (next.js: 1.9ms, application-code: 6ms)
 POST /api/email 200 in 19ms (next.js: 1.9ms, application-code: 18ms)
 POST /api/auth/sign-in/email 200 in 79ms (next.js: 2.0ms, application-code: 77ms)
 POST /api/workspaces 201 in 26ms (next.js: 1.8ms, application-code: 24ms)
 POST /api/onboarding 200 in 23ms (next.js: 1.8ms, application-code: 21ms)
 POST /api/workspaces/646e2775-5c91-43fb-ba23-d080b4b67e18/flows 201 in 29ms (next.js: 15ms, application-code: 14ms)
 GET /w/e2e-6aa622/flows/854619ff-b1a3-422a-a292-740bc741e6ae 200 in 64ms (next.js: 15ms, application-code: 49ms)
 GET /api/health 200 in 7ms (next.js: 2ms, application-code: 5ms)
 GET /api/flows/854619ff-b1a3-422a-a292-740bc741e6ae 200 in 27ms (next.js: 14ms, application-code: 13ms)
 GET /api/flows/854619ff-b1a3-422a-a292-740bc741e6ae/publish 200 in 52ms (next.js: 16ms, application-code: 36ms)
 GET /api/flows/854619ff-b1a3-422a-a292-740bc741e6ae/runs 200 in 34ms (next.js: 17ms, application-code: 17ms)
 GET /api/flows/854619ff-b1a3-422a-a292-740bc741e6ae 200 in 16ms (next.js: 2ms, application-code: 14ms)
 PUT /api/flows/854619ff-b1a3-422a-a292-740bc741e6ae 200 in 45ms (next.js: 14ms, application-code: 31ms)
 GET /api/flows/854619ff-b1a3-422a-a292-740bc741e6ae 200 in 18ms (next.js: 2ms, application-code: 15ms)
 PUT /api/flows/854619ff-b1a3-422a-a292-740bc741e6ae 200 in 38ms (next.js: 16ms, application-code: 23ms)
 GET /api/flows/854619ff-b1a3-422a-a292-740bc741e6ae 200 in 19ms (next.js: 2ms, application-code: 17ms)
 POST /api/auth/sign-up/email 200 in 97ms (next.js: 15ms, application-code: 82ms)
 GET /api/test/outbox?email=e2e-2864cbd8%40flowline-e2e.test 200 in 7ms (next.js: 1.9ms, application-code: 5ms)
 POST /api/email 200 in 22ms (next.js: 1.8ms, application-code: 20ms)
 POST /api/auth/sign-in/email 200 in 72ms (next.js: 2ms, application-code: 70ms)
 POST /api/workspaces 201 in 21ms (next.js: 2ms, application-code: 19ms)
 POST /api/onboarding 200 in 13ms (next.js: 1.8ms, application-code: 11ms)
 POST /api/workspaces/b7f81383-9c4e-4624-8e77-37d70692ace0/flows 201 in 41ms (next.js: 14ms, application-code: 27ms)
 GET /w/e2e-8a1888/flows/8af8523b-1daa-4d53-9c71-433f85d6dfe9 200 in 63ms (next.js: 16ms, application-code: 47ms)
 GET /api/health 200 in 7ms (next.js: 2ms, application-code: 4ms)
 GET /api/flows/8af8523b-1daa-4d53-9c71-433f85d6dfe9 200 in 30ms (next.js: 16ms, application-code: 15ms)
 GET /api/flows/8af8523b-1daa-4d53-9c71-433f85d6dfe9/publish 200 in 57ms (next.js: 17ms, application-code: 40ms)
 GET /api/flows/8af8523b-1daa-4d53-9c71-433f85d6dfe9/runs 200 in 39ms (next.js: 18ms, application-code: 21ms)
 GET /api/flows/8af8523b-1daa-4d53-9c71-433f85d6dfe9 200 in 31ms (next.js: 13ms, application-code: 18ms)
 POST /api/auth/sign-up/email 200 in 91ms (next.js: 14ms, application-code: 77ms)
 GET /api/test/outbox?email=e2e-418e736d%40flowline-e2e.test 200 in 7ms (next.js: 1.7ms, application-code: 5ms)
 POST /api/email 200 in 19ms (next.js: 1.7ms, application-code: 18ms)
 POST /api/auth/sign-in/email 200 in 66ms (next.js: 1.7ms, application-code: 64ms)
 POST /api/workspaces 201 in 27ms (next.js: 2.0ms, application-code: 25ms)
 POST /api/onboarding 200 in 22ms (next.js: 1.7ms, application-code: 21ms)
 POST /api/workspaces/01a9d571-c569-4bd1-80cb-e3358f00e7ec/flows 201 in 30ms (next.js: 14ms, application-code: 15ms)
 GET /w/e2e-de7b57/flows/763f4960-2977-4dad-b10a-cc45a6f414be 200 in 63ms (next.js: 15ms, application-code: 48ms)
 GET /api/health 200 in 7ms (next.js: 2ms, application-code: 5ms)
 GET /api/flows/763f4960-2977-4dad-b10a-cc45a6f414be 200 in 24ms (next.js: 3ms, application-code: 21ms)
 GET /api/flows/763f4960-2977-4dad-b10a-cc45a6f414be/publish 200 in 54ms (next.js: 18ms, application-code: 36ms)
 GET /api/flows/763f4960-2977-4dad-b10a-cc45a6f414be/runs 200 in 33ms (next.js: 17ms, application-code: 16ms)
 GET /api/flows/763f4960-2977-4dad-b10a-cc45a6f414be 200 in 47ms (next.js: 16ms, application-code: 31ms)
 POST /api/auth/sign-up/email 200 in 96ms (next.js: 15ms, application-code: 81ms)
 GET /api/test/outbox?email=e2e-e6d17b38%40flowline-e2e.test 200 in 7ms (next.js: 2ms, application-code: 5ms)
 POST /api/email 200 in 22ms (next.js: 1.7ms, application-code: 20ms)
 POST /api/auth/sign-in/email 200 in 74ms (next.js: 2ms, application-code: 71ms)
 POST /api/workspaces 201 in 27ms (next.js: 2ms, application-code: 25ms)
 POST /api/onboarding 200 in 23ms (next.js: 2ms, application-code: 21ms)
 POST /api/workspaces/f37b0a7d-b4bf-4dca-bea9-983e8549d480/flows 201 in 33ms (next.js: 15ms, application-code: 17ms)
 GET /w/e2e-c75699/flows/2528b228-8d1a-4ccf-afed-a639317e13e4 200 in 68ms (next.js: 16ms, application-code: 52ms)
 GET /api/health 200 in 7ms (next.js: 2ms, application-code: 5ms)
 GET /api/flows/2528b228-8d1a-4ccf-afed-a639317e13e4 200 in 16ms (next.js: 2ms, application-code: 14ms)
 GET /api/flows/2528b228-8d1a-4ccf-afed-a639317e13e4/publish 200 in 55ms (next.js: 16ms, application-code: 38ms)
 GET /api/flows/2528b228-8d1a-4ccf-afed-a639317e13e4/runs 200 in 36ms (next.js: 19ms, application-code: 17ms)
 POST /api/auth/sign-up/email 200 in 96ms (next.js: 15ms, application-code: 81ms)
 GET /api/test/outbox?email=e2e-aab126f6%40flowline-e2e.test 200 in 8ms (next.js: 2.0ms, application-code: 6ms)
 POST /api/email 200 in 22ms (next.js: 2ms, application-code: 20ms)
 POST /api/auth/sign-in/email 200 in 70ms (next.js: 2.0ms, application-code: 68ms)
 POST /api/workspaces 201 in 26ms (next.js: 1.8ms, application-code: 24ms)
 POST /api/onboarding 200 in 19ms (next.js: 1.9ms, application-code: 17ms)
 POST /api/workspaces/f4df88e7-b53f-4094-a05d-166c0b854363/flows 201 in 28ms (next.js: 15ms, application-code: 13ms)
 GET /w/e2e-0105ab/flows/69b0b614-3887-4408-bfe0-c8682fea6062 200 in 67ms (next.js: 17ms, application-code: 50ms)
 GET /api/health 200 in 10ms (next.js: 2ms, application-code: 8ms)
 GET /api/flows/69b0b614-3887-4408-bfe0-c8682fea6062 200 in 36ms (next.js: 16ms, application-code: 21ms)
 GET /api/flows/69b0b614-3887-4408-bfe0-c8682fea6062/publish 200 in 53ms (next.js: 16ms, application-code: 37ms)
 GET /api/flows/69b0b614-3887-4408-bfe0-c8682fea6062/runs 200 in 34ms (next.js: 18ms, application-code: 16ms)
 POST /api/flows/69b0b614-3887-4408-bfe0-c8682fea6062/runs 202 in 58ms (next.js: 3ms, application-code: 54ms)
2026-09-29T10:17:06.821Z [worker] run f0564d36-19bc-4479-95bd-e3494ba5077c claimed
 GET /api/flows/69b0b614-3887-4408-bfe0-c8682fea6062/runs 200 in 39ms (next.js: 3ms, application-code: 36ms)
 GET /api/runs/f0564d36-19bc-4479-95bd-e3494ba5077c 200 in 45ms (next.js: 17ms, application-code: 27ms)
2026-09-29T10:17:06.884Z [worker] run f0564d36-19bc-4479-95bd-e3494ba5077c done
 GET /w/e2e-0105ab/runs?run=f0564d36-19bc-4479-95bd-e3494ba5077c 200 in 33ms (next.js: 18ms, application-code: 15ms)
 GET /api/workspaces/f4df88e7-b53f-4094-a05d-166c0b854363/runs?limit=25 200 in 42ms (next.js: 22ms, application-code: 20ms)
 GET /api/runs/f0564d36-19bc-4479-95bd-e3494ba5077c 200 in 34ms (next.js: 14ms, application-code: 19ms)
 GET /api/runs/f0564d36-19bc-4479-95bd-e3494ba5077c/rerun-preview?fromNodeId=is-hot&revision=original 200 in 46ms (next.js: 15ms, application-code: 30ms)
 POST /api/runs/f0564d36-19bc-4479-95bd-e3494ba5077c/rerun 202 in 882ms (next.js: 839ms, application-code: 43ms)
2026-09-29T10:17:09.420Z [worker] run 91c46d0b-c7cf-405a-837b-fea512792cb9 claimed
 GET /w/e2e-0105ab/runs?run=91c46d0b-c7cf-405a-837b-fea512792cb9 200 in 31ms (next.js: 18ms, application-code: 13ms)
 GET /api/workspaces/f4df88e7-b53f-4094-a05d-166c0b854363/runs?limit=25 200 in 55ms (next.js: 16ms, application-code: 39ms)
2026-09-29T10:17:09.472Z [worker] run 91c46d0b-c7cf-405a-837b-fea512792cb9 done
 GET /api/runs/91c46d0b-c7cf-405a-837b-fea512792cb9 200 in 47ms (next.js: 16ms, application-code: 31ms)
 GET /api/flows/69b0b614-3887-4408-bfe0-c8682fea6062/runs 200 in 30ms (next.js: 15ms, application-code: 15ms)
 GET /api/flows/69b0b614-3887-4408-bfe0-c8682fea6062/runs 200 in 27ms (next.js: 2ms, application-code: 24ms)
 GET /api/runs/91c46d0b-c7cf-405a-837b-fea512792cb9 200 in 33ms (next.js: 2ms, application-code: 30ms)
 POST /api/auth/sign-up/email 200 in 98ms (next.js: 15ms, application-code: 83ms)
 GET /api/test/outbox?email=e2e-86831379%40flowline-e2e.test 200 in 8ms (next.js: 1.9ms, application-code: 6ms)
 POST /api/email 200 in 20ms (next.js: 1.7ms, application-code: 18ms)
 POST /api/auth/sign-in/email 200 in 71ms (next.js: 2ms, application-code: 69ms)
 POST /api/workspaces 201 in 19ms (next.js: 2ms, application-code: 16ms)
 POST /api/onboarding 200 in 19ms (next.js: 1.9ms, application-code: 17ms)
 POST /api/workspaces/c6b112bd-c1e6-4954-9df3-762814be4d2a/flows 201 in 29ms (next.js: 13ms, application-code: 15ms)
 GET /w/e2e-3b1cd4/flows/e91f4a49-314d-4d87-b492-31c2c0beda59 200 in 62ms (next.js: 15ms, application-code: 47ms)
 GET /api/health 200 in 9ms (next.js: 3ms, application-code: 6ms)
 GET /api/flows/e91f4a49-314d-4d87-b492-31c2c0beda59 200 in 34ms (next.js: 17ms, application-code: 17ms)
 GET /api/flows/e91f4a49-314d-4d87-b492-31c2c0beda59/publish 200 in 57ms (next.js: 16ms, application-code: 41ms)
 GET /api/flows/e91f4a49-314d-4d87-b492-31c2c0beda59/runs 200 in 35ms (next.js: 20ms, application-code: 16ms)
 PUT /api/flows/e91f4a49-314d-4d87-b492-31c2c0beda59 200 in 39ms (next.js: 16ms, application-code: 24ms)
 POST /api/flows/e91f4a49-314d-4d87-b492-31c2c0beda59/runs 422 in 47ms (next.js: 14ms, application-code: 33ms)
 POST /api/test/faults 200 in 38ms (next.js: 29ms, application-code: 8ms)
 POST /api/auth/sign-up/email 200 in 98ms (next.js: 14ms, application-code: 84ms)
 GET /api/test/outbox?email=e2e-8650d569%40flowline-e2e.test 200 in 10ms (next.js: 1.7ms, application-code: 8ms)
 POST /api/email 200 in 20ms (next.js: 1.8ms, application-code: 18ms)
 POST /api/auth/sign-in/email 200 in 69ms (next.js: 2ms, application-code: 67ms)
 POST /api/workspaces 201 in 21ms (next.js: 1.8ms, application-code: 19ms)
 POST /api/onboarding 200 in 25ms (next.js: 1.7ms, application-code: 24ms)
 POST /api/workspaces/ac7692b2-ea87-4c70-a6fd-794edd022bde/flows 201 in 31ms (next.js: 15ms, application-code: 16ms)
 GET /w/e2e-9856dc/flows/2d10f138-2327-4b8d-948c-c1fe5e9e0f1c 200 in 66ms (next.js: 15ms, application-code: 51ms)
 GET /api/health 200 in 8ms (next.js: 2ms, application-code: 5ms)
 GET /api/flows/2d10f138-2327-4b8d-948c-c1fe5e9e0f1c 200 in 34ms (next.js: 17ms, application-code: 18ms)
 GET /api/flows/2d10f138-2327-4b8d-948c-c1fe5e9e0f1c/publish 200 in 55ms (next.js: 19ms, application-code: 36ms)
 GET /api/flows/2d10f138-2327-4b8d-948c-c1fe5e9e0f1c/runs 200 in 33ms (next.js: 18ms, application-code: 16ms)
 POST /api/test/faults 200 in 18ms (next.js: 3ms, application-code: 15ms)
 PUT /api/flows/2d10f138-2327-4b8d-948c-c1fe5e9e0f1c 500 in 30ms (next.js: 15ms, application-code: 15ms)
 PUT /api/flows/2d10f138-2327-4b8d-948c-c1fe5e9e0f1c 500 in 34ms (next.js: 14ms, application-code: 21ms)
 PUT /api/flows/2d10f138-2327-4b8d-948c-c1fe5e9e0f1c 200 in 39ms (next.js: 14ms, application-code: 25ms)
 POST /api/test/faults 200 in 23ms (next.js: 1.8ms, application-code: 21ms)
 PUT /api/flows/2d10f138-2327-4b8d-948c-c1fe5e9e0f1c 500 in 25ms (next.js: 14ms, application-code: 12ms)
 PUT /api/flows/2d10f138-2327-4b8d-948c-c1fe5e9e0f1c 500 in 25ms (next.js: 14ms, application-code: 10ms)
 PUT /api/flows/2d10f138-2327-4b8d-948c-c1fe5e9e0f1c 500 in 32ms (next.js: 14ms, application-code: 19ms)
 PUT /api/flows/2d10f138-2327-4b8d-948c-c1fe5e9e0f1c 500 in 33ms (next.js: 13ms, application-code: 20ms)
 POST /api/test/faults 200 in 17ms (next.js: 3ms, application-code: 14ms)
 PUT /api/flows/2d10f138-2327-4b8d-948c-c1fe5e9e0f1c 200 in 31ms (next.js: 1.8ms, application-code: 29ms)
 GET /api/flows/2d10f138-2327-4b8d-948c-c1fe5e9e0f1c 200 in 20ms (next.js: 1.8ms, application-code: 18ms)
 POST /api/test/faults 200 in 10ms (next.js: 1.7ms, application-code: 9ms)
 POST /api/auth/sign-up/email 200 in 123ms (next.js: 40ms, application-code: 82ms)
 GET /api/test/outbox?email=e2e-b9ca15e2%40flowline-e2e.test 200 in 8ms (next.js: 2ms, application-code: 6ms)
 POST /api/email 200 in 20ms (next.js: 1.7ms, application-code: 18ms)
 POST /api/auth/sign-in/email 200 in 69ms (next.js: 1.7ms, application-code: 68ms)
 POST /api/workspaces 201 in 31ms (next.js: 2ms, application-code: 29ms)
 POST /api/onboarding 200 in 23ms (next.js: 1.9ms, application-code: 21ms)
 POST /api/workspaces/a7278f80-5bdf-4825-b756-8cb3c554f094/flows 201 in 28ms (next.js: 15ms, application-code: 13ms)
 POST /api/test/faults 200 in 26ms (next.js: 3ms, application-code: 23ms)
 GET /w/e2e-265f1c/flows/84193cf7-1cf5-4332-90e2-cc2fb73f9387 200 in 67ms (next.js: 17ms, application-code: 50ms)
 GET /api/health 200 in 7ms (next.js: 2ms, application-code: 5ms)
 GET /api/flows/84193cf7-1cf5-4332-90e2-cc2fb73f9387 500 in 25ms (next.js: 15ms, application-code: 10ms)
 GET /api/flows/84193cf7-1cf5-4332-90e2-cc2fb73f9387 500 in 24ms (next.js: 15ms, application-code: 10ms)
 GET /api/flows/84193cf7-1cf5-4332-90e2-cc2fb73f9387 500 in 42ms (next.js: 16ms, application-code: 26ms)
2026-09-29T10:17:31.222Z [worker] platform notifications sent 20
 GET /api/flows/84193cf7-1cf5-4332-90e2-cc2fb73f9387 500 in 26ms (next.js: 15ms, application-code: 11ms)
 GET /api/flows/84193cf7-1cf5-4332-90e2-cc2fb73f9387 200 in 16ms (next.js: 1.7ms, application-code: 14ms)
 GET /api/flows/84193cf7-1cf5-4332-90e2-cc2fb73f9387/publish 200 in 46ms (next.js: 14ms, application-code: 32ms)
 GET /api/flows/84193cf7-1cf5-4332-90e2-cc2fb73f9387/runs 200 in 28ms (next.js: 15ms, application-code: 13ms)
 POST /api/test/faults 200 in 13ms (next.js: 2ms, application-code: 10ms)
 POST /api/auth/sign-up/email 200 in 95ms (next.js: 15ms, application-code: 81ms)
 GET /api/test/outbox?email=e2e-df68b8d0%40flowline-e2e.test 200 in 8ms (next.js: 1.7ms, application-code: 6ms)
 POST /api/email 200 in 20ms (next.js: 1.9ms, application-code: 18ms)
 POST /api/auth/sign-in/email 200 in 68ms (next.js: 1.8ms, application-code: 66ms)
 POST /api/workspaces 201 in 33ms (next.js: 1.8ms, application-code: 31ms)
 POST /api/onboarding 200 in 22ms (next.js: 2ms, application-code: 19ms)
 POST /api/workspaces/3aad7ebf-54d9-406d-8f2f-ba4755cb6b85/flows 201 in 41ms (next.js: 13ms, application-code: 27ms)
 GET /w/e2e-5168d3/flows/f85f160e-caaf-45c7-af0d-731c2c8f4791 200 in 67ms (next.js: 15ms, application-code: 52ms)
 GET /api/health 200 in 8ms (next.js: 2ms, application-code: 6ms)
 GET /api/flows/f85f160e-caaf-45c7-af0d-731c2c8f4791 200 in 29ms (next.js: 15ms, application-code: 14ms)
 GET /api/flows/f85f160e-caaf-45c7-af0d-731c2c8f4791/publish 200 in 59ms (next.js: 17ms, application-code: 42ms)
 GET /api/flows/f85f160e-caaf-45c7-af0d-731c2c8f4791/runs 200 in 38ms (next.js: 16ms, application-code: 22ms)
 PUT /api/flows/f85f160e-caaf-45c7-af0d-731c2c8f4791 200 in 38ms (next.js: 2ms, application-code: 36ms)
 GET /api/flows/f85f160e-caaf-45c7-af0d-731c2c8f4791 200 in 20ms (next.js: 2ms, application-code: 18ms)
 POST /api/test/faults 200 in 12ms (next.js: 2ms, application-code: 10ms)
 POST /api/auth/sign-up/email 200 in 97ms (next.js: 16ms, application-code: 81ms)
 GET /api/test/outbox?email=e2e-712a6740%40flowline-e2e.test 200 in 7ms (next.js: 2.0ms, application-code: 5ms)
 POST /api/email 200 in 21ms (next.js: 1.7ms, application-code: 19ms)
 POST /api/auth/sign-in/email 200 in 74ms (next.js: 2ms, application-code: 72ms)
 POST /api/workspaces 201 in 27ms (next.js: 2ms, application-code: 24ms)
 POST /api/onboarding 200 in 19ms (next.js: 1.8ms, application-code: 18ms)
 POST /api/workspaces/94e33319-0feb-4768-98e7-e176cb5a0655/flows 201 in 43ms (next.js: 15ms, application-code: 28ms)
 GET /w/e2e-fd8b41/flows/9ac753a0-1308-4610-992d-b0aad0736856 200 in 65ms (next.js: 15ms, application-code: 49ms)
 GET /api/health 200 in 8ms (next.js: 3ms, application-code: 5ms)
 GET /api/flows/9ac753a0-1308-4610-992d-b0aad0736856 200 in 32ms (next.js: 16ms, application-code: 16ms)
 GET /api/flows/9ac753a0-1308-4610-992d-b0aad0736856/publish 200 in 51ms (next.js: 16ms, application-code: 35ms)
 GET /api/flows/9ac753a0-1308-4610-992d-b0aad0736856/runs 200 in 32ms (next.js: 16ms, application-code: 16ms)
 GET /api/flows/9ac753a0-1308-4610-992d-b0aad0736856 200 in 17ms (next.js: 2ms, application-code: 15ms)
 PUT /api/flows/9ac753a0-1308-4610-992d-b0aad0736856 200 in 35ms (next.js: 2ms, application-code: 33ms)
 PUT /api/flows/9ac753a0-1308-4610-992d-b0aad0736856 409 in 24ms (next.js: 3ms, application-code: 21ms)
 GET /api/flows/9ac753a0-1308-4610-992d-b0aad0736856 200 in 16ms (next.js: 2ms, application-code: 13ms)
 PUT /api/flows/9ac753a0-1308-4610-992d-b0aad0736856 200 in 27ms (next.js: 2ms, application-code: 25ms)
 GET /api/flows/9ac753a0-1308-4610-992d-b0aad0736856 200 in 18ms (next.js: 2ms, application-code: 16ms)
 GET /api/flows/9ac753a0-1308-4610-992d-b0aad0736856/versions 200 in 847ms (next.js: 826ms, application-code: 21ms)
 POST /api/test/faults 200 in 12ms (next.js: 2ms, application-code: 10ms)
 POST /api/auth/sign-up/email 200 in 94ms (next.js: 14ms, application-code: 79ms)
 GET /api/test/outbox?email=e2e-3d23d540%40flowline-e2e.test 200 in 7ms (next.js: 1.7ms, application-code: 6ms)
 POST /api/email 200 in 18ms (next.js: 1.7ms, application-code: 17ms)
 POST /api/auth/sign-in/email 200 in 69ms (next.js: 3ms, application-code: 66ms)
 POST /api/workspaces 201 in 24ms (next.js: 2ms, application-code: 21ms)
 POST /api/onboarding 200 in 24ms (next.js: 1.7ms, application-code: 22ms)
 POST /api/workspaces/f09d693b-a18f-422d-b763-d779398e1ab2/flows 201 in 30ms (next.js: 14ms, application-code: 16ms)
 GET /w/e2e-5d0661/flows 200 in 63ms (next.js: 15ms, application-code: 47ms)
 GET /api/health 200 in 9ms (next.js: 2ms, application-code: 6ms)
 GET /api/workspaces/f09d693b-a18f-422d-b763-d779398e1ab2/usage 200 in 55ms (next.js: 32ms, application-code: 23ms)
 GET /api/workspaces/f09d693b-a18f-422d-b763-d779398e1ab2/overview 200 in 65ms (next.js: 16ms, application-code: 49ms)
 GET /api/workspaces/f09d693b-a18f-422d-b763-d779398e1ab2/flows 200 in 46ms (next.js: 4ms, application-code: 42ms)
 GET /w/e2e-5d0661/templates 200 in 73ms (next.js: 16ms, application-code: 57ms)
 GET /api/health 200 in 8ms (next.js: 2ms, application-code: 5ms)
 GET /api/workspaces/f09d693b-a18f-422d-b763-d779398e1ab2/connections 200 in 51ms (next.js: 33ms, application-code: 18ms)
 GET /api/workspaces/f09d693b-a18f-422d-b763-d779398e1ab2/ai 200 in 60ms (next.js: 15ms, application-code: 45ms)
 GET /w/e2e-5d0661/runs 200 in 69ms (next.js: 17ms, application-code: 52ms)
 GET /api/health 200 in 8ms (next.js: 2ms, application-code: 5ms)
 GET /api/workspaces/f09d693b-a18f-422d-b763-d779398e1ab2/runs?limit=25 200 in 41ms (next.js: 15ms, application-code: 26ms)
 GET /w/e2e-5d0661/integrations 200 in 65ms (next.js: 15ms, application-code: 49ms)
 GET /api/health 200 in 11ms (next.js: 2ms, application-code: 8ms)
 GET /api/integrations/catalog?workspaceId=f09d693b-a18f-422d-b763-d779398e1ab2 200 in 41ms (next.js: 2ms, application-code: 39ms)
 GET /api/workspaces/f09d693b-a18f-422d-b763-d779398e1ab2/connections 200 in 35ms (next.js: 16ms, application-code: 18ms)
 GET /w/e2e-5d0661/agents 200 in 61ms (next.js: 17ms, application-code: 44ms)
 GET /api/health 200 in 8ms (next.js: 3ms, application-code: 6ms)
 GET /api/workspaces/f09d693b-a18f-422d-b763-d779398e1ab2/agents 200 in 36ms (next.js: 16ms, application-code: 20ms)
 GET /w/e2e-5d0661/knowledge 200 in 66ms (next.js: 15ms, application-code: 50ms)
 GET /api/health 200 in 7ms (next.js: 2ms, application-code: 5ms)
 GET /api/workspaces/f09d693b-a18f-422d-b763-d779398e1ab2/knowledge 200 in 40ms (next.js: 17ms, application-code: 23ms)
 GET /w/e2e-5d0661/settings 200 in 62ms (next.js: 15ms, application-code: 47ms)
 GET /api/health 200 in 7ms (next.js: 2ms, application-code: 5ms)
 GET /api/workspaces/f09d693b-a18f-422d-b763-d779398e1ab2/invites 200 in 29ms (next.js: 16ms, application-code: 13ms)
 GET /api/workspaces/f09d693b-a18f-422d-b763-d779398e1ab2/members 200 in 47ms (next.js: 15ms, application-code: 32ms)
 GET /w/e2e-5d0661/canvas 307 in 647ms (next.js: 577ms, application-code: 70ms)
 GET /w/e2e-5d0661/flows/bbff9161-fb0b-4e0c-b410-5230aff6b2a9 200 in 59ms (next.js: 15ms, application-code: 45ms)
 GET /api/health 200 in 8ms (next.js: 2ms, application-code: 6ms)
 GET /api/flows/bbff9161-fb0b-4e0c-b410-5230aff6b2a9 200 in 43ms (next.js: 16ms, application-code: 28ms)
 GET /api/flows/bbff9161-fb0b-4e0c-b410-5230aff6b2a9/publish 200 in 54ms (next.js: 16ms, application-code: 38ms)
 GET /api/flows/bbff9161-fb0b-4e0c-b410-5230aff6b2a9/runs 200 in 34ms (next.js: 16ms, application-code: 17ms)
 POST /api/auth/sign-up/email 200 in 114ms (next.js: 17ms, application-code: 97ms)
 GET /api/test/outbox?email=e2e-e06a9c8a%40flowline-e2e.test 200 in 10ms (next.js: 3ms, application-code: 7ms)
 POST /api/email 200 in 22ms (next.js: 2ms, application-code: 20ms)
 POST /api/auth/sign-in/email 200 in 77ms (next.js: 3ms, application-code: 74ms)
 POST /api/workspaces 201 in 28ms (next.js: 2ms, application-code: 26ms)
 POST /api/onboarding 200 in 22ms (next.js: 2ms, application-code: 20ms)
 POST /api/workspaces/64567812-dee0-45d6-864d-27ac2b885ec7/flows 201 in 31ms (next.js: 16ms, application-code: 15ms)
 GET /w/e2e-3845ab/flows 200 in 71ms (next.js: 17ms, application-code: 53ms)
 GET /api/health 200 in 11ms (next.js: 4ms, application-code: 7ms)
 GET /api/workspaces/64567812-dee0-45d6-864d-27ac2b885ec7/flows 200 in 18ms (next.js: 3ms, application-code: 15ms)
 GET /api/workspaces/64567812-dee0-45d6-864d-27ac2b885ec7/usage 200 in 62ms (next.js: 38ms, application-code: 23ms)
 GET /api/workspaces/64567812-dee0-45d6-864d-27ac2b885ec7/overview 200 in 76ms (next.js: 20ms, application-code: 56ms)
 GET /w/e2e-3845ab/templates 200 in 76ms (next.js: 17ms, application-code: 59ms)
 GET /api/health 200 in 10ms (next.js: 4ms, application-code: 6ms)
 GET /api/workspaces/64567812-dee0-45d6-864d-27ac2b885ec7/connections 200 in 32ms (next.js: 17ms, application-code: 15ms)
 GET /api/workspaces/64567812-dee0-45d6-864d-27ac2b885ec7/ai 200 in 55ms (next.js: 18ms, application-code: 38ms)
 GET /w/e2e-3845ab/runs 200 in 72ms (next.js: 15ms, application-code: 56ms)
 GET /api/health 200 in 8ms (next.js: 2ms, application-code: 5ms)
 GET /api/workspaces/64567812-dee0-45d6-864d-27ac2b885ec7/runs?limit=25 200 in 32ms (next.js: 16ms, application-code: 16ms)
 GET /w/e2e-3845ab/integrations 200 in 61ms (next.js: 14ms, application-code: 46ms)
 GET /api/health 200 in 8ms (next.js: 2ms, application-code: 6ms)
 GET /api/workspaces/64567812-dee0-45d6-864d-27ac2b885ec7/connections 200 in 27ms (next.js: 15ms, application-code: 12ms)
 GET /api/integrations/catalog?workspaceId=64567812-dee0-45d6-864d-27ac2b885ec7 200 in 42ms (next.js: 4ms, application-code: 38ms)
 GET /w/e2e-3845ab/agents 200 in 62ms (next.js: 15ms, application-code: 47ms)
 GET /api/health 200 in 7ms (next.js: 3ms, application-code: 5ms)
 GET /api/workspaces/64567812-dee0-45d6-864d-27ac2b885ec7/agents 200 in 42ms (next.js: 17ms, application-code: 25ms)
 GET /w/e2e-3845ab/knowledge 200 in 72ms (next.js: 18ms, application-code: 55ms)
 GET /api/health 200 in 7ms (next.js: 2ms, application-code: 5ms)
 GET /api/workspaces/64567812-dee0-45d6-864d-27ac2b885ec7/knowledge 200 in 37ms (next.js: 14ms, application-code: 22ms)
 GET /w/e2e-3845ab/settings 200 in 62ms (next.js: 16ms, application-code: 46ms)
 GET /api/health 200 in 8ms (next.js: 2.0ms, application-code: 6ms)
 GET /api/workspaces/64567812-dee0-45d6-864d-27ac2b885ec7/members 200 in 42ms (next.js: 16ms, application-code: 26ms)
 GET /api/workspaces/64567812-dee0-45d6-864d-27ac2b885ec7/invites 200 in 42ms (next.js: 31ms, application-code: 12ms)
 GET /w/e2e-3845ab/canvas 307 in 81ms (next.js: 16ms, application-code: 65ms)
 GET /w/e2e-3845ab/flows/80ab0e05-81f0-42dc-a4d2-34e28c55626b 200 in 67ms (next.js: 17ms, application-code: 51ms)
 GET /api/health 200 in 14ms (next.js: 2ms, application-code: 12ms)
 GET /api/flows/80ab0e05-81f0-42dc-a4d2-34e28c55626b 200 in 36ms (next.js: 15ms, application-code: 21ms)
 GET /api/flows/80ab0e05-81f0-42dc-a4d2-34e28c55626b/publish 200 in 54ms (next.js: 20ms, application-code: 35ms)
 GET /api/flows/80ab0e05-81f0-42dc-a4d2-34e28c55626b/runs 200 in 29ms (next.js: 15ms, application-code: 14ms)
 POST /api/auth/sign-up/email 200 in 99ms (next.js: 16ms, application-code: 83ms)
 GET /api/test/outbox?email=e2e-ca39040c%40flowline-e2e.test 200 in 8ms (next.js: 2ms, application-code: 6ms)
 POST /api/email 200 in 19ms (next.js: 1.9ms, application-code: 17ms)
 POST /api/auth/sign-in/email 200 in 68ms (next.js: 1.7ms, application-code: 66ms)
 POST /api/workspaces 201 in 18ms (next.js: 2ms, application-code: 16ms)
 POST /api/onboarding 200 in 23ms (next.js: 1.7ms, application-code: 21ms)
 POST /api/workspaces/dc061861-fb04-412b-8fdf-8c9b2588792e/flows 201 in 29ms (next.js: 14ms, application-code: 15ms)
 GET /w/e2e-f8c25f/flows 200 in 61ms (next.js: 15ms, application-code: 46ms)
 GET /api/health 200 in 8ms (next.js: 2ms, application-code: 6ms)
 GET /api/workspaces/dc061861-fb04-412b-8fdf-8c9b2588792e/usage 200 in 58ms (next.js: 37ms, application-code: 21ms)
 GET /api/workspaces/dc061861-fb04-412b-8fdf-8c9b2588792e/flows 200 in 18ms (next.js: 3ms, application-code: 15ms)
 GET /api/workspaces/dc061861-fb04-412b-8fdf-8c9b2588792e/overview 200 in 70ms (next.js: 19ms, application-code: 51ms)
 GET /w/e2e-f8c25f/templates 200 in 68ms (next.js: 15ms, application-code: 53ms)
 GET /api/health 200 in 8ms (next.js: 3ms, application-code: 5ms)
 GET /api/workspaces/dc061861-fb04-412b-8fdf-8c9b2588792e/connections 200 in 27ms (next.js: 16ms, application-code: 12ms)
 GET /api/workspaces/dc061861-fb04-412b-8fdf-8c9b2588792e/ai 200 in 47ms (next.js: 15ms, application-code: 32ms)
 GET /w/e2e-f8c25f/runs 200 in 63ms (next.js: 15ms, application-code: 48ms)
 GET /api/health 200 in 6ms (next.js: 2ms, application-code: 4ms)
 GET /api/workspaces/dc061861-fb04-412b-8fdf-8c9b2588792e/runs?limit=25 200 in 43ms (next.js: 16ms, application-code: 27ms)
 GET /w/e2e-f8c25f/integrations 200 in 62ms (next.js: 17ms, application-code: 46ms)
 GET /api/health 200 in 10ms (next.js: 1.8ms, application-code: 8ms)
 GET /api/workspaces/dc061861-fb04-412b-8fdf-8c9b2588792e/connections 200 in 27ms (next.js: 15ms, application-code: 12ms)
 GET /api/integrations/catalog?workspaceId=dc061861-fb04-412b-8fdf-8c9b2588792e 200 in 38ms (next.js: 1.8ms, application-code: 36ms)
 GET /w/e2e-f8c25f/agents 200 in 60ms (next.js: 15ms, application-code: 45ms)
 GET /api/health 200 in 7ms (next.js: 2ms, application-code: 5ms)
 GET /api/workspaces/dc061861-fb04-412b-8fdf-8c9b2588792e/agents 200 in 36ms (next.js: 16ms, application-code: 20ms)
 GET /w/e2e-f8c25f/knowledge 200 in 64ms (next.js: 16ms, application-code: 48ms)
 GET /api/health 200 in 9ms (next.js: 2.0ms, application-code: 7ms)
 GET /api/workspaces/dc061861-fb04-412b-8fdf-8c9b2588792e/knowledge 200 in 39ms (next.js: 15ms, application-code: 24ms)
 GET /w/e2e-f8c25f/settings 200 in 59ms (next.js: 14ms, application-code: 45ms)
 GET /api/health 200 in 8ms (next.js: 2ms, application-code: 5ms)
 GET /api/workspaces/dc061861-fb04-412b-8fdf-8c9b2588792e/members 200 in 44ms (next.js: 15ms, application-code: 29ms)
 GET /api/workspaces/dc061861-fb04-412b-8fdf-8c9b2588792e/invites 200 in 45ms (next.js: 32ms, application-code: 13ms)
 GET /w/e2e-f8c25f/canvas 307 in 81ms (next.js: 16ms, application-code: 65ms)
 GET /w/e2e-f8c25f/flows/15cd2c71-d25a-49db-b38f-3d3359421f08 200 in 72ms (next.js: 15ms, application-code: 57ms)
 GET /api/health 200 in 8ms (next.js: 2ms, application-code: 5ms)
 GET /api/flows/15cd2c71-d25a-49db-b38f-3d3359421f08 200 in 38ms (next.js: 15ms, application-code: 23ms)
 GET /api/flows/15cd2c71-d25a-49db-b38f-3d3359421f08/publish 200 in 51ms (next.js: 16ms, application-code: 35ms)
 GET /api/flows/15cd2c71-d25a-49db-b38f-3d3359421f08/runs 200 in 33ms (next.js: 18ms, application-code: 15ms)
 GET / 200 in 47ms (next.js: 3ms, application-code: 44ms)
 GET /sign-up 200 in 16ms (next.js: 3ms, application-code: 13ms)
 GET /api/auth-config 200 in 8ms (next.js: 2ms, application-code: 6ms)
 POST /api/auth/sign-up/email 200 in 103ms (next.js: 16ms, application-code: 87ms)
 GET /api/me 401 in 20ms (next.js: 1.7ms, application-code: 18ms)
 GET /api/test/outbox?email=journey-b4e3beb4%40flowline-e2e.test 200 in 8ms (next.js: 1.6ms, application-code: 7ms)
 GET /verify-email?token=jVMD9woQT-wqFTJtbnth6aDT-4JpjCCtKvkPi7HVi9E&callbackURL=%2Fsign-in 200 in 22ms (next.js: 2ms, application-code: 20ms)
 POST /api/email 200 in 21ms (next.js: 2.0ms, application-code: 19ms)
 GET /sign-in 200 in 15ms (next.js: 2ms, application-code: 12ms)
 GET /api/auth-config 200 in 7ms (next.js: 2.0ms, application-code: 5ms)
 POST /api/auth/sign-in/email 200 in 83ms (next.js: 15ms, application-code: 69ms)
 GET /app 200 in 49ms (next.js: 3ms, application-code: 46ms)
 GET /app 200 in 33ms (next.js: 6ms, application-code: 27ms)
 GET /onboarding 200 in 43ms (next.js: 3ms, application-code: 40ms)
 GET /onboarding 200 in 36ms (next.js: 6ms, application-code: 30ms)
 POST /api/workspaces 201 in 41ms (next.js: 2.0ms, application-code: 39ms)
 POST /api/workspaces/57fc1a47-e4cb-413a-a727-5a5faf00f289/flows 201 in 39ms (next.js: 16ms, application-code: 23ms)
 POST /api/onboarding 200 in 28ms (next.js: 2ms, application-code: 26ms)
 GET /w/journey-co-20/flows/795c9e36-fa5c-47f3-ba53-b48a8501a24a 200 in 51ms (next.js: 18ms, application-code: 34ms)
 GET /api/health 200 in 10ms (next.js: 5ms, application-code: 5ms)
 GET /api/flows/795c9e36-fa5c-47f3-ba53-b48a8501a24a 200 in 33ms (next.js: 17ms, application-code: 16ms)
 GET /api/flows/795c9e36-fa5c-47f3-ba53-b48a8501a24a/publish 200 in 51ms (next.js: 15ms, application-code: 36ms)
 GET /api/flows/795c9e36-fa5c-47f3-ba53-b48a8501a24a/runs 200 in 32ms (next.js: 18ms, application-code: 13ms)
 GET /api/workspaces/57fc1a47-e4cb-413a-a727-5a5faf00f289/ai 200 in 59ms (next.js: 17ms, application-code: 42ms)
 GET /api/integrations/catalog 200 in 173ms (next.js: 2ms, application-code: 171ms)
 PUT /api/flows/795c9e36-fa5c-47f3-ba53-b48a8501a24a 200 in 39ms (next.js: 14ms, application-code: 24ms)
 GET /w/journey-co-20/flows/795c9e36-fa5c-47f3-ba53-b48a8501a24a 200 in 59ms (next.js: 14ms, application-code: 45ms)
 GET /api/health 200 in 7ms (next.js: 2.0ms, application-code: 5ms)
 GET /api/flows/795c9e36-fa5c-47f3-ba53-b48a8501a24a 200 in 16ms (next.js: 1.9ms, application-code: 14ms)
 GET /api/flows/795c9e36-fa5c-47f3-ba53-b48a8501a24a/publish 200 in 52ms (next.js: 16ms, application-code: 36ms)
 GET /api/flows/795c9e36-fa5c-47f3-ba53-b48a8501a24a/runs 200 in 32ms (next.js: 17ms, application-code: 14ms)
2026-09-29T10:18:06.552Z [worker] run c8edb820-0a0a-47c9-b60d-3019eb25935d claimed
 POST /api/flows/795c9e36-fa5c-47f3-ba53-b48a8501a24a/runs 202 in 75ms (next.js: 2ms, application-code: 73ms)
 GET /api/flows/795c9e36-fa5c-47f3-ba53-b48a8501a24a/runs 200 in 39ms (next.js: 2ms, application-code: 37ms)
2026-09-29T10:18:06.608Z [worker] run c8edb820-0a0a-47c9-b60d-3019eb25935d done
 GET /api/runs/c8edb820-0a0a-47c9-b60d-3019eb25935d 200 in 43ms (next.js: 18ms, application-code: 25ms)
 GET /w/journey-co-20/runs?run=c8edb820-0a0a-47c9-b60d-3019eb25935d 200 in 31ms (next.js: 16ms, application-code: 14ms)
 GET /api/workspaces/57fc1a47-e4cb-413a-a727-5a5faf00f289/runs?limit=25 200 in 48ms (next.js: 18ms, application-code: 29ms)
 GET /api/flows/795c9e36-fa5c-47f3-ba53-b48a8501a24a 200 in 29ms (next.js: 17ms, application-code: 12ms)
 GET /api/flows/795c9e36-fa5c-47f3-ba53-b48a8501a24a/runs 200 in 38ms (next.js: 18ms, application-code: 21ms)
 GET /api/runs/c8edb820-0a0a-47c9-b60d-3019eb25935d 200 in 26ms (next.js: 3ms, application-code: 24ms)
 GET /api/flows/795c9e36-fa5c-47f3-ba53-b48a8501a24a/versions 200 in 37ms (next.js: 15ms, application-code: 22ms)
 POST /api/auth/sign-up/email 200 in 95ms (next.js: 15ms, application-code: 80ms)
 GET /api/test/outbox?email=e2e-80ab3cdc%40flowline-e2e.test 200 in 8ms (next.js: 1.8ms, application-code: 6ms)
 POST /api/email 200 in 30ms (next.js: 1.9ms, application-code: 28ms)
 POST /api/auth/sign-in/email 200 in 117ms (next.js: 2ms, application-code: 115ms)
 POST /api/workspaces 201 in 22ms (next.js: 2.0ms, application-code: 20ms)
 POST /api/onboarding 200 in 21ms (next.js: 2ms, application-code: 19ms)
 GET /w/e2e-dbc90d/templates 200 in 72ms (next.js: 16ms, application-code: 56ms)
 GET /api/health 200 in 7ms (next.js: 2ms, application-code: 5ms)
 GET /api/workspaces/8f43ca23-2919-4ed9-8bb5-104436ce4755/connections 200 in 42ms (next.js: 29ms, application-code: 13ms)
 GET /api/workspaces/8f43ca23-2919-4ed9-8bb5-104436ce4755/ai 200 in 46ms (next.js: 14ms, application-code: 31ms)
 POST /api/workspaces/8f43ca23-2919-4ed9-8bb5-104436ce4755/ai/connections 201 in 68ms (next.js: 15ms, application-code: 53ms)
 PUT /api/workspaces/8f43ca23-2919-4ed9-8bb5-104436ce4755/ai/default-route 200 in 48ms (next.js: 16ms, application-code: 33ms)
 PUT /api/workspaces/8f43ca23-2919-4ed9-8bb5-104436ce4755/ai/policy 200 in 34ms (next.js: 17ms, application-code: 17ms)
 GET /w/e2e-dbc90d/templates 200 in 71ms (next.js: 17ms, application-code: 54ms)
 GET /api/health 200 in 7ms (next.js: 2.0ms, application-code: 5ms)
 GET /api/workspaces/8f43ca23-2919-4ed9-8bb5-104436ce4755/connections 200 in 14ms (next.js: 1.6ms, application-code: 12ms)
 GET /api/workspaces/8f43ca23-2919-4ed9-8bb5-104436ce4755/ai 200 in 27ms (next.js: 3ms, application-code: 25ms)
 POST /api/workspaces/8f43ca23-2919-4ed9-8bb5-104436ce4755/flows 201 in 41ms (next.js: 18ms, application-code: 23ms)
 GET /w/e2e-dbc90d/flows/6418bc23-f8ac-406b-98cd-30c7041449a2 200 in 39ms (next.js: 19ms, application-code: 20ms)
 GET /api/flows/6418bc23-f8ac-406b-98cd-30c7041449a2 200 in 41ms (next.js: 18ms, application-code: 24ms)
(node:43588) MaxListenersExceededWarning: Possible EventEmitter memory leak detected. 11 unpipe listeners added to [SyncWriteStream]. MaxListeners is 10. Use emitter.setMaxListeners() to increase limit
(node:43588) MaxListenersExceededWarning: Possible EventEmitter memory leak detected. 11 error listeners added to [SyncWriteStream]. MaxListeners is 10. Use emitter.setMaxListeners() to increase limit
(node:43588) MaxListenersExceededWarning: Possible EventEmitter memory leak detected. 11 close listeners added to [SyncWriteStream]. MaxListeners is 10. Use emitter.setMaxListeners() to increase limit
(node:43588) MaxListenersExceededWarning: Possible EventEmitter memory leak detected. 11 finish listeners added to [SyncWriteStream]. MaxListeners is 10. Use emitter.setMaxListeners() to increase limit
(node:43588) MaxListenersExceededWarning: Possible EventEmitter memory leak detected. 11 unpipe listeners added to [SyncWriteStream]. MaxListeners is 10. Use emitter.setMaxListeners() to increase limit
(node:43588) MaxListenersExceededWarning: Possible EventEmitter memory leak detected. 11 error listeners added to [SyncWriteStream]. MaxListeners is 10. Use emitter.setMaxListeners() to increase limit
(node:43588) MaxListenersExceededWarning: Possible EventEmitter memory leak detected. 11 close listeners added to [SyncWriteStream]. MaxListeners is 10. Use emitter.setMaxListeners() to increase limit
(node:43588) MaxListenersExceededWarning: Possible EventEmitter memory leak detected. 11 finish listeners added to [SyncWriteStream]. MaxListeners is 10. Use emitter.setMaxListeners() to increase limit
 GET /api/flows/6418bc23-f8ac-406b-98cd-30c7041449a2/publish 200 in 63ms (next.js: 18ms, application-code: 45ms)
 GET /api/flows/6418bc23-f8ac-406b-98cd-30c7041449a2/runs 200 in 47ms (next.js: 22ms, application-code: 25ms)
 POST /api/auth/sign-up/email 200 in 108ms (next.js: 19ms, application-code: 89ms)
 GET /api/test/outbox?email=e2e-2f67b192%40flowline-e2e.test 200 in 8ms (next.js: 2ms, application-code: 6ms)
 POST /api/email 200 in 22ms (next.js: 2ms, application-code: 20ms)
 POST /api/auth/sign-in/email 200 in 72ms (next.js: 3ms, application-code: 69ms)
 POST /api/workspaces 201 in 27ms (next.js: 1.9ms, application-code: 26ms)
 POST /api/onboarding 200 in 23ms (next.js: 2ms, application-code: 21ms)
 GET /w/e2e-490e5a/settings 200 in 67ms (next.js: 16ms, application-code: 51ms)
 GET /api/health 200 in 8ms (next.js: 3ms, application-code: 6ms)
 GET /api/workspaces/207fc3e2-8cd7-4bba-9f78-144bf1c08d63/members 200 in 53ms (next.js: 18ms, application-code: 35ms)
 GET /api/workspaces/207fc3e2-8cd7-4bba-9f78-144bf1c08d63/invites 200 in 54ms (next.js: 36ms, application-code: 18ms)
 PATCH /api/workspaces/207fc3e2-8cd7-4bba-9f78-144bf1c08d63 200 in 46ms (next.js: 20ms, application-code: 26ms)
 GET /w/e2e-490e5a/settings 200 in 81ms (next.js: 19ms, application-code: 62ms)
 GET /w/e2e-490e5a/settings 200 in 64ms (next.js: 3ms, application-code: 60ms)
 GET /api/health 200 in 7ms (next.js: 2ms, application-code: 5ms)
 GET /api/workspaces/207fc3e2-8cd7-4bba-9f78-144bf1c08d63/invites 200 in 18ms (next.js: 6ms, application-code: 12ms)
 GET /api/workspaces/207fc3e2-8cd7-4bba-9f78-144bf1c08d63/members 200 in 20ms (next.js: 2ms, application-code: 17ms)
 GET /api/workspaces/207fc3e2-8cd7-4bba-9f78-144bf1c08d63 200 in 31ms (next.js: 21ms, application-code: 10ms)
 GET /api/workspaces/207fc3e2-8cd7-4bba-9f78-144bf1c08d63/usage 200 in 33ms (next.js: 17ms, application-code: 17ms)
 POST /api/auth/sign-up/email 200 in 103ms (next.js: 18ms, application-code: 85ms)
 GET /api/test/outbox?email=e2e-658e3a46%40flowline-e2e.test 200 in 8ms (next.js: 1.9ms, application-code: 6ms)
 POST /api/email 200 in 21ms (next.js: 2ms, application-code: 18ms)
 POST /api/auth/sign-in/email 200 in 71ms (next.js: 1.7ms, application-code: 69ms)
 POST /api/workspaces 201 in 25ms (next.js: 2ms, application-code: 23ms)
 POST /api/onboarding 200 in 26ms (next.js: 1.7ms, application-code: 24ms)
 POST /api/workspaces/35783629-17b6-4bb6-89bb-2388df4d065e/ai/connections 201 in 72ms (next.js: 17ms, application-code: 55ms)
 PUT /api/workspaces/35783629-17b6-4bb6-89bb-2388df4d065e/ai/default-route 200 in 39ms (next.js: 15ms, application-code: 23ms)
 PUT /api/workspaces/35783629-17b6-4bb6-89bb-2388df4d065e/ai/policy 200 in 29ms (next.js: 14ms, application-code: 16ms)
 GET /w/e2e-991d59/integrations 200 in 64ms (next.js: 16ms, application-code: 48ms)
 GET /api/health 200 in 7ms (next.js: 2ms, application-code: 5ms)
 GET /api/workspaces/35783629-17b6-4bb6-89bb-2388df4d065e/connections 200 in 29ms (next.js: 15ms, application-code: 14ms)
 GET /api/integrations/catalog?workspaceId=35783629-17b6-4bb6-89bb-2388df4d065e 200 in 41ms (next.js: 2ms, application-code: 39ms)
 GET /api/workspaces/35783629-17b6-4bb6-89bb-2388df4d065e/oauth-apps/provenance?provider=google_sheets 200 in 47ms (next.js: 19ms, application-code: 29ms)
 POST /api/oauth/start 200 in 67ms (next.js: 39ms, application-code: 27ms)
 GET /api/oauth/callback?code=fake-code-fef603a29357&state=DGdnW-xML202J7OQZ7U0toJ6u6siNAlTtkOVFQ9ve_s 307 in 99ms (next.js: 40ms, application-code: 59ms)
 GET /w/e2e-991d59/integrations?oauth=connected&connection=d9b6bcc4-bfba-42ce-a432-80a15d1b141d 200 in 62ms (next.js: 15ms, application-code: 47ms)
 GET /api/health 200 in 7ms (next.js: 1.9ms, application-code: 5ms)
 GET /w/e2e-991d59/integrations 200 in 10ms (next.js: 4ms, application-code: 5ms)
 GET /api/workspaces/35783629-17b6-4bb6-89bb-2388df4d065e/connections 200 in 21ms (next.js: 2ms, application-code: 19ms)
 GET /api/integrations/catalog?workspaceId=35783629-17b6-4bb6-89bb-2388df4d065e 200 in 38ms (next.js: 4ms, application-code: 34ms)
 GET /w/e2e-991d59/integrations 200 in 12ms (next.js: 6ms, application-code: 6ms)
 GET /w/e2e-991d59/integrations 200 in 15ms (next.js: 3ms, application-code: 12ms)
 GET /w/e2e-991d59/integrations 200 in 16ms (next.js: 4ms, application-code: 13ms)
 GET /w/e2e-991d59/integrations 200 in 61ms (next.js: 3ms, application-code: 58ms)
 GET /api/health 200 in 8ms (next.js: 2ms, application-code: 6ms)
 GET /api/workspaces/35783629-17b6-4bb6-89bb-2388df4d065e/connections 200 in 15ms (next.js: 2ms, application-code: 13ms)
 GET /api/integrations/catalog?workspaceId=35783629-17b6-4bb6-89bb-2388df4d065e 200 in 28ms (next.js: 3ms, application-code: 25ms)
 GET /api/workspaces/35783629-17b6-4bb6-89bb-2388df4d065e/oauth-apps/provenance?provider=slack 200 in 16ms (next.js: 3ms, application-code: 13ms)
 POST /api/oauth/start 200 in 24ms (next.js: 2ms, application-code: 22ms)
 GET /api/oauth/callback?code=fake-code-2fa885af1722&state=-I-jHwmM4bMK7tB6n-Wc3z2Yi8__UhFgFXp1IP0YT08 307 in 54ms (next.js: 2ms, application-code: 52ms)
 GET /w/e2e-991d59/integrations?oauth=connected&connection=c0350b14-05ac-4379-8929-f4356dba085c 200 in 61ms (next.js: 16ms, application-code: 45ms)
 GET /api/health 200 in 7ms (next.js: 2ms, application-code: 5ms)
 GET /w/e2e-991d59/integrations 200 in 9ms (next.js: 4ms, application-code: 5ms)
 GET /api/workspaces/35783629-17b6-4bb6-89bb-2388df4d065e/connections 200 in 34ms (next.js: 15ms, application-code: 20ms)
 GET /api/integrations/catalog?workspaceId=35783629-17b6-4bb6-89bb-2388df4d065e 200 in 48ms (next.js: 3ms, application-code: 45ms)
 GET /w/e2e-991d59/integrations 200 in 10ms (next.js: 6ms, application-code: 4ms)
 GET /w/e2e-991d59/integrations 200 in 15ms (next.js: 3ms, application-code: 12ms)
 GET /w/e2e-991d59/integrations 200 in 16ms (next.js: 3ms, application-code: 13ms)
 GET /w/e2e-991d59/templates 200 in 80ms (next.js: 16ms, application-code: 64ms)
 GET /api/health 200 in 7ms (next.js: 2ms, application-code: 5ms)
 GET /api/workspaces/35783629-17b6-4bb6-89bb-2388df4d065e/connections 200 in 15ms (next.js: 2ms, application-code: 13ms)
 GET /api/workspaces/35783629-17b6-4bb6-89bb-2388df4d065e/ai 200 in 63ms (next.js: 16ms, application-code: 47ms)
 POST /api/workspaces/35783629-17b6-4bb6-89bb-2388df4d065e/flows 201 in 38ms (next.js: 18ms, application-code: 20ms)
 GET /w/e2e-991d59/flows/049fb82e-b5e6-4431-94f6-88463c0f59bb 200 in 32ms (next.js: 17ms, application-code: 15ms)
 GET /api/flows/049fb82e-b5e6-4431-94f6-88463c0f59bb 200 in 51ms (next.js: 19ms, application-code: 32ms)
 GET /api/flows/049fb82e-b5e6-4431-94f6-88463c0f59bb/publish 200 in 53ms (next.js: 18ms, application-code: 35ms)
 GET /api/flows/049fb82e-b5e6-4431-94f6-88463c0f59bb/runs 200 in 31ms (next.js: 17ms, application-code: 14ms)
 GET /api/integrations/catalog 200 in 18ms (next.js: 3ms, application-code: 15ms)
 PUT /api/flows/049fb82e-b5e6-4431-94f6-88463c0f59bb 200 in 44ms (next.js: 16ms, application-code: 28ms)
2026-09-29T10:18:15.222Z [worker] run 48ddff4b-b6ce-417a-a38e-bdd0ee3380b5 claimed
 POST /api/flows/049fb82e-b5e6-4431-94f6-88463c0f59bb/runs 202 in 54ms (next.js: 14ms, application-code: 40ms)
 GET /api/flows/049fb82e-b5e6-4431-94f6-88463c0f59bb/runs 200 in 36ms (next.js: 2ms, application-code: 34ms)
 GET /api/runs/48ddff4b-b6ce-417a-a38e-bdd0ee3380b5 200 in 38ms (next.js: 18ms, application-code: 20ms)
 GET /api/runs/48ddff4b-b6ce-417a-a38e-bdd0ee3380b5 200 in 25ms (next.js: 3ms, application-code: 23ms)
2026-09-29T10:18:16.162Z [worker] run 48ddff4b-b6ce-417a-a38e-bdd0ee3380b5 done
 GET /api/runs/48ddff4b-b6ce-417a-a38e-bdd0ee3380b5 200 in 33ms (next.js: 15ms, application-code: 18ms)
 GET /api/flows/049fb82e-b5e6-4431-94f6-88463c0f59bb/runs 200 in 32ms (next.js: 14ms, application-code: 18ms)
 GET /api/flows/049fb82e-b5e6-4431-94f6-88463c0f59bb/runs 200 in 14ms (next.js: 1.7ms, application-code: 12ms)
 GET /api/runs/48ddff4b-b6ce-417a-a38e-bdd0ee3380b5 200 in 22ms (next.js: 2ms, application-code: 19ms)
 GET /w/e2e-991d59/runs?run=48ddff4b-b6ce-417a-a38e-bdd0ee3380b5 200 in 28ms (next.js: 14ms, application-code: 13ms)
 GET /api/workspaces/35783629-17b6-4bb6-89bb-2388df4d065e/runs?limit=25 200 in 42ms (next.js: 17ms, application-code: 25ms)
 GET /api/runs/48ddff4b-b6ce-417a-a38e-bdd0ee3380b5/rerun-preview?fromNodeId=sheet&revision=original 200 in 40ms (next.js: 16ms, application-code: 23ms)
 POST /api/runs/48ddff4b-b6ce-417a-a38e-bdd0ee3380b5/rerun 202 in 73ms (next.js: 16ms, application-code: 57ms)
2026-09-29T10:18:18.116Z [worker] run 6aa7a350-2603-42fe-9985-dd16bc66dc89 claimed
 GET /api/workspaces/35783629-17b6-4bb6-89bb-2388df4d065e/runs?limit=25 200 in 54ms (next.js: 2ms, application-code: 52ms)
 GET /w/e2e-991d59/runs?run=6aa7a350-2603-42fe-9985-dd16bc66dc89 200 in 46ms (next.js: 25ms, application-code: 21ms)
 GET /api/flows/049fb82e-b5e6-4431-94f6-88463c0f59bb/runs 200 in 55ms (next.js: 18ms, application-code: 36ms)
 GET /api/runs/6aa7a350-2603-42fe-9985-dd16bc66dc89 200 in 41ms (next.js: 18ms, application-code: 24ms)
2026-09-29T10:18:18.250Z [worker] run 6aa7a350-2603-42fe-9985-dd16bc66dc89 done
 GET /api/flows/049fb82e-b5e6-4431-94f6-88463c0f59bb/runs 200 in 25ms (next.js: 3ms, application-code: 23ms)
 GET /api/flows/049fb82e-b5e6-4431-94f6-88463c0f59bb/runs 200 in 27ms (next.js: 2ms, application-code: 24ms)
 GET /api/runs/6aa7a350-2603-42fe-9985-dd16bc66dc89 200 in 31ms (next.js: 3ms, application-code: 28ms)
 GET /api/workspaces/35783629-17b6-4bb6-89bb-2388df4d065e/usage 200 in 30ms (next.js: 15ms, application-code: 16ms)
 POST /api/auth/sign-up/email 200 in 103ms (next.js: 17ms, application-code: 86ms)
 GET /api/test/outbox?email=e2e-4cc2f06e%40flowline-e2e.test 200 in 9ms (next.js: 2ms, application-code: 7ms)
 POST /api/email 200 in 26ms (next.js: 2ms, application-code: 23ms)
 POST /api/auth/sign-in/email 200 in 78ms (next.js: 2.0ms, application-code: 76ms)
 POST /api/workspaces 201 in 20ms (next.js: 2ms, application-code: 18ms)
 POST /api/onboarding 200 in 22ms (next.js: 2ms, application-code: 20ms)
 POST /api/workspaces/c1b9b47c-93cb-468a-aa41-86ff9e9785c5/flows 201 in 48ms (next.js: 15ms, application-code: 32ms)
 POST /api/workspaces/c1b9b47c-93cb-468a-aa41-86ff9e9785c5/connections 201 in 38ms (next.js: 15ms, application-code: 22ms)
 PUT /api/flows/9a6cd686-a621-4853-9cce-b5646f5447c6 200 in 38ms (next.js: 16ms, application-code: 22ms)
 GET /w/e2e-75e8b8/flows/9a6cd686-a621-4853-9cce-b5646f5447c6 200 in 69ms (next.js: 17ms, application-code: 52ms)
 GET /api/health 200 in 8ms (next.js: 2ms, application-code: 5ms)
 GET /api/flows/9a6cd686-a621-4853-9cce-b5646f5447c6 200 in 18ms (next.js: 2ms, application-code: 16ms)
 GET /api/flows/9a6cd686-a621-4853-9cce-b5646f5447c6/publish 200 in 60ms (next.js: 17ms, application-code: 43ms)
 GET /api/flows/9a6cd686-a621-4853-9cce-b5646f5447c6/runs 200 in 37ms (next.js: 19ms, application-code: 17ms)
2026-09-29T10:18:19.571Z [worker] run 3475156e-5aa6-4496-8ddb-e14dd5cf7d6c claimed
 POST /api/flows/9a6cd686-a621-4853-9cce-b5646f5447c6/runs 202 in 67ms (next.js: 4ms, application-code: 63ms)
 GET /api/flows/9a6cd686-a621-4853-9cce-b5646f5447c6/runs 200 in 43ms (next.js: 2ms, application-code: 40ms)
 GET /api/runs/3475156e-5aa6-4496-8ddb-e14dd5cf7d6c 200 in 44ms (next.js: 20ms, application-code: 24ms)
 GET /api/flows/9a6cd686-a621-4853-9cce-b5646f5447c6/runs 200 in 22ms (next.js: 2ms, application-code: 20ms)
 GET /api/runs/3475156e-5aa6-4496-8ddb-e14dd5cf7d6c 200 in 29ms (next.js: 3ms, application-code: 26ms)
 GET /api/runs/3475156e-5aa6-4496-8ddb-e14dd5cf7d6c 200 in 34ms (next.js: 14ms, application-code: 19ms)
 GET /api/flows/9a6cd686-a621-4853-9cce-b5646f5447c6/runs 200 in 28ms (next.js: 15ms, application-code: 13ms)
 GET /api/runs/3475156e-5aa6-4496-8ddb-e14dd5cf7d6c 200 in 29ms (next.js: 2ms, application-code: 26ms)
 GET /api/runs/3475156e-5aa6-4496-8ddb-e14dd5cf7d6c 200 in 33ms (next.js: 14ms, application-code: 19ms)
 GET /api/flows/9a6cd686-a621-4853-9cce-b5646f5447c6/runs 200 in 40ms (next.js: 15ms, application-code: 26ms)
 GET /api/runs/3475156e-5aa6-4496-8ddb-e14dd5cf7d6c 200 in 30ms (next.js: 2ms, application-code: 28ms)
 GET /api/runs/3475156e-5aa6-4496-8ddb-e14dd5cf7d6c 200 in 34ms (next.js: 14ms, application-code: 20ms)
 GET /api/flows/9a6cd686-a621-4853-9cce-b5646f5447c6/runs 200 in 29ms (next.js: 15ms, application-code: 14ms)
 GET /api/runs/3475156e-5aa6-4496-8ddb-e14dd5cf7d6c 200 in 27ms (next.js: 2ms, application-code: 24ms)
 GET /api/runs/3475156e-5aa6-4496-8ddb-e14dd5cf7d6c 200 in 32ms (next.js: 14ms, application-code: 18ms)
 GET /api/flows/9a6cd686-a621-4853-9cce-b5646f5447c6/runs 200 in 30ms (next.js: 15ms, application-code: 15ms)
 GET /api/runs/3475156e-5aa6-4496-8ddb-e14dd5cf7d6c 200 in 36ms (next.js: 2ms, application-code: 33ms)
 GET /api/runs/3475156e-5aa6-4496-8ddb-e14dd5cf7d6c 200 in 32ms (next.js: 16ms, application-code: 16ms)
 GET /api/flows/9a6cd686-a621-4853-9cce-b5646f5447c6/runs 200 in 29ms (next.js: 15ms, application-code: 14ms)
 GET /api/runs/3475156e-5aa6-4496-8ddb-e14dd5cf7d6c 200 in 23ms (next.js: 2ms, application-code: 20ms)
 GET /api/runs/3475156e-5aa6-4496-8ddb-e14dd5cf7d6c 200 in 46ms (next.js: 16ms, application-code: 30ms)
 GET /api/flows/9a6cd686-a621-4853-9cce-b5646f5447c6/runs 200 in 33ms (next.js: 16ms, application-code: 17ms)
 POST /api/runs/3475156e-5aa6-4496-8ddb-e14dd5cf7d6c/cancel 200 in 844ms (next.js: 814ms, application-code: 30ms)
 GET /api/runs/3475156e-5aa6-4496-8ddb-e14dd5cf7d6c 200 in 27ms (next.js: 2ms, application-code: 24ms)
2026-09-29T10:18:29.653Z [worker] run 3475156e-5aa6-4496-8ddb-e14dd5cf7d6c done
 GET /api/runs/3475156e-5aa6-4496-8ddb-e14dd5cf7d6c 200 in 42ms (next.js: 15ms, application-code: 27ms)
 GET /api/flows/9a6cd686-a621-4853-9cce-b5646f5447c6/runs 200 in 38ms (next.js: 15ms, application-code: 24ms)
 GET /api/flows/9a6cd686-a621-4853-9cce-b5646f5447c6/runs 200 in 14ms (next.js: 1.9ms, application-code: 12ms)
 GET /api/runs/3475156e-5aa6-4496-8ddb-e14dd5cf7d6c 200 in 30ms (next.js: 2ms, application-code: 28ms)
 POST /api/auth/sign-up/email 200 in 93ms (next.js: 15ms, application-code: 79ms)
 GET /api/test/outbox?email=e2e-2c6953aa%40flowline-e2e.test 200 in 8ms (next.js: 2ms, application-code: 6ms)
 POST /api/email 200 in 20ms (next.js: 1.9ms, application-code: 18ms)
 POST /api/auth/sign-in/email 200 in 96ms (next.js: 2.0ms, application-code: 94ms)
 POST /api/workspaces 201 in 24ms (next.js: 2ms, application-code: 22ms)
 POST /api/onboarding 200 in 22ms (next.js: 1.8ms, application-code: 20ms)
 POST /api/workspaces/c95681a4-3f12-4525-9590-e8b880e8994a/flows 201 in 29ms (next.js: 15ms, application-code: 15ms)
 POST /api/workspaces/c95681a4-3f12-4525-9590-e8b880e8994a/connections 201 in 47ms (next.js: 16ms, application-code: 31ms)
 PUT /api/flows/8144145a-7cc1-42e8-9236-20248f5f3cc1 200 in 46ms (next.js: 16ms, application-code: 29ms)
 GET /w/e2e-b14656/flows/8144145a-7cc1-42e8-9236-20248f5f3cc1 200 in 69ms (next.js: 16ms, application-code: 53ms)
 GET /api/health 200 in 8ms (next.js: 1.9ms, application-code: 6ms)
 GET /api/flows/8144145a-7cc1-42e8-9236-20248f5f3cc1 200 in 22ms (next.js: 2.0ms, application-code: 20ms)
 GET /api/flows/8144145a-7cc1-42e8-9236-20248f5f3cc1/publish 200 in 59ms (next.js: 16ms, application-code: 43ms)
 GET /api/flows/8144145a-7cc1-42e8-9236-20248f5f3cc1/runs 200 in 36ms (next.js: 17ms, application-code: 19ms)
2026-09-29T10:18:31.174Z [worker] run 712ee950-39c1-406e-858f-fbac02419020 claimed
 POST /api/flows/8144145a-7cc1-42e8-9236-20248f5f3cc1/runs 202 in 66ms (next.js: 3ms, application-code: 63ms)
2026-09-29T10:18:31.220Z [worker] run 712ee950-39c1-406e-858f-fbac02419020 done
 GET /api/flows/8144145a-7cc1-42e8-9236-20248f5f3cc1/runs 200 in 43ms (next.js: 2ms, application-code: 40ms)
 GET /api/runs/712ee950-39c1-406e-858f-fbac02419020 200 in 42ms (next.js: 19ms, application-code: 23ms)
2026-09-29T10:18:31.282Z [worker] platform notifications sent 20
 GET /w/e2e-b14656/runs?run=712ee950-39c1-406e-858f-fbac02419020 200 in 33ms (next.js: 19ms, application-code: 15ms)
 GET /api/workspaces/c95681a4-3f12-4525-9590-e8b880e8994a/runs?limit=25 200 in 43ms (next.js: 17ms, application-code: 26ms)
 GET /api/flows/8144145a-7cc1-42e8-9236-20248f5f3cc1/runs 200 in 36ms (next.js: 16ms, application-code: 20ms)
 GET /api/flows/8144145a-7cc1-42e8-9236-20248f5f3cc1/runs 200 in 20ms (next.js: 2ms, application-code: 18ms)
 GET /api/flows/8144145a-7cc1-42e8-9236-20248f5f3cc1/runs 200 in 20ms (next.js: 2ms, application-code: 18ms)
 POST /api/approvals/65c72a5f-e91c-49b2-9468-68314e9702f3/decide 200 in 867ms (next.js: 832ms, application-code: 35ms)
2026-09-29T10:18:33.188Z [worker] run 712ee950-39c1-406e-858f-fbac02419020 claimed
 GET /api/runs/712ee950-39c1-406e-858f-fbac02419020 200 in 34ms (next.js: 15ms, application-code: 19ms)
2026-09-29T10:18:33.248Z [worker] run 712ee950-39c1-406e-858f-fbac02419020 done
 GET /api/flows/8144145a-7cc1-42e8-9236-20248f5f3cc1/runs 200 in 42ms (next.js: 14ms, application-code: 28ms)
 POST /api/auth/sign-up/email 200 in 93ms (next.js: 14ms, application-code: 79ms)
 GET /api/test/outbox?email=e2e-6ddaae09%40flowline-e2e.test 200 in 8ms (next.js: 2.0ms, application-code: 6ms)
 POST /api/email 200 in 21ms (next.js: 2ms, application-code: 19ms)
 POST /api/auth/sign-in/email 200 in 66ms (next.js: 1.7ms, application-code: 64ms)
 POST /api/workspaces 201 in 31ms (next.js: 2ms, application-code: 29ms)
 POST /api/onboarding 200 in 21ms (next.js: 2ms, application-code: 19ms)
 POST /api/workspaces/6ab4844c-52a4-4a5d-920e-51d9438b4517/connections 201 in 35ms (next.js: 14ms, application-code: 21ms)
 POST /api/workspaces/6ab4844c-52a4-4a5d-920e-51d9438b4517/flows 201 in 36ms (next.js: 15ms, application-code: 21ms)
 PUT /api/flows/b5e800c4-6ea3-454f-883b-ebdfec884154 200 in 48ms (next.js: 16ms, application-code: 32ms)
 POST /api/workspaces/6ab4844c-52a4-4a5d-920e-51d9438b4517/flows 201 in 21ms (next.js: 2ms, application-code: 19ms)
 PUT /api/flows/747fc795-2c16-4b99-a4fa-7324b8f5d7fe 200 in 30ms (next.js: 3ms, application-code: 27ms)
 GET /w/e2e-2bac37/flows/b5e800c4-6ea3-454f-883b-ebdfec884154 200 in 66ms (next.js: 18ms, application-code: 48ms)
 GET /api/health 200 in 8ms (next.js: 2ms, application-code: 6ms)
 GET /api/flows/b5e800c4-6ea3-454f-883b-ebdfec884154 200 in 22ms (next.js: 3ms, application-code: 20ms)
 GET /api/flows/b5e800c4-6ea3-454f-883b-ebdfec884154/publish 200 in 56ms (next.js: 17ms, application-code: 39ms)
 GET /api/flows/b5e800c4-6ea3-454f-883b-ebdfec884154/runs 200 in 36ms (next.js: 18ms, application-code: 18ms)
2026-09-29T10:18:34.469Z [worker] run 4129fec3-325f-48ec-8eb2-9b3f2f71dd97 claimed
 POST /api/flows/b5e800c4-6ea3-454f-883b-ebdfec884154/runs 202 in 63ms (next.js: 2ms, application-code: 61ms)
 GET /api/flows/b5e800c4-6ea3-454f-883b-ebdfec884154/runs 200 in 41ms (next.js: 3ms, application-code: 38ms)
 GET /api/runs/4129fec3-325f-48ec-8eb2-9b3f2f71dd97 200 in 42ms (next.js: 18ms, application-code: 24ms)
2026-09-29T10:18:34.590Z [worker] run 4129fec3-325f-48ec-8eb2-9b3f2f71dd97 done
 GET /api/runs/4129fec3-325f-48ec-8eb2-9b3f2f71dd97 200 in 32ms (next.js: 3ms, application-code: 29ms)
 GET /api/flows/b5e800c4-6ea3-454f-883b-ebdfec884154/runs 200 in 40ms (next.js: 18ms, application-code: 22ms)
 GET /w/e2e-2bac37/flows 200 in 68ms (next.js: 17ms, application-code: 51ms)
 GET /api/health 200 in 7ms (next.js: 1.9ms, application-code: 5ms)
 GET /api/workspaces/6ab4844c-52a4-4a5d-920e-51d9438b4517/usage 200 in 67ms (next.js: 32ms, application-code: 35ms)
 GET /api/workspaces/6ab4844c-52a4-4a5d-920e-51d9438b4517/overview 200 in 76ms (next.js: 16ms, application-code: 60ms)
 GET /api/workspaces/6ab4844c-52a4-4a5d-920e-51d9438b4517/flows 200 in 73ms (next.js: 32ms, application-code: 41ms)
 POST /api/flows/747fc795-2c16-4b99-a4fa-7324b8f5d7fe/runs 202 in 66ms (next.js: 16ms, application-code: 50ms)
2026-09-29T10:18:36.213Z [worker] run 10cf07e1-29f9-4285-aa8c-47af1cde616a claimed
 GET /api/flows/747fc795-2c16-4b99-a4fa-7324b8f5d7fe/runs 200 in 23ms (next.js: 3ms, application-code: 20ms)
2026-09-29T10:18:36.251Z [worker] run 10cf07e1-29f9-4285-aa8c-47af1cde616a done
 GET /api/flows/747fc795-2c16-4b99-a4fa-7324b8f5d7fe/runs 200 in 24ms (next.js: 1.9ms, application-code: 22ms)
 GET /api/flows/b5e800c4-6ea3-454f-883b-ebdfec884154/runs 200 in 22ms (next.js: 2ms, application-code: 19ms)
 GET /w/e2e-2bac37/integrations 200 in 72ms (next.js: 16ms, application-code: 56ms)
 GET /api/health 200 in 8ms (next.js: 2ms, application-code: 6ms)
 GET /api/workspaces/6ab4844c-52a4-4a5d-920e-51d9438b4517/connections 200 in 31ms (next.js: 17ms, application-code: 15ms)
 GET /api/integrations/catalog?workspaceId=6ab4844c-52a4-4a5d-920e-51d9438b4517 200 in 48ms (next.js: 3ms, application-code: 45ms)
 GET /api/workspaces/6ab4844c-52a4-4a5d-920e-51d9438b4517/oauth-apps/provenance?provider=google_sheets 200 in 46ms (next.js: 26ms, application-code: 20ms)
 POST /api/oauth/start 200 in 42ms (next.js: 3ms, application-code: 40ms)
 GET /api/oauth/callback?code=fake-code-6c78fbce7442&state=sKilGZhU-r9HW-pglIDqK6hHZFV3CdTsznZxl3pNgIg 307 in 76ms (next.js: 2ms, application-code: 74ms)
 GET /w/e2e-2bac37/integrations?oauth=reconnected&connection=36a29b69-7a78-4177-a3cd-91db9a0bcf61 200 in 56ms (next.js: 3ms, application-code: 53ms)
 GET /api/health 200 in 20ms (next.js: 7ms, application-code: 12ms)
 GET /w/e2e-2bac37/integrations 200 in 41ms (next.js: 32ms, application-code: 9ms)
 GET /api/integrations/catalog?workspaceId=6ab4844c-52a4-4a5d-920e-51d9438b4517 200 in 73ms (next.js: 11ms, application-code: 62ms)
 GET /api/workspaces/6ab4844c-52a4-4a5d-920e-51d9438b4517/connections 200 in 48ms (next.js: 3ms, application-code: 44ms)
 GET /w/e2e-2bac37/flows 200 in 117ms (next.js: 17ms, application-code: 100ms)
 GET /api/health 200 in 8ms (next.js: 2ms, application-code: 6ms)
 GET /api/workspaces/6ab4844c-52a4-4a5d-920e-51d9438b4517/flows 200 in 33ms (next.js: 19ms, application-code: 14ms)
 GET /api/workspaces/6ab4844c-52a4-4a5d-920e-51d9438b4517/usage 200 in 72ms (next.js: 35ms, application-code: 38ms)
 GET /api/workspaces/6ab4844c-52a4-4a5d-920e-51d9438b4517/overview 200 in 81ms (next.js: 18ms, application-code: 63ms)
 GET /api/flows/b5e800c4-6ea3-454f-883b-ebdfec884154/runs 200 in 34ms (next.js: 18ms, application-code: 16ms)
 POST /api/auth/sign-up/email 200 in 108ms (next.js: 17ms, application-code: 91ms)
 GET /api/test/outbox?email=e2e-ce3f1fc2%40flowline-e2e.test 200 in 9ms (next.js: 3ms, application-code: 6ms)
 POST /api/email 200 in 21ms (next.js: 2.0ms, application-code: 19ms)
 POST /api/auth/sign-in/email 200 in 72ms (next.js: 1.8ms, application-code: 71ms)
 POST /api/workspaces 201 in 17ms (next.js: 2ms, application-code: 15ms)
 POST /api/onboarding 200 in 27ms (next.js: 1.8ms, application-code: 25ms)
 GET /w/e2e-335d6d/integrations 200 in 73ms (next.js: 17ms, application-code: 56ms)
 GET /api/health 200 in 8ms (next.js: 3ms, application-code: 6ms)
 GET /api/workspaces/8cd2ee02-81a0-4d91-8f1a-a5397a782f2f/connections 200 in 90ms (next.js: 17ms, application-code: 72ms)
 GET /api/integrations/catalog?workspaceId=8cd2ee02-81a0-4d91-8f1a-a5397a782f2f 200 in 105ms (next.js: 3ms, application-code: 102ms)
 GET /w/e2e-335d6d/templates 200 in 95ms (next.js: 20ms, application-code: 74ms)
 GET /api/health 200 in 7ms (next.js: 2ms, application-code: 5ms)
 GET /api/workspaces/8cd2ee02-81a0-4d91-8f1a-a5397a782f2f/connections 200 in 79ms (next.js: 19ms, application-code: 60ms)
 GET /api/workspaces/8cd2ee02-81a0-4d91-8f1a-a5397a782f2f/ai 200 in 89ms (next.js: 16ms, application-code: 74ms)
 GET /w/e2e-335d6d/runs 200 in 79ms (next.js: 20ms, application-code: 59ms)
 GET /api/health 200 in 7ms (next.js: 2ms, application-code: 5ms)
 GET /api/workspaces/8cd2ee02-81a0-4d91-8f1a-a5397a782f2f/runs?limit=25 200 in 80ms (next.js: 17ms, application-code: 63ms)
 GET /w/e2e-335d6d/settings 200 in 83ms (next.js: 18ms, application-code: 65ms)
 GET /api/health 200 in 7ms (next.js: 2ms, application-code: 5ms)
 GET /api/workspaces/8cd2ee02-81a0-4d91-8f1a-a5397a782f2f/invites 200 in 22ms (next.js: 17ms, application-code: 5ms)
 GET /api/workspaces/8cd2ee02-81a0-4d91-8f1a-a5397a782f2f/members 200 in 43ms (next.js: 18ms, application-code: 25ms)
 POST /api/auth/sign-up/email 200 in 110ms (next.js: 19ms, application-code: 91ms)
 GET /api/test/outbox?email=e2e-c548faa4%40flowline-e2e.test 200 in 9ms (next.js: 2ms, application-code: 6ms)
 POST /api/email 200 in 24ms (next.js: 2ms, application-code: 21ms)
 POST /api/auth/sign-in/email 200 in 73ms (next.js: 1.9ms, application-code: 71ms)
 POST /api/workspaces 201 in 23ms (next.js: 3ms, application-code: 20ms)
 POST /api/onboarding 200 in 25ms (next.js: 2ms, application-code: 23ms)
 GET /w/e2e-87e7bf/settings 200 in 52ms (next.js: 3ms, application-code: 49ms)
 GET /api/health 200 in 7ms (next.js: 2ms, application-code: 5ms)
 GET /api/workspaces/e0927ca9-2a19-4178-8830-7ea1756a0845/members 200 in 18ms (next.js: 2ms, application-code: 16ms)
 GET /api/workspaces/e0927ca9-2a19-4178-8830-7ea1756a0845/invites 200 in 19ms (next.js: 5ms, application-code: 13ms)
 POST /api/workspaces/e0927ca9-2a19-4178-8830-7ea1756a0845/invites 201 in 43ms (next.js: 2ms, application-code: 40ms)
 GET /api/workspaces/e0927ca9-2a19-4178-8830-7ea1756a0845/members 200 in 32ms (next.js: 17ms, application-code: 15ms)
 GET /api/workspaces/e0927ca9-2a19-4178-8830-7ea1756a0845/invites 200 in 34ms (next.js: 21ms, application-code: 13ms)
 POST /api/auth/sign-up/email 200 in 102ms (next.js: 18ms, application-code: 84ms)
 GET /api/test/outbox?email=viewer-7e1b6ba1%40flowline-e2e.test 200 in 10ms (next.js: 2ms, application-code: 8ms)
 POST /api/email 200 in 22ms (next.js: 1.8ms, application-code: 20ms)
 POST /api/auth/sign-in/email 200 in 70ms (next.js: 2ms, application-code: 68ms)
 GET /invite/W_uOo8mQuNYeSBPjsAdpswkznLmNeh_XzW11_6oIZhs 200 in 49ms (next.js: 15ms, application-code: 34ms)
 GET /api/invites/W_uOo8mQuNYeSBPjsAdpswkznLmNeh_XzW11_6oIZhs 200 in 39ms (next.js: 17ms, application-code: 22ms)
 POST /api/invites/W_uOo8mQuNYeSBPjsAdpswkznLmNeh_XzW11_6oIZhs 200 in 33ms (next.js: 2ms, application-code: 31ms)
 GET /w/e2e-87e7bf/flows 200 in 56ms (next.js: 17ms, application-code: 38ms)
 GET /api/health 200 in 10ms (next.js: 4ms, application-code: 7ms)
 GET /api/workspaces/e0927ca9-2a19-4178-8830-7ea1756a0845/flows 200 in 87ms (next.js: 51ms, application-code: 36ms)
 GET /api/workspaces/e0927ca9-2a19-4178-8830-7ea1756a0845/usage 200 in 89ms (next.js: 34ms, application-code: 55ms)
 POST /api/workspaces/e0927ca9-2a19-4178-8830-7ea1756a0845/connections 201 in 102ms (next.js: 67ms, application-code: 35ms)
 GET /api/workspaces/e0927ca9-2a19-4178-8830-7ea1756a0845/overview 200 in 118ms (next.js: 17ms, application-code: 101ms)
 POST /api/workspaces/e0927ca9-2a19-4178-8830-7ea1756a0845/flows 201 in 22ms (next.js: 3ms, application-code: 19ms)
 PUT /api/flows/21a42670-e089-49af-b684-00ba547f9eda 200 in 53ms (next.js: 17ms, application-code: 36ms)
 POST /api/flows/21a42670-e089-49af-b684-00ba547f9eda/runs 202 in 72ms (next.js: 16ms, application-code: 56ms)
2026-09-29T10:18:40.911Z [worker] run a48a66c3-e00a-45a3-a4da-309f5394cacd claimed
2026-09-29T10:18:40.956Z [worker] run a48a66c3-e00a-45a3-a4da-309f5394cacd done
 GET /api/runs/a48a66c3-e00a-45a3-a4da-309f5394cacd 200 in 51ms (next.js: 17ms, application-code: 33ms)
 GET /api/runs/a48a66c3-e00a-45a3-a4da-309f5394cacd 200 in 25ms (next.js: 2ms, application-code: 23ms)
 GET /w/e2e-87e7bf/runs?run=a48a66c3-e00a-45a3-a4da-309f5394cacd 200 in 64ms (next.js: 16ms, application-code: 48ms)
 GET /api/health 200 in 7ms (next.js: 2ms, application-code: 5ms)
 GET /api/workspaces/e0927ca9-2a19-4178-8830-7ea1756a0845/runs?limit=25 200 in 38ms (next.js: 18ms, application-code: 20ms)
 GET /api/runs/a48a66c3-e00a-45a3-a4da-309f5394cacd 200 in 48ms (next.js: 23ms, application-code: 24ms)
 GET /api/workspaces/e0927ca9-2a19-4178-8830-7ea1756a0845/approvals 200 in 845ms (next.js: 831ms, application-code: 14ms)
 POST /api/approvals/9e30e462-adcb-44ce-8d55-cc7ccca567e5/decide 403 in 22ms (next.js: 13ms, application-code: 9ms)
 GET /api/runs/a48a66c3-e00a-45a3-a4da-309f5394cacd 200 in 41ms (next.js: 14ms, application-code: 27ms)
 GET /w/e2e-87e7bf/settings 200 in 66ms (next.js: 14ms, application-code: 52ms)
 GET /api/health 200 in 7ms (next.js: 3ms, application-code: 4ms)
 GET /api/workspaces/e0927ca9-2a19-4178-8830-7ea1756a0845/invites 200 in 41ms (next.js: 31ms, application-code: 10ms)
 GET /api/workspaces/e0927ca9-2a19-4178-8830-7ea1756a0845/members 200 in 42ms (next.js: 15ms, application-code: 27ms)
 PATCH /api/workspaces/e0927ca9-2a19-4178-8830-7ea1756a0845/members/72bcccab-d840-445c-9e08-8c0b4c96edb0 200 in 840ms (next.js: 818ms, application-code: 22ms)
 GET /api/workspaces/e0927ca9-2a19-4178-8830-7ea1756a0845/members 200 in 44ms (next.js: 17ms, application-code: 27ms)
 GET /api/workspaces/e0927ca9-2a19-4178-8830-7ea1756a0845/invites 200 in 45ms (next.js: 34ms, application-code: 11ms)
 GET /w/e2e-87e7bf/runs?run=a48a66c3-e00a-45a3-a4da-309f5394cacd 200 in 61ms (next.js: 15ms, application-code: 47ms)
 GET /api/health 200 in 8ms (next.js: 2ms, application-code: 6ms)
 GET /api/workspaces/e0927ca9-2a19-4178-8830-7ea1756a0845/runs?limit=25 200 in 48ms (next.js: 16ms, application-code: 31ms)
 GET /api/runs/a48a66c3-e00a-45a3-a4da-309f5394cacd 200 in 57ms (next.js: 32ms, application-code: 24ms)
 GET /api/runs/a48a66c3-e00a-45a3-a4da-309f5394cacd 200 in 23ms (next.js: 3ms, application-code: 20ms)
 POST /api/approvals/9e30e462-adcb-44ce-8d55-cc7ccca567e5/decide 200 in 54ms (next.js: 17ms, application-code: 37ms)
2026-09-29T10:18:44.327Z [worker] run a48a66c3-e00a-45a3-a4da-309f5394cacd claimed
 GET /api/runs/a48a66c3-e00a-45a3-a4da-309f5394cacd 200 in 35ms (next.js: 3ms, application-code: 32ms)
2026-09-29T10:18:44.386Z [worker] run a48a66c3-e00a-45a3-a4da-309f5394cacd done
 GET /api/runs/a48a66c3-e00a-45a3-a4da-309f5394cacd 200 in 20ms (next.js: 2ms, application-code: 18ms)
 DELETE /api/workspaces/e0927ca9-2a19-4178-8830-7ea1756a0845/members/72bcccab-d840-445c-9e08-8c0b4c96edb0 200 in 42ms (next.js: 16ms, application-code: 26ms)
 GET /api/workspaces/e0927ca9-2a19-4178-8830-7ea1756a0845/members 200 in 45ms (next.js: 15ms, application-code: 30ms)
 GET /api/workspaces/e0927ca9-2a19-4178-8830-7ea1756a0845/invites 200 in 45ms (next.js: 32ms, application-code: 13ms)
 GET /api/workspaces/e0927ca9-2a19-4178-8830-7ea1756a0845/flows 404 in 43ms (next.js: 17ms, application-code: 26ms)
 GET /api/workspaces/e0927ca9-2a19-4178-8830-7ea1756a0845/audit 200 in 38ms (next.js: 17ms, application-code: 21ms)
 POST /api/auth/sign-up/email 200 in 100ms (next.js: 16ms, application-code: 83ms)
 GET /api/test/outbox?email=e2e-740bd750%40flowline-e2e.test 200 in 8ms (next.js: 2ms, application-code: 5ms)
 POST /api/email 200 in 23ms (next.js: 2ms, application-code: 20ms)
 POST /api/auth/sign-in/email 200 in 73ms (next.js: 2ms, application-code: 71ms)
 POST /api/workspaces 201 in 21ms (next.js: 2ms, application-code: 19ms)
 POST /api/onboarding 200 in 22ms (next.js: 2ms, application-code: 19ms)
 POST /api/workspaces/5b9e1f24-84cc-4e3b-99e5-ea19126adc1d/flows 201 in 21ms (next.js: 2ms, application-code: 19ms)
 GET /w/e2e-9f1d40/settings?tab=keys 200 in 64ms (next.js: 15ms, application-code: 48ms)
 GET /api/health 200 in 7ms (next.js: 2ms, application-code: 5ms)
 GET /api/workspaces/5b9e1f24-84cc-4e3b-99e5-ea19126adc1d/api-keys 200 in 29ms (next.js: 16ms, application-code: 13ms)
 POST /api/workspaces/5b9e1f24-84cc-4e3b-99e5-ea19126adc1d/api-keys 201 in 24ms (next.js: 2ms, application-code: 22ms)
 GET /api/workspaces/5b9e1f24-84cc-4e3b-99e5-ea19126adc1d/api-keys 200 in 29ms (next.js: 2ms, application-code: 27ms)
 GET /api/v1/flows 403 in 64ms (next.js: 47ms, application-code: 17ms)
 GET /api/workspaces/5b9e1f24-84cc-4e3b-99e5-ea19126adc1d/flows 200 in 35ms (next.js: 18ms, application-code: 18ms)
 POST /api/v1/flows/e7375d74-8981-4318-9c85-d75736bfc224/runs 202 in 874ms (next.js: 835ms, application-code: 39ms)
2026-09-29T10:18:46.957Z [worker] run 46b77aaa-b42e-4a75-9378-7ca0220ba4d0 claimed
2026-09-29T10:18:47.006Z [worker] run 46b77aaa-b42e-4a75-9378-7ca0220ba4d0 done
 GET /w/e2e-9f1d40/settings?tab=keys 200 in 64ms (next.js: 16ms, application-code: 48ms)
 GET /api/health 200 in 7ms (next.js: 2ms, application-code: 5ms)
 GET /api/workspaces/5b9e1f24-84cc-4e3b-99e5-ea19126adc1d/api-keys 200 in 30ms (next.js: 14ms, application-code: 16ms)
 DELETE /api/workspaces/5b9e1f24-84cc-4e3b-99e5-ea19126adc1d/api-keys/29ac8419-d938-4689-a568-f35e3fca8dfb 200 in 831ms (next.js: 813ms, application-code: 18ms)
 GET /api/workspaces/5b9e1f24-84cc-4e3b-99e5-ea19126adc1d/api-keys 200 in 34ms (next.js: 21ms, application-code: 13ms)
 GET /api/workspaces/5b9e1f24-84cc-4e3b-99e5-ea19126adc1d/flows 200 in 35ms (next.js: 16ms, application-code: 19ms)
 POST /api/v1/flows/e7375d74-8981-4318-9c85-d75736bfc224/runs 401 in 20ms (next.js: 15ms, application-code: 5ms)
 POST /api/auth/sign-up/email 200 in 106ms (next.js: 17ms, application-code: 90ms)
 GET /api/test/outbox?email=e2e-b28307dc%40flowline-e2e.test 200 in 8ms (next.js: 1.8ms, application-code: 6ms)
 POST /api/email 200 in 20ms (next.js: 1.9ms, application-code: 18ms)
 POST /api/auth/sign-in/email 200 in 69ms (next.js: 3ms, application-code: 66ms)
 POST /api/workspaces 201 in 19ms (next.js: 1.8ms, application-code: 17ms)
 POST /api/onboarding 200 in 19ms (next.js: 1.7ms, application-code: 17ms)
 POST /api/workspaces/61f15645-b0e8-442d-b915-45611702f9fa/ai/connections 201 in 60ms (next.js: 15ms, application-code: 45ms)
 PUT /api/workspaces/61f15645-b0e8-442d-b915-45611702f9fa/ai/default-route 200 in 37ms (next.js: 15ms, application-code: 23ms)
 PUT /api/workspaces/61f15645-b0e8-442d-b915-45611702f9fa/ai/policy 200 in 40ms (next.js: 16ms, application-code: 25ms)
 POST /api/workspaces/61f15645-b0e8-442d-b915-45611702f9fa/flows 201 in 24ms (next.js: 2ms, application-code: 22ms)
 PUT /api/flows/81e56ea6-f2d2-41b7-a801-ba45fb4a1d97 200 in 36ms (next.js: 17ms, application-code: 18ms)
 POST /api/flows/81e56ea6-f2d2-41b7-a801-ba45fb4a1d97/publish 201 in 49ms (next.js: 18ms, application-code: 31ms)
 GET /w/e2e-8b90f5/knowledge 200 in 70ms (next.js: 18ms, application-code: 52ms)
 GET /api/health 200 in 8ms (next.js: 3ms, application-code: 6ms)
 GET /api/workspaces/61f15645-b0e8-442d-b915-45611702f9fa/knowledge 200 in 36ms (next.js: 19ms, application-code: 17ms)
 POST /api/workspaces/61f15645-b0e8-442d-b915-45611702f9fa/knowledge 201 in 37ms (next.js: 4ms, application-code: 33ms)
2026-09-29T10:18:49.776Z [worker] knowledge source indexed
 GET /api/workspaces/61f15645-b0e8-442d-b915-45611702f9fa/knowledge 200 in 17ms (next.js: 2ms, application-code: 15ms)
 GET /w/e2e-8b90f5/agents 200 in 81ms (next.js: 22ms, application-code: 59ms)
 GET /api/health 200 in 8ms (next.js: 2ms, application-code: 5ms)
 GET /api/workspaces/61f15645-b0e8-442d-b915-45611702f9fa/agents 200 in 38ms (next.js: 19ms, application-code: 19ms)
 GET /w/e2e-8b90f5/agents/new 200 in 31ms (next.js: 18ms, application-code: 13ms)
 GET /api/workspaces/61f15645-b0e8-442d-b915-45611702f9fa/flows 200 in 60ms (next.js: 36ms, application-code: 24ms)
 GET /api/workspaces/61f15645-b0e8-442d-b915-45611702f9fa/knowledge 200 in 25ms (next.js: 3ms, application-code: 21ms)
 GET /api/workspaces/61f15645-b0e8-442d-b915-45611702f9fa/ai 200 in 75ms (next.js: 17ms, application-code: 58ms)
 GET /api/workspaces/61f15645-b0e8-442d-b915-45611702f9fa/ai/models 200 in 46ms (next.js: 20ms, application-code: 27ms)
 POST /api/workspaces/61f15645-b0e8-442d-b915-45611702f9fa/agents 201 in 38ms (next.js: 3ms, application-code: 35ms)
 GET /w/e2e-8b90f5/agents/7698f521-8070-4d68-a8ca-5f2f34429c1f 200 in 37ms (next.js: 21ms, application-code: 16ms)
 GET /api/agents/7698f521-8070-4d68-a8ca-5f2f34429c1f 200 in 42ms (next.js: 19ms, application-code: 23ms)
 GET /api/agents/7698f521-8070-4d68-a8ca-5f2f34429c1f/runs 200 in 899ms (next.js: 876ms, application-code: 24ms)
 POST /api/agents/7698f521-8070-4d68-a8ca-5f2f34429c1f/runs 202 in 840ms (next.js: 798ms, application-code: 42ms)
2026-09-29T10:18:51.528Z [worker] agent run a455f053-2d43-4dd6-8c27-caaf46573e0e claimed
2026-09-29T10:18:51.638Z [worker] agent run a455f053-2d43-4dd6-8c27-caaf46573e0e succeeded
 GET /api/agent-runs/a455f053-2d43-4dd6-8c27-caaf46573e0e 200 in 827ms (next.js: 808ms, application-code: 19ms)
 POST /api/agents/7698f521-8070-4d68-a8ca-5f2f34429c1f/runs 202 in 46ms (next.js: 14ms, application-code: 31ms)
2026-09-29T10:18:52.630Z [worker] agent run bee4e061-21b0-47a7-8924-fb12f7ccb91d claimed
 GET /api/agent-runs/bee4e061-21b0-47a7-8924-fb12f7ccb91d 200 in 38ms (next.js: 15ms, application-code: 23ms)
2026-09-29T10:18:52.691Z [worker] agent run bee4e061-21b0-47a7-8924-fb12f7ccb91d waiting for approval
 GET /api/agent-runs/bee4e061-21b0-47a7-8924-fb12f7ccb91d 200 in 41ms (next.js: 14ms, application-code: 27ms)
 POST /api/approvals/71053bd8-6677-4eda-a4b0-7b26ab259b9b/decide 200 in 55ms (next.js: 15ms, application-code: 41ms)
2026-09-29T10:18:53.969Z [worker] agent run bee4e061-21b0-47a7-8924-fb12f7ccb91d claimed
 GET /api/agents/7698f521-8070-4d68-a8ca-5f2f34429c1f/runs 200 in 32ms (next.js: 20ms, application-code: 12ms)
2026-09-29T10:18:54.032Z [worker] run 4e8eaa6e-94da-4e91-a4a9-ff93c73783ae claimed
 GET /api/agent-runs/bee4e061-21b0-47a7-8924-fb12f7ccb91d 200 in 85ms (next.js: 2ms, application-code: 83ms)
2026-09-29T10:18:54.077Z [worker] run 4e8eaa6e-94da-4e91-a4a9-ff93c73783ae done
2026-09-29T10:18:54.584Z [worker] agent run bee4e061-21b0-47a7-8924-fb12f7ccb91d succeeded
 GET /api/agent-runs/bee4e061-21b0-47a7-8924-fb12f7ccb91d 200 in 41ms (next.js: 14ms, application-code: 27ms)
 GET /api/flows/81e56ea6-f2d2-41b7-a801-ba45fb4a1d97/runs 200 in 35ms (next.js: 14ms, application-code: 20ms)
 POST /api/auth/sign-up/email 200 in 97ms (next.js: 15ms, application-code: 83ms)
 GET /api/test/outbox?email=e2e-7f80d6e8%40flowline-e2e.test 200 in 8ms (next.js: 1.8ms, application-code: 6ms)
 POST /api/email 200 in 22ms (next.js: 2ms, application-code: 20ms)
 POST /api/auth/sign-in/email 200 in 69ms (next.js: 1.9ms, application-code: 67ms)
 POST /api/workspaces 201 in 16ms (next.js: 1.8ms, application-code: 15ms)
 POST /api/onboarding 200 in 28ms (next.js: 1.8ms, application-code: 26ms)
 POST /api/workspaces/35439fe5-87dc-498e-b9f8-74e77165b2ed/ai/connections 201 in 59ms (next.js: 15ms, application-code: 44ms)
 PUT /api/workspaces/35439fe5-87dc-498e-b9f8-74e77165b2ed/ai/default-route 200 in 31ms (next.js: 14ms, application-code: 16ms)
 PUT /api/workspaces/35439fe5-87dc-498e-b9f8-74e77165b2ed/ai/policy 200 in 29ms (next.js: 14ms, application-code: 15ms)
 GET /w/e2e-eb29ef/flows 200 in 70ms (next.js: 18ms, application-code: 52ms)
 GET /api/health 200 in 11ms (next.js: 3ms, application-code: 8ms)
 GET /api/workspaces/35439fe5-87dc-498e-b9f8-74e77165b2ed/usage 200 in 78ms (next.js: 39ms, application-code: 39ms)
 GET /api/workspaces/35439fe5-87dc-498e-b9f8-74e77165b2ed/flows 200 in 37ms (next.js: 19ms, application-code: 17ms)
 GET /api/workspaces/35439fe5-87dc-498e-b9f8-74e77165b2ed/overview 200 in 103ms (next.js: 21ms, application-code: 82ms)
 POST /api/workspaces/35439fe5-87dc-498e-b9f8-74e77165b2ed/copilot 201 in 1074ms (next.js: 931ms, application-code: 144ms)
 POST /api/workspaces/35439fe5-87dc-498e-b9f8-74e77165b2ed/copilot/9cb2e237-4d63-4718-bb8f-6d3a38aa0d9c 200 in 860ms (next.js: 837ms, application-code: 23ms)
 GET /api/workspaces/35439fe5-87dc-498e-b9f8-74e77165b2ed/flows 200 in 34ms (next.js: 15ms, application-code: 19ms)
 POST /api/workspaces/35439fe5-87dc-498e-b9f8-74e77165b2ed/copilot 201 in 113ms (next.js: 15ms, application-code: 99ms)
 POST /api/workspaces/35439fe5-87dc-498e-b9f8-74e77165b2ed/copilot/18c333e2-4641-4ebd-95d9-3c5f02957fb4 200 in 52ms (next.js: 16ms, application-code: 36ms)
 GET /w/e2e-eb29ef/flows/835489f3-d866-4196-b609-f8826b4e3b9d 200 in 31ms (next.js: 17ms, application-code: 15ms)
 GET /api/flows/835489f3-d866-4196-b609-f8826b4e3b9d 200 in 39ms (next.js: 16ms, application-code: 22ms)
 GET /api/flows/835489f3-d866-4196-b609-f8826b4e3b9d/runs 200 in 32ms (next.js: 17ms, application-code: 15ms)
 GET /api/flows/835489f3-d866-4196-b609-f8826b4e3b9d/publish 200 in 57ms (next.js: 17ms, application-code: 40ms)
 GET /api/workspaces/35439fe5-87dc-498e-b9f8-74e77165b2ed/flows 200 in 18ms (next.js: 3ms, application-code: 16ms)
 GET /api/flows/835489f3-d866-4196-b609-f8826b4e3b9d/runs 200 in 24ms (next.js: 2ms, application-code: 21ms)
 POST /api/auth/sign-up/email 200 in 108ms (next.js: 17ms, application-code: 90ms)
 GET /api/test/outbox?email=e2e-cc8fb8bc%40flowline-e2e.test 200 in 9ms (next.js: 1.9ms, application-code: 7ms)
 POST /api/email 200 in 22ms (next.js: 1.8ms, application-code: 21ms)
 POST /api/auth/sign-in/email 200 in 71ms (next.js: 1.9ms, application-code: 69ms)
 POST /api/workspaces 201 in 27ms (next.js: 2ms, application-code: 25ms)
 POST /api/onboarding 200 in 21ms (next.js: 3ms, application-code: 18ms)
 POST /api/workspaces/33f139c3-c192-4f77-b121-c5c9912b3fa5/flows 201 in 30ms (next.js: 15ms, application-code: 16ms)
 POST /api/workspaces/33f139c3-c192-4f77-b121-c5c9912b3fa5/ai/connections 201 in 81ms (next.js: 16ms, application-code: 65ms)
 PUT /api/workspaces/33f139c3-c192-4f77-b121-c5c9912b3fa5/ai/default-route 200 in 42ms (next.js: 18ms, application-code: 24ms)
 PUT /api/workspaces/33f139c3-c192-4f77-b121-c5c9912b3fa5/ai/policy 200 in 34ms (next.js: 18ms, application-code: 16ms)
 GET /w/e2e-87620d/flows/c644ef7c-d95f-43df-8071-e424198d3c0d 200 in 77ms (next.js: 18ms, application-code: 60ms)
 GET /api/health 200 in 8ms (next.js: 2ms, application-code: 6ms)
 GET /api/flows/c644ef7c-d95f-43df-8071-e424198d3c0d 200 in 30ms (next.js: 18ms, application-code: 13ms)
 GET /api/flows/c644ef7c-d95f-43df-8071-e424198d3c0d/publish 200 in 60ms (next.js: 20ms, application-code: 40ms)
 GET /api/flows/c644ef7c-d95f-43df-8071-e424198d3c0d/runs 200 in 36ms (next.js: 18ms, application-code: 17ms)
 POST /api/flows/c644ef7c-d95f-43df-8071-e424198d3c0d/copilot 201 in 1026ms (next.js: 892ms, application-code: 134ms)
 POST /api/flows/c644ef7c-d95f-43df-8071-e424198d3c0d/copilot 201 in 41ms (next.js: 14ms, application-code: 27ms)
 GET /api/flows/c644ef7c-d95f-43df-8071-e424198d3c0d 200 in 39ms (next.js: 15ms, application-code: 24ms)
 POST /api/flows/c644ef7c-d95f-43df-8071-e424198d3c0d/copilot 201 in 80ms (next.js: 2ms, application-code: 78ms)
 POST /api/flows/c644ef7c-d95f-43df-8071-e424198d3c0d/copilot/072f660e-dca8-46ef-92a1-7e04ce51f2b5 200 in 881ms (next.js: 853ms, application-code: 28ms)
 GET /api/flows/c644ef7c-d95f-43df-8071-e424198d3c0d 200 in 33ms (next.js: 14ms, application-code: 19ms)
 POST /api/auth/sign-up/email 200 in 96ms (next.js: 17ms, application-code: 79ms)
 GET /api/test/outbox?email=e2e-3737598f%40flowline-e2e.test 200 in 7ms (next.js: 2ms, application-code: 5ms)
 POST /api/email 200 in 20ms (next.js: 2ms, application-code: 18ms)
 POST /api/auth/sign-in/email 200 in 68ms (next.js: 3ms, application-code: 65ms)
 POST /api/workspaces 201 in 31ms (next.js: 2.0ms, application-code: 29ms)
 POST /api/onboarding 200 in 23ms (next.js: 2.0ms, application-code: 21ms)
 POST /api/workspaces/20a63a01-ebe7-4d7e-890f-c6f9e841f4dc/flows 201 in 27ms (next.js: 14ms, application-code: 12ms)
 POST /api/workspaces/20a63a01-ebe7-4d7e-890f-c6f9e841f4dc/ai/connections 201 in 61ms (next.js: 14ms, application-code: 47ms)
 PUT /api/workspaces/20a63a01-ebe7-4d7e-890f-c6f9e841f4dc/ai/default-route 200 in 35ms (next.js: 17ms, application-code: 18ms)
 PUT /api/workspaces/20a63a01-ebe7-4d7e-890f-c6f9e841f4dc/ai/policy 200 in 42ms (next.js: 16ms, application-code: 27ms)
 GET /w/e2e-e62964/flows/a6231fe0-ab0e-4bc9-a223-ca0212b1b0f9 200 in 80ms (next.js: 17ms, application-code: 63ms)
 GET /api/health 200 in 8ms (next.js: 2ms, application-code: 6ms)
 GET /api/flows/a6231fe0-ab0e-4bc9-a223-ca0212b1b0f9 200 in 29ms (next.js: 15ms, application-code: 13ms)
 GET /api/flows/a6231fe0-ab0e-4bc9-a223-ca0212b1b0f9/publish 200 in 57ms (next.js: 19ms, application-code: 38ms)
 GET /api/flows/a6231fe0-ab0e-4bc9-a223-ca0212b1b0f9/runs 200 in 34ms (next.js: 18ms, application-code: 16ms)
 POST /api/flows/a6231fe0-ab0e-4bc9-a223-ca0212b1b0f9/copilot 201 in 125ms (next.js: 17ms, application-code: 108ms)
 POST /api/flows/a6231fe0-ab0e-4bc9-a223-ca0212b1b0f9/copilot/4277040b-e6ae-427e-bb20-ff6fc6d7eb56 200 in 49ms (next.js: 15ms, application-code: 34ms)
 GET /w/e2e-e62964/flows/a6231fe0-ab0e-4bc9-a223-ca0212b1b0f9 200 in 68ms (next.js: 15ms, application-code: 53ms)
 GET /api/health 200 in 7ms (next.js: 2ms, application-code: 5ms)
 GET /api/flows/a6231fe0-ab0e-4bc9-a223-ca0212b1b0f9 200 in 26ms (next.js: 3ms, application-code: 23ms)
 GET /api/flows/a6231fe0-ab0e-4bc9-a223-ca0212b1b0f9/publish 200 in 23ms (next.js: 2ms, application-code: 21ms)
 GET /api/flows/a6231fe0-ab0e-4bc9-a223-ca0212b1b0f9/runs 200 in 17ms (next.js: 2ms, application-code: 14ms)
 GET /w/e2e-e62964/flows/a6231fe0-ab0e-4bc9-a223-ca0212b1b0f9 200 in 55ms (next.js: 3ms, application-code: 52ms)
 GET /api/health 200 in 8ms (next.js: 3ms, application-code: 5ms)
 GET /api/flows/a6231fe0-ab0e-4bc9-a223-ca0212b1b0f9 200 in 43ms (next.js: 16ms, application-code: 27ms)
 GET /api/flows/a6231fe0-ab0e-4bc9-a223-ca0212b1b0f9/publish 200 in 56ms (next.js: 19ms, application-code: 38ms)
 GET /api/flows/a6231fe0-ab0e-4bc9-a223-ca0212b1b0f9/runs 200 in 35ms (next.js: 21ms, application-code: 15ms)
 POST /api/flows/a6231fe0-ab0e-4bc9-a223-ca0212b1b0f9/copilot 201 in 103ms (next.js: 4ms, application-code: 100ms)
 POST /api/flows/a6231fe0-ab0e-4bc9-a223-ca0212b1b0f9/copilot/48d61944-8677-40e5-bbc5-dec7371a4e11 200 in 27ms (next.js: 2ms, application-code: 25ms)
 GET /w/e2e-e62964/flows/a6231fe0-ab0e-4bc9-a223-ca0212b1b0f9 200 in 71ms (next.js: 19ms, application-code: 52ms)
 GET /api/health 200 in 8ms (next.js: 3ms, application-code: 6ms)
 GET /api/flows/a6231fe0-ab0e-4bc9-a223-ca0212b1b0f9 200 in 21ms (next.js: 2ms, application-code: 19ms)
 GET /api/flows/a6231fe0-ab0e-4bc9-a223-ca0212b1b0f9/publish 200 in 23ms (next.js: 3ms, application-code: 20ms)
 GET /api/flows/a6231fe0-ab0e-4bc9-a223-ca0212b1b0f9/runs 200 in 17ms (next.js: 3ms, application-code: 14ms)
 POST /api/auth/sign-up/email 200 in 103ms (next.js: 16ms, application-code: 87ms)
 GET /api/test/outbox?email=e2e-556db04f%40flowline-e2e.test 200 in 10ms (next.js: 3ms, application-code: 7ms)
 POST /api/email 200 in 20ms (next.js: 1.8ms, application-code: 18ms)
 POST /api/auth/sign-in/email 200 in 70ms (next.js: 1.9ms, application-code: 68ms)
 POST /api/workspaces 201 in 18ms (next.js: 3ms, application-code: 15ms)
 POST /api/onboarding 200 in 25ms (next.js: 1.8ms, application-code: 23ms)
 GET /w/e2e-0c3ae2/settings?tab=plan 200 in 63ms (next.js: 15ms, application-code: 48ms)
 GET /api/health 200 in 18ms (next.js: 3ms, application-code: 15ms)
 GET /api/workspaces/9ad0f5a1-2c92-4ae7-8ef4-4d6f2e6e4045/billing 200 in 41ms (next.js: 17ms, application-code: 24ms)
 POST /api/workspaces/9ad0f5a1-2c92-4ae7-8ef4-4d6f2e6e4045/billing/checkout 200 in 872ms (next.js: 831ms, application-code: 40ms)
 POST /api/billing/webhook 200 in 49ms (next.js: 28ms, application-code: 21ms)
 POST /api/billing/webhook 200 in 22ms (next.js: 1.9ms, application-code: 20ms)
 GET /w/e2e-0c3ae2/settings?billing=success 200 in 58ms (next.js: 15ms, application-code: 43ms)
 GET /api/health 200 in 8ms (next.js: 2ms, application-code: 5ms)
 GET /api/workspaces/9ad0f5a1-2c92-4ae7-8ef4-4d6f2e6e4045/billing 200 in 43ms (next.js: 16ms, application-code: 27ms)
 GET /api/workspaces/9ad0f5a1-2c92-4ae7-8ef4-4d6f2e6e4045/billing 200 in 36ms (next.js: 2ms, application-code: 34ms)
 POST /api/auth/sign-up/email 200 in 94ms (next.js: 16ms, application-code: 79ms)
 GET /api/test/outbox?email=e2e-883dd1b7%40flowline-e2e.test 200 in 8ms (next.js: 2ms, application-code: 5ms)
 POST /api/email 200 in 20ms (next.js: 2.0ms, application-code: 18ms)
 POST /api/auth/sign-in/email 200 in 70ms (next.js: 3ms, application-code: 67ms)
 POST /api/workspaces 201 in 27ms (next.js: 1.9ms, application-code: 25ms)
 POST /api/onboarding 200 in 20ms (next.js: 2ms, application-code: 18ms)
 POST /api/workspaces/09ef9928-7611-4afa-ba09-8755c654de01/flows 201 in 31ms (next.js: 14ms, application-code: 17ms)
 GET /api/flows/35317a11-acfe-434f-97e3-2f0bc9da81db 200 in 34ms (next.js: 14ms, application-code: 20ms)
 POST /api/flows/35317a11-acfe-434f-97e3-2f0bc9da81db/publish 201 in 50ms (next.js: 15ms, application-code: 34ms)
 PUT /api/flows/35317a11-acfe-434f-97e3-2f0bc9da81db 200 in 36ms (next.js: 3ms, application-code: 33ms)
 GET /w/e2e-f5885c/flows/35317a11-acfe-434f-97e3-2f0bc9da81db 200 in 66ms (next.js: 16ms, application-code: 49ms)
 GET /api/health 200 in 7ms (next.js: 2ms, application-code: 5ms)
 GET /api/flows/35317a11-acfe-434f-97e3-2f0bc9da81db 200 in 16ms (next.js: 2ms, application-code: 14ms)
 GET /api/flows/35317a11-acfe-434f-97e3-2f0bc9da81db/publish 200 in 40ms (next.js: 2ms, application-code: 38ms)
 GET /api/flows/35317a11-acfe-434f-97e3-2f0bc9da81db/runs 200 in 37ms (next.js: 19ms, application-code: 17ms)
 GET /api/flows/35317a11-acfe-434f-97e3-2f0bc9da81db/versions 200 in 34ms (next.js: 21ms, application-code: 14ms)
 GET /api/flows/35317a11-acfe-434f-97e3-2f0bc9da81db/publish 200 in 37ms (next.js: 2ms, application-code: 34ms)
 GET /api/flows/35317a11-acfe-434f-97e3-2f0bc9da81db/versions/6d11d2ec-e204-4901-8cb3-46845ae087c4 200 in 870ms (next.js: 848ms, application-code: 22ms)
 POST /api/flows/35317a11-acfe-434f-97e3-2f0bc9da81db/versions/6d11d2ec-e204-4901-8cb3-46845ae087c4/restore 200 in 861ms (next.js: 831ms, application-code: 30ms)
 GET /w/e2e-f5885c/flows/35317a11-acfe-434f-97e3-2f0bc9da81db 200 in 70ms (next.js: 15ms, application-code: 56ms)
 GET /api/health 200 in 7ms (next.js: 3ms, application-code: 5ms)
 GET /api/flows/35317a11-acfe-434f-97e3-2f0bc9da81db 200 in 36ms (next.js: 16ms, application-code: 20ms)
 GET /api/flows/35317a11-acfe-434f-97e3-2f0bc9da81db/publish 200 in 58ms (next.js: 25ms, application-code: 33ms)
 GET /api/flows/35317a11-acfe-434f-97e3-2f0bc9da81db/runs 200 in 31ms (next.js: 17ms, application-code: 14ms)
 POST /api/auth/sign-up/email 200 in 98ms (next.js: 16ms, application-code: 82ms)
 GET /api/test/outbox?email=e2e-c3003332%40flowline-e2e.test 200 in 9ms (next.js: 2ms, application-code: 7ms)
 POST /api/email 200 in 21ms (next.js: 2ms, application-code: 19ms)
 POST /api/auth/sign-in/email 200 in 72ms (next.js: 2ms, application-code: 70ms)
 POST /api/workspaces 201 in 35ms (next.js: 1.9ms, application-code: 33ms)
 POST /api/onboarding 200 in 15ms (next.js: 2ms, application-code: 12ms)
 POST /api/workspaces/d21967b2-9ecd-4e01-b9b9-d1f5a6727dc6/flows 201 in 31ms (next.js: 15ms, application-code: 17ms)
 GET /w/e2e-21e6a4/agents 200 in 65ms (next.js: 15ms, application-code: 50ms)
 GET /api/health 200 in 9ms (next.js: 3ms, application-code: 6ms)
 GET /api/workspaces/d21967b2-9ecd-4e01-b9b9-d1f5a6727dc6/agents 200 in 76ms (next.js: 21ms, application-code: 55ms)
 GET /w/e2e-21e6a4/knowledge 200 in 76ms (next.js: 20ms, application-code: 56ms)
 GET /api/health 200 in 9ms (next.js: 3ms, application-code: 6ms)
 GET /api/workspaces/d21967b2-9ecd-4e01-b9b9-d1f5a6727dc6/knowledge 200 in 71ms (next.js: 19ms, application-code: 51ms)
 GET /w/e2e-21e6a4/settings 200 in 72ms (next.js: 17ms, application-code: 55ms)
 GET /api/health 200 in 8ms (next.js: 3ms, application-code: 6ms)
 GET /api/workspaces/d21967b2-9ecd-4e01-b9b9-d1f5a6727dc6/members 200 in 68ms (next.js: 18ms, application-code: 51ms)
 GET /api/workspaces/d21967b2-9ecd-4e01-b9b9-d1f5a6727dc6/invites 200 in 88ms (next.js: 36ms, application-code: 52ms)
 GET /w/e2e-21e6a4/flows/d86e311c-a0d8-4136-ac17-4b46f8591ba6 200 in 75ms (next.js: 18ms, application-code: 57ms)
 GET /api/health 200 in 8ms (next.js: 3ms, application-code: 5ms)
 GET /api/flows/d86e311c-a0d8-4136-ac17-4b46f8591ba6 200 in 33ms (next.js: 18ms, application-code: 15ms)
 GET /api/flows/d86e311c-a0d8-4136-ac17-4b46f8591ba6/publish 200 in 62ms (next.js: 19ms, application-code: 43ms)
 GET /api/flows/d86e311c-a0d8-4136-ac17-4b46f8591ba6/runs 200 in 38ms (next.js: 22ms, application-code: 16ms)
 POST /api/auth/sign-up/email 200 in 115ms (next.js: 18ms, application-code: 97ms)
 GET /api/test/outbox?email=e2e-a5f6f0ec%40flowline-e2e.test 200 in 13ms (next.js: 3ms, application-code: 10ms)
 POST /api/email 200 in 25ms (next.js: 2ms, application-code: 23ms)
 POST /api/auth/sign-in/email 200 in 76ms (next.js: 2ms, application-code: 73ms)
 POST /api/workspaces 201 in 33ms (next.js: 2ms, application-code: 30ms)
 POST /api/onboarding 200 in 13ms (next.js: 2ms, application-code: 10ms)
 GET /w/e2e-899cad/settings?tab=sso 200 in 68ms (next.js: 18ms, application-code: 50ms)
 GET /api/health 200 in 8ms (next.js: 2ms, application-code: 6ms)
 GET /api/workspaces/6cce65e4-1c05-435f-8d28-4a7d87cad822/sso 200 in 34ms (next.js: 18ms, application-code: 15ms)
 PUT /api/workspaces/6cce65e4-1c05-435f-8d28-4a7d87cad822/sso 200 in 30ms (next.js: 2ms, application-code: 27ms)
 GET /api/sso/start?workspace=e2e-899cad 307 in 54ms (next.js: 31ms, application-code: 23ms)
 GET /api/sso/callback?code=oidc-code-f25475f76c96&state=z3oPMFEif90ZAr86SRRORXYk_eMrHtQG 307 in 69ms (next.js: 32ms, application-code: 37ms)
 GET /w/e2e-899cad/flows 200 in 61ms (next.js: 14ms, application-code: 46ms)
 GET /api/health 200 in 17ms (next.js: 8ms, application-code: 9ms)
 GET /api/workspaces/6cce65e4-1c05-435f-8d28-4a7d87cad822/overview 200 in 87ms (next.js: 16ms, application-code: 71ms)
 GET /api/workspaces/6cce65e4-1c05-435f-8d28-4a7d87cad822/usage 200 in 89ms (next.js: 32ms, application-code: 57ms)
 GET /api/workspaces/6cce65e4-1c05-435f-8d28-4a7d87cad822/flows 200 in 89ms (next.js: 52ms, application-code: 37ms)
 GET /w/e2e-899cad/settings?tab=sso 200 in 148ms (next.js: 18ms, application-code: 130ms)
 GET /api/health 200 in 9ms (next.js: 4ms, application-code: 6ms)
 GET /api/workspaces/6cce65e4-1c05-435f-8d28-4a7d87cad822/sso 200 in 28ms (next.js: 4ms, application-code: 24ms)
 PUT /api/workspaces/6cce65e4-1c05-435f-8d28-4a7d87cad822/sso 200 in 50ms (next.js: 18ms, application-code: 32ms)
 GET /sign-in 200 in 33ms (next.js: 3ms, application-code: 31ms)
 GET /api/auth-config 200 in 9ms (next.js: 3ms, application-code: 6ms)
 GET /api/sso/start?workspace=e2e-899cad 307 in 22ms (next.js: 2ms, application-code: 20ms)
 GET /api/sso/callback?code=oidc-code-ef9c9b4a982d&state=NtTTGD4VTgimSg9qt_JH001aROuq1idk 307 in 47ms (next.js: 3ms, application-code: 44ms)
 GET /w/e2e-899cad/flows 200 in 77ms (next.js: 18ms, application-code: 59ms)
 GET /api/health 200 in 17ms (next.js: 8ms, application-code: 9ms)
 GET /api/workspaces/6cce65e4-1c05-435f-8d28-4a7d87cad822/flows 200 in 92ms (next.js: 56ms, application-code: 36ms)
 GET /api/workspaces/6cce65e4-1c05-435f-8d28-4a7d87cad822/usage 200 in 94ms (next.js: 34ms, application-code: 60ms)
 GET /w/e2e-899cad/settings 200 in 152ms (next.js: 16ms, application-code: 136ms)
 GET /api/workspaces/6cce65e4-1c05-435f-8d28-4a7d87cad822/overview 200 in 104ms (next.js: 16ms, application-code: 89ms)
 GET /api/health 200 in 8ms (next.js: 3ms, application-code: 5ms)
 GET /api/workspaces/6cce65e4-1c05-435f-8d28-4a7d87cad822/members 200 in 49ms (next.js: 17ms, application-code: 32ms)
 GET /api/workspaces/6cce65e4-1c05-435f-8d28-4a7d87cad822/invites 200 in 30ms (next.js: 18ms, application-code: 12ms)
 POST /api/auth/sign-up/email 200 in 104ms (next.js: 18ms, application-code: 86ms)
 GET /api/test/outbox?email=victim-b4190264%40flowline-e2e.test 200 in 8ms (next.js: 3ms, application-code: 5ms)
 POST /api/email 200 in 23ms (next.js: 2ms, application-code: 21ms)
 POST /api/auth/sign-in/email 200 in 70ms (next.js: 2ms, application-code: 67ms)
 GET /sign-in 200 in 34ms (next.js: 3ms, application-code: 30ms)
 GET /api/auth-config 200 in 11ms (next.js: 2ms, application-code: 8ms)
 GET /api/sso/start?workspace=e2e-899cad 307 in 20ms (next.js: 3ms, application-code: 18ms)
 GET /api/sso/callback?code=oidc-code-a0ef47bcb201&state=H4QXzMvi7MpTv6OadsmpatQ6zUFLuNyf 307 in 29ms (next.js: 2ms, application-code: 27ms)
 GET /sign-in?sso_error=An%20account%20with%20this%20email%20already%20exists%20%E2%80%94%20sign%20in%20with%20your%20password%20first%2C%20then%20start%20SSO%20to%20link%20it.%20SSO%20can%27t%20take%20over%20an%20existing%20account. 200 in 48ms (next.js: 3ms, application-code: 45ms)
 GET /api/auth-config 200 in 8ms (next.js: 2ms, application-code: 6ms)
 GET /api/sso/start?workspace=no-such-3e72ee 307 in 14ms (next.js: 2ms, application-code: 12ms)
 GET /sign-in?sso_error=SSO%20isn%27t%20set%20up%20for%20that%20workspace 200 in 35ms (next.js: 3ms, application-code: 32ms)
 GET /api/auth-config 200 in 7ms (next.js: 2ms, application-code: 5ms)
 GET /api/workspaces/6cce65e4-1c05-435f-8d28-4a7d87cad822/audit 200 in 36ms (next.js: 14ms, application-code: 21ms)
 POST /api/auth/sign-up/email 200 in 89ms (next.js: 14ms, application-code: 75ms)
 GET /api/test/outbox?email=e2e-82b2986d%40flowline-e2e.test 200 in 9ms (next.js: 3ms, application-code: 7ms)
 POST /api/email 200 in 20ms (next.js: 1.9ms, application-code: 18ms)
 POST /api/auth/sign-in/email 200 in 69ms (next.js: 3ms, application-code: 67ms)
 POST /api/workspaces 201 in 27ms (next.js: 3ms, application-code: 24ms)
 POST /api/onboarding 200 in 10ms (next.js: 1.9ms, application-code: 9ms)
 POST /api/workspaces/240f7a9a-9a8d-45f2-a7c9-4e9d46ec7401/ai/connections 201 in 59ms (next.js: 14ms, application-code: 45ms)
 PUT /api/workspaces/240f7a9a-9a8d-45f2-a7c9-4e9d46ec7401/ai/default-route 200 in 47ms (next.js: 16ms, application-code: 32ms)
 PUT /api/workspaces/240f7a9a-9a8d-45f2-a7c9-4e9d46ec7401/ai/policy 200 in 30ms (next.js: 16ms, application-code: 14ms)
 POST /api/workspaces/240f7a9a-9a8d-45f2-a7c9-4e9d46ec7401/flows 201 in 32ms (next.js: 15ms, application-code: 17ms)
 PUT /api/flows/e878539a-b013-4de1-b115-4c2712a0e307 200 in 48ms (next.js: 15ms, application-code: 33ms)
 POST /api/flows/e878539a-b013-4de1-b115-4c2712a0e307/publish 201 in 51ms (next.js: 16ms, application-code: 35ms)
 POST /api/workspaces/240f7a9a-9a8d-45f2-a7c9-4e9d46ec7401/agents 201 in 61ms (next.js: 18ms, application-code: 42ms)
 POST /api/workspaces/240f7a9a-9a8d-45f2-a7c9-4e9d46ec7401/invites 201 in 65ms (next.js: 19ms, application-code: 47ms)
 POST /api/auth/sign-up/email 200 in 85ms (next.js: 3ms, application-code: 83ms)
 GET /api/test/outbox?email=vw-cffdab4f%40flowline-e2e.test 200 in 8ms (next.js: 1.9ms, application-code: 7ms)
 POST /api/email 200 in 30ms (next.js: 2ms, application-code: 28ms)
 POST /api/auth/sign-in/email 200 in 89ms (next.js: 16ms, application-code: 73ms)
 POST /api/invites/mAttBtfLs2LYYABWGg3tbQerpmJ4IscaryFMDxqCFXA 200 in 49ms (next.js: 18ms, application-code: 31ms)
(node:43588) MaxListenersExceededWarning: Possible EventEmitter memory leak detected. 11 unpipe listeners added to [SyncWriteStream]. MaxListeners is 10. Use emitter.setMaxListeners() to increase limit
(node:43588) MaxListenersExceededWarning: Possible EventEmitter memory leak detected. 11 error listeners added to [SyncWriteStream]. MaxListeners is 10. Use emitter.setMaxListeners() to increase limit
(node:43588) MaxListenersExceededWarning: Possible EventEmitter memory leak detected. 11 close listeners added to [SyncWriteStream]. MaxListeners is 10. Use emitter.setMaxListeners() to increase limit
(node:43588) MaxListenersExceededWarning: Possible EventEmitter memory leak detected. 11 finish listeners added to [SyncWriteStream]. MaxListeners is 10. Use emitter.setMaxListeners() to increase limit
(node:43588) MaxListenersExceededWarning: Possible EventEmitter memory leak detected. 11 unpipe listeners added to [SyncWriteStream]. MaxListeners is 10. Use emitter.setMaxListeners() to increase limit
(node:43588) MaxListenersExceededWarning: Possible EventEmitter memory leak detected. 11 error listeners added to [SyncWriteStream]. MaxListeners is 10. Use emitter.setMaxListeners() to increase limit
(node:43588) MaxListenersExceededWarning: Possible EventEmitter memory leak detected. 11 close listeners added to [SyncWriteStream]. MaxListeners is 10. Use emitter.setMaxListeners() to increase limit
(node:43588) MaxListenersExceededWarning: Possible EventEmitter memory leak detected. 11 finish listeners added to [SyncWriteStream]. MaxListeners is 10. Use emitter.setMaxListeners() to increase limit
 GET /w/e2e-502ffb/agents/4eae7b98-f53c-4742-80fa-20ae14e93637 200 in 81ms (next.js: 20ms, application-code: 62ms)
 GET /api/health 200 in 11ms (next.js: 4ms, application-code: 7ms)
 GET /api/agents/4eae7b98-f53c-4742-80fa-20ae14e93637 200 in 38ms (next.js: 21ms, application-code: 17ms)
 GET /api/agents/4eae7b98-f53c-4742-80fa-20ae14e93637/runs 200 in 35ms (next.js: 19ms, application-code: 17ms)
 POST /api/agents/4eae7b98-f53c-4742-80fa-20ae14e93637/runs 202 in 59ms (next.js: 4ms, application-code: 55ms)
2026-09-29T10:19:20.001Z [worker] agent run 811ded5d-25c9-4f47-833f-e5fafa4e6fe9 claimed
 GET /api/agent-runs/811ded5d-25c9-4f47-833f-e5fafa4e6fe9 200 in 45ms (next.js: 23ms, application-code: 22ms)
2026-09-29T10:19:20.089Z [worker] agent run 811ded5d-25c9-4f47-833f-e5fafa4e6fe9 waiting for approval
 GET /api/agent-runs/811ded5d-25c9-4f47-833f-e5fafa4e6fe9 200 in 26ms (next.js: 3ms, application-code: 23ms)
 GET /w/e2e-502ffb/flows 200 in 58ms (next.js: 14ms, application-code: 44ms)
 GET /api/health 200 in 7ms (next.js: 2ms, application-code: 5ms)
 GET /api/workspaces/240f7a9a-9a8d-45f2-a7c9-4e9d46ec7401/usage 200 in 71ms (next.js: 31ms, application-code: 40ms)
 GET /api/workspaces/240f7a9a-9a8d-45f2-a7c9-4e9d46ec7401/flows 200 in 40ms (next.js: 15ms, application-code: 25ms)
 GET /api/workspaces/240f7a9a-9a8d-45f2-a7c9-4e9d46ec7401/overview 200 in 80ms (next.js: 17ms, application-code: 64ms)
 GET /w/e2e-502ffb/agents/4eae7b98-f53c-4742-80fa-20ae14e93637?tab=runs&run=811ded5d-25c9-4f47-833f-e5fafa4e6fe9 200 in 32ms (next.js: 18ms, application-code: 14ms)
 GET /api/agents/4eae7b98-f53c-4742-80fa-20ae14e93637 200 in 41ms (next.js: 16ms, application-code: 25ms)
 GET /api/agents/4eae7b98-f53c-4742-80fa-20ae14e93637/runs 200 in 39ms (next.js: 17ms, application-code: 22ms)
 GET /api/agent-runs/811ded5d-25c9-4f47-833f-e5fafa4e6fe9 200 in 42ms (next.js: 18ms, application-code: 23ms)
 GET /w/e2e-502ffb/agents/4eae7b98-f53c-4742-80fa-20ae14e93637 200 in 57ms (next.js: 4ms, application-code: 53ms)
 GET /api/health 200 in 10ms (next.js: 4ms, application-code: 7ms)
 GET /api/agents/4eae7b98-f53c-4742-80fa-20ae14e93637 200 in 30ms (next.js: 5ms, application-code: 24ms)
 GET /api/agents/4eae7b98-f53c-4742-80fa-20ae14e93637/runs 200 in 29ms (next.js: 4ms, application-code: 25ms)
 GET /api/agent-runs/811ded5d-25c9-4f47-833f-e5fafa4e6fe9 200 in 25ms (next.js: 2ms, application-code: 22ms)
 POST /api/approvals/496f8900-b1ca-4c36-9cf5-807d88c095af/decide 200 in 43ms (next.js: 17ms, application-code: 25ms)
2026-09-29T10:19:22.709Z [worker] agent run 811ded5d-25c9-4f47-833f-e5fafa4e6fe9 claimed
 GET /api/agents/4eae7b98-f53c-4742-80fa-20ae14e93637/runs 200 in 44ms (next.js: 32ms, application-code: 12ms)
 GET /api/agent-runs/811ded5d-25c9-4f47-833f-e5fafa4e6fe9 200 in 48ms (next.js: 15ms, application-code: 34ms)
2026-09-29T10:19:22.770Z [worker] run ae9e29b7-b647-4f77-bced-6377bf20f07d claimed
2026-09-29T10:19:22.807Z [worker] run ae9e29b7-b647-4f77-bced-6377bf20f07d done
2026-09-29T10:19:23.331Z [worker] agent run 811ded5d-25c9-4f47-833f-e5fafa4e6fe9 succeeded
 GET /api/agent-runs/811ded5d-25c9-4f47-833f-e5fafa4e6fe9 200 in 41ms (next.js: 15ms, application-code: 26ms)
 GET /api/flows/e878539a-b013-4de1-b115-4c2712a0e307/runs 200 in 36ms (next.js: 14ms, application-code: 23ms)
 POST /api/auth/sign-up/email 200 in 98ms (next.js: 15ms, application-code: 83ms)
 GET /api/test/outbox?email=e2e-b188a30a%40flowline-e2e.test 200 in 7ms (next.js: 1.9ms, application-code: 5ms)
 POST /api/email 200 in 20ms (next.js: 2.0ms, application-code: 18ms)
 POST /api/auth/sign-in/email 200 in 68ms (next.js: 2ms, application-code: 66ms)
 POST /api/workspaces 201 in 20ms (next.js: 2ms, application-code: 18ms)
 POST /api/onboarding 200 in 14ms (next.js: 2ms, application-code: 12ms)
 GET /w/e2e-e90f1a/knowledge 200 in 64ms (next.js: 16ms, application-code: 48ms)
 GET /api/health 200 in 7ms (next.js: 2ms, application-code: 4ms)
 GET /api/workspaces/8fedc4ee-5cb6-449a-bad7-ee3a18952eea/knowledge 200 in 25ms (next.js: 15ms, application-code: 10ms)
 GET /api/workspaces/6cce65e4-1c05-435f-8d28-4a7d87cad822/overview 200 in 35ms (next.js: 15ms, application-code: 20ms)
 GET /sign-in 200 in 33ms (next.js: 2ms, application-code: 31ms)
2026-09-29T10:19:31.221Z [worker] platform notifications sent 20
 GET /api/health 200 in 7ms (next.js: 2ms, application-code: 5ms)
 GET /api/auth-config 200 in 11ms (next.js: 3ms, application-code: 8ms)
 GET /api/sso/start?workspace=no-such-workspace-xyz 307 in 11ms (next.js: 6ms, application-code: 5ms)
 GET /sign-in?sso_error=SSO%20isn%27t%20set%20up%20for%20that%20workspace 200 in 31ms (next.js: 3ms, application-code: 29ms)
 GET /sign-in 200 in 32ms (next.js: 3ms, application-code: 29ms)
 GET /api/auth-config 200 in 6ms (next.js: 3ms, application-code: 3ms)
 POST /sign-in 200 in 39ms (next.js: 2ms, application-code: 37ms)
 GET /api/workspaces/6cce65e4-1c05-435f-8d28-4a7d87cad822/overview 200 in 43ms (next.js: 14ms, application-code: 28ms)
 POST /api/auth/sign-up/email 200 in 95ms (next.js: 15ms, application-code: 81ms)
 GET /api/test/outbox?email=e2e-ed6f371c%40flowline-e2e.test 200 in 8ms (next.js: 2ms, application-code: 5ms)
 POST /api/email 200 in 18ms (next.js: 1.7ms, application-code: 16ms)
 POST /api/auth/sign-in/email 200 in 68ms (next.js: 1.8ms, application-code: 66ms)
 POST /api/workspaces 201 in 21ms (next.js: 1.9ms, application-code: 19ms)
 POST /api/onboarding 200 in 24ms (next.js: 3ms, application-code: 21ms)
 POST /api/workspaces/a6fb4bef-635f-4f5a-b78c-052de43dd166/flows 201 in 27ms (next.js: 14ms, application-code: 13ms)
 GET /w/e2e-8265fa/flows 200 in 68ms (next.js: 16ms, application-code: 52ms)
 GET /api/health 200 in 9ms (next.js: 3ms, application-code: 6ms)
 GET /api/workspaces/a6fb4bef-635f-4f5a-b78c-052de43dd166/flows 200 in 34ms (next.js: 20ms, application-code: 14ms)
 GET /api/workspaces/a6fb4bef-635f-4f5a-b78c-052de43dd166/usage 200 in 54ms (next.js: 35ms, application-code: 19ms)
 GET /api/workspaces/a6fb4bef-635f-4f5a-b78c-052de43dd166/overview 200 in 54ms (next.js: 17ms, application-code: 37ms)
 POST /api/auth/sign-up/email 200 in 88ms (next.js: 2ms, application-code: 86ms)
 GET /api/test/outbox?email=e2e-86da8645%40flowline-e2e.test 200 in 9ms (next.js: 2ms, application-code: 6ms)
 POST /api/email 200 in 23ms (next.js: 2ms, application-code: 21ms)
 POST /api/auth/sign-in/email 200 in 86ms (next.js: 15ms, application-code: 71ms)
 POST /api/workspaces 201 in 23ms (next.js: 3ms, application-code: 20ms)
 POST /api/onboarding 200 in 23ms (next.js: 2ms, application-code: 21ms)
 POST /api/workspaces/5cc02159-db31-43dc-8a62-dc37d2026db1/flows 201 in 16ms (next.js: 2ms, application-code: 14ms)
 GET /w/e2e-9f91b7/flows 200 in 65ms (next.js: 16ms, application-code: 49ms)
 GET /api/health 200 in 9ms (next.js: 3ms, application-code: 6ms)
 GET /api/workspaces/5cc02159-db31-43dc-8a62-dc37d2026db1/usage 200 in 38ms (next.js: 3ms, application-code: 34ms)
 GET /api/workspaces/5cc02159-db31-43dc-8a62-dc37d2026db1/flows 200 in 38ms (next.js: 21ms, application-code: 17ms)
 GET /api/workspaces/5cc02159-db31-43dc-8a62-dc37d2026db1/overview 200 in 52ms (next.js: 3ms, application-code: 49ms)
 POST /api/auth/sign-up/email 200 in 83ms (next.js: 2ms, application-code: 81ms)
 GET /api/test/outbox?email=e2e-e24b5650%40flowline-e2e.test 200 in 8ms (next.js: 2.0ms, application-code: 6ms)
 POST /api/email 200 in 23ms (next.js: 2.0ms, application-code: 21ms)
 POST /api/auth/sign-in/email 200 in 73ms (next.js: 3ms, application-code: 70ms)
 POST /api/workspaces 201 in 22ms (next.js: 1.9ms, application-code: 20ms)
 POST /api/onboarding 200 in 25ms (next.js: 1.8ms, application-code: 23ms)
 POST /api/workspaces/f439ff48-3494-44d4-99e8-d75f160e9e1f/flows 201 in 30ms (next.js: 2.0ms, application-code: 28ms)
 GET /w/e2e-ea6a01/flows 200 in 60ms (next.js: 15ms, application-code: 46ms)
 GET /api/health 200 in 8ms (next.js: 2ms, application-code: 6ms)
 GET /api/workspaces/f439ff48-3494-44d4-99e8-d75f160e9e1f/overview 200 in 48ms (next.js: 17ms, application-code: 31ms)
 GET /api/workspaces/f439ff48-3494-44d4-99e8-d75f160e9e1f/usage 200 in 48ms (next.js: 34ms, application-code: 14ms)
 GET /api/workspaces/f439ff48-3494-44d4-99e8-d75f160e9e1f/flows 200 in 48ms (next.js: 38ms, application-code: 10ms)
 POST /api/auth/sign-up/email 200 in 102ms (next.js: 16ms, application-code: 85ms)
 GET /api/test/outbox?email=e2e-46b7ffe8%40flowline-e2e.test 200 in 8ms (next.js: 1.8ms, application-code: 6ms)
 POST /api/email 200 in 19ms (next.js: 2ms, application-code: 17ms)
 POST /api/auth/sign-in/email 200 in 70ms (next.js: 2ms, application-code: 68ms)
 POST /api/workspaces 201 in 23ms (next.js: 1.9ms, application-code: 21ms)
 POST /api/onboarding 200 in 27ms (next.js: 1.9ms, application-code: 25ms)
 POST /api/workspaces/7ca710fe-5a68-4d9b-b48c-20640929ec54/flows 201 in 27ms (next.js: 14ms, application-code: 13ms)
 GET /w/e2e-844d36/flows 200 in 61ms (next.js: 14ms, application-code: 47ms)
 GET /api/health 200 in 8ms (next.js: 3ms, application-code: 5ms)
 GET /api/workspaces/7ca710fe-5a68-4d9b-b48c-20640929ec54/flows 200 in 26ms (next.js: 11ms, application-code: 15ms)
 GET /api/workspaces/7ca710fe-5a68-4d9b-b48c-20640929ec54/usage 200 in 28ms (next.js: 7ms, application-code: 20ms)
 GET /api/workspaces/7ca710fe-5a68-4d9b-b48c-20640929ec54/overview 200 in 37ms (next.js: 4ms, application-code: 33ms)
 POST /api/auth/sign-up/email 200 in 83ms (next.js: 3ms, application-code: 80ms)
 GET /api/test/outbox?email=e2e-26c75ed6%40flowline-e2e.test 200 in 7ms (next.js: 1.9ms, application-code: 5ms)
 POST /api/email 200 in 21ms (next.js: 1.9ms, application-code: 19ms)
 POST /api/auth/sign-in/email 200 in 84ms (next.js: 14ms, application-code: 70ms)
 POST /api/workspaces 201 in 29ms (next.js: 2ms, application-code: 27ms)
 POST /api/onboarding 200 in 23ms (next.js: 2ms, application-code: 21ms)
 POST /api/workspaces/475e4657-da41-441f-bcac-64be97a6a2f5/flows 201 in 32ms (next.js: 2ms, application-code: 29ms)
 GET /w/e2e-ae4f70/flows 200 in 69ms (next.js: 17ms, application-code: 52ms)
 GET /api/health 200 in 9ms (next.js: 3ms, application-code: 6ms)
 GET /api/workspaces/475e4657-da41-441f-bcac-64be97a6a2f5/usage 200 in 69ms (next.js: 38ms, application-code: 32ms)
 GET /api/workspaces/475e4657-da41-441f-bcac-64be97a6a2f5/overview 200 in 71ms (next.js: 20ms, application-code: 51ms)
 GET /api/workspaces/475e4657-da41-441f-bcac-64be97a6a2f5/flows 200 in 29ms (next.js: 20ms, application-code: 8ms)
 POST /api/auth/sign-up/email 200 in 87ms (next.js: 2ms, application-code: 84ms)
 GET /api/test/outbox?email=e2e-99fbe7b7%40flowline-e2e.test 200 in 8ms (next.js: 2ms, application-code: 6ms)
 POST /api/email 200 in 23ms (next.js: 2.0ms, application-code: 21ms)
 POST /api/auth/sign-in/email 200 in 74ms (next.js: 2ms, application-code: 72ms)
 POST /api/workspaces 201 in 22ms (next.js: 3ms, application-code: 20ms)
 POST /api/onboarding 200 in 16ms (next.js: 1.9ms, application-code: 14ms)
 POST /api/workspaces/259641bb-4ada-4bd2-84c0-1c2238a6f9ad/flows 201 in 20ms (next.js: 2.0ms, application-code: 18ms)
 GET /w/e2e-6f7ce8/flows 200 in 58ms (next.js: 14ms, application-code: 44ms)
 GET /api/health 200 in 9ms (next.js: 2ms, application-code: 7ms)
 GET /api/workspaces/259641bb-4ada-4bd2-84c0-1c2238a6f9ad/flows 200 in 30ms (next.js: 15ms, application-code: 15ms)
 GET /api/workspaces/259641bb-4ada-4bd2-84c0-1c2238a6f9ad/usage 200 in 31ms (next.js: 9ms, application-code: 23ms)
 GET /api/workspaces/259641bb-4ada-4bd2-84c0-1c2238a6f9ad/overview 200 in 42ms (next.js: 4ms, application-code: 38ms)
 POST /api/auth/sign-up/email 200 in 104ms (next.js: 18ms, application-code: 86ms)
 GET /api/test/outbox?email=e2e-bc6d5e45%40flowline-e2e.test 200 in 8ms (next.js: 2ms, application-code: 6ms)
 POST /api/email 200 in 21ms (next.js: 2ms, application-code: 19ms)
 POST /api/auth/sign-in/email 200 in 70ms (next.js: 2.0ms, application-code: 68ms)
 POST /api/workspaces 201 in 32ms (next.js: 1.9ms, application-code: 30ms)
 POST /api/onboarding 200 in 24ms (next.js: 2ms, application-code: 22ms)
 POST /api/workspaces/7172d27f-365a-4063-8c13-d49b86b3dda7/flows 201 in 30ms (next.js: 14ms, application-code: 16ms)
 GET /w/e2e-57ef7d/flows 200 in 65ms (next.js: 14ms, application-code: 51ms)
 GET /api/health 200 in 8ms (next.js: 3ms, application-code: 5ms)
 GET /api/workspaces/7172d27f-365a-4063-8c13-d49b86b3dda7/usage 200 in 39ms (next.js: 34ms, application-code: 5ms)
 GET /api/workspaces/7172d27f-365a-4063-8c13-d49b86b3dda7/overview 200 in 41ms (next.js: 17ms, application-code: 24ms)
 POST /api/auth/sign-up/email 200 in 87ms (next.js: 2ms, application-code: 84ms)
 GET /api/test/outbox?email=e2e-d801a26f%40flowline-e2e.test 200 in 8ms (next.js: 2ms, application-code: 6ms)
 POST /api/email 200 in 22ms (next.js: 2ms, application-code: 20ms)
 POST /api/auth/sign-in/email 200 in 89ms (next.js: 16ms, application-code: 72ms)
 POST /api/workspaces 201 in 19ms (next.js: 3ms, application-code: 16ms)
 POST /api/onboarding 200 in 20ms (next.js: 2.0ms, application-code: 18ms)
 POST /api/workspaces/d4b8cedf-0699-43b9-b72f-80652553c20f/flows 201 in 30ms (next.js: 2ms, application-code: 28ms)
 GET /w/e2e-669ef2/flows/5df5e44a-3f14-4188-aeb6-e0768a7f873b 200 in 68ms (next.js: 16ms, application-code: 52ms)
 GET /api/health 200 in 7ms (next.js: 2ms, application-code: 5ms)
 GET /api/flows/5df5e44a-3f14-4188-aeb6-e0768a7f873b 200 in 29ms (next.js: 16ms, application-code: 13ms)
 GET /api/flows/5df5e44a-3f14-4188-aeb6-e0768a7f873b/publish 200 in 61ms (next.js: 17ms, application-code: 45ms)
 GET /api/flows/5df5e44a-3f14-4188-aeb6-e0768a7f873b/runs 200 in 42ms (next.js: 21ms, application-code: 22ms)
 GET /w/e2e-669ef2/flows/5df5e44a-3f14-4188-aeb6-e0768a7f873b 200 in 62ms (next.js: 3ms, application-code: 59ms)
 GET /api/health 200 in 6ms (next.js: 2ms, application-code: 4ms)
 GET /api/flows/5df5e44a-3f14-4188-aeb6-e0768a7f873b 200 in 17ms (next.js: 1.9ms, application-code: 15ms)
 GET /api/flows/5df5e44a-3f14-4188-aeb6-e0768a7f873b/publish 200 in 18ms (next.js: 2.0ms, application-code: 16ms)
 GET /api/flows/5df5e44a-3f14-4188-aeb6-e0768a7f873b/runs 200 in 14ms (next.js: 3ms, application-code: 11ms)
 GET /w/e2e-669ef2/flows/5df5e44a-3f14-4188-aeb6-e0768a7f873b 200 in 73ms (next.js: 18ms, application-code: 55ms)
 GET /api/health 200 in 7ms (next.js: 3ms, application-code: 4ms)
 GET /api/flows/5df5e44a-3f14-4188-aeb6-e0768a7f873b 200 in 36ms (next.js: 14ms, application-code: 22ms)
 GET /api/flows/5df5e44a-3f14-4188-aeb6-e0768a7f873b/publish 200 in 49ms (next.js: 15ms, application-code: 34ms)
 GET /api/flows/5df5e44a-3f14-4188-aeb6-e0768a7f873b/runs 200 in 31ms (next.js: 17ms, application-code: 14ms)
 GET /api/health 200 in 7ms (next.js: 2ms, application-code: 5ms)
 GET /api/workspaces/6cce65e4-1c05-435f-8d28-4a7d87cad822/usage 200 in 41ms (next.js: 16ms, application-code: 25ms)
 POST /api/auth/sign-up/email 200 in 106ms (next.js: 15ms, application-code: 91ms)
 GET /api/workspaces/6cce65e4-1c05-435f-8d28-4a7d87cad822/overview 200 in 39ms (next.js: 16ms, application-code: 22ms)
 GET /api/test/outbox?email=e2e-85086806%40flowline-e2e.test 200 in 8ms (next.js: 2ms, application-code: 6ms)
 POST /api/email 200 in 25ms (next.js: 1.9ms, application-code: 23ms)
 POST /api/auth/sign-in/email 200 in 71ms (next.js: 2ms, application-code: 69ms)
 POST /api/workspaces 201 in 27ms (next.js: 3ms, application-code: 25ms)
 POST /api/onboarding 200 in 23ms (next.js: 2ms, application-code: 21ms)
 POST /api/workspaces/740c7289-16aa-4623-909a-dda1e957ec2e/flows 201 in 48ms (next.js: 18ms, application-code: 30ms)
 GET /w/e2e-3cd9c8/flows/06e06a3c-980d-4c93-a9a5-b54e0f63ff78 200 in 78ms (next.js: 18ms, application-code: 60ms)
 GET /api/health 200 in 8ms (next.js: 2ms, application-code: 5ms)
 GET /api/flows/06e06a3c-980d-4c93-a9a5-b54e0f63ff78 200 in 35ms (next.js: 18ms, application-code: 18ms)
 GET /api/flows/06e06a3c-980d-4c93-a9a5-b54e0f63ff78/publish 200 in 61ms (next.js: 19ms, application-code: 43ms)
 GET /api/flows/06e06a3c-980d-4c93-a9a5-b54e0f63ff78/runs 200 in 37ms (next.js: 18ms, application-code: 19ms)
 GET /api/flows/06e06a3c-980d-4c93-a9a5-b54e0f63ff78 200 in 18ms (next.js: 3ms, application-code: 16ms)
2026-09-29T10:19:48.486Z [worker] run dce6113f-0cea-4e6a-91d5-225acca88c41 claimed
 POST /api/flows/06e06a3c-980d-4c93-a9a5-b54e0f63ff78/runs 202 in 54ms (next.js: 3ms, application-code: 52ms)
 GET /api/flows/06e06a3c-980d-4c93-a9a5-b54e0f63ff78/runs 200 in 38ms (next.js: 2ms, application-code: 36ms)
 GET /api/runs/dce6113f-0cea-4e6a-91d5-225acca88c41 200 in 38ms (next.js: 18ms, application-code: 20ms)
2026-09-29T10:19:48.545Z [worker] run dce6113f-0cea-4e6a-91d5-225acca88c41 done
 POST /api/auth/sign-up/email 200 in 106ms (next.js: 15ms, application-code: 91ms)
 GET /api/test/outbox?email=e2e-2be9d8d4%40flowline-e2e.test 200 in 8ms (next.js: 2ms, application-code: 6ms)
 POST /api/email 200 in 23ms (next.js: 2.0ms, application-code: 21ms)
 POST /api/auth/sign-in/email 200 in 71ms (next.js: 2ms, application-code: 69ms)
 POST /api/workspaces 201 in 34ms (next.js: 3ms, application-code: 31ms)
 POST /api/onboarding 200 in 21ms (next.js: 2ms, application-code: 19ms)
 POST /api/workspaces/eb4fd6b9-ac5d-4c61-92e0-99a6e6a7fbff/flows 201 in 30ms (next.js: 14ms, application-code: 16ms)
 POST /api/flows/e83a09a5-2b27-4a48-b442-cbbbfa620b4c/runs 202 in 56ms (next.js: 14ms, application-code: 41ms)
2026-09-29T10:19:49.497Z [worker] run e08d60c6-2c79-403a-928f-27563a4c95ea claimed
 GET /api/runs/e08d60c6-2c79-403a-928f-27563a4c95ea 200 in 37ms (next.js: 16ms, application-code: 21ms)
2026-09-29T10:19:49.551Z [worker] run e08d60c6-2c79-403a-928f-27563a4c95ea done
 GET /api/runs/e08d60c6-2c79-403a-928f-27563a4c95ea 200 in 36ms (next.js: 3ms, application-code: 33ms)
 POST /api/workspaces/eb4fd6b9-ac5d-4c61-92e0-99a6e6a7fbff/flows 201 in 31ms (next.js: 3ms, application-code: 28ms)
 GET /api/flows/7adaa9ee-d9e0-4cec-9beb-8362e6b5361f 200 in 39ms (next.js: 16ms, application-code: 23ms)
 PUT /api/flows/7adaa9ee-d9e0-4cec-9beb-8362e6b5361f 200 in 33ms (next.js: 1.8ms, application-code: 32ms)
 POST /api/flows/7adaa9ee-d9e0-4cec-9beb-8362e6b5361f/runs 202 in 48ms (next.js: 2ms, application-code: 46ms)
2026-09-29T10:19:49.853Z [worker] run 3fab4044-5b82-46c8-bb4c-3cf498d19df4 claimed
 GET /api/runs/3fab4044-5b82-46c8-bb4c-3cf498d19df4 200 in 20ms (next.js: 2ms, application-code: 17ms)
2026-09-29T10:19:49.896Z [worker] run 3fab4044-5b82-46c8-bb4c-3cf498d19df4 done
 GET /api/runs/3fab4044-5b82-46c8-bb4c-3cf498d19df4 200 in 26ms (next.js: 2ms, application-code: 24ms)
 GET /w/acme-workspace-18/flows 200 in 65ms (next.js: 17ms, application-code: 48ms)
 GET /api/health 200 in 9ms (next.js: 3ms, application-code: 6ms)
 GET /api/workspaces/eb4fd6b9-ac5d-4c61-92e0-99a6e6a7fbff/flows 200 in 46ms (next.js: 32ms, application-code: 15ms)
 GET /api/workspaces/eb4fd6b9-ac5d-4c61-92e0-99a6e6a7fbff/usage 200 in 48ms (next.js: 15ms, application-code: 32ms)
 GET /api/workspaces/eb4fd6b9-ac5d-4c61-92e0-99a6e6a7fbff/overview 200 in 74ms (next.js: 17ms, application-code: 57ms)
 GET /w/acme-workspace-18/flows/e83a09a5-2b27-4a48-b442-cbbbfa620b4c 200 in 69ms (next.js: 17ms, application-code: 51ms)
 GET /api/health 200 in 18ms (next.js: 3ms, application-code: 16ms)
 GET /api/flows/e83a09a5-2b27-4a48-b442-cbbbfa620b4c 200 in 42ms (next.js: 17ms, application-code: 25ms)
 GET /api/flows/e83a09a5-2b27-4a48-b442-cbbbfa620b4c/publish 200 in 55ms (next.js: 17ms, application-code: 38ms)
 GET /api/flows/e83a09a5-2b27-4a48-b442-cbbbfa620b4c/runs 200 in 36ms (next.js: 18ms, application-code: 17ms)
 GET /api/runs/e08d60c6-2c79-403a-928f-27563a4c95ea 200 in 39ms (next.js: 16ms, application-code: 23ms)
 GET /w/acme-workspace-18/runs?run=3fab4044-5b82-46c8-bb4c-3cf498d19df4 200 in 75ms (next.js: 22ms, application-code: 53ms)
 GET /api/health 200 in 8ms (next.js: 2ms, application-code: 5ms)
 GET /api/workspaces/eb4fd6b9-ac5d-4c61-92e0-99a6e6a7fbff/runs?limit=25 200 in 36ms (next.js: 18ms, application-code: 18ms)
 GET /api/runs/3fab4044-5b82-46c8-bb4c-3cf498d19df4 200 in 43ms (next.js: 22ms, application-code: 21ms)
 GET /w/acme-workspace-18/integrations 200 in 62ms (next.js: 16ms, application-code: 46ms)
 GET /api/health 200 in 7ms (next.js: 3ms, application-code: 5ms)
 GET /api/workspaces/eb4fd6b9-ac5d-4c61-92e0-99a6e6a7fbff/connections 200 in 28ms (next.js: 16ms, application-code: 12ms)
 GET /api/integrations/catalog?workspaceId=eb4fd6b9-ac5d-4c61-92e0-99a6e6a7fbff 200 in 161ms (next.js: 2ms, application-code: 159ms)
 GET /w/acme-workspace-18/templates 200 in 76ms (next.js: 16ms, application-code: 60ms)
 GET /api/health 200 in 8ms (next.js: 2ms, application-code: 5ms)
 GET /api/workspaces/eb4fd6b9-ac5d-4c61-92e0-99a6e6a7fbff/connections 200 in 17ms (next.js: 2ms, application-code: 14ms)
 GET /api/workspaces/eb4fd6b9-ac5d-4c61-92e0-99a6e6a7fbff/ai 200 in 36ms (next.js: 16ms, application-code: 20ms)
 GET /w/acme-workspace-18/settings 200 in 60ms (next.js: 14ms, application-code: 46ms)
 GET /api/health 200 in 9ms (next.js: 3ms, application-code: 5ms)
 GET /api/workspaces/eb4fd6b9-ac5d-4c61-92e0-99a6e6a7fbff/members 200 in 48ms (next.js: 18ms, application-code: 30ms)
 GET /api/workspaces/eb4fd6b9-ac5d-4c61-92e0-99a6e6a7fbff/invites 200 in 48ms (next.js: 35ms, application-code: 13ms)
 GET /w/acme-workspace-18/flows 200 in 67ms (next.js: 18ms, application-code: 49ms)
 GET /api/health 200 in 8ms (next.js: 2ms, application-code: 6ms)
 GET /api/workspaces/eb4fd6b9-ac5d-4c61-92e0-99a6e6a7fbff/usage 200 in 53ms (next.js: 18ms, application-code: 35ms)
 GET /api/workspaces/eb4fd6b9-ac5d-4c61-92e0-99a6e6a7fbff/flows 200 in 53ms (next.js: 38ms, application-code: 16ms)
 GET /api/workspaces/eb4fd6b9-ac5d-4c61-92e0-99a6e6a7fbff/overview 200 in 85ms (next.js: 18ms, application-code: 67ms)
 GET /w/acme-workspace-18/flows/e83a09a5-2b27-4a48-b442-cbbbfa620b4c 200 in 80ms (next.js: 16ms, application-code: 64ms)
 GET /api/health 200 in 7ms (next.js: 2ms, application-code: 5ms)
 GET /api/flows/e83a09a5-2b27-4a48-b442-cbbbfa620b4c 200 in 41ms (next.js: 17ms, application-code: 24ms)
 GET /api/flows/e83a09a5-2b27-4a48-b442-cbbbfa620b4c/publish 200 in 55ms (next.js: 18ms, application-code: 37ms)
 GET /api/flows/e83a09a5-2b27-4a48-b442-cbbbfa620b4c/runs 200 in 36ms (next.js: 20ms, application-code: 17ms)
 GET /api/runs/e08d60c6-2c79-403a-928f-27563a4c95ea 200 in 56ms (next.js: 20ms, application-code: 36ms)
 GET /w/acme-workspace-18/runs?run=3fab4044-5b82-46c8-bb4c-3cf498d19df4 200 in 68ms (next.js: 17ms, application-code: 50ms)
 GET /api/health 200 in 9ms (next.js: 3ms, application-code: 6ms)
 GET /api/workspaces/eb4fd6b9-ac5d-4c61-92e0-99a6e6a7fbff/runs?limit=25 200 in 35ms (next.js: 16ms, application-code: 19ms)
 GET /api/runs/3fab4044-5b82-46c8-bb4c-3cf498d19df4 200 in 44ms (next.js: 20ms, application-code: 24ms)
 GET /w/acme-workspace-18/integrations 200 in 62ms (next.js: 16ms, application-code: 46ms)
 GET /api/health 200 in 8ms (next.js: 2.0ms, application-code: 6ms)
 GET /api/workspaces/eb4fd6b9-ac5d-4c61-92e0-99a6e6a7fbff/connections 200 in 29ms (next.js: 16ms, application-code: 13ms)
 GET /api/integrations/catalog?workspaceId=eb4fd6b9-ac5d-4c61-92e0-99a6e6a7fbff 200 in 40ms (next.js: 4ms, application-code: 36ms)
 GET /api/workspaces/6cce65e4-1c05-435f-8d28-4a7d87cad822/overview 200 in 44ms (next.js: 15ms, application-code: 28ms)
 GET /w/acme-workspace-18/templates 200 in 78ms (next.js: 17ms, application-code: 61ms)
 GET /api/health 200 in 8ms (next.js: 2ms, application-code: 6ms)
 GET /api/workspaces/eb4fd6b9-ac5d-4c61-92e0-99a6e6a7fbff/connections 200 in 30ms (next.js: 18ms, application-code: 11ms)
 GET /api/workspaces/eb4fd6b9-ac5d-4c61-92e0-99a6e6a7fbff/ai 200 in 34ms (next.js: 15ms, application-code: 20ms)
 GET /w/acme-workspace-18/settings 200 in 65ms (next.js: 17ms, application-code: 48ms)
 GET /api/health 200 in 8ms (next.js: 2ms, application-code: 5ms)
 GET /api/workspaces/eb4fd6b9-ac5d-4c61-92e0-99a6e6a7fbff/invites 200 in 27ms (next.js: 15ms, application-code: 12ms)
 GET /api/workspaces/eb4fd6b9-ac5d-4c61-92e0-99a6e6a7fbff/members 200 in 47ms (next.js: 17ms, application-code: 30ms)
 GET /w/acme-workspace-18/flows 200 in 69ms (next.js: 16ms, application-code: 53ms)
 GET /api/health 200 in 8ms (next.js: 2ms, application-code: 6ms)
 GET /api/workspaces/eb4fd6b9-ac5d-4c61-92e0-99a6e6a7fbff/flows 200 in 35ms (next.js: 21ms, application-code: 14ms)
 GET /api/workspaces/eb4fd6b9-ac5d-4c61-92e0-99a6e6a7fbff/usage 200 in 79ms (next.js: 39ms, application-code: 40ms)
 GET /api/workspaces/eb4fd6b9-ac5d-4c61-92e0-99a6e6a7fbff/overview 200 in 88ms (next.js: 20ms, application-code: 68ms)
 GET /w/acme-workspace-18/flows/e83a09a5-2b27-4a48-b442-cbbbfa620b4c 200 in 76ms (next.js: 16ms, application-code: 60ms)
 GET /api/health 200 in 9ms (next.js: 4ms, application-code: 5ms)
 GET /api/flows/e83a09a5-2b27-4a48-b442-cbbbfa620b4c 200 in 34ms (next.js: 19ms, application-code: 15ms)
 GET /api/flows/e83a09a5-2b27-4a48-b442-cbbbfa620b4c/publish 200 in 53ms (next.js: 17ms, application-code: 35ms)
 GET /api/flows/e83a09a5-2b27-4a48-b442-cbbbfa620b4c/runs 200 in 35ms (next.js: 19ms, application-code: 16ms)
 GET /api/runs/e08d60c6-2c79-403a-928f-27563a4c95ea 200 in 46ms (next.js: 20ms, application-code: 26ms)
 GET /w/acme-workspace-18/runs?run=3fab4044-5b82-46c8-bb4c-3cf498d19df4 200 in 64ms (next.js: 17ms, application-code: 47ms)
 GET /api/health 200 in 8ms (next.js: 3ms, application-code: 5ms)
 GET /api/workspaces/eb4fd6b9-ac5d-4c61-92e0-99a6e6a7fbff/runs?limit=25 200 in 35ms (next.js: 18ms, application-code: 17ms)
 GET /api/runs/3fab4044-5b82-46c8-bb4c-3cf498d19df4 200 in 42ms (next.js: 22ms, application-code: 20ms)
 GET /w/acme-workspace-18/integrations 200 in 67ms (next.js: 19ms, application-code: 48ms)
 GET /api/health 200 in 7ms (next.js: 2ms, application-code: 5ms)
 GET /api/workspaces/eb4fd6b9-ac5d-4c61-92e0-99a6e6a7fbff/connections 200 in 24ms (next.js: 14ms, application-code: 10ms)
 GET /api/integrations/catalog?workspaceId=eb4fd6b9-ac5d-4c61-92e0-99a6e6a7fbff 200 in 35ms (next.js: 2ms, application-code: 33ms)
 GET /w/acme-workspace-18/templates 200 in 72ms (next.js: 18ms, application-code: 54ms)
 GET /api/health 200 in 8ms (next.js: 3ms, application-code: 6ms)
 GET /api/workspaces/eb4fd6b9-ac5d-4c61-92e0-99a6e6a7fbff/connections 200 in 31ms (next.js: 19ms, application-code: 13ms)
 GET /api/workspaces/eb4fd6b9-ac5d-4c61-92e0-99a6e6a7fbff/ai 200 in 33ms (next.js: 15ms, application-code: 18ms)
 GET /w/acme-workspace-18/settings 200 in 64ms (next.js: 17ms, application-code: 48ms)
 GET /api/health 200 in 7ms (next.js: 2ms, application-code: 5ms)
 GET /api/workspaces/eb4fd6b9-ac5d-4c61-92e0-99a6e6a7fbff/members 200 in 52ms (next.js: 15ms, application-code: 37ms)
 GET /api/workspaces/eb4fd6b9-ac5d-4c61-92e0-99a6e6a7fbff/invites 200 in 35ms (next.js: 15ms, application-code: 20ms)
 GET /api/health 200 in 8ms (next.js: 3ms, application-code: 5ms)
 GET / 200 in 51ms (next.js: 3ms, application-code: 48ms)
 GET /sign-up 200 in 30ms (next.js: 3ms, application-code: 28ms)
 GET /api/auth-config 200 in 7ms (next.js: 2.0ms, application-code: 5ms)
 GET / 200 in 44ms (next.js: 2ms, application-code: 41ms)
 GET /sign-up 200 in 31ms (next.js: 3ms, application-code: 28ms)
 GET /api/auth-config 200 in 7ms (next.js: 2ms, application-code: 5ms)
 GET / 200 in 43ms (next.js: 3ms, application-code: 41ms)
 GET /sign-up 200 in 30ms (next.js: 3ms, application-code: 27ms)
 GET /api/auth-config 200 in 7ms (next.js: 2ms, application-code: 5ms)
 POST /api/auth/sign-up/email 200 in 89ms (next.js: 13ms, application-code: 76ms)
 GET /api/test/outbox?email=onb-188f9476%40flowline-e2e.test 200 in 7ms (next.js: 1.8ms, application-code: 5ms)
 POST /api/email 200 in 19ms (next.js: 1.9ms, application-code: 17ms)
 POST /api/auth/sign-in/email 200 in 69ms (next.js: 1.8ms, application-code: 67ms)
 GET /onboarding 200 in 46ms (next.js: 3ms, application-code: 43ms)
 POST /api/workspaces 201 in 34ms (next.js: 2ms, application-code: 32ms)
 GET /w/acme-workspace-18/flows/e83a09a5-2b27-4a48-b442-cbbbfa620b4c 200 in 65ms (next.js: 17ms, application-code: 47ms)
 GET /api/health 200 in 9ms (next.js: 3ms, application-code: 6ms)
 GET /api/workspaces/6cce65e4-1c05-435f-8d28-4a7d87cad822/overview 200 in 45ms (next.js: 15ms, application-code: 30ms)
 GET /api/flows/e83a09a5-2b27-4a48-b442-cbbbfa620b4c 200 in 38ms (next.js: 15ms, application-code: 23ms)
 GET /api/flows/e83a09a5-2b27-4a48-b442-cbbbfa620b4c/runs 200 in 41ms (next.js: 37ms, application-code: 4ms)
 GET /api/flows/e83a09a5-2b27-4a48-b442-cbbbfa620b4c/publish 200 in 41ms (next.js: 19ms, application-code: 22ms)
 POST /api/test/faults 200 in 13ms (next.js: 3ms, application-code: 10ms)
 GET /w/acme-workspace-18/flows/e83a09a5-2b27-4a48-b442-cbbbfa620b4c 200 in 157ms (next.js: 18ms, application-code: 139ms)
 GET /api/health 200 in 9ms (next.js: 3ms, application-code: 6ms)
 GET /api/flows/e83a09a5-2b27-4a48-b442-cbbbfa620b4c 500 in 18ms (next.js: 2.0ms, application-code: 16ms)
 GET /api/flows/e83a09a5-2b27-4a48-b442-cbbbfa620b4c 500 in 26ms (next.js: 14ms, application-code: 11ms)
 GET /api/flows/e83a09a5-2b27-4a48-b442-cbbbfa620b4c 500 in 26ms (next.js: 16ms, application-code: 10ms)
 GET /api/flows/e83a09a5-2b27-4a48-b442-cbbbfa620b4c 500 in 23ms (next.js: 15ms, application-code: 8ms)
 GET /api/health 200 in 6ms (next.js: 2ms, application-code: 4ms)
 GET /api/workspaces/6cce65e4-1c05-435f-8d28-4a7d87cad822/usage 200 in 38ms (next.js: 16ms, application-code: 22ms)
 GET /api/workspaces/6cce65e4-1c05-435f-8d28-4a7d87cad822/overview 200 in 42ms (next.js: 14ms, application-code: 27ms)
 POST /api/test/faults 200 in 13ms (next.js: 3ms, application-code: 10ms)
 GET /w/acme-workspace-18/flows/e83a09a5-2b27-4a48-b442-cbbbfa620b4c 200 in 73ms (next.js: 16ms, application-code: 57ms)
 GET /api/health 200 in 10ms (next.js: 3ms, application-code: 7ms)
 GET /api/flows/e83a09a5-2b27-4a48-b442-cbbbfa620b4c 200 in 39ms (next.js: 17ms, application-code: 22ms)
 GET /api/flows/e83a09a5-2b27-4a48-b442-cbbbfa620b4c/publish 200 in 57ms (next.js: 16ms, application-code: 40ms)
 GET /api/flows/e83a09a5-2b27-4a48-b442-cbbbfa620b4c/runs 200 in 38ms (next.js: 19ms, application-code: 19ms)
 GET /api/runs/e08d60c6-2c79-403a-928f-27563a4c95ea 200 in 45ms (next.js: 17ms, application-code: 29ms)
 PUT /api/flows/e83a09a5-2b27-4a48-b442-cbbbfa620b4c 200 in 29ms (next.js: 2ms, application-code: 27ms)
 POST /api/auth/sign-up/email 200 in 142ms (next.js: 16ms, application-code: 126ms)
 GET /api/test/outbox?email=e2e-8bcc83a7%40flowline-e2e.test 200 in 15ms (next.js: 3ms, application-code: 11ms)
 POST /api/email 200 in 24ms (next.js: 2ms, application-code: 22ms)
 POST /api/auth/sign-in/email 200 in 72ms (next.js: 2ms, application-code: 69ms)
 POST /api/workspaces 201 in 20ms (next.js: 1.9ms, application-code: 19ms)
 POST /api/onboarding 200 in 14ms (next.js: 2ms, application-code: 12ms)
 POST /api/workspaces/88a81fb0-5243-4a0f-9a16-dd701f953724/flows 201 in 26ms (next.js: 14ms, application-code: 12ms)
 GET /w/e2e-26504b/flows/bf5712ae-1c20-4caa-9917-00711dd483b2 200 in 72ms (next.js: 15ms, application-code: 57ms)
 GET /api/health 200 in 9ms (next.js: 3ms, application-code: 6ms)
 GET /api/flows/bf5712ae-1c20-4caa-9917-00711dd483b2 200 in 35ms (next.js: 18ms, application-code: 18ms)
 GET /api/flows/bf5712ae-1c20-4caa-9917-00711dd483b2/publish 200 in 57ms (next.js: 18ms, application-code: 39ms)
 GET /api/flows/bf5712ae-1c20-4caa-9917-00711dd483b2/runs 200 in 33ms (next.js: 19ms, application-code: 14ms)
 GET /w/e2e-26504b/runs?q=zzz-no-match 200 in 66ms (next.js: 16ms, application-code: 50ms)
 GET /api/health 200 in 7ms (next.js: 2ms, application-code: 5ms)
 GET /api/workspaces/88a81fb0-5243-4a0f-9a16-dd701f953724/runs?limit=25&q=zzz-no-match 200 in 35ms (next.js: 16ms, application-code: 19ms)
 POST /api/auth/sign-up/email 200 in 98ms (next.js: 16ms, application-code: 82ms)
 GET /api/test/outbox?email=e2e-cf59b897%40flowline-e2e.test 200 in 8ms (next.js: 3ms, application-code: 5ms)
 POST /api/email 200 in 19ms (next.js: 1.9ms, application-code: 17ms)
 POST /api/auth/sign-in/email 200 in 70ms (next.js: 1.9ms, application-code: 69ms)
 POST /api/workspaces 201 in 36ms (next.js: 2ms, application-code: 34ms)
 POST /api/onboarding 200 in 19ms (next.js: 1.9ms, application-code: 17ms)
 POST /api/workspaces/b7b61cca-5d85-4448-9ef9-f0727e63070f/flows 201 in 30ms (next.js: 14ms, application-code: 16ms)
 GET /w/acme-workspace-19/agents 200 in 64ms (next.js: 16ms, application-code: 48ms)
 GET /api/health 200 in 9ms (next.js: 2ms, application-code: 7ms)
 GET /api/workspaces/b7b61cca-5d85-4448-9ef9-f0727e63070f/agents 200 in 28ms (next.js: 17ms, application-code: 12ms)
 GET /w/acme-workspace-19/knowledge 200 in 64ms (next.js: 18ms, application-code: 46ms)
 GET /api/health 200 in 6ms (next.js: 2ms, application-code: 4ms)
 GET /api/workspaces/b7b61cca-5d85-4448-9ef9-f0727e63070f/knowledge 200 in 35ms (next.js: 17ms, application-code: 17ms)
 GET /w/acme-workspace-19/agents 200 in 65ms (next.js: 17ms, application-code: 47ms)
 GET /api/health 200 in 7ms (next.js: 2ms, application-code: 5ms)
 GET /api/workspaces/b7b61cca-5d85-4448-9ef9-f0727e63070f/agents 200 in 28ms (next.js: 16ms, application-code: 12ms)
 GET /w/acme-workspace-19/knowledge 200 in 62ms (next.js: 15ms, application-code: 47ms)
 GET /api/health 200 in 8ms (next.js: 2ms, application-code: 5ms)
 GET /api/workspaces/b7b61cca-5d85-4448-9ef9-f0727e63070f/knowledge 200 in 38ms (next.js: 16ms, application-code: 22ms)
 GET /w/acme-workspace-19/agents 200 in 68ms (next.js: 16ms, application-code: 52ms)
 GET /api/health 200 in 7ms (next.js: 2ms, application-code: 5ms)
 GET /api/workspaces/b7b61cca-5d85-4448-9ef9-f0727e63070f/agents 200 in 41ms (next.js: 16ms, application-code: 25ms)
 GET /w/acme-workspace-19/knowledge 200 in 65ms (next.js: 16ms, application-code: 48ms)
 GET /api/health 200 in 8ms (next.js: 2ms, application-code: 6ms)
 GET /api/workspaces/b7b61cca-5d85-4448-9ef9-f0727e63070f/knowledge 200 in 44ms (next.js: 17ms, application-code: 27ms)
 POST /api/workspaces/b7b61cca-5d85-4448-9ef9-f0727e63070f/ai/connections 201 in 74ms (next.js: 17ms, application-code: 57ms)
 PUT /api/workspaces/b7b61cca-5d85-4448-9ef9-f0727e63070f/ai/default-route 200 in 45ms (next.js: 17ms, application-code: 27ms)
 PUT /api/workspaces/b7b61cca-5d85-4448-9ef9-f0727e63070f/ai/policy 200 in 43ms (next.js: 16ms, application-code: 27ms)
 POST /api/workspaces/b7b61cca-5d85-4448-9ef9-f0727e63070f/knowledge 201 in 31ms (next.js: 3ms, application-code: 28ms)
2026-09-29T10:20:23.989Z [worker] knowledge source indexed
 GET /api/workspaces/b7b61cca-5d85-4448-9ef9-f0727e63070f/knowledge 200 in 19ms (next.js: 3ms, application-code: 16ms)
 GET /api/workspaces/b7b61cca-5d85-4448-9ef9-f0727e63070f/knowledge 200 in 27ms (next.js: 3ms, application-code: 24ms)
 POST /api/workspaces/b7b61cca-5d85-4448-9ef9-f0727e63070f/agents 201 in 42ms (next.js: 16ms, application-code: 26ms)
 POST /api/workspaces/b7b61cca-5d85-4448-9ef9-f0727e63070f/invites 201 in 46ms (next.js: 16ms, application-code: 29ms)
 POST /api/workspaces/b7b61cca-5d85-4448-9ef9-f0727e63070f/api-keys 201 in 49ms (next.js: 18ms, application-code: 32ms)
 GET /w/acme-workspace-19/knowledge 200 in 69ms (next.js: 17ms, application-code: 52ms)
 GET /api/health 200 in 9ms (next.js: 3ms, application-code: 5ms)
 GET /api/workspaces/b7b61cca-5d85-4448-9ef9-f0727e63070f/knowledge 200 in 47ms (next.js: 20ms, application-code: 27ms)
 GET /w/acme-workspace-19/agents/d2ad93f1-8d33-40a4-be36-1ca4083295f4 200 in 72ms (next.js: 19ms, application-code: 52ms)
 GET /api/health 200 in 9ms (next.js: 3ms, application-code: 6ms)
 GET /api/agents/d2ad93f1-8d33-40a4-be36-1ca4083295f4 200 in 29ms (next.js: 16ms, application-code: 13ms)
 GET /api/agents/d2ad93f1-8d33-40a4-be36-1ca4083295f4/runs 200 in 47ms (next.js: 17ms, application-code: 31ms)
 POST /api/agents/d2ad93f1-8d33-40a4-be36-1ca4083295f4/runs 202 in 48ms (next.js: 2ms, application-code: 46ms)
2026-09-29T10:20:25.250Z [worker] agent run f9287bc7-277c-49fc-b6e1-b7352e2acf66 claimed
 GET /api/agent-runs/f9287bc7-277c-49fc-b6e1-b7352e2acf66 200 in 48ms (next.js: 19ms, application-code: 29ms)
2026-09-29T10:20:25.365Z [worker] agent run f9287bc7-277c-49fc-b6e1-b7352e2acf66 succeeded
 GET /api/agent-runs/f9287bc7-277c-49fc-b6e1-b7352e2acf66 200 in 39ms (next.js: 14ms, application-code: 26ms)
 GET /w/acme-workspace-19/settings?tab=members 200 in 64ms (next.js: 16ms, application-code: 47ms)
 GET /api/health 200 in 9ms (next.js: 4ms, application-code: 5ms)
 GET /api/workspaces/b7b61cca-5d85-4448-9ef9-f0727e63070f/members 200 in 46ms (next.js: 16ms, application-code: 30ms)
 GET /api/workspaces/b7b61cca-5d85-4448-9ef9-f0727e63070f/invites 200 in 47ms (next.js: 35ms, application-code: 12ms)
 GET /api/workspaces/6cce65e4-1c05-435f-8d28-4a7d87cad822/overview 200 in 46ms (next.js: 16ms, application-code: 31ms)
 GET /w/acme-workspace-19/settings?tab=keys 200 in 63ms (next.js: 16ms, application-code: 47ms)
 GET /api/health 200 in 8ms (next.js: 3ms, application-code: 5ms)
 GET /api/workspaces/b7b61cca-5d85-4448-9ef9-f0727e63070f/api-keys 200 in 26ms (next.js: 16ms, application-code: 10ms)
 GET /w/acme-workspace-19/settings?tab=plan 200 in 64ms (next.js: 16ms, application-code: 47ms)
 GET /api/health 200 in 8ms (next.js: 2ms, application-code: 5ms)
 GET /api/workspaces/b7b61cca-5d85-4448-9ef9-f0727e63070f/billing 200 in 46ms (next.js: 16ms, application-code: 30ms)
 GET /w/acme-workspace-19/settings?tab=audit 200 in 57ms (next.js: 15ms, application-code: 42ms)
 GET /api/health 200 in 7ms (next.js: 2ms, application-code: 5ms)
 GET /api/workspaces/b7b61cca-5d85-4448-9ef9-f0727e63070f/audit 200 in 32ms (next.js: 16ms, application-code: 16ms)
2026-09-29T10:20:31.238Z [worker] platform notifications sent 20
 GET /w/acme-workspace-19/settings?tab=sso 200 in 62ms (next.js: 14ms, application-code: 48ms)
 GET /api/health 200 in 7ms (next.js: 2ms, application-code: 5ms)
 GET /api/workspaces/b7b61cca-5d85-4448-9ef9-f0727e63070f/sso 200 in 34ms (next.js: 15ms, application-code: 19ms)
 GET /api/health 200 in 6ms (next.js: 1.8ms, application-code: 4ms)
 GET /w/acme-workspace-19/knowledge 200 in 59ms (next.js: 16ms, application-code: 43ms)
 GET /api/health 200 in 7ms (next.js: 2ms, application-code: 5ms)
 GET /api/workspaces/b7b61cca-5d85-4448-9ef9-f0727e63070f/knowledge 200 in 39ms (next.js: 15ms, application-code: 24ms)
 GET /w/acme-workspace-19/agents/d2ad93f1-8d33-40a4-be36-1ca4083295f4 200 in 63ms (next.js: 15ms, application-code: 48ms)
 GET /api/health 200 in 7ms (next.js: 2ms, application-code: 5ms)
 GET /api/agents/d2ad93f1-8d33-40a4-be36-1ca4083295f4 200 in 44ms (next.js: 16ms, application-code: 28ms)
 GET /api/agents/d2ad93f1-8d33-40a4-be36-1ca4083295f4/runs 200 in 29ms (next.js: 16ms, application-code: 13ms)
 POST /api/agents/d2ad93f1-8d33-40a4-be36-1ca4083295f4/runs 202 in 43ms (next.js: 3ms, application-code: 40ms)
2026-09-29T10:20:33.479Z [worker] agent run 2ec974ea-71c0-44e5-b907-7c27188e5b40 claimed
 GET /api/agent-runs/2ec974ea-71c0-44e5-b907-7c27188e5b40 200 in 35ms (next.js: 18ms, application-code: 17ms)
2026-09-29T10:20:33.608Z [worker] agent run 2ec974ea-71c0-44e5-b907-7c27188e5b40 succeeded
 GET /api/agent-runs/2ec974ea-71c0-44e5-b907-7c27188e5b40 200 in 41ms (next.js: 14ms, application-code: 27ms)
 GET /w/acme-workspace-19/settings?tab=members 200 in 67ms (next.js: 16ms, application-code: 51ms)
 GET /api/health 200 in 8ms (next.js: 2ms, application-code: 5ms)
 GET /api/workspaces/b7b61cca-5d85-4448-9ef9-f0727e63070f/members 200 in 42ms (next.js: 15ms, application-code: 27ms)
 GET /api/workspaces/b7b61cca-5d85-4448-9ef9-f0727e63070f/invites 200 in 25ms (next.js: 14ms, application-code: 12ms)
 GET /w/acme-workspace-19/settings?tab=keys 200 in 57ms (next.js: 14ms, application-code: 43ms)
 GET /api/health 200 in 8ms (next.js: 3ms, application-code: 5ms)
 GET /api/workspaces/b7b61cca-5d85-4448-9ef9-f0727e63070f/api-keys 200 in 34ms (next.js: 15ms, application-code: 19ms)
 GET /api/workspaces/6cce65e4-1c05-435f-8d28-4a7d87cad822/overview 200 in 38ms (next.js: 13ms, application-code: 25ms)
 GET /w/acme-workspace-19/settings?tab=plan 200 in 64ms (next.js: 15ms, application-code: 49ms)
 GET /api/health 200 in 9ms (next.js: 3ms, application-code: 6ms)
 GET /api/workspaces/b7b61cca-5d85-4448-9ef9-f0727e63070f/billing 200 in 46ms (next.js: 15ms, application-code: 30ms)
 GET /w/acme-workspace-19/settings?tab=audit 200 in 67ms (next.js: 15ms, application-code: 52ms)
 GET /api/health 200 in 7ms (next.js: 3ms, application-code: 5ms)
 GET /api/workspaces/b7b61cca-5d85-4448-9ef9-f0727e63070f/audit 200 in 28ms (next.js: 15ms, application-code: 13ms)
 GET /w/acme-workspace-19/settings?tab=sso 200 in 56ms (next.js: 14ms, application-code: 41ms)
 GET /api/health 200 in 7ms (next.js: 2ms, application-code: 4ms)
 GET /api/workspaces/b7b61cca-5d85-4448-9ef9-f0727e63070f/sso 200 in 28ms (next.js: 15ms, application-code: 13ms)
 GET /w/acme-workspace-19/knowledge 200 in 58ms (next.js: 16ms, application-code: 42ms)
 GET /api/health 200 in 24ms (next.js: 3ms, application-code: 21ms)
 GET /api/workspaces/b7b61cca-5d85-4448-9ef9-f0727e63070f/knowledge 200 in 27ms (next.js: 15ms, application-code: 11ms)
 GET /w/acme-workspace-19/agents/d2ad93f1-8d33-40a4-be36-1ca4083295f4 200 in 73ms (next.js: 18ms, application-code: 55ms)
 GET /api/health 200 in 7ms (next.js: 2ms, application-code: 5ms)
 GET /api/agents/d2ad93f1-8d33-40a4-be36-1ca4083295f4 200 in 38ms (next.js: 16ms, application-code: 22ms)
 GET /api/agents/d2ad93f1-8d33-40a4-be36-1ca4083295f4/runs 200 in 32ms (next.js: 17ms, application-code: 15ms)
 POST /api/agents/d2ad93f1-8d33-40a4-be36-1ca4083295f4/runs 202 in 45ms (next.js: 2ms, application-code: 42ms)
2026-09-29T10:20:41.746Z [worker] agent run c8b0e4b1-1955-487a-92ca-4fa1aa0841f3 claimed
 GET /api/agent-runs/c8b0e4b1-1955-487a-92ca-4fa1aa0841f3 200 in 36ms (next.js: 17ms, application-code: 19ms)
2026-09-29T10:20:41.866Z [worker] agent run c8b0e4b1-1955-487a-92ca-4fa1aa0841f3 succeeded
 GET /api/agent-runs/c8b0e4b1-1955-487a-92ca-4fa1aa0841f3 200 in 40ms (next.js: 14ms, application-code: 26ms)
 GET /w/acme-workspace-19/settings?tab=members 200 in 62ms (next.js: 16ms, application-code: 46ms)
 GET /api/health 200 in 9ms (next.js: 3ms, application-code: 6ms)
 GET /api/workspaces/b7b61cca-5d85-4448-9ef9-f0727e63070f/members 200 in 47ms (next.js: 16ms, application-code: 31ms)
 GET /api/workspaces/b7b61cca-5d85-4448-9ef9-f0727e63070f/invites 200 in 29ms (next.js: 17ms, application-code: 12ms)
 GET /w/acme-workspace-19/settings?tab=keys 200 in 58ms (next.js: 16ms, application-code: 42ms)
 GET /api/health 200 in 7ms (next.js: 2ms, application-code: 5ms)
 GET /api/workspaces/b7b61cca-5d85-4448-9ef9-f0727e63070f/api-keys 200 in 36ms (next.js: 14ms, application-code: 22ms)
 GET /w/acme-workspace-19/settings?tab=plan 200 in 58ms (next.js: 16ms, application-code: 42ms)
 GET /api/health 200 in 7ms (next.js: 3ms, application-code: 5ms)
 GET /api/workspaces/b7b61cca-5d85-4448-9ef9-f0727e63070f/billing 200 in 52ms (next.js: 17ms, application-code: 35ms)
 GET /w/acme-workspace-19/settings?tab=audit 200 in 56ms (next.js: 15ms, application-code: 41ms)
 GET /api/health 200 in 8ms (next.js: 2ms, application-code: 5ms)
 GET /api/health 200 in 7ms (next.js: 2ms, application-code: 5ms)
 GET /api/workspaces/b7b61cca-5d85-4448-9ef9-f0727e63070f/audit 200 in 47ms (next.js: 16ms, application-code: 31ms)
 GET /api/workspaces/6cce65e4-1c05-435f-8d28-4a7d87cad822/usage 200 in 27ms (next.js: 15ms, application-code: 13ms)
 GET /api/workspaces/6cce65e4-1c05-435f-8d28-4a7d87cad822/overview 200 in 54ms (next.js: 15ms, application-code: 40ms)
 GET /w/acme-workspace-19/settings?tab=sso 200 in 65ms (next.js: 17ms, application-code: 47ms)
 GET /api/health 200 in 7ms (next.js: 2ms, application-code: 5ms)
 GET /api/workspaces/b7b61cca-5d85-4448-9ef9-f0727e63070f/sso 200 in 36ms (next.js: 16ms, application-code: 20ms)
 GET /w/acme-workspace-19/flows/534b9354-1341-432c-b59c-2f4482397e30 200 in 60ms (next.js: 15ms, application-code: 46ms)
 GET /api/health 200 in 6ms (next.js: 2ms, application-code: 4ms)
 GET /api/flows/534b9354-1341-432c-b59c-2f4482397e30 200 in 28ms (next.js: 16ms, application-code: 12ms)
 GET /api/flows/534b9354-1341-432c-b59c-2f4482397e30/publish 200 in 51ms (next.js: 17ms, application-code: 35ms)
 GET /api/flows/534b9354-1341-432c-b59c-2f4482397e30/runs 200 in 33ms (next.js: 16ms, application-code: 17ms)
 POST /api/flows/534b9354-1341-432c-b59c-2f4482397e30/copilot 201 in 153ms (next.js: 16ms, application-code: 137ms)
 POST /api/auth/sign-up/email 200 in 98ms (next.js: 17ms, application-code: 82ms)
 GET /api/test/outbox?email=e2e-4da08eac%40flowline-e2e.test 200 in 9ms (next.js: 1.8ms, application-code: 7ms)
 POST /api/email 200 in 21ms (next.js: 2ms, application-code: 19ms)
 POST /api/auth/sign-in/email 200 in 69ms (next.js: 2ms, application-code: 67ms)
 POST /api/workspaces 201 in 48ms (next.js: 2ms, application-code: 46ms)
 POST /api/onboarding 200 in 19ms (next.js: 1.9ms, application-code: 17ms)
 POST /api/workspaces/7c3bc4c3-bece-4eb5-b9ac-e079e63d1605/flows 201 in 34ms (next.js: 14ms, application-code: 20ms)
 POST /api/auth/sign-up/email 200 in 77ms (next.js: 2ms, application-code: 75ms)
 GET /api/test/outbox?email=e2e-42df4e01%40flowline-e2e.test 200 in 6ms (next.js: 1.7ms, application-code: 5ms)
 POST /api/email 200 in 18ms (next.js: 2.0ms, application-code: 16ms)
 POST /api/auth/sign-in/email 200 in 67ms (next.js: 1.8ms, application-code: 65ms)
 POST /api/workspaces 201 in 53ms (next.js: 2ms, application-code: 51ms)
 POST /api/onboarding 200 in 20ms (next.js: 2ms, application-code: 17ms)
 POST /api/workspaces/d7ed9651-0c46-44e5-a5ef-ea72d84fd640/flows 201 in 31ms (next.js: 1.9ms, application-code: 29ms)
 POST /api/flows/a085c2a9-6504-4774-bfd8-6cffd1a8d2bc/runs 202 in 56ms (next.js: 16ms, application-code: 40ms)
2026-09-29T10:20:50.930Z [worker] run 879cf0e7-4c91-44a9-892c-6299266d7740 claimed
2026-09-29T10:20:50.979Z [worker] run 879cf0e7-4c91-44a9-892c-6299266d7740 done
 GET /api/runs/879cf0e7-4c91-44a9-892c-6299266d7740 200 in 52ms (next.js: 16ms, application-code: 35ms)
 GET /api/runs/879cf0e7-4c91-44a9-892c-6299266d7740 200 in 27ms (next.js: 2ms, application-code: 25ms)
 GET /w/tenant-b-20/flows 200 in 62ms (next.js: 16ms, application-code: 46ms)
 GET /api/health 200 in 8ms (next.js: 2ms, application-code: 5ms)
 GET /api/workspaces/d7ed9651-0c46-44e5-a5ef-ea72d84fd640/usage 200 in 70ms (next.js: 34ms, application-code: 37ms)
 GET /api/workspaces/d7ed9651-0c46-44e5-a5ef-ea72d84fd640/flows 200 in 35ms (next.js: 18ms, application-code: 17ms)
 GET /api/workspaces/d7ed9651-0c46-44e5-a5ef-ea72d84fd640/overview 200 in 82ms (next.js: 16ms, application-code: 66ms)
 GET /w/tenant-b-20/runs 200 in 75ms (next.js: 18ms, application-code: 57ms)
 GET /api/health 200 in 8ms (next.js: 3ms, application-code: 6ms)
 GET /api/workspaces/d7ed9651-0c46-44e5-a5ef-ea72d84fd640/runs?limit=25 200 in 50ms (next.js: 16ms, application-code: 34ms)
 GET /w/tenant-a-20/flows 404 in 67ms (next.js: 15ms, application-code: 51ms)
 GET /w/tenant-b-20/flows/a085c2a9-6504-4774-bfd8-6cffd1a8d2bc 200 in 74ms (next.js: 19ms, application-code: 56ms)
 GET /api/health 200 in 10ms (next.js: 4ms, application-code: 6ms)
 GET /api/flows/a085c2a9-6504-4774-bfd8-6cffd1a8d2bc 404 in 46ms (next.js: 20ms, application-code: 26ms)
 GET /api/flows/a085c2a9-6504-4774-bfd8-6cffd1a8d2bc 404 in 16ms (next.js: 3ms, application-code: 13ms)
 GET /api/runs/879cf0e7-4c91-44a9-892c-6299266d7740 404 in 48ms (next.js: 20ms, application-code: 28ms)
 GET /api/workspaces/7c3bc4c3-bece-4eb5-b9ac-e079e63d1605/runs 404 in 15ms (next.js: 3ms, application-code: 12ms)
 GET /api/workspaces/7c3bc4c3-bece-4eb5-b9ac-e079e63d1605/flows 404 in 35ms (next.js: 17ms, application-code: 18ms)
 GET /api/flows/a085c2a9-6504-4774-bfd8-6cffd1a8d2bc/versions 404 in 44ms (next.js: 17ms, application-code: 27ms)
 PUT /api/flows/a085c2a9-6504-4774-bfd8-6cffd1a8d2bc 404 in 27ms (next.js: 3ms, application-code: 24ms)
 POST /api/flows/a085c2a9-6504-4774-bfd8-6cffd1a8d2bc/runs 404 in 31ms (next.js: 19ms, application-code: 12ms)
 POST /api/runs/879cf0e7-4c91-44a9-892c-6299266d7740/rerun 404 in 38ms (next.js: 17ms, application-code: 21ms)
 GET /api/flows/a085c2a9-6504-4774-bfd8-6cffd1a8d2bc 200 in 26ms (next.js: 2ms, application-code: 23ms)
 GET /api/me 401 in 13ms (next.js: 2ms, application-code: 11ms)
 GET /app 307 in 40ms (next.js: 3ms, application-code: 37ms)
 GET /sign-in 200 in 32ms (next.js: 3ms, application-code: 30ms)
 GET /api/auth-config 200 in 12ms (next.js: 3ms, application-code: 9ms)
 POST /api/auth/sign-up/email 200 in 99ms (next.js: 18ms, application-code: 81ms)
 GET /api/test/outbox?email=e2e-c36f7a49%40flowline-e2e.test 200 in 8ms (next.js: 3ms, application-code: 6ms)
 POST /api/email 200 in 19ms (next.js: 1.8ms, application-code: 18ms)
 POST /api/auth/sign-in/email 200 in 70ms (next.js: 2ms, application-code: 67ms)
 POST /api/workspaces 201 in 29ms (next.js: 2ms, application-code: 27ms)
 POST /api/onboarding 200 in 24ms (next.js: 1.9ms, application-code: 22ms)
 POST /api/workspaces/b0de44ae-aa55-43f9-b5eb-df4cdc47a40a/flows 201 in 29ms (next.js: 13ms, application-code: 16ms)
 GET /w/e2e-728a6c/flows/e5438a85-34be-47b2-a7a4-caec971358c9 200 in 61ms (next.js: 15ms, application-code: 46ms)
 GET /api/health 200 in 25ms (next.js: 17ms, application-code: 8ms)
 GET /w/e2e-728a6c/flows 200 in 106ms (next.js: 18ms, application-code: 88ms)
 GET /api/flows/e5438a85-34be-47b2-a7a4-caec971358c9 200 in 40ms (next.js: 18ms, application-code: 22ms)
 GET /api/health 200 in 10ms (next.js: 4ms, application-code: 6ms)
 GET /api/workspaces/b0de44ae-aa55-43f9-b5eb-df4cdc47a40a/usage 200 in 58ms (next.js: 36ms, application-code: 22ms)
 GET /api/workspaces/b0de44ae-aa55-43f9-b5eb-df4cdc47a40a/flows 200 in 19ms (next.js: 4ms, application-code: 15ms)
 GET /api/workspaces/b0de44ae-aa55-43f9-b5eb-df4cdc47a40a/overview 200 in 78ms (next.js: 17ms, application-code: 60ms)
 POST /api/auth/sign-out 200 in 44ms (next.js: 20ms, application-code: 24ms)
 GET /sign-in 200 in 34ms (next.js: 3ms, application-code: 30ms)
 GET /api/auth-config 200 in 9ms (next.js: 3ms, application-code: 6ms)
 GET /api/health?require=worker 200 in 7ms (next.js: 2ms, application-code: 5ms)
 GET /api/health?require=worker 200 in 5ms (next.js: 2ms, application-code: 3ms)
 POST /api/auth/sign-up/email 200 in 97ms (next.js: 16ms, application-code: 80ms)
 GET /api/test/outbox?email=e2e-e8e84d1b%40flowline-e2e.test 200 in 8ms (next.js: 2ms, application-code: 6ms)
 POST /api/email 200 in 21ms (next.js: 1.9ms, application-code: 19ms)
 POST /api/auth/sign-in/email 200 in 69ms (next.js: 2ms, application-code: 67ms)
 POST /api/workspaces 201 in 27ms (next.js: 2ms, application-code: 25ms)
 POST /api/onboarding 200 in 20ms (next.js: 2ms, application-code: 17ms)
 GET /w/e2e-7e4605/settings?tab=ai 200 in 84ms (next.js: 37ms, application-code: 47ms)
 GET /api/health 200 in 7ms (next.js: 2ms, application-code: 5ms)
 GET /api/workspaces/ee8e690d-812e-431e-8897-2456a1a217b9/ai 200 in 51ms (next.js: 16ms, application-code: 34ms)
 GET /api/workspaces/ee8e690d-812e-431e-8897-2456a1a217b9/ai/models 200 in 33ms (next.js: 16ms, application-code: 17ms)
 POST /api/workspaces/ee8e690d-812e-431e-8897-2456a1a217b9/ai/connections 201 in 79ms (next.js: 17ms, application-code: 62ms)
 GET /api/workspaces/ee8e690d-812e-431e-8897-2456a1a217b9/ai/models 200 in 23ms (next.js: 6ms, application-code: 17ms)
 GET /api/workspaces/ee8e690d-812e-431e-8897-2456a1a217b9/ai 200 in 28ms (next.js: 3ms, application-code: 26ms)
 PUT /api/workspaces/ee8e690d-812e-431e-8897-2456a1a217b9/ai/default-route 200 in 42ms (next.js: 17ms, application-code: 25ms)
 PATCH /api/workspaces/ee8e690d-812e-431e-8897-2456a1a217b9 200 in 38ms (next.js: 18ms, application-code: 20ms)
 GET /api/workspaces/ee8e690d-812e-431e-8897-2456a1a217b9/ai 200 in 70ms (next.js: 16ms, application-code: 53ms)
 POST /api/workspaces/ee8e690d-812e-431e-8897-2456a1a217b9/flows 201 in 34ms (next.js: 17ms, application-code: 17ms)
 PUT /api/flows/4df45de4-ca1e-41dc-bf9c-8cee25f545d8 200 in 45ms (next.js: 18ms, application-code: 28ms)
 GET /w/e2e-7e4605/flows/4df45de4-ca1e-41dc-bf9c-8cee25f545d8 200 in 85ms (next.js: 20ms, application-code: 65ms)
 GET /api/health 200 in 10ms (next.js: 3ms, application-code: 6ms)
 GET /api/flows/4df45de4-ca1e-41dc-bf9c-8cee25f545d8 200 in 21ms (next.js: 4ms, application-code: 17ms)
 GET /api/flows/4df45de4-ca1e-41dc-bf9c-8cee25f545d8/publish 200 in 70ms (next.js: 24ms, application-code: 46ms)
 GET /api/flows/4df45de4-ca1e-41dc-bf9c-8cee25f545d8/runs 200 in 40ms (next.js: 23ms, application-code: 16ms)
 GET /api/workspaces/ee8e690d-812e-431e-8897-2456a1a217b9/ai 200 in 46ms (next.js: 4ms, application-code: 43ms)
 GET /api/workspaces/ee8e690d-812e-431e-8897-2456a1a217b9/ai/models 200 in 43ms (next.js: 19ms, application-code: 24ms)
 PUT /api/flows/4df45de4-ca1e-41dc-bf9c-8cee25f545d8 200 in 39ms (next.js: 15ms, application-code: 24ms)
 POST /api/flows/4df45de4-ca1e-41dc-bf9c-8cee25f545d8/runs 202 in 68ms (next.js: 14ms, application-code: 54ms)
2026-09-29T10:21:02.849Z [worker] run 127dcaed-97a8-434a-a82f-646509fe9da8 claimed
 GET /api/flows/4df45de4-ca1e-41dc-bf9c-8cee25f545d8/runs 200 in 36ms (next.js: 3ms, application-code: 33ms)
 GET /api/runs/127dcaed-97a8-434a-a82f-646509fe9da8 200 in 36ms (next.js: 16ms, application-code: 20ms)
2026-09-29T10:21:02.929Z [worker] run 127dcaed-97a8-434a-a82f-646509fe9da8 done
 GET /w/e2e-7e4605/runs?run=127dcaed-97a8-434a-a82f-646509fe9da8 200 in 33ms (next.js: 19ms, application-code: 14ms)
 GET /api/workspaces/ee8e690d-812e-431e-8897-2456a1a217b9/runs?limit=25 200 in 46ms (next.js: 18ms, application-code: 28ms)
 GET /w/e2e-7e4605/settings?tab=ai 200 in 62ms (next.js: 15ms, application-code: 47ms)
 GET /api/health 200 in 8ms (next.js: 2ms, application-code: 6ms)
 GET /api/workspaces/ee8e690d-812e-431e-8897-2456a1a217b9/ai 200 in 45ms (next.js: 18ms, application-code: 28ms)
 GET /api/workspaces/ee8e690d-812e-431e-8897-2456a1a217b9/ai/models 200 in 31ms (next.js: 17ms, application-code: 14ms)
 POST /api/auth/sign-out 200 in 35ms (next.js: 16ms, application-code: 20ms)
 GET /sign-in 200 in 29ms (next.js: 3ms, application-code: 26ms)
 POST /api/auth/sign-in/email 200 in 74ms (next.js: 2ms, application-code: 72ms)
 GET /api/auth-config 200 in 15ms (next.js: 7ms, application-code: 8ms)
 GET /w/e2e-7e4605/settings?tab=ai 200 in 80ms (next.js: 19ms, application-code: 61ms)
 GET /api/health 200 in 8ms (next.js: 2ms, application-code: 5ms)
 GET /api/workspaces/ee8e690d-812e-431e-8897-2456a1a217b9/ai 200 in 30ms (next.js: 4ms, application-code: 26ms)
 GET /api/workspaces/ee8e690d-812e-431e-8897-2456a1a217b9/ai/models 200 in 22ms (next.js: 3ms, application-code: 20ms)
 POST /api/auth/sign-up/email 200 in 110ms (next.js: 17ms, application-code: 92ms)
 GET /api/test/outbox?email=ai-other-89192117%40flowline-e2e.test 200 in 7ms (next.js: 1.9ms, application-code: 6ms)
 POST /api/email 200 in 20ms (next.js: 1.9ms, application-code: 18ms)
 POST /api/auth/sign-in/email 200 in 69ms (next.js: 2ms, application-code: 67ms)
 POST /api/workspaces 201 in 51ms (next.js: 2ms, application-code: 49ms)
 GET /api/workspaces/ee8e690d-812e-431e-8897-2456a1a217b9/ai/connections 404 in 30ms (next.js: 15ms, application-code: 14ms)
 GET /api/workspaces/ee8e690d-812e-431e-8897-2456a1a217b9/ai/models 404 in 27ms (next.js: 17ms, application-code: 10ms)
 GET /w/other-ai-24/settings?tab=ai 200 in 59ms (next.js: 16ms, application-code: 43ms)
 GET /api/health 200 in 7ms (next.js: 3ms, application-code: 5ms)
 GET /api/workspaces/accdd647-55c3-4233-af0d-28d72b761d30/ai 200 in 41ms (next.js: 23ms, application-code: 19ms)
 GET /api/workspaces/accdd647-55c3-4233-af0d-28d72b761d30/ai/models 200 in 20ms (next.js: 4ms, application-code: 17ms)
 POST /api/workspaces/ee8e690d-812e-431e-8897-2456a1a217b9/invites 201 in 48ms (next.js: 17ms, application-code: 31ms)
 POST /api/auth/sign-up/email 200 in 101ms (next.js: 15ms, application-code: 86ms)
 GET /api/test/outbox?email=ai-editor-3aca5ede%40flowline-e2e.test 200 in 9ms (next.js: 2ms, application-code: 6ms)
 POST /api/email 200 in 22ms (next.js: 1.9ms, application-code: 20ms)
 POST /api/auth/sign-in/email 200 in 71ms (next.js: 2ms, application-code: 69ms)
 POST /api/invites/S8jB_gAjREIjkVAkcAYRbELjzdP2n9B_Fj0J3tWjAPI 200 in 59ms (next.js: 26ms, application-code: 33ms)
 GET /api/workspaces/ee8e690d-812e-431e-8897-2456a1a217b9/ai/models 200 in 35ms (next.js: 18ms, application-code: 18ms)
 GET /api/workspaces/ee8e690d-812e-431e-8897-2456a1a217b9/ai/connections 200 in 42ms (next.js: 16ms, application-code: 26ms)
 POST /api/workspaces/ee8e690d-812e-431e-8897-2456a1a217b9/ai/connections 403 in 23ms (next.js: 3ms, application-code: 20ms)
 GET /api/flows/4df45de4-ca1e-41dc-bf9c-8cee25f545d8 200 in 30ms (next.js: 18ms, application-code: 13ms)
 PUT /api/flows/4df45de4-ca1e-41dc-bf9c-8cee25f545d8 403 in 30ms (next.js: 3ms, application-code: 27ms)
 GET /w/e2e-7e4605/flows/4df45de4-ca1e-41dc-bf9c-8cee25f545d8 200 in 67ms (next.js: 16ms, application-code: 50ms)
 GET /api/health 200 in 11ms (next.js: 3ms, application-code: 8ms)
 GET /api/flows/4df45de4-ca1e-41dc-bf9c-8cee25f545d8 200 in 16ms (next.js: 2ms, application-code: 13ms)
 GET /api/flows/4df45de4-ca1e-41dc-bf9c-8cee25f545d8/publish 200 in 56ms (next.js: 19ms, application-code: 37ms)
 GET /api/flows/4df45de4-ca1e-41dc-bf9c-8cee25f545d8/runs 200 in 36ms (next.js: 17ms, application-code: 19ms)
 GET /api/runs/127dcaed-97a8-434a-a82f-646509fe9da8 200 in 69ms (next.js: 19ms, application-code: 50ms)
 GET /api/workspaces/ee8e690d-812e-431e-8897-2456a1a217b9/ai 200 in 46ms (next.js: 17ms, application-code: 29ms)
 GET /api/workspaces/ee8e690d-812e-431e-8897-2456a1a217b9/ai/models 200 in 47ms (next.js: 20ms, application-code: 27ms)
 GET / 200 in 47ms (next.js: 3ms, application-code: 44ms)
 GET /sign-up 200 in 17ms (next.js: 3ms, application-code: 14ms)
 GET /api/auth-config 200 in 7ms (next.js: 2ms, application-code: 5ms)
 POST /api/auth/sign-up/email 200 in 96ms (next.js: 16ms, application-code: 80ms)
 GET /api/test/outbox?email=arabic-f9700e7b%40flowline-e2e.test 200 in 7ms (next.js: 2ms, application-code: 5ms)
 GET /verify-email?token=2EkS2SViIPQVuUrB7-FjhA3C6EsHskblra0A4mifibo&callbackURL=%2Fsign-in 200 in 22ms (next.js: 3ms, application-code: 20ms)
 POST /api/email 200 in 21ms (next.js: 2ms, application-code: 19ms)
 GET /sign-in 200 in 16ms (next.js: 3ms, application-code: 13ms)
 GET /api/auth-config 200 in 7ms (next.js: 2.0ms, application-code: 5ms)
 POST /api/auth/sign-in/email 200 in 82ms (next.js: 15ms, application-code: 67ms)
 GET /app 200 in 27ms (next.js: 3ms, application-code: 24ms)
 GET /app 200 in 29ms (next.js: 3ms, application-code: 25ms)
 GET /onboarding 200 in 28ms (next.js: 3ms, application-code: 25ms)
 GET /onboarding 200 in 26ms (next.js: 3ms, application-code: 23ms)
 POST /api/workspaces 201 in 54ms (next.js: 3ms, application-code: 51ms)
 POST /api/workspaces/ad14cd7a-85f2-4d4f-b184-4e55e57100a1/flows 201 in 38ms (next.js: 16ms, application-code: 23ms)
 POST /api/onboarding 200 in 26ms (next.js: 3ms, application-code: 24ms)
 GET /w/arabic-co-22/flows/5d9830f3-a515-47ba-9caf-bbb65bd20092 200 in 49ms (next.js: 16ms, application-code: 33ms)
 GET /api/health 200 in 8ms (next.js: 3ms, application-code: 5ms)
 GET /api/flows/5d9830f3-a515-47ba-9caf-bbb65bd20092 200 in 36ms (next.js: 15ms, application-code: 21ms)
 GET /api/flows/5d9830f3-a515-47ba-9caf-bbb65bd20092/publish 200 in 49ms (next.js: 15ms, application-code: 34ms)
 GET /api/flows/5d9830f3-a515-47ba-9caf-bbb65bd20092/runs 200 in 30ms (next.js: 17ms, application-code: 14ms)
 GET /w/arabic-co-22/flows 200 in 66ms (next.js: 18ms, application-code: 48ms)
 GET /api/health 200 in 10ms (next.js: 3ms, application-code: 7ms)
 GET /api/workspaces/ad14cd7a-85f2-4d4f-b184-4e55e57100a1/flows 200 in 76ms (next.js: 40ms, application-code: 36ms)
 GET /api/workspaces/ad14cd7a-85f2-4d4f-b184-4e55e57100a1/usage 200 in 76ms (next.js: 60ms, application-code: 16ms)
 GET /api/workspaces/ad14cd7a-85f2-4d4f-b184-4e55e57100a1/overview 200 in 89ms (next.js: 20ms, application-code: 69ms)
 GET /w/arabic-co-22/flows 200 in 42ms (next.js: 5ms, application-code: 37ms)
 GET /w/arabic-co-22/flows 200 in 56ms (next.js: 15ms, application-code: 41ms)
 POST /api/auth/sign-out 200 in 41ms (next.js: 22ms, application-code: 19ms)
 GET /sign-in 200 in 36ms (next.js: 3ms, application-code: 33ms)
 GET /sign-in 200 in 37ms (next.js: 3ms, application-code: 34ms)
 GET /api/auth-config 200 in 7ms (next.js: 2ms, application-code: 5ms)
 POST /api/auth/sign-in/email 200 in 71ms (next.js: 2ms, application-code: 69ms)
 GET /app 200 in 27ms (next.js: 3ms, application-code: 24ms)
 GET /app 200 in 30ms (next.js: 3ms, application-code: 26ms)
 GET /w/arabic-co-22/flows 200 in 44ms (next.js: 18ms, application-code: 26ms)
 GET /w/arabic-co-22/flows 200 in 34ms (next.js: 4ms, application-code: 30ms)
 GET /api/health 200 in 11ms (next.js: 4ms, application-code: 7ms)
 GET /api/workspaces/ad14cd7a-85f2-4d4f-b184-4e55e57100a1/usage 200 in 47ms (next.js: 17ms, application-code: 30ms)
 GET /api/workspaces/ad14cd7a-85f2-4d4f-b184-4e55e57100a1/overview 200 in 69ms (next.js: 18ms, application-code: 50ms)
 GET /api/workspaces/ad14cd7a-85f2-4d4f-b184-4e55e57100a1/flows 200 in 47ms (next.js: 42ms, application-code: 5ms)
 GET /sign-in 200 in 33ms (next.js: 3ms, application-code: 30ms)
 GET /api/auth-config 200 in 11ms (next.js: 3ms, application-code: 8ms)
 GET /sign-in 200 in 20ms (next.js: 4ms, application-code: 16ms)
 GET /sign-up 200 in 31ms (next.js: 3ms, application-code: 28ms)
 GET /api/auth-config 200 in 8ms (next.js: 2ms, application-code: 6ms)
 GET /sign-up 200 in 18ms (next.js: 3ms, application-code: 15ms)
 GET /sign-in 200 in 29ms (next.js: 2ms, application-code: 26ms)
 GET /api/auth-config 200 in 9ms (next.js: 3ms, application-code: 6ms)
 POST /api/auth/sign-up/email 200 in 96ms (next.js: 15ms, application-code: 81ms)
 GET /api/test/outbox?email=arabic-rtl-6fe978d5%40flowline-e2e.test 200 in 8ms (next.js: 2ms, application-code: 6ms)
 POST /api/email 200 in 21ms (next.js: 2ms, application-code: 19ms)
 POST /api/auth/sign-in/email 200 in 71ms (next.js: 1.9ms, application-code: 69ms)
 POST /api/workspaces 201 in 49ms (next.js: 2ms, application-code: 47ms)
 POST /api/onboarding 200 in 18ms (next.js: 1.8ms, application-code: 16ms)
 POST /api/workspaces/94419c59-42bb-4aaf-9552-e36461d15202/flows 201 in 30ms (next.js: 15ms, application-code: 15ms)
 GET / 200 in 60ms (next.js: 2ms, application-code: 58ms)
 GET /sign-in 200 in 31ms (next.js: 3ms, application-code: 28ms)
 GET /api/auth-config 200 in 8ms (next.js: 2ms, application-code: 6ms)
 GET /w/rtl-scroll-22/flows 200 in 61ms (next.js: 16ms, application-code: 46ms)
 GET /api/health 200 in 8ms (next.js: 3ms, application-code: 5ms)
 GET /api/workspaces/94419c59-42bb-4aaf-9552-e36461d15202/flows 200 in 63ms (next.js: 41ms, application-code: 22ms)
 GET /api/workspaces/94419c59-42bb-4aaf-9552-e36461d15202/overview 200 in 63ms (next.js: 17ms, application-code: 46ms)
 GET /api/workspaces/94419c59-42bb-4aaf-9552-e36461d15202/usage 200 in 63ms (next.js: 58ms, application-code: 5ms)
 GET /w/rtl-scroll-22/flows/0135cd7a-d24b-4513-b042-32b262ba56d5 200 in 73ms (next.js: 18ms, application-code: 55ms)
 GET /api/health 200 in 6ms (next.js: 2ms, application-code: 4ms)
 GET /api/flows/0135cd7a-d24b-4513-b042-32b262ba56d5 200 in 30ms (next.js: 16ms, application-code: 14ms)
 GET /api/flows/0135cd7a-d24b-4513-b042-32b262ba56d5/publish 200 in 64ms (next.js: 16ms, application-code: 48ms)
 GET /api/flows/0135cd7a-d24b-4513-b042-32b262ba56d5/runs 200 in 44ms (next.js: 16ms, application-code: 27ms)
 GET /w/rtl-scroll-22/runs 200 in 71ms (next.js: 19ms, application-code: 52ms)
 GET /api/health 200 in 8ms (next.js: 3ms, application-code: 5ms)
 GET /api/workspaces/94419c59-42bb-4aaf-9552-e36461d15202/runs?limit=25 200 in 24ms (next.js: 20ms, application-code: 4ms)
 GET /w/rtl-scroll-22/settings 200 in 72ms (next.js: 17ms, application-code: 55ms)
 GET /api/health 200 in 8ms (next.js: 3ms, application-code: 6ms)
 GET /api/workspaces/94419c59-42bb-4aaf-9552-e36461d15202/members 200 in 56ms (next.js: 19ms, application-code: 37ms)
 GET /api/workspaces/94419c59-42bb-4aaf-9552-e36461d15202/invites 200 in 58ms (next.js: 41ms, application-code: 17ms)
 GET / 200 in 54ms (next.js: 3ms, application-code: 51ms)
 GET /sign-in 200 in 34ms (next.js: 3ms, application-code: 31ms)
 GET /api/auth-config 200 in 8ms (next.js: 2ms, application-code: 6ms)
 GET /w/rtl-scroll-22/flows 200 in 64ms (next.js: 16ms, application-code: 48ms)
 GET /api/health 200 in 9ms (next.js: 3ms, application-code: 6ms)
 GET /api/workspaces/94419c59-42bb-4aaf-9552-e36461d15202/flows 200 in 63ms (next.js: 59ms, application-code: 4ms)
 GET /api/workspaces/94419c59-42bb-4aaf-9552-e36461d15202/overview 200 in 64ms (next.js: 20ms, application-code: 45ms)
 GET /api/workspaces/94419c59-42bb-4aaf-9552-e36461d15202/usage 200 in 64ms (next.js: 39ms, application-code: 25ms)
 GET /w/rtl-scroll-22/flows/0135cd7a-d24b-4513-b042-32b262ba56d5 200 in 83ms (next.js: 22ms, application-code: 61ms)
 GET /api/health 200 in 7ms (next.js: 2ms, application-code: 5ms)
 GET /api/flows/0135cd7a-d24b-4513-b042-32b262ba56d5 200 in 40ms (next.js: 16ms, application-code: 23ms)
 GET /api/flows/0135cd7a-d24b-4513-b042-32b262ba56d5/publish 200 in 50ms (next.js: 16ms, application-code: 34ms)
 GET /api/flows/0135cd7a-d24b-4513-b042-32b262ba56d5/runs 200 in 31ms (next.js: 16ms, application-code: 14ms)
 GET /w/rtl-scroll-22/runs 200 in 71ms (next.js: 18ms, application-code: 52ms)
 GET /api/health 200 in 10ms (next.js: 4ms, application-code: 6ms)
 GET /api/workspaces/94419c59-42bb-4aaf-9552-e36461d15202/runs?limit=25 200 in 29ms (next.js: 25ms, application-code: 4ms)
 GET /w/rtl-scroll-22/settings 200 in 73ms (next.js: 20ms, application-code: 52ms)
 GET /api/health 200 in 9ms (next.js: 3ms, application-code: 6ms)
 GET /api/workspaces/94419c59-42bb-4aaf-9552-e36461d15202/invites 200 in 51ms (next.js: 18ms, application-code: 32ms)
 GET /api/workspaces/94419c59-42bb-4aaf-9552-e36461d15202/members 200 in 51ms (next.js: 42ms, application-code: 8ms)
 GET / 200 in 73ms (next.js: 6ms, application-code: 67ms)
 GET /sign-in 200 in 32ms (next.js: 3ms, application-code: 29ms)
 GET /api/auth-config 200 in 9ms (next.js: 2ms, application-code: 7ms)
 GET /w/rtl-scroll-22/flows 200 in 71ms (next.js: 17ms, application-code: 54ms)
 GET /api/health 200 in 10ms (next.js: 4ms, application-code: 6ms)
 GET /api/workspaces/94419c59-42bb-4aaf-9552-e36461d15202/usage 200 in 47ms (next.js: 41ms, application-code: 6ms)
 GET /api/workspaces/94419c59-42bb-4aaf-9552-e36461d15202/overview 200 in 48ms (next.js: 20ms, application-code: 28ms)
 GET /w/rtl-scroll-22/flows/0135cd7a-d24b-4513-b042-32b262ba56d5 200 in 82ms (next.js: 20ms, application-code: 62ms)
 GET /api/health 200 in 7ms (next.js: 2ms, application-code: 5ms)
 GET /api/flows/0135cd7a-d24b-4513-b042-32b262ba56d5 200 in 41ms (next.js: 16ms, application-code: 25ms)
 GET /api/flows/0135cd7a-d24b-4513-b042-32b262ba56d5/publish 200 in 53ms (next.js: 18ms, application-code: 35ms)
 GET /api/flows/0135cd7a-d24b-4513-b042-32b262ba56d5/runs 200 in 29ms (next.js: 16ms, application-code: 13ms)
 GET /w/rtl-scroll-22/runs 200 in 71ms (next.js: 20ms, application-code: 51ms)
 GET /api/health 200 in 8ms (next.js: 3ms, application-code: 5ms)
 GET /api/workspaces/94419c59-42bb-4aaf-9552-e36461d15202/runs?limit=25 200 in 21ms (next.js: 18ms, application-code: 3ms)
 GET /w/rtl-scroll-22/settings 200 in 83ms (next.js: 19ms, application-code: 64ms)
 GET /api/health 200 in 9ms (next.js: 3ms, application-code: 6ms)
 GET /api/workspaces/94419c59-42bb-4aaf-9552-e36461d15202/members 200 in 57ms (next.js: 17ms, application-code: 39ms)
 GET /api/workspaces/94419c59-42bb-4aaf-9552-e36461d15202/invites 200 in 37ms (next.js: 22ms, application-code: 15ms)
 POST /api/auth/sign-up/email 200 in 109ms (next.js: 16ms, application-code: 94ms)
 GET /api/test/outbox?email=e2e-f1e29a4c%40flowline-e2e.test 200 in 10ms (next.js: 2ms, application-code: 8ms)
 POST /api/email 200 in 27ms (next.js: 1.9ms, application-code: 25ms)
 POST /api/auth/sign-in/email 200 in 71ms (next.js: 3ms, application-code: 69ms)
 POST /api/workspaces 201 in 27ms (next.js: 2ms, application-code: 25ms)
 POST /api/onboarding 200 in 22ms (next.js: 2.0ms, application-code: 20ms)
 POST /api/workspaces/a9187fa6-7770-420c-801b-8b2b8d5d8de6/flows 201 in 34ms (next.js: 18ms, application-code: 16ms)
 GET /w/e2e-59ed7e/templates 200 in 79ms (next.js: 19ms, application-code: 61ms)
 GET /api/health 200 in 8ms (next.js: 2ms, application-code: 6ms)
 GET /api/workspaces/a9187fa6-7770-420c-801b-8b2b8d5d8de6/connections 200 in 58ms (next.js: 43ms, application-code: 15ms)
 GET /api/workspaces/a9187fa6-7770-420c-801b-8b2b8d5d8de6/ai 200 in 63ms (next.js: 16ms, application-code: 47ms)
 GET /w/e2e-59ed7e/flows/3ca23f98-dd4d-4a3b-894f-dbb9217f9951 200 in 71ms (next.js: 19ms, application-code: 52ms)
 GET /api/health 200 in 7ms (next.js: 2ms, application-code: 5ms)
 GET /api/flows/3ca23f98-dd4d-4a3b-894f-dbb9217f9951 200 in 33ms (next.js: 16ms, application-code: 17ms)
 GET /api/flows/3ca23f98-dd4d-4a3b-894f-dbb9217f9951/publish 200 in 54ms (next.js: 17ms, application-code: 37ms)
 GET /api/flows/3ca23f98-dd4d-4a3b-894f-dbb9217f9951/runs 200 in 34ms (next.js: 18ms, application-code: 16ms)
 GET /api/workspaces/a9187fa6-7770-420c-801b-8b2b8d5d8de6/ai 200 in 37ms (next.js: 3ms, application-code: 34ms)
 GET /api/integrations/catalog 200 in 162ms (next.js: 3ms, application-code: 159ms)
2026-09-29T10:21:24.825Z [worker] run 453b1dc1-d6a1-4ca2-9b5f-0589abfb9a98 claimed
 POST /api/flows/3ca23f98-dd4d-4a3b-894f-dbb9217f9951/runs 202 in 51ms (next.js: 3ms, application-code: 48ms)
 GET /api/flows/3ca23f98-dd4d-4a3b-894f-dbb9217f9951/runs 200 in 38ms (next.js: 2ms, application-code: 35ms)
 GET /api/runs/453b1dc1-d6a1-4ca2-9b5f-0589abfb9a98 200 in 36ms (next.js: 17ms, application-code: 20ms)
2026-09-29T10:21:24.887Z [worker] run 453b1dc1-d6a1-4ca2-9b5f-0589abfb9a98 done
 GET /api/runs/453b1dc1-d6a1-4ca2-9b5f-0589abfb9a98 200 in 23ms (next.js: 2ms, application-code: 21ms)
 GET /api/flows/3ca23f98-dd4d-4a3b-894f-dbb9217f9951/runs 200 in 26ms (next.js: 14ms, application-code: 12ms)
 GET /w/e2e-59ed7e/runs?run=453b1dc1-d6a1-4ca2-9b5f-0589abfb9a98 200 in 27ms (next.js: 16ms, application-code: 12ms)
 GET /api/workspaces/a9187fa6-7770-420c-801b-8b2b8d5d8de6/runs?limit=25 200 in 34ms (next.js: 16ms, application-code: 17ms)
 GET /api/runs/453b1dc1-d6a1-4ca2-9b5f-0589abfb9a98/rerun-preview?fromNodeId=hot&revision=original 200 in 62ms (next.js: 45ms, application-code: 17ms)
 POST /api/auth/sign-up/email 200 in 99ms (next.js: 15ms, application-code: 83ms)
 GET /api/test/outbox?email=e2e-e98b43a1%40flowline-e2e.test 200 in 9ms (next.js: 2ms, application-code: 7ms)
 POST /api/email 200 in 21ms (next.js: 2ms, application-code: 19ms)
 POST /api/auth/sign-in/email 200 in 71ms (next.js: 2.0ms, application-code: 69ms)
 POST /api/workspaces 201 in 32ms (next.js: 2ms, application-code: 30ms)
 POST /api/onboarding 200 in 22ms (next.js: 2ms, application-code: 20ms)
 GET /w/e2e-84005c/settings?tab=general 200 in 87ms (next.js: 17ms, application-code: 70ms)
 GET /api/health 200 in 7ms (next.js: 2ms, application-code: 4ms)
 GET /resend-verification 200 in 14ms (next.js: 3ms, application-code: 11ms)
 GET /w/e2e-84005c/flows 200 in 63ms (next.js: 16ms, application-code: 46ms)
 GET /api/health 200 in 8ms (next.js: 3ms, application-code: 6ms)
 GET /api/workspaces/44209b5f-adae-42e2-b63e-a6706ed5d515/flows 200 in 75ms (next.js: 39ms, application-code: 35ms)
 GET /api/workspaces/44209b5f-adae-42e2-b63e-a6706ed5d515/usage 200 in 76ms (next.js: 17ms, application-code: 59ms)
 GET /account/delete 200 in 20ms (next.js: 5ms, application-code: 15ms)
 GET /api/workspaces/44209b5f-adae-42e2-b63e-a6706ed5d515/overview 200 in 103ms (next.js: 57ms, application-code: 45ms)
 POST /api/email 200 in 28ms (next.js: 1.9ms, application-code: 26ms)
 GET /api/test/outbox?email=e2e-e98b43a1%40flowline-e2e.test 200 in 7ms (next.js: 2.0ms, application-code: 6ms)
 GET /account/delete?token=EPKcPGkfprZe6lxIsV1RWU6geRqgwEMQFYUVM2mDlMU 200 in 24ms (next.js: 2ms, application-code: 22ms)
 POST /api/email 200 in 67ms (next.js: 1.8ms, application-code: 65ms)
 GET /api/me 401 in 26ms (next.js: 3ms, application-code: 23ms)
 POST /api/auth/sign-up/email 200 in 101ms (next.js: 15ms, application-code: 86ms)
 GET /api/test/outbox?email=e2e-97fad0fd%40flowline-e2e.test 200 in 7ms (next.js: 2ms, application-code: 5ms)
 POST /api/email 200 in 22ms (next.js: 2ms, application-code: 19ms)
 POST /api/auth/sign-in/email 200 in 68ms (next.js: 1.9ms, application-code: 66ms)
 POST /api/workspaces 201 in 19ms (next.js: 1.9ms, application-code: 17ms)
 POST /api/onboarding 200 in 23ms (next.js: 1.9ms, application-code: 21ms)
 GET /w/e2e-5fe4ab/settings 200 in 62ms (next.js: 16ms, application-code: 47ms)
 GET /api/health 200 in 7ms (next.js: 2ms, application-code: 5ms)
 GET /api/workspaces/177af264-ffc8-42ce-b402-dcf334125a35/members 200 in 50ms (next.js: 19ms, application-code: 31ms)
 GET /api/workspaces/177af264-ffc8-42ce-b402-dcf334125a35/invites 200 in 51ms (next.js: 39ms, application-code: 11ms)
 GET /api/workspaces/177af264-ffc8-42ce-b402-dcf334125a35/ai 200 in 38ms (next.js: 17ms, application-code: 21ms)
 GET /api/workspaces/177af264-ffc8-42ce-b402-dcf334125a35/ai/models 200 in 36ms (next.js: 18ms, application-code: 19ms)
2026-09-29T10:21:31.157Z [worker] platform notifications sent 3
 GET /api/workspaces/177af264-ffc8-42ce-b402-dcf334125a35/api-keys 200 in 30ms (next.js: 18ms, application-code: 12ms)
 GET /api/workspaces/177af264-ffc8-42ce-b402-dcf334125a35/billing 200 in 52ms (next.js: 16ms, application-code: 35ms)
 GET /api/workspaces/177af264-ffc8-42ce-b402-dcf334125a35 200 in 49ms (next.js: 36ms, application-code: 13ms)
 GET /api/workspaces/177af264-ffc8-42ce-b402-dcf334125a35/usage 200 in 52ms (next.js: 17ms, application-code: 35ms)
 GET /api/workspaces/177af264-ffc8-42ce-b402-dcf334125a35/audit 200 in 37ms (next.js: 23ms, application-code: 14ms)
 GET /api/workspaces/177af264-ffc8-42ce-b402-dcf334125a35/sso 200 in 46ms (next.js: 17ms, application-code: 29ms)
 GET /w/e2e-5fe4ab/agents 200 in 80ms (next.js: 20ms, application-code: 60ms)
 GET /api/health 200 in 9ms (next.js: 3ms, application-code: 6ms)
 GET /api/workspaces/177af264-ffc8-42ce-b402-dcf334125a35/agents 200 in 37ms (next.js: 23ms, application-code: 14ms)
 GET /w/e2e-5fe4ab/agents/new 200 in 30ms (next.js: 17ms, application-code: 13ms)
 GET /api/workspaces/177af264-ffc8-42ce-b402-dcf334125a35/flows 200 in 50ms (next.js: 16ms, application-code: 33ms)
 GET /api/workspaces/177af264-ffc8-42ce-b402-dcf334125a35/knowledge 200 in 51ms (next.js: 34ms, application-code: 17ms)
 GET /api/workspaces/177af264-ffc8-42ce-b402-dcf334125a35/ai 200 in 73ms (next.js: 16ms, application-code: 57ms)
 GET /api/workspaces/177af264-ffc8-42ce-b402-dcf334125a35/ai/models 200 in 30ms (next.js: 17ms, application-code: 13ms)
 GET /w/e2e-5fe4ab/knowledge 200 in 69ms (next.js: 19ms, application-code: 51ms)
 GET /api/health 200 in 8ms (next.js: 3ms, application-code: 6ms)
 GET /api/workspaces/177af264-ffc8-42ce-b402-dcf334125a35/knowledge 200 in 25ms (next.js: 4ms, application-code: 21ms)
 GET /w/e2e-5fe4ab/integrations 200 in 74ms (next.js: 20ms, application-code: 54ms)
 GET /api/health 200 in 9ms (next.js: 3ms, application-code: 6ms)
 GET /api/workspaces/177af264-ffc8-42ce-b402-dcf334125a35/connections 200 in 34ms (next.js: 19ms, application-code: 15ms)
 GET /api/integrations/catalog?workspaceId=177af264-ffc8-42ce-b402-dcf334125a35 200 in 50ms (next.js: 4ms, application-code: 46ms)
 GET /api/workspaces/177af264-ffc8-42ce-b402-dcf334125a35/oauth-apps/provenance?provider=google_sheets 200 in 41ms (next.js: 17ms, application-code: 25ms)
 GET /w/e2e-5fe4ab/settings?tab=keys 200 in 70ms (next.js: 17ms, application-code: 53ms)
 GET /api/health 200 in 8ms (next.js: 3ms, application-code: 5ms)
 GET /api/workspaces/177af264-ffc8-42ce-b402-dcf334125a35/api-keys 200 in 23ms (next.js: 19ms, application-code: 4ms)
 GET /w/e2e-5fe4ab/settings?tab=billing 200 in 56ms (next.js: 6ms, application-code: 50ms)
 GET /api/health 200 in 9ms (next.js: 3ms, application-code: 5ms)
 GET /api/workspaces/177af264-ffc8-42ce-b402-dcf334125a35/usage 200 in 40ms (next.js: 17ms, application-code: 23ms)
 GET /api/workspaces/177af264-ffc8-42ce-b402-dcf334125a35 200 in 40ms (next.js: 36ms, application-code: 4ms)
 GET /w/e2e-5fe4ab/agents/new 200 in 85ms (next.js: 16ms, application-code: 68ms)
 GET /api/health 200 in 9ms (next.js: 3ms, application-code: 6ms)
 GET /api/workspaces/177af264-ffc8-42ce-b402-dcf334125a35/ai 200 in 21ms (next.js: 18ms, application-code: 3ms)
 GET /w/e2e-5fe4ab/knowledge 200 in 88ms (next.js: 16ms, application-code: 73ms)
 GET /api/health 200 in 8ms (next.js: 3ms, application-code: 5ms)
 GET /api/workspaces/177af264-ffc8-42ce-b402-dcf334125a35/knowledge 200 in 22ms (next.js: 19ms, application-code: 3ms)
 GET /w/e2e-5fe4ab/integrations 200 in 73ms (next.js: 17ms, application-code: 56ms)
 GET /api/health 200 in 7ms (next.js: 2ms, application-code: 5ms)
 GET /api/workspaces/177af264-ffc8-42ce-b402-dcf334125a35/connections 200 in 31ms (next.js: 17ms, application-code: 14ms)
 GET /api/integrations/catalog?workspaceId=177af264-ffc8-42ce-b402-dcf334125a35 200 in 44ms (next.js: 3ms, application-code: 41ms)
 POST /api/test/beta 200 in 9ms (next.js: 2.0ms, application-code: 7ms)
 GET /api/auth-config 200 in 7ms (next.js: 1.9ms, application-code: 5ms)
 GET /sign-up 200 in 32ms (next.js: 3ms, application-code: 29ms)
 GET /api/auth-config 200 in 8ms (next.js: 3ms, application-code: 6ms)
 POST /api/beta/check 200 in 13ms (next.js: 3ms, application-code: 11ms)
 GET /api/test/outbox?email=stranger-455e1b60%40flowline-e2e.test 200 in 7ms (next.js: 1.9ms, application-code: 5ms)
 POST /api/beta/check 200 in 12ms (next.js: 2ms, application-code: 10ms)
 POST /api/beta/check 200 in 13ms (next.js: 2ms, application-code: 10ms)
 POST /api/auth/sign-up/email 200 in 100ms (next.js: 16ms, application-code: 83ms)
 GET /api/test/outbox?email=stranger-455e1b60%40flowline-e2e.test 200 in 7ms (next.js: 1.8ms, application-code: 6ms)
 POST /api/beta/check 200 in 12ms (next.js: 1.9ms, application-code: 10ms)
 POST /api/email 200 in 509ms (next.js: 2ms, application-code: 507ms)
 POST /api/auth/sign-up/email 200 in 101ms (next.js: 15ms, application-code: 86ms)
 GET /api/test/outbox?email=e2e-26610453%40flowline-e2e.test 200 in 8ms (next.js: 2ms, application-code: 5ms)
 POST /api/email 200 in 19ms (next.js: 1.9ms, application-code: 17ms)
 POST /api/auth/sign-in/email 200 in 69ms (next.js: 3ms, application-code: 67ms)
 POST /api/workspaces 201 in 48ms (next.js: 2ms, application-code: 46ms)
 POST /api/onboarding 200 in 19ms (next.js: 1.8ms, application-code: 17ms)
 POST /api/workspaces/15d3318f-ad3d-4813-b9a1-978c2a132ed2/invites 201 in 42ms (next.js: 14ms, application-code: 28ms)
 POST /api/test/beta 200 in 6ms (next.js: 3ms, application-code: 3ms)
 GET /invite/jeVSaAOWWyQzqLTtlLPLhG47prN-MTT0RbQU4FaHPWw 307 in 62ms (next.js: 17ms, application-code: 45ms)
 GET /sign-in?next=invite%3AjeVSaAOWWyQzqLTtlLPLhG47prN-MTT0RbQU4FaHPWw 200 in 35ms (next.js: 3ms, application-code: 32ms)
 GET /api/auth-config 200 in 9ms (next.js: 3ms, application-code: 7ms)
 GET /sign-up?next=invite%3AjeVSaAOWWyQzqLTtlLPLhG47prN-MTT0RbQU4FaHPWw 200 in 17ms (next.js: 3ms, application-code: 14ms)
 POST /api/beta/check 200 in 9ms (next.js: 1.9ms, application-code: 7ms)
 POST /api/auth/sign-up/email 200 in 96ms (next.js: 15ms, application-code: 81ms)
 GET /api/test/outbox?email=beta-invitee-49fd2096%40flowline-e2e.test 200 in 8ms (next.js: 2ms, application-code: 6ms)
 GET /verify-email?token=VXej8k03Cz6duXcyUC2r2QudijYu6_ehQo-3i7-oSqI&callbackURL=%2Fsign-in%3Fnext%3Dinvite%253AjeVSaAOWWyQzqLTtlLPLhG47prN-MTT0RbQU4FaHPWw 200 in 24ms (next.js: 3ms, application-code: 21ms)
 POST /api/email 200 in 20ms (next.js: 2.0ms, application-code: 18ms)
 GET /sign-in?next=invite%3AjeVSaAOWWyQzqLTtlLPLhG47prN-MTT0RbQU4FaHPWw 200 in 17ms (next.js: 3ms, application-code: 14ms)
 GET /api/auth-config 200 in 8ms (next.js: 2ms, application-code: 6ms)
 POST /api/auth/sign-in/email 200 in 86ms (next.js: 15ms, application-code: 71ms)
 GET /app?next=invite%3AjeVSaAOWWyQzqLTtlLPLhG47prN-MTT0RbQU4FaHPWw 200 in 25ms (next.js: 3ms, application-code: 22ms)
 GET /app?next=invite%3AjeVSaAOWWyQzqLTtlLPLhG47prN-MTT0RbQU4FaHPWw 200 in 26ms (next.js: 3ms, application-code: 23ms)
 GET /invite/jeVSaAOWWyQzqLTtlLPLhG47prN-MTT0RbQU4FaHPWw 200 in 40ms (next.js: 16ms, application-code: 24ms)
 GET /invite/jeVSaAOWWyQzqLTtlLPLhG47prN-MTT0RbQU4FaHPWw 200 in 29ms (next.js: 4ms, application-code: 25ms)
 GET /api/invites/jeVSaAOWWyQzqLTtlLPLhG47prN-MTT0RbQU4FaHPWw 200 in 43ms (next.js: 17ms, application-code: 25ms)
 POST /api/invites/jeVSaAOWWyQzqLTtlLPLhG47prN-MTT0RbQU4FaHPWw 200 in 33ms (next.js: 2ms, application-code: 31ms)
 GET /w/beta-invite-co-21/flows 200 in 50ms (next.js: 18ms, application-code: 32ms)
 GET /api/health 200 in 11ms (next.js: 5ms, application-code: 6ms)
 GET /api/workspaces/15d3318f-ad3d-4813-b9a1-978c2a132ed2/flows 200 in 70ms (next.js: 55ms, application-code: 15ms)
 GET /api/workspaces/15d3318f-ad3d-4813-b9a1-978c2a132ed2/usage 200 in 72ms (next.js: 37ms, application-code: 35ms)
 GET /api/workspaces/15d3318f-ad3d-4813-b9a1-978c2a132ed2/overview 200 in 82ms (next.js: 20ms, application-code: 62ms)
 POST /api/auth/sign-up/email 200 in 101ms (next.js: 17ms, application-code: 84ms)
 GET /api/test/outbox?email=e2e-5b034cee%40flowline-e2e.test 200 in 8ms (next.js: 3ms, application-code: 6ms)
 POST /api/email 200 in 22ms (next.js: 2ms, application-code: 20ms)
 POST /api/auth/sign-in/email 200 in 71ms (next.js: 1.9ms, application-code: 69ms)
 POST /api/workspaces 201 in 24ms (next.js: 2ms, application-code: 22ms)
 POST /api/onboarding 200 in 26ms (next.js: 3ms, application-code: 23ms)
 POST /api/workspaces/2b9bd867-1e87-4964-b637-a7f79b2ae537/flows 201 in 24ms (next.js: 2ms, application-code: 22ms)
 GET /w/e2e-404779/flows/3bcb34c8-68b7-47ff-9a74-7ef39e8b5d08 200 in 76ms (next.js: 19ms, application-code: 57ms)
 GET /api/health 200 in 8ms (next.js: 3ms, application-code: 6ms)
 GET /api/flows/3bcb34c8-68b7-47ff-9a74-7ef39e8b5d08 200 in 29ms (next.js: 18ms, application-code: 11ms)
 GET /api/flows/3bcb34c8-68b7-47ff-9a74-7ef39e8b5d08/publish 200 in 49ms (next.js: 15ms, application-code: 34ms)
 GET /api/flows/3bcb34c8-68b7-47ff-9a74-7ef39e8b5d08/runs 200 in 30ms (next.js: 15ms, application-code: 14ms)
 GET /api/integrations/catalog 200 in 35ms (next.js: 3ms, application-code: 32ms)
 GET /api/workspaces/2b9bd867-1e87-4964-b637-a7f79b2ae537/ai 200 in 36ms (next.js: 16ms, application-code: 20ms)
 PUT /api/flows/3bcb34c8-68b7-47ff-9a74-7ef39e8b5d08 200 in 32ms (next.js: 14ms, application-code: 18ms)
 GET /api/flows/3bcb34c8-68b7-47ff-9a74-7ef39e8b5d08 200 in 16ms (next.js: 1.9ms, application-code: 14ms)
 POST /api/auth/sign-up/email 200 in 98ms (next.js: 14ms, application-code: 84ms)
 GET /api/test/outbox?email=e2e-14ea491a%40flowline-e2e.test 200 in 9ms (next.js: 3ms, application-code: 6ms)
 POST /api/email 200 in 22ms (next.js: 2ms, application-code: 20ms)
 POST /api/auth/sign-in/email 200 in 72ms (next.js: 1.9ms, application-code: 70ms)
 POST /api/workspaces 201 in 24ms (next.js: 2ms, application-code: 21ms)
 POST /api/onboarding 200 in 24ms (next.js: 1.9ms, application-code: 22ms)
 POST /api/workspaces/55a072fa-dffa-4da6-9490-45cba3668208/flows 201 in 29ms (next.js: 14ms, application-code: 15ms)
 GET /w/e2e-7e04a0/flows 200 in 75ms (next.js: 16ms, application-code: 59ms)
 GET /api/health 200 in 8ms (next.js: 2ms, application-code: 6ms)
 GET /api/workspaces/55a072fa-dffa-4da6-9490-45cba3668208/flows 200 in 60ms (next.js: 46ms, application-code: 14ms)
 GET /api/workspaces/55a072fa-dffa-4da6-9490-45cba3668208/usage 200 in 61ms (next.js: 41ms, application-code: 20ms)
 GET /api/workspaces/55a072fa-dffa-4da6-9490-45cba3668208/overview 200 in 70ms (next.js: 20ms, application-code: 50ms)
 GET /w/e2e-7e04a0/templates 200 in 80ms (next.js: 17ms, application-code: 63ms)
 GET /api/health 200 in 7ms (next.js: 3ms, application-code: 4ms)
 GET /api/workspaces/55a072fa-dffa-4da6-9490-45cba3668208/connections 200 in 44ms (next.js: 31ms, application-code: 13ms)
 GET /api/workspaces/55a072fa-dffa-4da6-9490-45cba3668208/ai 200 in 47ms (next.js: 16ms, application-code: 31ms)
 GET /w/e2e-7e04a0/runs 200 in 69ms (next.js: 18ms, application-code: 51ms)
 GET /api/health 200 in 7ms (next.js: 2ms, application-code: 5ms)
 GET /api/workspaces/55a072fa-dffa-4da6-9490-45cba3668208/runs?limit=25 200 in 38ms (next.js: 18ms, application-code: 19ms)
 GET /w/e2e-7e04a0/integrations 200 in 59ms (next.js: 16ms, application-code: 44ms)
 GET /api/health 200 in 6ms (next.js: 2ms, application-code: 4ms)
 GET /api/workspaces/55a072fa-dffa-4da6-9490-45cba3668208/connections 200 in 29ms (next.js: 16ms, application-code: 12ms)
 GET /api/integrations/catalog?workspaceId=55a072fa-dffa-4da6-9490-45cba3668208 200 in 43ms (next.js: 2ms, application-code: 41ms)
 GET /w/e2e-7e04a0/agents 200 in 66ms (next.js: 16ms, application-code: 50ms)
 GET /api/health 200 in 7ms (next.js: 2ms, application-code: 4ms)
 GET /api/workspaces/55a072fa-dffa-4da6-9490-45cba3668208/agents 200 in 31ms (next.js: 16ms, application-code: 15ms)
 GET /w/e2e-7e04a0/knowledge 200 in 68ms (next.js: 19ms, application-code: 49ms)
 GET /api/health 200 in 7ms (next.js: 2ms, application-code: 5ms)
 GET /api/workspaces/55a072fa-dffa-4da6-9490-45cba3668208/knowledge 200 in 33ms (next.js: 18ms, application-code: 15ms)
 GET /w/e2e-7e04a0/settings 200 in 61ms (next.js: 15ms, application-code: 46ms)
 GET /api/health 200 in 8ms (next.js: 3ms, application-code: 6ms)
 GET /api/workspaces/55a072fa-dffa-4da6-9490-45cba3668208/members 200 in 51ms (next.js: 21ms, application-code: 30ms)
 GET /api/workspaces/55a072fa-dffa-4da6-9490-45cba3668208/invites 200 in 52ms (next.js: 38ms, application-code: 14ms)
 GET /w/e2e-7e04a0/canvas 307 in 99ms (next.js: 18ms, application-code: 81ms)
 GET /w/e2e-7e04a0/flows/8d96901c-7d79-46e2-854d-3ede2225663c 200 in 65ms (next.js: 16ms, application-code: 50ms)
 GET /api/health 200 in 7ms (next.js: 2ms, application-code: 5ms)
 GET /api/flows/8d96901c-7d79-46e2-854d-3ede2225663c 200 in 43ms (next.js: 17ms, application-code: 26ms)
 GET /api/flows/8d96901c-7d79-46e2-854d-3ede2225663c/publish 200 in 52ms (next.js: 16ms, application-code: 35ms)
 GET /api/flows/8d96901c-7d79-46e2-854d-3ede2225663c/runs 200 in 30ms (next.js: 16ms, application-code: 14ms)
 POST /api/auth/sign-up/email 200 in 106ms (next.js: 16ms, application-code: 90ms)
 GET /api/test/outbox?email=e2e-e31a1c33%40flowline-e2e.test 200 in 9ms (next.js: 2ms, application-code: 6ms)
 POST /api/email 200 in 21ms (next.js: 2ms, application-code: 19ms)
 POST /api/auth/sign-in/email 200 in 80ms (next.js: 2ms, application-code: 78ms)
 POST /api/workspaces 201 in 30ms (next.js: 3ms, application-code: 28ms)
 POST /api/onboarding 200 in 28ms (next.js: 3ms, application-code: 25ms)
 POST /api/workspaces/d4f03dc1-39f3-48c5-b79a-755326759b47/flows 201 in 40ms (next.js: 16ms, application-code: 24ms)
 GET /w/e2e-e88a91/flows 200 in 80ms (next.js: 17ms, application-code: 63ms)
 GET /api/health 200 in 8ms (next.js: 3ms, application-code: 5ms)
 GET /api/workspaces/d4f03dc1-39f3-48c5-b79a-755326759b47/flows 200 in 62ms (next.js: 43ms, application-code: 19ms)
 GET /api/workspaces/d4f03dc1-39f3-48c5-b79a-755326759b47/usage 200 in 63ms (next.js: 39ms, application-code: 24ms)
 GET /api/workspaces/d4f03dc1-39f3-48c5-b79a-755326759b47/overview 200 in 73ms (next.js: 19ms, application-code: 54ms)
 GET /w/e2e-e88a91/templates 200 in 73ms (next.js: 16ms, application-code: 57ms)
 GET /api/health 200 in 8ms (next.js: 2ms, application-code: 6ms)
 GET /api/workspaces/d4f03dc1-39f3-48c5-b79a-755326759b47/connections 200 in 47ms (next.js: 33ms, application-code: 14ms)
 GET /api/workspaces/d4f03dc1-39f3-48c5-b79a-755326759b47/ai 200 in 50ms (next.js: 18ms, application-code: 32ms)
 GET /w/e2e-e88a91/runs 200 in 66ms (next.js: 17ms, application-code: 48ms)
 GET /api/health 200 in 7ms (next.js: 2ms, application-code: 5ms)
 GET /api/workspaces/d4f03dc1-39f3-48c5-b79a-755326759b47/runs?limit=25 200 in 31ms (next.js: 16ms, application-code: 15ms)
 GET /w/e2e-e88a91/integrations 200 in 73ms (next.js: 17ms, application-code: 55ms)
 GET /api/health 200 in 7ms (next.js: 2ms, application-code: 5ms)
 GET /api/workspaces/d4f03dc1-39f3-48c5-b79a-755326759b47/connections 200 in 30ms (next.js: 17ms, application-code: 13ms)
 GET /api/integrations/catalog?workspaceId=d4f03dc1-39f3-48c5-b79a-755326759b47 200 in 43ms (next.js: 2ms, application-code: 40ms)
 GET /w/e2e-e88a91/agents 200 in 59ms (next.js: 14ms, application-code: 44ms)
 GET /api/health 200 in 7ms (next.js: 2ms, application-code: 4ms)
 GET /api/workspaces/d4f03dc1-39f3-48c5-b79a-755326759b47/agents 200 in 28ms (next.js: 16ms, application-code: 11ms)
 GET /w/e2e-e88a91/knowledge 200 in 66ms (next.js: 15ms, application-code: 51ms)
 GET /api/health 200 in 8ms (next.js: 3ms, application-code: 6ms)
 GET /api/workspaces/d4f03dc1-39f3-48c5-b79a-755326759b47/knowledge 200 in 28ms (next.js: 17ms, application-code: 11ms)
 GET /w/e2e-e88a91/settings 200 in 62ms (next.js: 15ms, application-code: 47ms)
 GET /api/health 200 in 8ms (next.js: 3ms, application-code: 5ms)
 GET /api/workspaces/d4f03dc1-39f3-48c5-b79a-755326759b47/members 200 in 47ms (next.js: 17ms, application-code: 30ms)
 GET /api/workspaces/d4f03dc1-39f3-48c5-b79a-755326759b47/invites 200 in 48ms (next.js: 35ms, application-code: 13ms)
 GET /w/e2e-e88a91/canvas 307 in 83ms (next.js: 16ms, application-code: 67ms)
 GET /w/e2e-e88a91/flows/22707451-2b7d-4565-8287-bbf030b6ee2e 200 in 68ms (next.js: 16ms, application-code: 52ms)
 GET /api/health 200 in 7ms (next.js: 2ms, application-code: 4ms)
 GET /api/flows/22707451-2b7d-4565-8287-bbf030b6ee2e 200 in 40ms (next.js: 17ms, application-code: 22ms)
 GET /api/flows/22707451-2b7d-4565-8287-bbf030b6ee2e/publish 200 in 53ms (next.js: 16ms, application-code: 37ms)
 GET /api/flows/22707451-2b7d-4565-8287-bbf030b6ee2e/runs 200 in 33ms (next.js: 19ms, application-code: 14ms)
 POST /api/auth/sign-up/email 200 in 92ms (next.js: 13ms, application-code: 80ms)
 GET /api/test/outbox?email=e2e-13b1d868%40flowline-e2e.test 200 in 7ms (next.js: 1.8ms, application-code: 5ms)
 POST /api/email 200 in 21ms (next.js: 1.9ms, application-code: 19ms)
 POST /api/auth/sign-in/email 200 in 72ms (next.js: 2ms, application-code: 70ms)
 POST /api/workspaces 201 in 34ms (next.js: 2ms, application-code: 32ms)
 POST /api/onboarding 200 in 22ms (next.js: 1.8ms, application-code: 20ms)
 POST /api/workspaces/107a218f-f335-4e9f-bf49-83f2d97bbc82/flows 201 in 37ms (next.js: 13ms, application-code: 24ms)
 GET /w/e2e-40ce61/flows 200 in 63ms (next.js: 14ms, application-code: 49ms)
 GET /api/health 200 in 11ms (next.js: 3ms, application-code: 8ms)
 GET /api/workspaces/107a218f-f335-4e9f-bf49-83f2d97bbc82/usage 200 in 71ms (next.js: 45ms, application-code: 26ms)
 GET /api/workspaces/107a218f-f335-4e9f-bf49-83f2d97bbc82/flows 200 in 71ms (next.js: 50ms, application-code: 21ms)
 GET /api/workspaces/107a218f-f335-4e9f-bf49-83f2d97bbc82/overview 200 in 83ms (next.js: 21ms, application-code: 61ms)
 GET /w/e2e-40ce61/templates 200 in 71ms (next.js: 15ms, application-code: 56ms)
 GET /api/health 200 in 7ms (next.js: 2ms, application-code: 5ms)
 GET /api/workspaces/107a218f-f335-4e9f-bf49-83f2d97bbc82/connections 200 in 25ms (next.js: 14ms, application-code: 11ms)
 GET /api/workspaces/107a218f-f335-4e9f-bf49-83f2d97bbc82/ai 200 in 50ms (next.js: 18ms, application-code: 32ms)
 GET /w/e2e-40ce61/runs 200 in 67ms (next.js: 17ms, application-code: 50ms)
 GET /api/health 200 in 7ms (next.js: 2ms, application-code: 5ms)
 GET /api/workspaces/107a218f-f335-4e9f-bf49-83f2d97bbc82/runs?limit=25 200 in 36ms (next.js: 15ms, application-code: 20ms)
 GET /w/e2e-40ce61/integrations 200 in 62ms (next.js: 15ms, application-code: 47ms)
 GET /api/health 200 in 7ms (next.js: 2ms, application-code: 4ms)
 GET /api/workspaces/107a218f-f335-4e9f-bf49-83f2d97bbc82/connections 200 in 27ms (next.js: 16ms, application-code: 11ms)
 GET /api/integrations/catalog?workspaceId=107a218f-f335-4e9f-bf49-83f2d97bbc82 200 in 39ms (next.js: 3ms, application-code: 36ms)
 GET /w/e2e-40ce61/agents 200 in 63ms (next.js: 16ms, application-code: 47ms)
 GET /api/health 200 in 7ms (next.js: 3ms, application-code: 5ms)
 GET /api/workspaces/107a218f-f335-4e9f-bf49-83f2d97bbc82/agents 200 in 29ms (next.js: 19ms, application-code: 11ms)
 GET /w/e2e-40ce61/knowledge 200 in 63ms (next.js: 15ms, application-code: 47ms)
 GET /api/health 200 in 7ms (next.js: 3ms, application-code: 4ms)
 GET /api/workspaces/107a218f-f335-4e9f-bf49-83f2d97bbc82/knowledge 200 in 33ms (next.js: 22ms, application-code: 11ms)
 GET /w/e2e-40ce61/settings 200 in 72ms (next.js: 17ms, application-code: 54ms)
 GET /api/health 200 in 7ms (next.js: 2ms, application-code: 4ms)
 GET /api/workspaces/107a218f-f335-4e9f-bf49-83f2d97bbc82/members 200 in 46ms (next.js: 18ms, application-code: 28ms)
 GET /api/workspaces/107a218f-f335-4e9f-bf49-83f2d97bbc82/invites 200 in 47ms (next.js: 35ms, application-code: 12ms)
 GET /w/e2e-40ce61/canvas 307 in 82ms (next.js: 16ms, application-code: 65ms)
 GET /w/e2e-40ce61/flows/b0bebd58-4f5b-4c16-9947-ffdd1c07787f 200 in 67ms (next.js: 16ms, application-code: 51ms)
 GET /api/health 200 in 8ms (next.js: 3ms, application-code: 6ms)
 GET /api/flows/b0bebd58-4f5b-4c16-9947-ffdd1c07787f 200 in 28ms (next.js: 18ms, application-code: 11ms)
 GET /api/flows/b0bebd58-4f5b-4c16-9947-ffdd1c07787f/publish 200 in 50ms (next.js: 16ms, application-code: 34ms)
 GET /api/flows/b0bebd58-4f5b-4c16-9947-ffdd1c07787f/runs 200 in 30ms (next.js: 17ms, application-code: 14ms)
 GET / 200 in 58ms (next.js: 3ms, application-code: 55ms)
 GET /sign-up 200 in 17ms (next.js: 3ms, application-code: 14ms)
 GET /api/auth-config 200 in 8ms (next.js: 2ms, application-code: 5ms)
 POST /api/auth/sign-up/email 200 in 92ms (next.js: 15ms, application-code: 77ms)
 GET /api/me 401 in 11ms (next.js: 3ms, application-code: 8ms)
 GET /api/test/outbox?email=journey-be9e0720%40flowline-e2e.test 200 in 7ms (next.js: 1.6ms, application-code: 5ms)
 GET /verify-email?token=9n1uA4EMH1SIPbPZBVG1n8Gwk3A27FJQ6CpM3-sMTCs&callbackURL=%2Fsign-in 200 in 25ms (next.js: 3ms, application-code: 22ms)
 POST /api/email 200 in 22ms (next.js: 1.9ms, application-code: 20ms)
 GET /sign-in 200 in 17ms (next.js: 3ms, application-code: 14ms)
 GET /api/auth-config 200 in 7ms (next.js: 2ms, application-code: 5ms)
 POST /api/auth/sign-in/email 200 in 82ms (next.js: 15ms, application-code: 66ms)
 GET /app 200 in 27ms (next.js: 3ms, application-code: 24ms)
 GET /app 200 in 28ms (next.js: 3ms, application-code: 24ms)
 GET /onboarding 200 in 29ms (next.js: 3ms, application-code: 25ms)
 GET /onboarding 200 in 35ms (next.js: 3ms, application-code: 32ms)
 POST /api/workspaces 201 in 40ms (next.js: 2ms, application-code: 37ms)
 POST /api/workspaces/262676eb-3cdc-4776-acb0-c1d6ec193f11/flows 201 in 30ms (next.js: 15ms, application-code: 14ms)
 POST /api/onboarding 200 in 17ms (next.js: 2ms, application-code: 15ms)
 GET /w/journey-co-21/flows/387d1a0d-1755-498a-afc5-263f59e2d9b6 200 in 47ms (next.js: 15ms, application-code: 31ms)
 GET /api/health 200 in 8ms (next.js: 3ms, application-code: 6ms)
 GET /api/flows/387d1a0d-1755-498a-afc5-263f59e2d9b6 200 in 44ms (next.js: 21ms, application-code: 23ms)
 GET /api/flows/387d1a0d-1755-498a-afc5-263f59e2d9b6/publish 200 in 49ms (next.js: 16ms, application-code: 33ms)
 GET /api/flows/387d1a0d-1755-498a-afc5-263f59e2d9b6/runs 200 in 29ms (next.js: 16ms, application-code: 13ms)
 GET /api/integrations/catalog 200 in 38ms (next.js: 3ms, application-code: 35ms)
 GET /api/workspaces/262676eb-3cdc-4776-acb0-c1d6ec193f11/ai 200 in 38ms (next.js: 18ms, application-code: 20ms)
 PUT /api/flows/387d1a0d-1755-498a-afc5-263f59e2d9b6 200 in 29ms (next.js: 14ms, application-code: 15ms)
 GET /w/journey-co-21/flows/387d1a0d-1755-498a-afc5-263f59e2d9b6 200 in 63ms (next.js: 16ms, application-code: 47ms)
 GET /api/health 200 in 7ms (next.js: 3ms, application-code: 5ms)
 GET /api/flows/387d1a0d-1755-498a-afc5-263f59e2d9b6 200 in 30ms (next.js: 3ms, application-code: 28ms)
 GET /api/flows/387d1a0d-1755-498a-afc5-263f59e2d9b6/publish 200 in 52ms (next.js: 16ms, application-code: 36ms)
 GET /api/flows/387d1a0d-1755-498a-afc5-263f59e2d9b6/runs 200 in 32ms (next.js: 18ms, application-code: 14ms)
 POST /api/flows/387d1a0d-1755-498a-afc5-263f59e2d9b6/runs 202 in 58ms (next.js: 2ms, application-code: 55ms)
2026-09-29T10:22:17.874Z [worker] run 22b96220-11a5-491a-aa0f-887fc4bb1459 claimed
2026-09-29T10:22:17.934Z [worker] run 22b96220-11a5-491a-aa0f-887fc4bb1459 done
 GET /api/flows/387d1a0d-1755-498a-afc5-263f59e2d9b6/runs 200 in 123ms (next.js: 3ms, application-code: 120ms)
 GET /api/runs/22b96220-11a5-491a-aa0f-887fc4bb1459 200 in 120ms (next.js: 20ms, application-code: 101ms)
 GET /w/journey-co-21/runs?run=22b96220-11a5-491a-aa0f-887fc4bb1459 200 in 33ms (next.js: 17ms, application-code: 16ms)
 GET /api/workspaces/262676eb-3cdc-4776-acb0-c1d6ec193f11/runs?limit=25 200 in 29ms (next.js: 16ms, application-code: 13ms)
 GET /api/flows/387d1a0d-1755-498a-afc5-263f59e2d9b6 200 in 30ms (next.js: 17ms, application-code: 13ms)
 GET /api/flows/387d1a0d-1755-498a-afc5-263f59e2d9b6/runs 200 in 28ms (next.js: 15ms, application-code: 13ms)
 GET /api/runs/22b96220-11a5-491a-aa0f-887fc4bb1459 200 in 40ms (next.js: 14ms, application-code: 26ms)
 GET /api/flows/387d1a0d-1755-498a-afc5-263f59e2d9b6/versions 200 in 35ms (next.js: 17ms, application-code: 17ms)
 POST /api/auth/sign-up/email 200 in 101ms (next.js: 16ms, application-code: 85ms)
 GET /api/test/outbox?email=e2e-694cebd5%40flowline-e2e.test 200 in 8ms (next.js: 2ms, application-code: 6ms)
 POST /api/email 200 in 22ms (next.js: 1.9ms, application-code: 20ms)
 POST /api/auth/sign-in/email 200 in 72ms (next.js: 2ms, application-code: 70ms)
 POST /api/workspaces 201 in 20ms (next.js: 2ms, application-code: 18ms)
 POST /api/onboarding 200 in 18ms (next.js: 3ms, application-code: 16ms)
 POST /api/workspaces/607c602c-e6f0-40f6-a230-2ca0d9f682ed/flows 201 in 35ms (next.js: 17ms, application-code: 18ms)
 POST /api/workspaces/607c602c-e6f0-40f6-a230-2ca0d9f682ed/connections 201 in 43ms (next.js: 16ms, application-code: 27ms)
 PUT /api/flows/7d62f48d-e58c-4307-a892-d7937cd9ac65 200 in 37ms (next.js: 3ms, application-code: 33ms)
 GET /w/e2e-419804/flows/7d62f48d-e58c-4307-a892-d7937cd9ac65 200 in 74ms (next.js: 19ms, application-code: 56ms)
 GET /api/health 200 in 8ms (next.js: 3ms, application-code: 5ms)
 GET /api/flows/7d62f48d-e58c-4307-a892-d7937cd9ac65 200 in 32ms (next.js: 19ms, application-code: 13ms)
 GET /api/flows/7d62f48d-e58c-4307-a892-d7937cd9ac65/publish 200 in 58ms (next.js: 17ms, application-code: 41ms)
 GET /api/flows/7d62f48d-e58c-4307-a892-d7937cd9ac65/runs 200 in 35ms (next.js: 19ms, application-code: 16ms)
 POST /api/flows/7d62f48d-e58c-4307-a892-d7937cd9ac65/runs 202 in 62ms (next.js: 3ms, application-code: 59ms)
2026-09-29T10:22:20.385Z [worker] run 73f7c9ae-f5f9-4ea0-97aa-d79613a37bf7 claimed
2026-09-29T10:22:20.424Z [worker] run 73f7c9ae-f5f9-4ea0-97aa-d79613a37bf7 done
 GET /api/flows/7d62f48d-e58c-4307-a892-d7937cd9ac65/runs 200 in 39ms (next.js: 3ms, application-code: 36ms)
 GET /api/runs/73f7c9ae-f5f9-4ea0-97aa-d79613a37bf7 200 in 38ms (next.js: 18ms, application-code: 19ms)
 GET /w/e2e-419804/runs?run=73f7c9ae-f5f9-4ea0-97aa-d79613a37bf7 200 in 32ms (next.js: 17ms, application-code: 14ms)
 GET /api/workspaces/607c602c-e6f0-40f6-a230-2ca0d9f682ed/runs?limit=25 200 in 48ms (next.js: 18ms, application-code: 30ms)
 GET /api/flows/7d62f48d-e58c-4307-a892-d7937cd9ac65/runs 200 in 27ms (next.js: 13ms, application-code: 14ms)
 POST /api/approvals/39fb2c23-fabd-4dae-b394-ca94b6e5c2a5/decide 200 in 57ms (next.js: 15ms, application-code: 42ms)
2026-09-29T10:22:21.522Z [worker] run 73f7c9ae-f5f9-4ea0-97aa-d79613a37bf7 claimed
 GET /api/runs/73f7c9ae-f5f9-4ea0-97aa-d79613a37bf7 200 in 51ms (next.js: 17ms, application-code: 35ms)
2026-09-29T10:22:21.594Z [worker] run 73f7c9ae-f5f9-4ea0-97aa-d79613a37bf7 done
 GET /api/flows/7d62f48d-e58c-4307-a892-d7937cd9ac65/runs 200 in 23ms (next.js: 2ms, application-code: 21ms)
 POST /api/auth/sign-up/email 200 in 96ms (next.js: 15ms, application-code: 81ms)
 GET /api/test/outbox?email=e2e-4a965972%40flowline-e2e.test 200 in 8ms (next.js: 3ms, application-code: 6ms)
 POST /api/email 200 in 22ms (next.js: 3ms, application-code: 19ms)
 POST /api/auth/sign-in/email 200 in 73ms (next.js: 1.9ms, application-code: 71ms)
 POST /api/workspaces 201 in 31ms (next.js: 2ms, application-code: 28ms)
 POST /api/onboarding 200 in 21ms (next.js: 3ms, application-code: 18ms)
 GET /w/e2e-c71cf5/settings 200 in 68ms (next.js: 18ms, application-code: 51ms)
 GET /api/health 200 in 9ms (next.js: 3ms, application-code: 6ms)
 GET /api/workspaces/a2809a2f-e2ac-4ab7-8828-7ac77b4e93f1/members 200 in 64ms (next.js: 17ms, application-code: 47ms)
 GET /api/workspaces/a2809a2f-e2ac-4ab7-8828-7ac77b4e93f1/invites 200 in 64ms (next.js: 38ms, application-code: 26ms)
 GET /api/health 200 in 7ms (next.js: 2ms, application-code: 4ms)
 GET /api/health 200 in 6ms (next.js: 3ms, application-code: 4ms)
 GET /api/health 200 in 6ms (next.js: 2.0ms, application-code: 4ms)
 GET /api/health 200 in 6ms (next.js: 2ms, application-code: 4ms)
 GET /api/health 200 in 6ms (next.js: 1.8ms, application-code: 4ms)
 GET /api/health 200 in 6ms (next.js: 2ms, application-code: 4ms)
 GET /api/health 200 in 6ms (next.js: 2ms, application-code: 4ms)
 GET /api/health 200 in 6ms (next.js: 2ms, application-code: 4ms)
 GET /api/health 200 in 6ms (next.js: 2ms, application-code: 4ms)
 POST /api/auth/sign-up/email 200 in 103ms (next.js: 18ms, application-code: 85ms)
 GET /api/test/outbox?email=e2e-cfb62577%40flowline-e2e.test 200 in 8ms (next.js: 1.9ms, application-code: 7ms)
 POST /api/email 200 in 21ms (next.js: 3ms, application-code: 18ms)
 POST /api/auth/sign-in/email 200 in 69ms (next.js: 2ms, application-code: 67ms)
 POST /api/workspaces 201 in 33ms (next.js: 2ms, application-code: 31ms)
 POST /api/onboarding 200 in 27ms (next.js: 2ms, application-code: 25ms)
 POST /api/workspaces/9de5e1f0-0729-4569-9b6d-5f2220c73de0/flows 201 in 64ms (next.js: 28ms, application-code: 36ms)
 GET /w/e2e-559a1c/settings?tab=keys 200 in 67ms (next.js: 16ms, application-code: 50ms)
 GET /api/health 200 in 8ms (next.js: 2ms, application-code: 6ms)
 GET /api/workspaces/9de5e1f0-0729-4569-9b6d-5f2220c73de0/api-keys 200 in 33ms (next.js: 19ms, application-code: 14ms)
 POST /api/workspaces/9de5e1f0-0729-4569-9b6d-5f2220c73de0/api-keys 201 in 33ms (next.js: 3ms, application-code: 30ms)
 GET /api/workspaces/9de5e1f0-0729-4569-9b6d-5f2220c73de0/api-keys 200 in 27ms (next.js: 2ms, application-code: 24ms)
 GET /api/v1/flows 403 in 11ms (next.js: 3ms, application-code: 8ms)
 GET /api/workspaces/9de5e1f0-0729-4569-9b6d-5f2220c73de0/flows 200 in 30ms (next.js: 17ms, application-code: 12ms)
 POST /api/v1/flows/65710f38-8179-438c-ab06-b94711017913/runs 202 in 59ms (next.js: 16ms, application-code: 43ms)
2026-09-29T10:24:56.141Z [worker] run d2fad6ac-a1ca-48b2-982a-330f87b3cb39 claimed
2026-09-29T10:24:56.199Z [worker] run d2fad6ac-a1ca-48b2-982a-330f87b3cb39 done
 GET /w/e2e-559a1c/settings?tab=keys 200 in 67ms (next.js: 17ms, application-code: 50ms)
 GET /api/health 200 in 8ms (next.js: 3ms, application-code: 5ms)
 GET /api/workspaces/9de5e1f0-0729-4569-9b6d-5f2220c73de0/api-keys 200 in 17ms (next.js: 3ms, application-code: 14ms)
 DELETE /api/workspaces/9de5e1f0-0729-4569-9b6d-5f2220c73de0/api-keys/416d816c-0cda-4070-a4fa-ed92e8b172d7 200 in 50ms (next.js: 20ms, application-code: 30ms)
 GET /api/workspaces/9de5e1f0-0729-4569-9b6d-5f2220c73de0/api-keys 200 in 32ms (next.js: 19ms, application-code: 13ms)
 GET /api/workspaces/9de5e1f0-0729-4569-9b6d-5f2220c73de0/flows 200 in 27ms (next.js: 4ms, application-code: 23ms)
 POST /api/v1/flows/65710f38-8179-438c-ab06-b94711017913/runs 401 in 10ms (next.js: 2ms, application-code: 7ms)
 POST /api/auth/sign-up/email 200 in 100ms (next.js: 16ms, application-code: 84ms)
 GET /api/test/outbox?email=e2e-d9c4bafb%40flowline-e2e.test 200 in 9ms (next.js: 2ms, application-code: 7ms)
 POST /api/email 200 in 26ms (next.js: 3ms, application-code: 23ms)
 POST /api/auth/sign-in/email 200 in 76ms (next.js: 2ms, application-code: 74ms)
 POST /api/workspaces 201 in 34ms (next.js: 3ms, application-code: 31ms)
 POST /api/onboarding 200 in 19ms (next.js: 2ms, application-code: 17ms)
 POST /api/workspaces/fbc78482-304b-4bf2-8bc8-f326ade847d4/ai/connections 201 in 75ms (next.js: 18ms, application-code: 58ms)
 PUT /api/workspaces/fbc78482-304b-4bf2-8bc8-f326ade847d4/ai/default-route 200 in 38ms (next.js: 18ms, application-code: 19ms)
 PUT /api/workspaces/fbc78482-304b-4bf2-8bc8-f326ade847d4/ai/policy 200 in 39ms (next.js: 18ms, application-code: 22ms)
 POST /api/workspaces/fbc78482-304b-4bf2-8bc8-f326ade847d4/flows 201 in 44ms (next.js: 19ms, application-code: 26ms)
 PUT /api/flows/178c1d8e-2ef3-41f7-8b5e-5a5d9e47ea82 200 in 44ms (next.js: 18ms, application-code: 26ms)
 POST /api/flows/178c1d8e-2ef3-41f7-8b5e-5a5d9e47ea82/publish 201 in 57ms (next.js: 18ms, application-code: 39ms)
 GET /w/e2e-0d9291/knowledge 200 in 68ms (next.js: 18ms, application-code: 50ms)
 GET /api/health 200 in 8ms (next.js: 2ms, application-code: 6ms)
 GET /api/workspaces/fbc78482-304b-4bf2-8bc8-f326ade847d4/knowledge 200 in 37ms (next.js: 20ms, application-code: 17ms)
 POST /api/workspaces/fbc78482-304b-4bf2-8bc8-f326ade847d4/knowledge 201 in 33ms (next.js: 3ms, application-code: 30ms)
2026-09-29T10:24:58.454Z [worker] knowledge source indexed
 GET /api/workspaces/fbc78482-304b-4bf2-8bc8-f326ade847d4/knowledge 200 in 20ms (next.js: 3ms, application-code: 18ms)
 GET /w/e2e-0d9291/agents 200 in 65ms (next.js: 17ms, application-code: 47ms)
 GET /api/health 200 in 8ms (next.js: 3ms, application-code: 5ms)
 GET /api/workspaces/fbc78482-304b-4bf2-8bc8-f326ade847d4/agents 200 in 63ms (next.js: 20ms, application-code: 43ms)
 GET /w/e2e-0d9291/agents/new 200 in 38ms (next.js: 19ms, application-code: 19ms)
 GET /api/workspaces/fbc78482-304b-4bf2-8bc8-f326ade847d4/knowledge 200 in 54ms (next.js: 3ms, application-code: 52ms)
 GET /api/workspaces/fbc78482-304b-4bf2-8bc8-f326ade847d4/flows 200 in 55ms (next.js: 22ms, application-code: 33ms)
 GET /api/workspaces/fbc78482-304b-4bf2-8bc8-f326ade847d4/ai 200 in 97ms (next.js: 40ms, application-code: 57ms)
 GET /api/workspaces/fbc78482-304b-4bf2-8bc8-f326ade847d4/ai/models 200 in 37ms (next.js: 18ms, application-code: 19ms)
 POST /api/workspaces/fbc78482-304b-4bf2-8bc8-f326ade847d4/agents 201 in 48ms (next.js: 2ms, application-code: 45ms)
 GET /w/e2e-0d9291/agents/e1c7b133-9331-4492-9032-02f9cd50417a 200 in 30ms (next.js: 17ms, application-code: 13ms)
 GET /api/agents/e1c7b133-9331-4492-9032-02f9cd50417a 200 in 48ms (next.js: 16ms, application-code: 31ms)
 GET /api/agents/e1c7b133-9331-4492-9032-02f9cd50417a/runs 200 in 43ms (next.js: 20ms, application-code: 23ms)
 POST /api/agents/e1c7b133-9331-4492-9032-02f9cd50417a/runs 202 in 66ms (next.js: 3ms, application-code: 64ms)
2026-09-29T10:24:59.660Z [worker] agent run ee7aa311-000e-4bb3-acdd-80739cb2c6c1 claimed
 GET /api/agent-runs/ee7aa311-000e-4bb3-acdd-80739cb2c6c1 200 in 48ms (next.js: 22ms, application-code: 26ms)
2026-09-29T10:24:59.816Z [worker] agent run ee7aa311-000e-4bb3-acdd-80739cb2c6c1 succeeded
 GET /api/agent-runs/ee7aa311-000e-4bb3-acdd-80739cb2c6c1 200 in 33ms (next.js: 15ms, application-code: 18ms)
 POST /api/agents/e1c7b133-9331-4492-9032-02f9cd50417a/runs 202 in 49ms (next.js: 15ms, application-code: 35ms)
2026-09-29T10:25:01.100Z [worker] agent run 387d0b9a-ee0f-4fba-935e-c4b6fc13a6ea claimed
 GET /api/agent-runs/387d0b9a-ee0f-4fba-935e-c4b6fc13a6ea 200 in 19ms (next.js: 3ms, application-code: 17ms)
2026-09-29T10:25:01.162Z [worker] agent run 387d0b9a-ee0f-4fba-935e-c4b6fc13a6ea waiting for approval
 GET /api/agent-runs/387d0b9a-ee0f-4fba-935e-c4b6fc13a6ea 200 in 38ms (next.js: 14ms, application-code: 24ms)
 POST /api/approvals/05ad815b-2bbf-4707-8630-fcbd1869aeec/decide 200 in 42ms (next.js: 15ms, application-code: 27ms)
2026-09-29T10:25:02.507Z [worker] agent run 387d0b9a-ee0f-4fba-935e-c4b6fc13a6ea claimed
 GET /api/agents/e1c7b133-9331-4492-9032-02f9cd50417a/runs 200 in 33ms (next.js: 21ms, application-code: 13ms)
 GET /api/agent-runs/387d0b9a-ee0f-4fba-935e-c4b6fc13a6ea 200 in 38ms (next.js: 3ms, application-code: 35ms)
2026-09-29T10:25:02.572Z [worker] run 1785a9d6-a742-4de8-93dc-9dd8ae7509f4 claimed
2026-09-29T10:25:02.609Z [worker] run 1785a9d6-a742-4de8-93dc-9dd8ae7509f4 done
2026-09-29T10:25:03.118Z [worker] agent run 387d0b9a-ee0f-4fba-935e-c4b6fc13a6ea succeeded
 GET /api/agent-runs/387d0b9a-ee0f-4fba-935e-c4b6fc13a6ea 200 in 39ms (next.js: 14ms, application-code: 25ms)
 GET /api/flows/178c1d8e-2ef3-41f7-8b5e-5a5d9e47ea82/runs 200 in 35ms (next.js: 14ms, application-code: 21ms)
 POST /api/auth/sign-up/email 200 in 104ms (next.js: 15ms, application-code: 88ms)
 GET /api/test/outbox?email=e2e-e9a8bc31%40flowline-e2e.test 200 in 10ms (next.js: 2ms, application-code: 8ms)
 POST /api/email 200 in 28ms (next.js: 2ms, application-code: 25ms)
 POST /api/auth/sign-in/email 200 in 69ms (next.js: 2ms, application-code: 67ms)
 POST /api/workspaces 201 in 21ms (next.js: 2ms, application-code: 19ms)
 POST /api/onboarding 200 in 14ms (next.js: 2.0ms, application-code: 12ms)
 POST /api/workspaces/11f8ec75-d435-49d5-8290-9f594cadc22c/ai/connections 201 in 58ms (next.js: 14ms, application-code: 43ms)
 PUT /api/workspaces/11f8ec75-d435-49d5-8290-9f594cadc22c/ai/default-route 200 in 46ms (next.js: 16ms, application-code: 30ms)
 PUT /api/workspaces/11f8ec75-d435-49d5-8290-9f594cadc22c/ai/policy 200 in 29ms (next.js: 15ms, application-code: 14ms)
 GET /w/e2e-1cc108/flows 200 in 72ms (next.js: 19ms, application-code: 52ms)
 GET /api/health 200 in 12ms (next.js: 3ms, application-code: 8ms)
 GET /api/workspaces/11f8ec75-d435-49d5-8290-9f594cadc22c/flows 200 in 89ms (next.js: 44ms, application-code: 46ms)
 GET /api/workspaces/11f8ec75-d435-49d5-8290-9f594cadc22c/usage 200 in 92ms (next.js: 22ms, application-code: 70ms)
 GET /api/workspaces/11f8ec75-d435-49d5-8290-9f594cadc22c/overview 200 in 105ms (next.js: 69ms, application-code: 37ms)
 POST /api/workspaces/11f8ec75-d435-49d5-8290-9f594cadc22c/copilot 201 in 166ms (next.js: 20ms, application-code: 146ms)
 POST /api/workspaces/11f8ec75-d435-49d5-8290-9f594cadc22c/copilot/ec3455d2-1965-426d-90d1-576f5daafd59 200 in 38ms (next.js: 15ms, application-code: 23ms)
 GET /api/workspaces/11f8ec75-d435-49d5-8290-9f594cadc22c/flows 200 in 28ms (next.js: 2ms, application-code: 25ms)
 POST /api/workspaces/11f8ec75-d435-49d5-8290-9f594cadc22c/copilot 201 in 115ms (next.js: 3ms, application-code: 112ms)
 POST /api/workspaces/11f8ec75-d435-49d5-8290-9f594cadc22c/copilot/06fc9ac1-7f8f-40a8-af3a-aeb7af713f7d 200 in 32ms (next.js: 2ms, application-code: 30ms)
 GET /w/e2e-1cc108/flows/583a7579-8d2c-45d5-8361-4c2a0c3d5d4e 200 in 37ms (next.js: 17ms, application-code: 20ms)
 GET /api/flows/583a7579-8d2c-45d5-8361-4c2a0c3d5d4e 200 in 29ms (next.js: 17ms, application-code: 12ms)
 GET /api/flows/583a7579-8d2c-45d5-8361-4c2a0c3d5d4e/publish 200 in 56ms (next.js: 19ms, application-code: 37ms)
 GET /api/flows/583a7579-8d2c-45d5-8361-4c2a0c3d5d4e/runs 200 in 33ms (next.js: 18ms, application-code: 15ms)
 GET /api/workspaces/11f8ec75-d435-49d5-8290-9f594cadc22c/flows 200 in 36ms (next.js: 18ms, application-code: 18ms)
 GET /api/flows/583a7579-8d2c-45d5-8361-4c2a0c3d5d4e/runs 200 in 15ms (next.js: 2ms, application-code: 13ms)
 POST /api/auth/sign-up/email 200 in 99ms (next.js: 16ms, application-code: 83ms)
 GET /api/test/outbox?email=e2e-ba690d8f%40flowline-e2e.test 200 in 8ms (next.js: 2ms, application-code: 6ms)
 POST /api/email 200 in 23ms (next.js: 2.0ms, application-code: 21ms)
 POST /api/auth/sign-in/email 200 in 71ms (next.js: 2ms, application-code: 69ms)
 POST /api/workspaces 201 in 25ms (next.js: 2ms, application-code: 22ms)
 POST /api/onboarding 200 in 22ms (next.js: 2ms, application-code: 20ms)
 POST /api/workspaces/1f7e3f44-113c-4417-8390-492cd8975e96/ai/connections 201 in 84ms (next.js: 16ms, application-code: 68ms)
 PUT /api/workspaces/1f7e3f44-113c-4417-8390-492cd8975e96/ai/default-route 200 in 36ms (next.js: 17ms, application-code: 18ms)
 PUT /api/workspaces/1f7e3f44-113c-4417-8390-492cd8975e96/ai/policy 200 in 38ms (next.js: 21ms, application-code: 17ms)
 POST /api/workspaces/1f7e3f44-113c-4417-8390-492cd8975e96/flows 201 in 22ms (next.js: 2ms, application-code: 20ms)
 PUT /api/flows/1ed927fa-908e-4113-8d5a-7cd35f33cc79 200 in 49ms (next.js: 18ms, application-code: 31ms)
 POST /api/flows/1ed927fa-908e-4113-8d5a-7cd35f33cc79/publish 201 in 34ms (next.js: 2ms, application-code: 32ms)
 POST /api/workspaces/1f7e3f44-113c-4417-8390-492cd8975e96/agents 201 in 44ms (next.js: 18ms, application-code: 26ms)
 POST /api/workspaces/1f7e3f44-113c-4417-8390-492cd8975e96/invites 201 in 51ms (next.js: 21ms, application-code: 30ms)
 POST /api/auth/sign-up/email 200 in 102ms (next.js: 17ms, application-code: 85ms)
 GET /api/test/outbox?email=vw-b87f6f4f%40flowline-e2e.test 200 in 10ms (next.js: 3ms, application-code: 7ms)
 POST /api/email 200 in 26ms (next.js: 3ms, application-code: 23ms)
 POST /api/auth/sign-in/email 200 in 81ms (next.js: 2ms, application-code: 78ms)
 POST /api/invites/C2iISUXqZP6_2y-cg4hbissHpp9Wf7EPBJYJJCuKX8I 200 in 54ms (next.js: 18ms, application-code: 35ms)
 GET /w/e2e-0dbbef/agents/0e4c0bae-d412-41e7-88b0-a95e9ab5dd9e 200 in 74ms (next.js: 19ms, application-code: 55ms)
 GET /api/health 200 in 8ms (next.js: 2ms, application-code: 5ms)
 GET /api/agents/0e4c0bae-d412-41e7-88b0-a95e9ab5dd9e 200 in 51ms (next.js: 19ms, application-code: 32ms)
 GET /api/agents/0e4c0bae-d412-41e7-88b0-a95e9ab5dd9e/runs 200 in 42ms (next.js: 17ms, application-code: 24ms)
 POST /api/agents/0e4c0bae-d412-41e7-88b0-a95e9ab5dd9e/runs 202 in 42ms (next.js: 3ms, application-code: 39ms)
2026-09-29T10:25:08.717Z [worker] agent run 488c40e1-d2d8-472f-ad27-d4d9fb172c16 claimed
 GET /api/agent-runs/488c40e1-d2d8-472f-ad27-d4d9fb172c16 200 in 47ms (next.js: 17ms, application-code: 31ms)
2026-09-29T10:25:08.781Z [worker] agent run 488c40e1-d2d8-472f-ad27-d4d9fb172c16 waiting for approval
 GET /w/e2e-0dbbef/flows 200 in 68ms (next.js: 17ms, application-code: 51ms)
 GET /api/health 200 in 9ms (next.js: 2ms, application-code: 7ms)
 GET /api/workspaces/1f7e3f44-113c-4417-8390-492cd8975e96/usage 200 in 85ms (next.js: 20ms, application-code: 65ms)
 GET /api/workspaces/1f7e3f44-113c-4417-8390-492cd8975e96/flows 200 in 87ms (next.js: 67ms, application-code: 20ms)
 GET /api/workspaces/1f7e3f44-113c-4417-8390-492cd8975e96/overview 200 in 97ms (next.js: 41ms, application-code: 56ms)
 GET /w/e2e-0dbbef/agents/0e4c0bae-d412-41e7-88b0-a95e9ab5dd9e?tab=runs&run=488c40e1-d2d8-472f-ad27-d4d9fb172c16 200 in 34ms (next.js: 19ms, application-code: 16ms)
 GET /api/agents/0e4c0bae-d412-41e7-88b0-a95e9ab5dd9e 200 in 42ms (next.js: 19ms, application-code: 23ms)
 GET /api/agents/0e4c0bae-d412-41e7-88b0-a95e9ab5dd9e/runs 200 in 45ms (next.js: 19ms, application-code: 26ms)
 GET /api/agent-runs/488c40e1-d2d8-472f-ad27-d4d9fb172c16 200 in 20ms (next.js: 2ms, application-code: 18ms)
 GET /w/e2e-0dbbef/agents/0e4c0bae-d412-41e7-88b0-a95e9ab5dd9e 200 in 57ms (next.js: 4ms, application-code: 54ms)
 GET /api/health 200 in 13ms (next.js: 2ms, application-code: 10ms)
 GET /api/agents/0e4c0bae-d412-41e7-88b0-a95e9ab5dd9e 200 in 22ms (next.js: 3ms, application-code: 19ms)
 GET /api/agents/0e4c0bae-d412-41e7-88b0-a95e9ab5dd9e/runs 200 in 21ms (next.js: 2ms, application-code: 18ms)
 GET /api/agent-runs/488c40e1-d2d8-472f-ad27-d4d9fb172c16 200 in 41ms (next.js: 22ms, application-code: 19ms)
 POST /api/approvals/e8aa9253-78b7-4184-9768-9e4443342faf/decide 200 in 56ms (next.js: 15ms, application-code: 41ms)
2026-09-29T10:25:10.579Z [worker] agent run 488c40e1-d2d8-472f-ad27-d4d9fb172c16 claimed
 GET /api/agents/0e4c0bae-d412-41e7-88b0-a95e9ab5dd9e/runs 200 in 27ms (next.js: 15ms, application-code: 12ms)
 GET /api/agent-runs/488c40e1-d2d8-472f-ad27-d4d9fb172c16 200 in 36ms (next.js: 3ms, application-code: 33ms)
2026-09-29T10:25:10.635Z [worker] run 84aede92-8fb3-43db-84fd-fb3d449b68eb claimed
2026-09-29T10:25:10.675Z [worker] run 84aede92-8fb3-43db-84fd-fb3d449b68eb done
2026-09-29T10:25:11.190Z [worker] agent run 488c40e1-d2d8-472f-ad27-d4d9fb172c16 succeeded
 GET /api/agent-runs/488c40e1-d2d8-472f-ad27-d4d9fb172c16 200 in 35ms (next.js: 14ms, application-code: 21ms)
 GET /api/flows/1ed927fa-908e-4113-8d5a-7cd35f33cc79/runs 200 in 34ms (next.js: 16ms, application-code: 18ms)
 POST /api/auth/sign-up/email 200 in 100ms (next.js: 16ms, application-code: 84ms)
 GET /api/test/outbox?email=e2e-7d211589%40flowline-e2e.test 200 in 10ms (next.js: 3ms, application-code: 8ms)
 POST /api/email 200 in 22ms (next.js: 1.9ms, application-code: 20ms)
 POST /api/auth/sign-in/email 200 in 74ms (next.js: 2.0ms, application-code: 72ms)
 POST /api/workspaces 201 in 22ms (next.js: 2ms, application-code: 20ms)
 POST /api/onboarding 200 in 23ms (next.js: 2.0ms, application-code: 21ms)
 GET /w/e2e-56f3ce/knowledge 200 in 75ms (next.js: 15ms, application-code: 59ms)
 GET /api/health 200 in 7ms (next.js: 3ms, application-code: 5ms)
 GET /api/workspaces/92071528-3e37-40e9-90f7-a4b5f3f3e4b5/knowledge 200 in 30ms (next.js: 17ms, application-code: 13ms)
 GET /sign-in 200 in 32ms (next.js: 3ms, application-code: 29ms)
 GET /api/auth-config 200 in 9ms (next.js: 3ms, application-code: 6ms)
 GET /api/sso/start?workspace=no-such-workspace-xyz 307 in 20ms (next.js: 2ms, application-code: 18ms)
 GET /sign-in?sso_error=SSO%20isn%27t%20set%20up%20for%20that%20workspace 200 in 30ms (next.js: 3ms, application-code: 28ms)
 GET /api/auth-config 200 in 7ms (next.js: 2ms, application-code: 5ms)
 GET /sign-in 200 in 30ms (next.js: 3ms, application-code: 28ms)
 GET /api/auth-config 200 in 9ms (next.js: 3ms, application-code: 6ms)
[auth] User not found
 POST /api/auth/sign-in/email 401 in 78ms (next.js: 17ms, application-code: 61ms)
 POST /api/auth/sign-up/email 200 in 101ms (next.js: 17ms, application-code: 84ms)
 GET /api/test/outbox?email=e2e-9d147649%40flowline-e2e.test 200 in 9ms (next.js: 3ms, application-code: 6ms)
 POST /api/email 200 in 22ms (next.js: 2ms, application-code: 20ms)
 POST /api/auth/sign-in/email 200 in 77ms (next.js: 1.9ms, application-code: 75ms)
 POST /api/workspaces 201 in 44ms (next.js: 2ms, application-code: 42ms)
 POST /api/onboarding 200 in 16ms (next.js: 2ms, application-code: 14ms)
 POST /api/workspaces/c925f96b-5ca1-49a7-87c6-01d560085bb9/flows 201 in 28ms (next.js: 17ms, application-code: 12ms)
 POST /api/auth/sign-up/email 200 in 76ms (next.js: 2.0ms, application-code: 74ms)
 GET /api/test/outbox?email=e2e-9705c065%40flowline-e2e.test 200 in 7ms (next.js: 1.8ms, application-code: 5ms)
 POST /api/email 200 in 19ms (next.js: 1.8ms, application-code: 17ms)
 POST /api/auth/sign-in/email 200 in 69ms (next.js: 1.9ms, application-code: 67ms)
 POST /api/workspaces 201 in 53ms (next.js: 3ms, application-code: 51ms)
 POST /api/onboarding 200 in 14ms (next.js: 2ms, application-code: 12ms)
 POST /api/workspaces/464d68dd-5113-43dd-9631-f500d32e82e4/flows 201 in 29ms (next.js: 2ms, application-code: 27ms)
 POST /api/flows/c74e1c7c-00ea-4b05-844e-4967953c4f39/runs 202 in 68ms (next.js: 15ms, application-code: 52ms)
2026-09-29T10:25:30.030Z [worker] run 53221a2b-72c7-40e3-a97b-78473e908794 claimed
 GET /api/runs/53221a2b-72c7-40e3-a97b-78473e908794 200 in 35ms (next.js: 15ms, application-code: 21ms)
2026-09-29T10:25:30.079Z [worker] run 53221a2b-72c7-40e3-a97b-78473e908794 done
 GET /api/runs/53221a2b-72c7-40e3-a97b-78473e908794 200 in 30ms (next.js: 3ms, application-code: 28ms)
 GET /w/tenant-b-21/flows 200 in 68ms (next.js: 17ms, application-code: 50ms)
 GET /api/health 200 in 9ms (next.js: 3ms, application-code: 6ms)
 GET /api/workspaces/464d68dd-5113-43dd-9631-f500d32e82e4/flows 200 in 72ms (next.js: 36ms, application-code: 36ms)
 GET /api/workspaces/464d68dd-5113-43dd-9631-f500d32e82e4/usage 200 in 75ms (next.js: 57ms, application-code: 17ms)
 GET /api/workspaces/464d68dd-5113-43dd-9631-f500d32e82e4/overview 200 in 88ms (next.js: 17ms, application-code: 72ms)
 GET /w/tenant-b-21/runs 200 in 72ms (next.js: 16ms, application-code: 56ms)
 GET /api/health 200 in 8ms (next.js: 2ms, application-code: 5ms)
 GET /api/workspaces/464d68dd-5113-43dd-9631-f500d32e82e4/runs?limit=25 200 in 31ms (next.js: 18ms, application-code: 13ms)
 GET /w/tenant-a-21/flows 404 in 70ms (next.js: 17ms, application-code: 53ms)
 GET /w/tenant-b-21/flows/c74e1c7c-00ea-4b05-844e-4967953c4f39 200 in 68ms (next.js: 16ms, application-code: 52ms)
 GET /api/health 200 in 8ms (next.js: 3ms, application-code: 5ms)
 GET /api/flows/c74e1c7c-00ea-4b05-844e-4967953c4f39 404 in 36ms (next.js: 17ms, application-code: 19ms)
 GET /api/flows/c74e1c7c-00ea-4b05-844e-4967953c4f39 404 in 14ms (next.js: 2ms, application-code: 12ms)
 GET /api/runs/53221a2b-72c7-40e3-a97b-78473e908794 404 in 43ms (next.js: 15ms, application-code: 28ms)
 GET /api/workspaces/c925f96b-5ca1-49a7-87c6-01d560085bb9/runs 404 in 24ms (next.js: 3ms, application-code: 21ms)
 GET /api/workspaces/c925f96b-5ca1-49a7-87c6-01d560085bb9/flows 404 in 31ms (next.js: 20ms, application-code: 11ms)
 GET /api/flows/c74e1c7c-00ea-4b05-844e-4967953c4f39/versions 404 in 37ms (next.js: 24ms, application-code: 13ms)
 PUT /api/flows/c74e1c7c-00ea-4b05-844e-4967953c4f39 404 in 28ms (next.js: 3ms, application-code: 25ms)
 POST /api/flows/c74e1c7c-00ea-4b05-844e-4967953c4f39/runs 404 in 39ms (next.js: 17ms, application-code: 22ms)
 POST /api/runs/53221a2b-72c7-40e3-a97b-78473e908794/rerun 404 in 39ms (next.js: 19ms, application-code: 21ms)
 GET /api/flows/c74e1c7c-00ea-4b05-844e-4967953c4f39 200 in 19ms (next.js: 3ms, application-code: 15ms)
 GET /api/health?require=worker 200 in 15ms (next.js: 1.9ms, application-code: 13ms)
 GET /api/health?require=worker 200 in 129ms (next.js: 124ms, application-code: 6ms)
 POST /api/auth/sign-up/email 200 in 113ms (next.js: 17ms, application-code: 96ms)
 GET /api/test/outbox?email=e2e-c68f8616%40flowline-e2e.test 200 in 12ms (next.js: 3ms, application-code: 9ms)
 POST /api/email 200 in 25ms (next.js: 3ms, application-code: 22ms)
 POST /api/auth/sign-in/email 200 in 69ms (next.js: 1.9ms, application-code: 67ms)
 POST /api/workspaces 201 in 34ms (next.js: 2ms, application-code: 31ms)
 POST /api/onboarding 200 in 28ms (next.js: 1.9ms, application-code: 26ms)
 GET /w/e2e-23cd74/settings 200 in 79ms (next.js: 31ms, application-code: 48ms)
 GET /api/health 200 in 8ms (next.js: 3ms, application-code: 6ms)
 GET /api/workspaces/e46c7bb5-3205-4a86-a06e-7809157b5e13/members 200 in 58ms (next.js: 44ms, application-code: 14ms)
 GET /api/workspaces/e46c7bb5-3205-4a86-a06e-7809157b5e13/invites 200 in 64ms (next.js: 24ms, application-code: 40ms)
 POST /api/workspaces/e46c7bb5-3205-4a86-a06e-7809157b5e13/invites 201 in 39ms (next.js: 2ms, application-code: 37ms)
 GET /api/workspaces/e46c7bb5-3205-4a86-a06e-7809157b5e13/members 200 in 18ms (next.js: 2ms, application-code: 16ms)
 GET /api/workspaces/e46c7bb5-3205-4a86-a06e-7809157b5e13/invites 200 in 19ms (next.js: 6ms, application-code: 12ms)
 POST /api/auth/sign-up/email 200 in 101ms (next.js: 15ms, application-code: 86ms)
 GET /api/test/outbox?email=viewer-e15e6536%40flowline-e2e.test 200 in 10ms (next.js: 3ms, application-code: 7ms)
 POST /api/email 200 in 25ms (next.js: 2ms, application-code: 23ms)
 POST /api/auth/sign-in/email 200 in 75ms (next.js: 3ms, application-code: 72ms)
 GET /invite/2v1AYU_VTSE0sTcP2EyLllUFMxir4610i5JSJTwakhw 200 in 49ms (next.js: 17ms, application-code: 32ms)
 GET /api/invites/2v1AYU_VTSE0sTcP2EyLllUFMxir4610i5JSJTwakhw 200 in 42ms (next.js: 26ms, application-code: 16ms)
 POST /api/invites/2v1AYU_VTSE0sTcP2EyLllUFMxir4610i5JSJTwakhw 200 in 33ms (next.js: 3ms, application-code: 30ms)
 GET /w/e2e-23cd74/flows 200 in 51ms (next.js: 16ms, application-code: 35ms)
 GET /api/health 200 in 9ms (next.js: 3ms, application-code: 6ms)
 GET /api/workspaces/e46c7bb5-3205-4a86-a06e-7809157b5e13/flows 200 in 97ms (next.js: 36ms, application-code: 60ms)
 GET /api/workspaces/e46c7bb5-3205-4a86-a06e-7809157b5e13/overview 200 in 114ms (next.js: 20ms, application-code: 95ms)
 GET /api/workspaces/e46c7bb5-3205-4a86-a06e-7809157b5e13/usage 200 in 114ms (next.js: 53ms, application-code: 61ms)
 POST /api/workspaces/e46c7bb5-3205-4a86-a06e-7809157b5e13/connections 201 in 66ms (next.js: 18ms, application-code: 48ms)
 POST /api/workspaces/e46c7bb5-3205-4a86-a06e-7809157b5e13/flows 201 in 34ms (next.js: 3ms, application-code: 31ms)
 PUT /api/flows/91851c9a-8cdd-4b31-9e50-5c4db1690ede 200 in 48ms (next.js: 19ms, application-code: 30ms)
 POST /api/flows/91851c9a-8cdd-4b31-9e50-5c4db1690ede/runs 202 in 96ms (next.js: 18ms, application-code: 78ms)
2026-09-29T10:26:46.248Z [worker] run a5378d69-fad5-4fc8-9fe1-5ea83989a208 claimed
2026-09-29T10:26:46.291Z [worker] run a5378d69-fad5-4fc8-9fe1-5ea83989a208 done
 GET /api/runs/a5378d69-fad5-4fc8-9fe1-5ea83989a208 200 in 47ms (next.js: 19ms, application-code: 28ms)
 GET /api/runs/a5378d69-fad5-4fc8-9fe1-5ea83989a208 200 in 23ms (next.js: 2ms, application-code: 21ms)
 GET /w/e2e-23cd74/runs?run=a5378d69-fad5-4fc8-9fe1-5ea83989a208 200 in 74ms (next.js: 17ms, application-code: 57ms)
 GET /api/health 200 in 12ms (next.js: 4ms, application-code: 7ms)
 GET /api/workspaces/e46c7bb5-3205-4a86-a06e-7809157b5e13/runs?limit=25 200 in 56ms (next.js: 22ms, application-code: 34ms)
 GET /api/runs/a5378d69-fad5-4fc8-9fe1-5ea83989a208 200 in 58ms (next.js: 28ms, application-code: 29ms)
 GET /api/workspaces/e46c7bb5-3205-4a86-a06e-7809157b5e13/approvals 200 in 42ms (next.js: 18ms, application-code: 24ms)
 POST /api/approvals/4fc67c07-9f9a-4b1c-943f-7f606636349d/decide 403 in 37ms (next.js: 20ms, application-code: 17ms)
 GET /api/runs/a5378d69-fad5-4fc8-9fe1-5ea83989a208 200 in 31ms (next.js: 4ms, application-code: 27ms)
 GET /w/e2e-23cd74/settings 200 in 70ms (next.js: 19ms, application-code: 51ms)
 GET /api/health 200 in 8ms (next.js: 3ms, application-code: 5ms)
 GET /api/workspaces/e46c7bb5-3205-4a86-a06e-7809157b5e13/members 200 in 47ms (next.js: 17ms, application-code: 31ms)
 GET /api/workspaces/e46c7bb5-3205-4a86-a06e-7809157b5e13/invites 200 in 30ms (next.js: 16ms, application-code: 15ms)
 PATCH /api/workspaces/e46c7bb5-3205-4a86-a06e-7809157b5e13/members/2a22bdde-0050-4644-8127-17a42ad3f3bd 200 in 43ms (next.js: 18ms, application-code: 25ms)
 GET /api/workspaces/e46c7bb5-3205-4a86-a06e-7809157b5e13/members 200 in 21ms (next.js: 4ms, application-code: 17ms)
 GET /api/workspaces/e46c7bb5-3205-4a86-a06e-7809157b5e13/invites 200 in 17ms (next.js: 3ms, application-code: 14ms)
 GET /w/e2e-23cd74/runs?run=a5378d69-fad5-4fc8-9fe1-5ea83989a208 200 in 70ms (next.js: 21ms, application-code: 49ms)
 GET /api/health 200 in 8ms (next.js: 3ms, application-code: 5ms)
 GET /api/workspaces/e46c7bb5-3205-4a86-a06e-7809157b5e13/runs?limit=25 200 in 50ms (next.js: 16ms, application-code: 34ms)
 GET /api/runs/a5378d69-fad5-4fc8-9fe1-5ea83989a208 200 in 47ms (next.js: 17ms, application-code: 29ms)
 GET /api/runs/a5378d69-fad5-4fc8-9fe1-5ea83989a208 200 in 24ms (next.js: 3ms, application-code: 22ms)
 POST /api/approvals/4fc67c07-9f9a-4b1c-943f-7f606636349d/decide 200 in 56ms (next.js: 17ms, application-code: 39ms)
2026-09-29T10:26:48.246Z [worker] run a5378d69-fad5-4fc8-9fe1-5ea83989a208 claimed
 GET /api/runs/a5378d69-fad5-4fc8-9fe1-5ea83989a208 200 in 30ms (next.js: 3ms, application-code: 26ms)
2026-09-29T10:26:48.326Z [worker] run a5378d69-fad5-4fc8-9fe1-5ea83989a208 done
 GET /api/runs/a5378d69-fad5-4fc8-9fe1-5ea83989a208 200 in 47ms (next.js: 2ms, application-code: 44ms)
 DELETE /api/workspaces/e46c7bb5-3205-4a86-a06e-7809157b5e13/members/2a22bdde-0050-4644-8127-17a42ad3f3bd 200 in 32ms (next.js: 4ms, application-code: 28ms)
 GET /api/workspaces/e46c7bb5-3205-4a86-a06e-7809157b5e13/members 200 in 52ms (next.js: 19ms, application-code: 33ms)
 GET /api/workspaces/e46c7bb5-3205-4a86-a06e-7809157b5e13/invites 200 in 52ms (next.js: 38ms, application-code: 14ms)
 GET /api/workspaces/e46c7bb5-3205-4a86-a06e-7809157b5e13/flows 404 in 44ms (next.js: 18ms, application-code: 25ms)
 GET /api/workspaces/e46c7bb5-3205-4a86-a06e-7809157b5e13/audit 200 in 31ms (next.js: 18ms, application-code: 13ms)
 POST /api/auth/sign-up/email 200 in 101ms (next.js: 15ms, application-code: 86ms)
 GET /api/test/outbox?email=e2e-6fca3f60%40flowline-e2e.test 200 in 10ms (next.js: 2ms, application-code: 8ms)
 POST /api/email 200 in 21ms (next.js: 1.9ms, application-code: 19ms)
 POST /api/auth/sign-in/email 200 in 68ms (next.js: 1.9ms, application-code: 66ms)
 POST /api/workspaces 201 in 19ms (next.js: 2ms, application-code: 17ms)
 POST /api/onboarding 200 in 20ms (next.js: 2.0ms, application-code: 18ms)
 GET /w/e2e-dc7fe3/settings 200 in 84ms (next.js: 39ms, application-code: 45ms)
 GET /api/health 200 in 9ms (next.js: 3ms, application-code: 6ms)
 GET /api/workspaces/882b1ec6-ed56-4661-bd5e-ff6620fd03c1/members 200 in 55ms (next.js: 24ms, application-code: 31ms)
 GET /api/workspaces/882b1ec6-ed56-4661-bd5e-ff6620fd03c1/invites 200 in 56ms (next.js: 43ms, application-code: 13ms)
 POST /api/workspaces/882b1ec6-ed56-4661-bd5e-ff6620fd03c1/invites 201 in 48ms (next.js: 2ms, application-code: 45ms)
 GET /api/workspaces/882b1ec6-ed56-4661-bd5e-ff6620fd03c1/invites 200 in 17ms (next.js: 7ms, application-code: 10ms)
 GET /api/workspaces/882b1ec6-ed56-4661-bd5e-ff6620fd03c1/members 200 in 18ms (next.js: 3ms, application-code: 15ms)
 POST /api/auth/sign-up/email 200 in 102ms (next.js: 14ms, application-code: 87ms)
 GET /api/test/outbox?email=viewer-9ab538f2%40flowline-e2e.test 200 in 9ms (next.js: 2ms, application-code: 7ms)
 POST /api/email 200 in 26ms (next.js: 2ms, application-code: 23ms)
 POST /api/auth/sign-in/email 200 in 84ms (next.js: 12ms, application-code: 71ms)
 GET /invite/SEKzZ72Im05ohc2oZS8sb-UrAncNETK1PfcYn4kyXrE 200 in 50ms (next.js: 17ms, application-code: 33ms)
 GET /api/invites/SEKzZ72Im05ohc2oZS8sb-UrAncNETK1PfcYn4kyXrE 200 in 42ms (next.js: 19ms, application-code: 23ms)
 POST /api/invites/SEKzZ72Im05ohc2oZS8sb-UrAncNETK1PfcYn4kyXrE 200 in 31ms (next.js: 3ms, application-code: 28ms)
 GET /w/e2e-dc7fe3/flows 200 in 48ms (next.js: 16ms, application-code: 32ms)
 GET /api/health 200 in 9ms (next.js: 4ms, application-code: 6ms)
 GET /api/workspaces/882b1ec6-ed56-4661-bd5e-ff6620fd03c1/usage 200 in 92ms (next.js: 19ms, application-code: 73ms)
 GET /api/workspaces/882b1ec6-ed56-4661-bd5e-ff6620fd03c1/flows 200 in 93ms (next.js: 55ms, application-code: 38ms)
 GET /api/workspaces/882b1ec6-ed56-4661-bd5e-ff6620fd03c1/overview 200 in 111ms (next.js: 37ms, application-code: 74ms)
 POST /api/workspaces/882b1ec6-ed56-4661-bd5e-ff6620fd03c1/connections 201 in 50ms (next.js: 16ms, application-code: 34ms)
 POST /api/workspaces/882b1ec6-ed56-4661-bd5e-ff6620fd03c1/flows 201 in 25ms (next.js: 3ms, application-code: 21ms)
 PUT /api/flows/b22fb2d1-df9f-4507-b8d6-7917c5c3b99c 200 in 44ms (next.js: 18ms, application-code: 26ms)
 POST /api/flows/b22fb2d1-df9f-4507-b8d6-7917c5c3b99c/runs 202 in 98ms (next.js: 20ms, application-code: 78ms)
2026-09-29T10:26:53.513Z [worker] run ddc19e8f-7d6c-4739-bb9c-0f4b6b422a6c claimed
 GET /api/runs/ddc19e8f-7d6c-4739-bb9c-0f4b6b422a6c 200 in 49ms (next.js: 22ms, application-code: 27ms)
2026-09-29T10:26:53.564Z [worker] run ddc19e8f-7d6c-4739-bb9c-0f4b6b422a6c done
 GET /api/runs/ddc19e8f-7d6c-4739-bb9c-0f4b6b422a6c 200 in 37ms (next.js: 3ms, application-code: 35ms)
 GET /w/e2e-dc7fe3/runs?run=ddc19e8f-7d6c-4739-bb9c-0f4b6b422a6c 200 in 78ms (next.js: 18ms, application-code: 60ms)
 GET /api/health 200 in 9ms (next.js: 3ms, application-code: 6ms)
 GET /api/workspaces/882b1ec6-ed56-4661-bd5e-ff6620fd03c1/runs?limit=25 200 in 43ms (next.js: 22ms, application-code: 20ms)
 GET /api/runs/ddc19e8f-7d6c-4739-bb9c-0f4b6b422a6c 200 in 53ms (next.js: 28ms, application-code: 25ms)
 GET /api/workspaces/882b1ec6-ed56-4661-bd5e-ff6620fd03c1/approvals 200 in 37ms (next.js: 18ms, application-code: 18ms)
 POST /api/approvals/bbe3669b-68f7-4aa6-8db7-42d169744c91/decide 403 in 30ms (next.js: 16ms, application-code: 13ms)
 GET /api/runs/ddc19e8f-7d6c-4739-bb9c-0f4b6b422a6c 200 in 25ms (next.js: 2ms, application-code: 23ms)
 GET /w/e2e-dc7fe3/settings 200 in 71ms (next.js: 19ms, application-code: 52ms)
 GET /api/health 200 in 8ms (next.js: 3ms, application-code: 5ms)
 GET /api/workspaces/882b1ec6-ed56-4661-bd5e-ff6620fd03c1/members 200 in 49ms (next.js: 18ms, application-code: 30ms)
 GET /api/workspaces/882b1ec6-ed56-4661-bd5e-ff6620fd03c1/invites 200 in 50ms (next.js: 36ms, application-code: 15ms)
 PATCH /api/workspaces/882b1ec6-ed56-4661-bd5e-ff6620fd03c1/members/9a466d3f-496f-481d-9c1e-f46cfe96a29f 200 in 50ms (next.js: 19ms, application-code: 31ms)
 GET /api/workspaces/882b1ec6-ed56-4661-bd5e-ff6620fd03c1/members 200 in 20ms (next.js: 3ms, application-code: 17ms)
 GET /api/workspaces/882b1ec6-ed56-4661-bd5e-ff6620fd03c1/invites 200 in 21ms (next.js: 7ms, application-code: 14ms)
 GET /w/e2e-dc7fe3/runs?run=ddc19e8f-7d6c-4739-bb9c-0f4b6b422a6c 200 in 82ms (next.js: 18ms, application-code: 64ms)
 GET /api/health 200 in 10ms (next.js: 3ms, application-code: 7ms)
 GET /api/workspaces/882b1ec6-ed56-4661-bd5e-ff6620fd03c1/runs?limit=25 200 in 56ms (next.js: 20ms, application-code: 36ms)
 GET /api/runs/ddc19e8f-7d6c-4739-bb9c-0f4b6b422a6c 200 in 64ms (next.js: 39ms, application-code: 26ms)
 GET /api/runs/ddc19e8f-7d6c-4739-bb9c-0f4b6b422a6c 200 in 26ms (next.js: 2ms, application-code: 24ms)
 POST /api/approvals/bbe3669b-68f7-4aa6-8db7-42d169744c91/decide 200 in 52ms (next.js: 17ms, application-code: 35ms)
2026-09-29T10:26:55.497Z [worker] run ddc19e8f-7d6c-4739-bb9c-0f4b6b422a6c claimed
 GET /api/runs/ddc19e8f-7d6c-4739-bb9c-0f4b6b422a6c 200 in 40ms (next.js: 4ms, application-code: 37ms)
2026-09-29T10:26:55.565Z [worker] run ddc19e8f-7d6c-4739-bb9c-0f4b6b422a6c done
 GET /api/runs/ddc19e8f-7d6c-4739-bb9c-0f4b6b422a6c 200 in 21ms (next.js: 3ms, application-code: 18ms)
 DELETE /api/workspaces/882b1ec6-ed56-4661-bd5e-ff6620fd03c1/members/9a466d3f-496f-481d-9c1e-f46cfe96a29f 200 in 41ms (next.js: 18ms, application-code: 23ms)
 GET /api/workspaces/882b1ec6-ed56-4661-bd5e-ff6620fd03c1/members 200 in 54ms (next.js: 19ms, application-code: 35ms)
 GET /api/workspaces/882b1ec6-ed56-4661-bd5e-ff6620fd03c1/invites 200 in 54ms (next.js: 38ms, application-code: 16ms)
 GET /api/workspaces/882b1ec6-ed56-4661-bd5e-ff6620fd03c1/flows 404 in 27ms (next.js: 17ms, application-code: 10ms)
 GET /api/workspaces/882b1ec6-ed56-4661-bd5e-ff6620fd03c1/audit 200 in 52ms (next.js: 26ms, application-code: 26ms)
 POST /api/auth/sign-up/email 200 in 170ms (next.js: 18ms, application-code: 151ms)
 GET /api/test/outbox?email=e2e-12b2d952%40flowline-e2e.test 200 in 10ms (next.js: 2ms, application-code: 8ms)
 POST /api/email 200 in 25ms (next.js: 1.9ms, application-code: 23ms)
 POST /api/auth/sign-in/email 200 in 72ms (next.js: 2ms, application-code: 70ms)
 POST /api/workspaces 201 in 27ms (next.js: 2ms, application-code: 24ms)
 POST /api/onboarding 200 in 21ms (next.js: 2ms, application-code: 19ms)
 GET /w/e2e-26d59e/settings 200 in 93ms (next.js: 43ms, application-code: 50ms)
 GET /api/health 200 in 7ms (next.js: 2ms, application-code: 5ms)
 GET /api/workspaces/5f0407c1-f7eb-4061-96b5-77ff15eb0839/invites 200 in 51ms (next.js: 19ms, application-code: 33ms)
 GET /api/workspaces/5f0407c1-f7eb-4061-96b5-77ff15eb0839/members 200 in 52ms (next.js: 39ms, application-code: 13ms)
 POST /api/workspaces/5f0407c1-f7eb-4061-96b5-77ff15eb0839/invites 201 in 44ms (next.js: 3ms, application-code: 42ms)
 GET /api/workspaces/5f0407c1-f7eb-4061-96b5-77ff15eb0839/members 200 in 19ms (next.js: 3ms, application-code: 17ms)
 GET /api/workspaces/5f0407c1-f7eb-4061-96b5-77ff15eb0839/invites 200 in 19ms (next.js: 7ms, application-code: 13ms)
 POST /api/auth/sign-up/email 200 in 99ms (next.js: 16ms, application-code: 83ms)
 GET /api/test/outbox?email=viewer-2f21a504%40flowline-e2e.test 200 in 10ms (next.js: 3ms, application-code: 7ms)
 POST /api/email 200 in 26ms (next.js: 2ms, application-code: 23ms)
 POST /api/auth/sign-in/email 200 in 74ms (next.js: 3ms, application-code: 71ms)
 GET /invite/Sv67DnLv_WpSesI0j4Em6kOINJoS4mJ2E4ACXyYGQYg 200 in 54ms (next.js: 18ms, application-code: 35ms)
 GET /api/invites/Sv67DnLv_WpSesI0j4Em6kOINJoS4mJ2E4ACXyYGQYg 200 in 38ms (next.js: 20ms, application-code: 18ms)
 POST /api/invites/Sv67DnLv_WpSesI0j4Em6kOINJoS4mJ2E4ACXyYGQYg 200 in 30ms (next.js: 3ms, application-code: 27ms)
 GET /w/e2e-26d59e/flows 200 in 55ms (next.js: 18ms, application-code: 37ms)
 GET /api/health 200 in 11ms (next.js: 4ms, application-code: 6ms)
 GET /api/workspaces/5f0407c1-f7eb-4061-96b5-77ff15eb0839/flows 200 in 90ms (next.js: 17ms, application-code: 73ms)
 GET /api/workspaces/5f0407c1-f7eb-4061-96b5-77ff15eb0839/usage 200 in 91ms (next.js: 34ms, application-code: 57ms)
 POST /api/workspaces/5f0407c1-f7eb-4061-96b5-77ff15eb0839/connections 201 in 43ms (next.js: 17ms, application-code: 26ms)
 GET /api/workspaces/5f0407c1-f7eb-4061-96b5-77ff15eb0839/overview 200 in 106ms (next.js: 53ms, application-code: 52ms)
 POST /api/workspaces/5f0407c1-f7eb-4061-96b5-77ff15eb0839/flows 201 in 24ms (next.js: 3ms, application-code: 21ms)
 PUT /api/flows/9d234cbd-019c-456c-ab27-55be6c3d3d7a 200 in 45ms (next.js: 17ms, application-code: 28ms)
 POST /api/flows/9d234cbd-019c-456c-ab27-55be6c3d3d7a/runs 202 in 71ms (next.js: 17ms, application-code: 54ms)
2026-09-29T10:27:00.964Z [worker] run 1567ea89-6506-47ce-875a-489d526f8d58 claimed
2026-09-29T10:27:01.003Z [worker] run 1567ea89-6506-47ce-875a-489d526f8d58 done
 GET /api/runs/1567ea89-6506-47ce-875a-489d526f8d58 200 in 42ms (next.js: 18ms, application-code: 23ms)
 GET /api/runs/1567ea89-6506-47ce-875a-489d526f8d58 200 in 27ms (next.js: 2ms, application-code: 24ms)
 GET /w/e2e-26d59e/runs?run=1567ea89-6506-47ce-875a-489d526f8d58 200 in 75ms (next.js: 23ms, application-code: 52ms)
 GET /api/health 200 in 11ms (next.js: 3ms, application-code: 8ms)
 GET /api/workspaces/5f0407c1-f7eb-4061-96b5-77ff15eb0839/runs?limit=25 200 in 46ms (next.js: 22ms, application-code: 24ms)
 GET /api/runs/1567ea89-6506-47ce-875a-489d526f8d58 200 in 59ms (next.js: 26ms, application-code: 34ms)
 GET /api/workspaces/5f0407c1-f7eb-4061-96b5-77ff15eb0839/approvals 200 in 33ms (next.js: 20ms, application-code: 14ms)
 POST /api/approvals/f1640257-32be-4bf8-a589-c07e3cd539cf/decide 403 in 37ms (next.js: 20ms, application-code: 17ms)
 GET /api/runs/1567ea89-6506-47ce-875a-489d526f8d58 200 in 46ms (next.js: 2ms, application-code: 43ms)
 GET /w/e2e-26d59e/settings 200 in 76ms (next.js: 20ms, application-code: 56ms)
 GET /api/health 200 in 9ms (next.js: 3ms, application-code: 6ms)
 GET /api/workspaces/5f0407c1-f7eb-4061-96b5-77ff15eb0839/members 200 in 52ms (next.js: 18ms, application-code: 34ms)
 GET /api/workspaces/5f0407c1-f7eb-4061-96b5-77ff15eb0839/invites 200 in 52ms (next.js: 38ms, application-code: 14ms)
 PATCH /api/workspaces/5f0407c1-f7eb-4061-96b5-77ff15eb0839/members/701bdd84-b57c-426f-be94-0e1df7dbc7b0 200 in 58ms (next.js: 19ms, application-code: 39ms)
 GET /api/workspaces/5f0407c1-f7eb-4061-96b5-77ff15eb0839/members 200 in 24ms (next.js: 4ms, application-code: 20ms)
 GET /api/workspaces/5f0407c1-f7eb-4061-96b5-77ff15eb0839/invites 200 in 17ms (next.js: 4ms, application-code: 14ms)
 GET /w/e2e-26d59e/runs?run=1567ea89-6506-47ce-875a-489d526f8d58 200 in 79ms (next.js: 22ms, application-code: 57ms)
 GET /api/health 200 in 8ms (next.js: 3ms, application-code: 5ms)
 GET /api/workspaces/5f0407c1-f7eb-4061-96b5-77ff15eb0839/runs?limit=25 200 in 50ms (next.js: 18ms, application-code: 32ms)
 GET /api/runs/1567ea89-6506-47ce-875a-489d526f8d58 200 in 58ms (next.js: 36ms, application-code: 23ms)
 GET /api/runs/1567ea89-6506-47ce-875a-489d526f8d58 200 in 22ms (next.js: 3ms, application-code: 19ms)
 POST /api/approvals/f1640257-32be-4bf8-a589-c07e3cd539cf/decide 200 in 52ms (next.js: 18ms, application-code: 34ms)
2026-09-29T10:27:02.970Z [worker] run 1567ea89-6506-47ce-875a-489d526f8d58 claimed
 GET /api/runs/1567ea89-6506-47ce-875a-489d526f8d58 200 in 30ms (next.js: 4ms, application-code: 26ms)
2026-09-29T10:27:03.039Z [worker] run 1567ea89-6506-47ce-875a-489d526f8d58 done
 GET /api/runs/1567ea89-6506-47ce-875a-489d526f8d58 200 in 21ms (next.js: 2ms, application-code: 18ms)
 DELETE /api/workspaces/5f0407c1-f7eb-4061-96b5-77ff15eb0839/members/701bdd84-b57c-426f-be94-0e1df7dbc7b0 200 in 50ms (next.js: 17ms, application-code: 32ms)
 GET /api/workspaces/5f0407c1-f7eb-4061-96b5-77ff15eb0839/members 200 in 55ms (next.js: 19ms, application-code: 36ms)
 GET /api/workspaces/5f0407c1-f7eb-4061-96b5-77ff15eb0839/invites 200 in 55ms (next.js: 40ms, application-code: 15ms)
 GET /api/workspaces/5f0407c1-f7eb-4061-96b5-77ff15eb0839/flows 404 in 46ms (next.js: 19ms, application-code: 27ms)
 GET /api/workspaces/5f0407c1-f7eb-4061-96b5-77ff15eb0839/audit 200 in 39ms (next.js: 18ms, application-code: 21ms)
 POST /api/auth/sign-up/email 200 in 97ms (next.js: 16ms, application-code: 81ms)
 GET /api/test/outbox?email=e2e-83187fe6%40flowline-e2e.test 200 in 8ms (next.js: 2ms, application-code: 6ms)
 POST /api/email 200 in 21ms (next.js: 2ms, application-code: 19ms)
 POST /api/auth/sign-in/email 200 in 71ms (next.js: 3ms, application-code: 68ms)
 POST /api/workspaces 201 in 29ms (next.js: 2ms, application-code: 27ms)
 POST /api/onboarding 200 in 24ms (next.js: 2ms, application-code: 22ms)
 GET /w/e2e-b413f3/settings 200 in 83ms (next.js: 36ms, application-code: 47ms)
 GET /api/health 200 in 8ms (next.js: 3ms, application-code: 5ms)
 GET /api/workspaces/bde900e9-2aa5-424c-96d8-12ba2d47db91/members 200 in 54ms (next.js: 17ms, application-code: 37ms)
 GET /api/workspaces/bde900e9-2aa5-424c-96d8-12ba2d47db91/invites 200 in 54ms (next.js: 40ms, application-code: 15ms)
 POST /api/workspaces/bde900e9-2aa5-424c-96d8-12ba2d47db91/invites 201 in 39ms (next.js: 2ms, application-code: 37ms)
 GET /api/workspaces/bde900e9-2aa5-424c-96d8-12ba2d47db91/members 200 in 17ms (next.js: 3ms, application-code: 14ms)
 GET /api/workspaces/bde900e9-2aa5-424c-96d8-12ba2d47db91/invites 200 in 17ms (next.js: 6ms, application-code: 11ms)
 POST /api/auth/sign-up/email 200 in 101ms (next.js: 16ms, application-code: 84ms)
 GET /api/test/outbox?email=viewer-675c6e32%40flowline-e2e.test 200 in 8ms (next.js: 2ms, application-code: 6ms)
 POST /api/email 200 in 26ms (next.js: 2ms, application-code: 23ms)
 POST /api/auth/sign-in/email 200 in 86ms (next.js: 3ms, application-code: 83ms)
 GET /invite/2numEFiNBOy4lasd5SXrJFFnZf80JCb91F8BEVVzZx4 200 in 55ms (next.js: 17ms, application-code: 38ms)
 GET /api/invites/2numEFiNBOy4lasd5SXrJFFnZf80JCb91F8BEVVzZx4 200 in 27ms (next.js: 17ms, application-code: 10ms)
 POST /api/invites/2numEFiNBOy4lasd5SXrJFFnZf80JCb91F8BEVVzZx4 200 in 38ms (next.js: 3ms, application-code: 36ms)
 GET /w/e2e-b413f3/flows 200 in 50ms (next.js: 18ms, application-code: 33ms)
 GET /api/health 200 in 9ms (next.js: 3ms, application-code: 6ms)
 GET /api/workspaces/bde900e9-2aa5-424c-96d8-12ba2d47db91/flows 200 in 52ms (next.js: 17ms, application-code: 36ms)
 GET /api/workspaces/bde900e9-2aa5-424c-96d8-12ba2d47db91/usage 200 in 92ms (next.js: 34ms, application-code: 59ms)
 POST /api/workspaces/bde900e9-2aa5-424c-96d8-12ba2d47db91/connections 201 in 62ms (next.js: 35ms, application-code: 27ms)
 GET /api/workspaces/bde900e9-2aa5-424c-96d8-12ba2d47db91/overview 200 in 103ms (next.js: 16ms, application-code: 87ms)
 POST /api/workspaces/bde900e9-2aa5-424c-96d8-12ba2d47db91/flows 201 in 33ms (next.js: 4ms, application-code: 30ms)
 PUT /api/flows/f96d30d0-acb5-4913-bff9-bb33ca85915a 200 in 44ms (next.js: 18ms, application-code: 26ms)
 POST /api/flows/f96d30d0-acb5-4913-bff9-bb33ca85915a/runs 202 in 90ms (next.js: 20ms, application-code: 71ms)
2026-09-29T10:27:08.424Z [worker] run 344ad4ee-82ac-4d14-a38f-c4dba039ed67 claimed
2026-09-29T10:27:08.468Z [worker] run 344ad4ee-82ac-4d14-a38f-c4dba039ed67 done
 GET /api/runs/344ad4ee-82ac-4d14-a38f-c4dba039ed67 200 in 53ms (next.js: 24ms, application-code: 28ms)
 GET /api/runs/344ad4ee-82ac-4d14-a38f-c4dba039ed67 200 in 32ms (next.js: 2ms, application-code: 30ms)
 GET /w/e2e-b413f3/runs?run=344ad4ee-82ac-4d14-a38f-c4dba039ed67 200 in 76ms (next.js: 18ms, application-code: 57ms)
 GET /api/health 200 in 9ms (next.js: 4ms, application-code: 6ms)
 GET /api/workspaces/bde900e9-2aa5-424c-96d8-12ba2d47db91/runs?limit=25 200 in 48ms (next.js: 25ms, application-code: 23ms)
 GET /api/runs/344ad4ee-82ac-4d14-a38f-c4dba039ed67 200 in 58ms (next.js: 30ms, application-code: 28ms)
 GET /api/workspaces/bde900e9-2aa5-424c-96d8-12ba2d47db91/approvals 200 in 35ms (next.js: 19ms, application-code: 16ms)
 POST /api/approvals/7625ebd3-38ad-4c4a-8de0-78ef83994e56/decide 403 in 40ms (next.js: 18ms, application-code: 22ms)
 GET /api/runs/344ad4ee-82ac-4d14-a38f-c4dba039ed67 200 in 33ms (next.js: 4ms, application-code: 29ms)
 GET /w/e2e-b413f3/settings 200 in 70ms (next.js: 18ms, application-code: 53ms)
 GET /api/health 200 in 8ms (next.js: 3ms, application-code: 5ms)
 GET /api/workspaces/bde900e9-2aa5-424c-96d8-12ba2d47db91/invites 200 in 48ms (next.js: 36ms, application-code: 12ms)
 GET /api/workspaces/bde900e9-2aa5-424c-96d8-12ba2d47db91/members 200 in 49ms (next.js: 19ms, application-code: 30ms)
 PATCH /api/workspaces/bde900e9-2aa5-424c-96d8-12ba2d47db91/members/3177b40b-92af-4f5c-9ed3-548b74e9ab51 200 in 54ms (next.js: 22ms, application-code: 31ms)
 GET /api/workspaces/bde900e9-2aa5-424c-96d8-12ba2d47db91/members 200 in 19ms (next.js: 3ms, application-code: 17ms)
 GET /api/workspaces/bde900e9-2aa5-424c-96d8-12ba2d47db91/invites 200 in 20ms (next.js: 7ms, application-code: 13ms)
 GET /w/e2e-b413f3/runs?run=344ad4ee-82ac-4d14-a38f-c4dba039ed67 200 in 91ms (next.js: 18ms, application-code: 72ms)
 GET /api/health 200 in 8ms (next.js: 2ms, application-code: 5ms)
 GET /api/workspaces/bde900e9-2aa5-424c-96d8-12ba2d47db91/runs?limit=25 200 in 54ms (next.js: 19ms, application-code: 35ms)
 GET /api/runs/344ad4ee-82ac-4d14-a38f-c4dba039ed67 200 in 62ms (next.js: 38ms, application-code: 24ms)
 GET /api/runs/344ad4ee-82ac-4d14-a38f-c4dba039ed67 200 in 24ms (next.js: 3ms, application-code: 21ms)
 POST /api/approvals/7625ebd3-38ad-4c4a-8de0-78ef83994e56/decide 200 in 50ms (next.js: 16ms, application-code: 34ms)
2026-09-29T10:27:10.441Z [worker] run 344ad4ee-82ac-4d14-a38f-c4dba039ed67 claimed
 GET /api/runs/344ad4ee-82ac-4d14-a38f-c4dba039ed67 200 in 35ms (next.js: 4ms, application-code: 31ms)
2026-09-29T10:27:10.512Z [worker] run 344ad4ee-82ac-4d14-a38f-c4dba039ed67 done
 GET /api/runs/344ad4ee-82ac-4d14-a38f-c4dba039ed67 200 in 26ms (next.js: 2ms, application-code: 24ms)
 DELETE /api/workspaces/bde900e9-2aa5-424c-96d8-12ba2d47db91/members/3177b40b-92af-4f5c-9ed3-548b74e9ab51 200 in 38ms (next.js: 20ms, application-code: 19ms)
 GET /api/workspaces/bde900e9-2aa5-424c-96d8-12ba2d47db91/members 200 in 60ms (next.js: 19ms, application-code: 41ms)
 GET /api/workspaces/bde900e9-2aa5-424c-96d8-12ba2d47db91/invites 200 in 40ms (next.js: 23ms, application-code: 17ms)
 GET /api/workspaces/bde900e9-2aa5-424c-96d8-12ba2d47db91/flows 404 in 31ms (next.js: 18ms, application-code: 13ms)
 GET /api/workspaces/bde900e9-2aa5-424c-96d8-12ba2d47db91/audit 200 in 45ms (next.js: 21ms, application-code: 24ms)
 POST /api/auth/sign-up/email 200 in 99ms (next.js: 16ms, application-code: 83ms)
 GET /api/test/outbox?email=e2e-818380f3%40flowline-e2e.test 200 in 8ms (next.js: 1.9ms, application-code: 7ms)
 POST /api/email 200 in 18ms (next.js: 1.9ms, application-code: 16ms)
 POST /api/auth/sign-in/email 200 in 70ms (next.js: 3ms, application-code: 68ms)
 POST /api/workspaces 201 in 25ms (next.js: 1.9ms, application-code: 23ms)
 POST /api/onboarding 200 in 25ms (next.js: 2ms, application-code: 23ms)
 GET /w/e2e-90b505/settings 200 in 83ms (next.js: 35ms, application-code: 49ms)
 GET /api/health 200 in 8ms (next.js: 3ms, application-code: 5ms)
 GET /api/workspaces/13a73ab8-410e-43f5-bb1c-1319edd9d893/members 200 in 56ms (next.js: 25ms, application-code: 31ms)
 GET /api/workspaces/13a73ab8-410e-43f5-bb1c-1319edd9d893/invites 200 in 56ms (next.js: 44ms, application-code: 12ms)
 POST /api/workspaces/13a73ab8-410e-43f5-bb1c-1319edd9d893/invites 201 in 42ms (next.js: 2ms, application-code: 40ms)
 GET /api/workspaces/13a73ab8-410e-43f5-bb1c-1319edd9d893/members 200 in 17ms (next.js: 2ms, application-code: 15ms)
 GET /api/workspaces/13a73ab8-410e-43f5-bb1c-1319edd9d893/invites 200 in 13ms (next.js: 2ms, application-code: 11ms)
 POST /api/auth/sign-up/email 200 in 102ms (next.js: 17ms, application-code: 85ms)
 GET /api/test/outbox?email=viewer-f6b419af%40flowline-e2e.test 200 in 10ms (next.js: 3ms, application-code: 7ms)
 POST /api/email 200 in 24ms (next.js: 2ms, application-code: 21ms)
 POST /api/auth/sign-in/email 200 in 75ms (next.js: 2ms, application-code: 73ms)
 GET /invite/_xV2NQ1CF0-PiQ2DgAPL3Wb1Yu4df5NOhobF5HaBGws 200 in 55ms (next.js: 18ms, application-code: 37ms)
 GET /api/invites/_xV2NQ1CF0-PiQ2DgAPL3Wb1Yu4df5NOhobF5HaBGws 200 in 35ms (next.js: 19ms, application-code: 17ms)
 POST /api/invites/_xV2NQ1CF0-PiQ2DgAPL3Wb1Yu4df5NOhobF5HaBGws 200 in 35ms (next.js: 3ms, application-code: 32ms)
 GET /w/e2e-90b505/flows 200 in 52ms (next.js: 18ms, application-code: 34ms)
 GET /api/health 200 in 9ms (next.js: 3ms, application-code: 6ms)
 GET /api/workspaces/13a73ab8-410e-43f5-bb1c-1319edd9d893/usage 200 in 87ms (next.js: 33ms, application-code: 54ms)
 GET /api/workspaces/13a73ab8-410e-43f5-bb1c-1319edd9d893/flows 200 in 70ms (next.js: 33ms, application-code: 37ms)
 GET /api/workspaces/13a73ab8-410e-43f5-bb1c-1319edd9d893/overview 200 in 112ms (next.js: 16ms, application-code: 96ms)
 POST /api/workspaces/13a73ab8-410e-43f5-bb1c-1319edd9d893/connections 201 in 61ms (next.js: 19ms, application-code: 42ms)
 POST /api/workspaces/13a73ab8-410e-43f5-bb1c-1319edd9d893/flows 201 in 26ms (next.js: 4ms, application-code: 21ms)
 PUT /api/flows/e0fba071-b23f-46d1-93c2-dfcb9ed76a89 200 in 45ms (next.js: 20ms, application-code: 25ms)
 POST /api/flows/e0fba071-b23f-46d1-93c2-dfcb9ed76a89/runs 202 in 75ms (next.js: 18ms, application-code: 57ms)
2026-09-29T10:27:15.973Z [worker] run d66a14f1-c82c-47b5-afdf-875fc4503237 claimed
2026-09-29T10:27:16.014Z [worker] run d66a14f1-c82c-47b5-afdf-875fc4503237 done
 GET /api/runs/d66a14f1-c82c-47b5-afdf-875fc4503237 200 in 58ms (next.js: 19ms, application-code: 39ms)
 GET /w/e2e-90b505/runs?run=d66a14f1-c82c-47b5-afdf-875fc4503237 200 in 68ms (next.js: 18ms, application-code: 49ms)
 GET /api/health 200 in 9ms (next.js: 3ms, application-code: 6ms)
 GET /api/workspaces/13a73ab8-410e-43f5-bb1c-1319edd9d893/runs?limit=25 200 in 44ms (next.js: 22ms, application-code: 22ms)
 GET /api/runs/d66a14f1-c82c-47b5-afdf-875fc4503237 200 in 50ms (next.js: 26ms, application-code: 24ms)
 GET /api/workspaces/13a73ab8-410e-43f5-bb1c-1319edd9d893/approvals 200 in 49ms (next.js: 21ms, application-code: 28ms)
(node:43588) MaxListenersExceededWarning: Possible EventEmitter memory leak detected. 11 unpipe listeners added to [SyncWriteStream]. MaxListeners is 10. Use emitter.setMaxListeners() to increase limit
(node:43588) MaxListenersExceededWarning: Possible EventEmitter memory leak detected. 11 error listeners added to [SyncWriteStream]. MaxListeners is 10. Use emitter.setMaxListeners() to increase limit
(node:43588) MaxListenersExceededWarning: Possible EventEmitter memory leak detected. 11 close listeners added to [SyncWriteStream]. MaxListeners is 10. Use emitter.setMaxListeners() to increase limit
(node:43588) MaxListenersExceededWarning: Possible EventEmitter memory leak detected. 11 finish listeners added to [SyncWriteStream]. MaxListeners is 10. Use emitter.setMaxListeners() to increase limit
(node:43588) MaxListenersExceededWarning: Possible EventEmitter memory leak detected. 11 unpipe listeners added to [SyncWriteStream]. MaxListeners is 10. Use emitter.setMaxListeners() to increase limit
(node:43588) MaxListenersExceededWarning: Possible EventEmitter memory leak detected. 11 error listeners added to [SyncWriteStream]. MaxListeners is 10. Use emitter.setMaxListeners() to increase limit
(node:43588) MaxListenersExceededWarning: Possible EventEmitter memory leak detected. 11 close listeners added to [SyncWriteStream]. MaxListeners is 10. Use emitter.setMaxListeners() to increase limit
(node:43588) MaxListenersExceededWarning: Possible EventEmitter memory leak detected. 11 finish listeners added to [SyncWriteStream]. MaxListeners is 10. Use emitter.setMaxListeners() to increase limit
 POST /api/approvals/db30cf82-ec59-4f52-b0d1-4a08b3f3d1d4/decide 403 in 38ms (next.js: 24ms, application-code: 14ms)
 GET /api/runs/d66a14f1-c82c-47b5-afdf-875fc4503237 200 in 34ms (next.js: 4ms, application-code: 30ms)
 GET /w/e2e-90b505/settings 200 in 79ms (next.js: 24ms, application-code: 56ms)
 GET /api/health 200 in 9ms (next.js: 3ms, application-code: 6ms)
 GET /api/workspaces/13a73ab8-410e-43f5-bb1c-1319edd9d893/members 200 in 58ms (next.js: 17ms, application-code: 40ms)
 GET /api/workspaces/13a73ab8-410e-43f5-bb1c-1319edd9d893/invites 200 in 58ms (next.js: 35ms, application-code: 23ms)
 PATCH /api/workspaces/13a73ab8-410e-43f5-bb1c-1319edd9d893/members/9740c9d3-6d2e-4718-a932-3235f73942b5 200 in 44ms (next.js: 19ms, application-code: 26ms)
 GET /api/workspaces/13a73ab8-410e-43f5-bb1c-1319edd9d893/members 200 in 20ms (next.js: 3ms, application-code: 17ms)
 GET /api/workspaces/13a73ab8-410e-43f5-bb1c-1319edd9d893/invites 200 in 18ms (next.js: 3ms, application-code: 15ms)
 GET /w/e2e-90b505/runs?run=d66a14f1-c82c-47b5-afdf-875fc4503237 200 in 83ms (next.js: 19ms, application-code: 64ms)
 GET /api/health 200 in 8ms (next.js: 3ms, application-code: 5ms)
 GET /api/workspaces/13a73ab8-410e-43f5-bb1c-1319edd9d893/runs?limit=25 200 in 55ms (next.js: 19ms, application-code: 36ms)
 GET /api/runs/d66a14f1-c82c-47b5-afdf-875fc4503237 200 in 63ms (next.js: 38ms, application-code: 25ms)
 GET /api/runs/d66a14f1-c82c-47b5-afdf-875fc4503237 200 in 23ms (next.js: 2ms, application-code: 21ms)
 POST /api/approvals/db30cf82-ec59-4f52-b0d1-4a08b3f3d1d4/decide 200 in 51ms (next.js: 18ms, application-code: 34ms)
2026-09-29T10:27:17.968Z [worker] run d66a14f1-c82c-47b5-afdf-875fc4503237 claimed
 GET /api/runs/d66a14f1-c82c-47b5-afdf-875fc4503237 200 in 32ms (next.js: 3ms, application-code: 29ms)
2026-09-29T10:27:18.027Z [worker] run d66a14f1-c82c-47b5-afdf-875fc4503237 done
 GET /api/runs/d66a14f1-c82c-47b5-afdf-875fc4503237 200 in 27ms (next.js: 2ms, application-code: 25ms)
 DELETE /api/workspaces/13a73ab8-410e-43f5-bb1c-1319edd9d893/members/9740c9d3-6d2e-4718-a932-3235f73942b5 200 in 47ms (next.js: 16ms, application-code: 30ms)
 GET /api/workspaces/13a73ab8-410e-43f5-bb1c-1319edd9d893/members 200 in 50ms (next.js: 18ms, application-code: 32ms)
 GET /api/workspaces/13a73ab8-410e-43f5-bb1c-1319edd9d893/invites 200 in 50ms (next.js: 38ms, application-code: 13ms)
 GET /api/workspaces/13a73ab8-410e-43f5-bb1c-1319edd9d893/flows 404 in 34ms (next.js: 17ms, application-code: 17ms)
 GET /api/workspaces/13a73ab8-410e-43f5-bb1c-1319edd9d893/audit 200 in 41ms (next.js: 17ms, application-code: 24ms)
 GET /api/health?require=worker 200 in 15ms (next.js: 2ms, application-code: 13ms)
 GET /api/health?require=worker 200 in 6ms (next.js: 2ms, application-code: 4ms)
 POST /api/auth/sign-up/email 200 in 102ms (next.js: 16ms, application-code: 86ms)
 GET /api/test/outbox?email=e2e-88fa1578%40flowline-e2e.test 200 in 12ms (next.js: 3ms, application-code: 9ms)
 POST /api/email 200 in 24ms (next.js: 1.9ms, application-code: 22ms)
 POST /api/auth/sign-in/email 200 in 74ms (next.js: 2ms, application-code: 72ms)
 POST /api/workspaces 201 in 22ms (next.js: 2.0ms, application-code: 20ms)
 POST /api/onboarding 200 in 26ms (next.js: 1.9ms, application-code: 24ms)
 GET /w/e2e-49789c/settings?tab=ai 200 in 69ms (next.js: 24ms, application-code: 45ms)
 GET /api/health 200 in 7ms (next.js: 2ms, application-code: 5ms)
 GET /api/workspaces/ba6a9d95-734e-4baa-928e-73da9494a30f/ai 200 in 49ms (next.js: 17ms, application-code: 31ms)
 GET /api/workspaces/ba6a9d95-734e-4baa-928e-73da9494a30f/ai/models 200 in 28ms (next.js: 17ms, application-code: 11ms)
 POST /api/workspaces/ba6a9d95-734e-4baa-928e-73da9494a30f/ai/connections 201 in 78ms (next.js: 17ms, application-code: 61ms)
 GET /api/workspaces/ba6a9d95-734e-4baa-928e-73da9494a30f/ai/models 200 in 22ms (next.js: 3ms, application-code: 20ms)
 GET /api/workspaces/ba6a9d95-734e-4baa-928e-73da9494a30f/ai 200 in 27ms (next.js: 6ms, application-code: 22ms)
 PUT /api/workspaces/ba6a9d95-734e-4baa-928e-73da9494a30f/ai/default-route 200 in 41ms (next.js: 16ms, application-code: 25ms)
 GET /api/workspaces/ba6a9d95-734e-4baa-928e-73da9494a30f/ai 200 in 45ms (next.js: 15ms, application-code: 30ms)
 PATCH /api/workspaces/ba6a9d95-734e-4baa-928e-73da9494a30f 200 in 40ms (next.js: 16ms, application-code: 23ms)
 POST /api/workspaces/ba6a9d95-734e-4baa-928e-73da9494a30f/flows 201 in 34ms (next.js: 17ms, application-code: 17ms)
 PUT /api/flows/aa4e8f99-7049-48b9-b8fd-3c294ca0d6be 200 in 46ms (next.js: 16ms, application-code: 30ms)
 GET /w/e2e-49789c/flows/aa4e8f99-7049-48b9-b8fd-3c294ca0d6be 200 in 73ms (next.js: 19ms, application-code: 54ms)
 GET /api/health 200 in 8ms (next.js: 3ms, application-code: 5ms)
 GET /api/flows/aa4e8f99-7049-48b9-b8fd-3c294ca0d6be 200 in 30ms (next.js: 3ms, application-code: 27ms)
 GET /api/flows/aa4e8f99-7049-48b9-b8fd-3c294ca0d6be/publish 200 in 61ms (next.js: 18ms, application-code: 42ms)
 GET /api/flows/aa4e8f99-7049-48b9-b8fd-3c294ca0d6be/runs 200 in 39ms (next.js: 20ms, application-code: 19ms)
 GET /api/workspaces/ba6a9d95-734e-4baa-928e-73da9494a30f/ai 200 in 38ms (next.js: 3ms, application-code: 35ms)
 GET /api/workspaces/ba6a9d95-734e-4baa-928e-73da9494a30f/ai/models 200 in 50ms (next.js: 19ms, application-code: 31ms)
 PUT /api/flows/aa4e8f99-7049-48b9-b8fd-3c294ca0d6be 200 in 37ms (next.js: 13ms, application-code: 24ms)
2026-09-29T10:27:54.549Z [worker] run 9c359ecc-2390-413d-857e-3ead1dfdf126 claimed
 POST /api/flows/aa4e8f99-7049-48b9-b8fd-3c294ca0d6be/runs 202 in 69ms (next.js: 15ms, application-code: 53ms)
 GET /api/flows/aa4e8f99-7049-48b9-b8fd-3c294ca0d6be/runs 200 in 47ms (next.js: 3ms, application-code: 44ms)
 GET /api/runs/9c359ecc-2390-413d-857e-3ead1dfdf126 200 in 42ms (next.js: 16ms, application-code: 26ms)
2026-09-29T10:27:54.638Z [worker] run 9c359ecc-2390-413d-857e-3ead1dfdf126 done
 GET /w/e2e-49789c/runs?run=9c359ecc-2390-413d-857e-3ead1dfdf126 200 in 31ms (next.js: 17ms, application-code: 14ms)
 GET /api/workspaces/ba6a9d95-734e-4baa-928e-73da9494a30f/runs?limit=25 200 in 47ms (next.js: 17ms, application-code: 30ms)
 GET /w/e2e-49789c/settings?tab=ai 200 in 62ms (next.js: 17ms, application-code: 44ms)
 GET /api/health 200 in 7ms (next.js: 2ms, application-code: 5ms)
 GET /api/workspaces/ba6a9d95-734e-4baa-928e-73da9494a30f/ai 200 in 50ms (next.js: 17ms, application-code: 34ms)
 GET /api/workspaces/ba6a9d95-734e-4baa-928e-73da9494a30f/ai/models 200 in 43ms (next.js: 16ms, application-code: 27ms)
 POST /api/auth/sign-out 200 in 37ms (next.js: 17ms, application-code: 20ms)
 GET /sign-in 200 in 33ms (next.js: 3ms, application-code: 30ms)
 POST /api/auth/sign-in/email 200 in 75ms (next.js: 3ms, application-code: 72ms)
 GET /api/auth-config 200 in 17ms (next.js: 6ms, application-code: 11ms)
 GET /w/e2e-49789c/settings?tab=ai 200 in 75ms (next.js: 18ms, application-code: 58ms)
 GET /api/health 200 in 8ms (next.js: 3ms, application-code: 5ms)
 GET /api/workspaces/ba6a9d95-734e-4baa-928e-73da9494a30f/ai 200 in 39ms (next.js: 3ms, application-code: 37ms)
 GET /api/workspaces/ba6a9d95-734e-4baa-928e-73da9494a30f/ai/models 200 in 30ms (next.js: 3ms, application-code: 28ms)
 POST /api/auth/sign-up/email 200 in 109ms (next.js: 18ms, application-code: 92ms)
 GET /api/test/outbox?email=ai-other-32e02b19%40flowline-e2e.test 200 in 8ms (next.js: 1.9ms, application-code: 6ms)
 POST /api/email 200 in 20ms (next.js: 1.8ms, application-code: 18ms)
 POST /api/auth/sign-in/email 200 in 67ms (next.js: 2.0ms, application-code: 65ms)
 POST /api/workspaces 201 in 45ms (next.js: 2ms, application-code: 43ms)
 GET /api/workspaces/ba6a9d95-734e-4baa-928e-73da9494a30f/ai/connections 404 in 31ms (next.js: 15ms, application-code: 16ms)
 GET /api/workspaces/ba6a9d95-734e-4baa-928e-73da9494a30f/ai/models 404 in 26ms (next.js: 15ms, application-code: 11ms)
 GET /w/other-ai-25/settings?tab=ai 200 in 63ms (next.js: 18ms, application-code: 44ms)
 GET /api/health 200 in 8ms (next.js: 3ms, application-code: 5ms)
 GET /api/workspaces/9cb8837b-c865-4d4f-9cdc-ffbe64d1f10b/ai 200 in 51ms (next.js: 18ms, application-code: 33ms)
 GET /api/workspaces/9cb8837b-c865-4d4f-9cdc-ffbe64d1f10b/ai/models 200 in 29ms (next.js: 3ms, application-code: 26ms)
 POST /api/workspaces/ba6a9d95-734e-4baa-928e-73da9494a30f/invites 201 in 55ms (next.js: 17ms, application-code: 38ms)
 POST /api/auth/sign-up/email 200 in 100ms (next.js: 15ms, application-code: 86ms)
 GET /api/test/outbox?email=ai-editor-f241e72d%40flowline-e2e.test 200 in 8ms (next.js: 1.9ms, application-code: 6ms)
 POST /api/email 200 in 23ms (next.js: 3ms, application-code: 20ms)
 POST /api/auth/sign-in/email 200 in 70ms (next.js: 1.9ms, application-code: 69ms)
 POST /api/invites/CnWZI-f2eWd1qVnQEQXlSHeo8gOG_qo9Y7ZqgJH_h3Y 200 in 43ms (next.js: 17ms, application-code: 26ms)
 GET /api/workspaces/ba6a9d95-734e-4baa-928e-73da9494a30f/ai/models 200 in 32ms (next.js: 15ms, application-code: 17ms)
 GET /api/workspaces/ba6a9d95-734e-4baa-928e-73da9494a30f/ai/connections 200 in 43ms (next.js: 17ms, application-code: 26ms)
 POST /api/workspaces/ba6a9d95-734e-4baa-928e-73da9494a30f/ai/connections 403 in 14ms (next.js: 3ms, application-code: 11ms)
 GET /api/flows/aa4e8f99-7049-48b9-b8fd-3c294ca0d6be 200 in 26ms (next.js: 15ms, application-code: 11ms)
 PUT /api/flows/aa4e8f99-7049-48b9-b8fd-3c294ca0d6be 403 in 32ms (next.js: 3ms, application-code: 29ms)
 GET /w/e2e-49789c/flows/aa4e8f99-7049-48b9-b8fd-3c294ca0d6be 200 in 68ms (next.js: 18ms, application-code: 49ms)
 GET /api/health 200 in 8ms (next.js: 2ms, application-code: 5ms)
 GET /api/flows/aa4e8f99-7049-48b9-b8fd-3c294ca0d6be 200 in 27ms (next.js: 3ms, application-code: 23ms)
 GET /api/flows/aa4e8f99-7049-48b9-b8fd-3c294ca0d6be/publish 200 in 51ms (next.js: 16ms, application-code: 35ms)
 GET /api/flows/aa4e8f99-7049-48b9-b8fd-3c294ca0d6be/runs 200 in 32ms (next.js: 16ms, application-code: 17ms)
 GET /api/runs/9c359ecc-2390-413d-857e-3ead1dfdf126 200 in 70ms (next.js: 17ms, application-code: 53ms)
 GET /api/workspaces/ba6a9d95-734e-4baa-928e-73da9494a30f/ai 200 in 47ms (next.js: 18ms, application-code: 29ms)
 GET /api/workspaces/ba6a9d95-734e-4baa-928e-73da9494a30f/ai/models 200 in 52ms (next.js: 20ms, application-code: 32ms)
 GET / 200 in 53ms (next.js: 4ms, application-code: 48ms)
 GET /sign-up 200 in 17ms (next.js: 3ms, application-code: 14ms)
 GET /api/auth-config 200 in 15ms (next.js: 3ms, application-code: 12ms)
 POST /api/auth/sign-up/email 200 in 96ms (next.js: 16ms, application-code: 80ms)
 GET /api/test/outbox?email=arabic-f8c22234%40flowline-e2e.test 200 in 8ms (next.js: 2ms, application-code: 5ms)
 GET /verify-email?token=q64sq4JOSbtO2QqsSPyM0BbFHy3IUCH-jopWyTZRxF8&callbackURL=%2Fsign-in 200 in 26ms (next.js: 3ms, application-code: 23ms)
 POST /api/email 200 in 21ms (next.js: 2ms, application-code: 19ms)
 GET /sign-in 200 in 17ms (next.js: 3ms, application-code: 14ms)
 GET /api/auth-config 200 in 8ms (next.js: 3ms, application-code: 5ms)
 POST /api/auth/sign-in/email 200 in 82ms (next.js: 16ms, application-code: 66ms)
 GET /app 200 in 26ms (next.js: 3ms, application-code: 23ms)
 GET /app 200 in 27ms (next.js: 3ms, application-code: 24ms)
 GET /onboarding 200 in 27ms (next.js: 3ms, application-code: 24ms)
 GET /onboarding 200 in 27ms (next.js: 3ms, application-code: 24ms)
 POST /api/workspaces 201 in 40ms (next.js: 2ms, application-code: 38ms)
 POST /api/workspaces/38652515-f202-4765-a5ff-4d6d15e0f25c/flows 201 in 36ms (next.js: 17ms, application-code: 20ms)
 POST /api/onboarding 200 in 25ms (next.js: 3ms, application-code: 22ms)
 GET /w/arabic-co-23/flows/fa391433-cf92-4147-96dd-7508e206abdc 200 in 52ms (next.js: 19ms, application-code: 33ms)
 GET /api/health 200 in 8ms (next.js: 3ms, application-code: 5ms)
 GET /api/flows/fa391433-cf92-4147-96dd-7508e206abdc 200 in 27ms (next.js: 17ms, application-code: 10ms)
 GET /api/flows/fa391433-cf92-4147-96dd-7508e206abdc/publish 200 in 51ms (next.js: 16ms, application-code: 35ms)
 GET /api/flows/fa391433-cf92-4147-96dd-7508e206abdc/runs 200 in 33ms (next.js: 17ms, application-code: 17ms)
 GET /w/arabic-co-23/flows 200 in 68ms (next.js: 19ms, application-code: 49ms)
 GET /api/health 200 in 10ms (next.js: 3ms, application-code: 7ms)
 GET /api/workspaces/38652515-f202-4765-a5ff-4d6d15e0f25c/usage 200 in 84ms (next.js: 42ms, application-code: 43ms)
 GET /api/workspaces/38652515-f202-4765-a5ff-4d6d15e0f25c/overview 200 in 103ms (next.js: 18ms, application-code: 85ms)
 GET /api/workspaces/38652515-f202-4765-a5ff-4d6d15e0f25c/flows 200 in 108ms (next.js: 64ms, application-code: 44ms)
 GET /w/arabic-co-23/flows 200 in 47ms (next.js: 4ms, application-code: 43ms)
 GET /w/arabic-co-23/flows 200 in 54ms (next.js: 16ms, application-code: 38ms)
 POST /api/auth/sign-out 200 in 39ms (next.js: 17ms, application-code: 22ms)
 GET /sign-in 200 in 37ms (next.js: 3ms, application-code: 34ms)
 GET /sign-in 200 in 37ms (next.js: 3ms, application-code: 33ms)
 GET /api/auth-config 200 in 11ms (next.js: 3ms, application-code: 8ms)
 GET /api/auth-config 200 in 9ms (next.js: 2ms, application-code: 6ms)
 POST /api/auth/sign-in/email 200 in 72ms (next.js: 2ms, application-code: 70ms)
 GET /app 200 in 29ms (next.js: 3ms, application-code: 26ms)
 GET /app 200 in 29ms (next.js: 3ms, application-code: 26ms)
 GET /w/arabic-co-23/flows 200 in 46ms (next.js: 18ms, application-code: 28ms)
 GET /w/arabic-co-23/flows 200 in 35ms (next.js: 5ms, application-code: 30ms)
 GET /api/health 200 in 10ms (next.js: 3ms, application-code: 7ms)
 GET /api/workspaces/38652515-f202-4765-a5ff-4d6d15e0f25c/usage 200 in 69ms (next.js: 34ms, application-code: 35ms)
 GET /api/workspaces/38652515-f202-4765-a5ff-4d6d15e0f25c/flows 200 in 32ms (next.js: 26ms, application-code: 6ms)
 GET /api/workspaces/38652515-f202-4765-a5ff-4d6d15e0f25c/overview 200 in 70ms (next.js: 17ms, application-code: 53ms)
 GET /sign-in 200 in 39ms (next.js: 3ms, application-code: 36ms)
 GET /api/auth-config 200 in 9ms (next.js: 2ms, application-code: 7ms)
 GET /sign-in 200 in 22ms (next.js: 4ms, application-code: 18ms)
 GET /sign-up 200 in 34ms (next.js: 3ms, application-code: 31ms)
 GET /api/auth-config 200 in 7ms (next.js: 1.9ms, application-code: 5ms)
 GET /sign-up 200 in 22ms (next.js: 4ms, application-code: 18ms)
 GET /sign-in 200 in 31ms (next.js: 2ms, application-code: 28ms)
 GET /api/auth-config 200 in 9ms (next.js: 3ms, application-code: 6ms)
 POST /api/auth/sign-up/email 200 in 96ms (next.js: 14ms, application-code: 82ms)
 GET /api/test/outbox?email=arabic-rtl-6a4b5e5f%40flowline-e2e.test 200 in 10ms (next.js: 2ms, application-code: 8ms)
 POST /api/email 200 in 21ms (next.js: 1.9ms, application-code: 19ms)
 POST /api/auth/sign-in/email 200 in 70ms (next.js: 2ms, application-code: 68ms)
 POST /api/workspaces 201 in 44ms (next.js: 1.9ms, application-code: 42ms)
 POST /api/onboarding 200 in 20ms (next.js: 1.7ms, application-code: 18ms)
 POST /api/workspaces/ffea6690-7d6a-440e-9a1f-14bf2b5b2858/flows 201 in 29ms (next.js: 13ms, application-code: 16ms)
 GET / 200 in 58ms (next.js: 3ms, application-code: 55ms)
 GET /sign-in 200 in 34ms (next.js: 3ms, application-code: 32ms)
 GET /api/auth-config 200 in 9ms (next.js: 3ms, application-code: 6ms)
 GET /w/rtl-scroll-23/flows 200 in 66ms (next.js: 16ms, application-code: 50ms)
 GET /api/health 200 in 9ms (next.js: 3ms, application-code: 5ms)
 GET /api/workspaces/ffea6690-7d6a-440e-9a1f-14bf2b5b2858/flows 200 in 60ms (next.js: 55ms, application-code: 5ms)
 GET /api/workspaces/ffea6690-7d6a-440e-9a1f-14bf2b5b2858/usage 200 in 61ms (next.js: 16ms, application-code: 45ms)
 GET /api/workspaces/ffea6690-7d6a-440e-9a1f-14bf2b5b2858/overview 200 in 61ms (next.js: 36ms, application-code: 24ms)
 GET /w/rtl-scroll-23/flows/bb1dd2f5-3f6a-4611-b78f-0424c4cf8f35 200 in 74ms (next.js: 18ms, application-code: 55ms)
 GET /api/health 200 in 7ms (next.js: 2ms, application-code: 5ms)
 GET /api/flows/bb1dd2f5-3f6a-4611-b78f-0424c4cf8f35 200 in 50ms (next.js: 16ms, application-code: 34ms)
 GET /api/flows/bb1dd2f5-3f6a-4611-b78f-0424c4cf8f35/publish 200 in 55ms (next.js: 17ms, application-code: 38ms)
 GET /api/flows/bb1dd2f5-3f6a-4611-b78f-0424c4cf8f35/runs 200 in 34ms (next.js: 19ms, application-code: 16ms)
 GET /w/rtl-scroll-23/runs 200 in 76ms (next.js: 20ms, application-code: 56ms)
 GET /api/health 200 in 8ms (next.js: 2ms, application-code: 6ms)
 GET /api/workspaces/ffea6690-7d6a-440e-9a1f-14bf2b5b2858/runs?limit=25 200 in 24ms (next.js: 20ms, application-code: 4ms)
 GET /w/rtl-scroll-23/settings 200 in 72ms (next.js: 19ms, application-code: 53ms)
 GET /api/health 200 in 7ms (next.js: 2ms, application-code: 5ms)
 GET /api/workspaces/ffea6690-7d6a-440e-9a1f-14bf2b5b2858/members 200 in 52ms (next.js: 37ms, application-code: 15ms)
 GET /api/workspaces/ffea6690-7d6a-440e-9a1f-14bf2b5b2858/invites 200 in 53ms (next.js: 17ms, application-code: 36ms)
 GET / 200 in 65ms (next.js: 5ms, application-code: 61ms)
 GET /sign-in 200 in 43ms (next.js: 3ms, application-code: 41ms)
 GET /api/auth-config 200 in 9ms (next.js: 3ms, application-code: 6ms)
 GET /w/rtl-scroll-23/flows 200 in 69ms (next.js: 16ms, application-code: 53ms)
 GET /api/health 200 in 9ms (next.js: 3ms, application-code: 6ms)
 GET /api/workspaces/ffea6690-7d6a-440e-9a1f-14bf2b5b2858/overview 200 in 67ms (next.js: 19ms, application-code: 47ms)
 GET /api/workspaces/ffea6690-7d6a-440e-9a1f-14bf2b5b2858/usage 200 in 66ms (next.js: 39ms, application-code: 28ms)
 GET /api/workspaces/ffea6690-7d6a-440e-9a1f-14bf2b5b2858/flows 200 in 66ms (next.js: 61ms, application-code: 5ms)
 GET /w/rtl-scroll-23/flows/bb1dd2f5-3f6a-4611-b78f-0424c4cf8f35 200 in 83ms (next.js: 21ms, application-code: 63ms)
 GET /api/health 200 in 7ms (next.js: 2ms, application-code: 5ms)
 GET /api/flows/bb1dd2f5-3f6a-4611-b78f-0424c4cf8f35 200 in 31ms (next.js: 16ms, application-code: 15ms)
 GET /api/flows/bb1dd2f5-3f6a-4611-b78f-0424c4cf8f35/publish 200 in 51ms (next.js: 17ms, application-code: 34ms)
 GET /api/flows/bb1dd2f5-3f6a-4611-b78f-0424c4cf8f35/runs 200 in 31ms (next.js: 16ms, application-code: 15ms)
 GET /w/rtl-scroll-23/runs 200 in 76ms (next.js: 18ms, application-code: 58ms)
 GET /api/health 200 in 8ms (next.js: 3ms, application-code: 5ms)
 GET /api/workspaces/ffea6690-7d6a-440e-9a1f-14bf2b5b2858/runs?limit=25 200 in 22ms (next.js: 19ms, application-code: 4ms)
 GET /w/rtl-scroll-23/settings 200 in 72ms (next.js: 18ms, application-code: 54ms)
 GET /api/health 200 in 8ms (next.js: 3ms, application-code: 5ms)
 GET /api/workspaces/ffea6690-7d6a-440e-9a1f-14bf2b5b2858/members 200 in 45ms (next.js: 18ms, application-code: 27ms)
 GET /api/workspaces/ffea6690-7d6a-440e-9a1f-14bf2b5b2858/invites 200 in 45ms (next.js: 39ms, application-code: 6ms)
 GET / 200 in 61ms (next.js: 3ms, application-code: 58ms)
 GET /sign-in 200 in 34ms (next.js: 3ms, application-code: 31ms)
 GET /api/auth-config 200 in 8ms (next.js: 2ms, application-code: 6ms)
 GET /w/rtl-scroll-23/flows 200 in 69ms (next.js: 15ms, application-code: 54ms)
 GET /api/health 200 in 9ms (next.js: 4ms, application-code: 6ms)
 GET /api/workspaces/ffea6690-7d6a-440e-9a1f-14bf2b5b2858/overview 200 in 42ms (next.js: 18ms, application-code: 24ms)
 GET /api/workspaces/ffea6690-7d6a-440e-9a1f-14bf2b5b2858/usage 200 in 41ms (next.js: 37ms, application-code: 4ms)
 GET /w/rtl-scroll-23/flows/bb1dd2f5-3f6a-4611-b78f-0424c4cf8f35 200 in 90ms (next.js: 19ms, application-code: 71ms)
 GET /api/health 200 in 8ms (next.js: 3ms, application-code: 5ms)
 GET /api/flows/bb1dd2f5-3f6a-4611-b78f-0424c4cf8f35 200 in 47ms (next.js: 19ms, application-code: 28ms)
 GET /api/flows/bb1dd2f5-3f6a-4611-b78f-0424c4cf8f35/publish 200 in 54ms (next.js: 17ms, application-code: 37ms)
 GET /api/flows/bb1dd2f5-3f6a-4611-b78f-0424c4cf8f35/runs 200 in 35ms (next.js: 18ms, application-code: 17ms)
 GET /w/rtl-scroll-23/runs 200 in 69ms (next.js: 18ms, application-code: 52ms)
 GET /api/health 200 in 9ms (next.js: 3ms, application-code: 6ms)
 GET /api/workspaces/ffea6690-7d6a-440e-9a1f-14bf2b5b2858/runs?limit=25 200 in 28ms (next.js: 23ms, application-code: 5ms)
 GET /w/rtl-scroll-23/settings 200 in 89ms (next.js: 20ms, application-code: 69ms)
 GET /api/health 200 in 8ms (next.js: 3ms, application-code: 5ms)
 GET /api/workspaces/ffea6690-7d6a-440e-9a1f-14bf2b5b2858/members 200 in 52ms (next.js: 19ms, application-code: 33ms)
 GET /api/workspaces/ffea6690-7d6a-440e-9a1f-14bf2b5b2858/invites 200 in 54ms (next.js: 38ms, application-code: 16ms)
 POST /api/auth/sign-up/email 200 in 106ms (next.js: 17ms, application-code: 89ms)
 GET /api/test/outbox?email=e2e-56de35ff%40flowline-e2e.test 200 in 9ms (next.js: 2ms, application-code: 7ms)
 POST /api/email 200 in 24ms (next.js: 2ms, application-code: 22ms)
 POST /api/auth/sign-in/email 200 in 73ms (next.js: 2ms, application-code: 71ms)
 POST /api/workspaces 201 in 32ms (next.js: 2ms, application-code: 29ms)
 POST /api/onboarding 200 in 24ms (next.js: 2ms, application-code: 21ms)
 POST /api/workspaces/d273248e-8079-4f82-ab16-436de0a905c6/flows 201 in 31ms (next.js: 17ms, application-code: 14ms)
 GET /w/e2e-a8d816/templates 200 in 77ms (next.js: 17ms, application-code: 60ms)
 GET /api/health 200 in 9ms (next.js: 3ms, application-code: 5ms)
 GET /api/workspaces/d273248e-8079-4f82-ab16-436de0a905c6/connections 200 in 65ms (next.js: 19ms, application-code: 46ms)
 GET /api/workspaces/d273248e-8079-4f82-ab16-436de0a905c6/ai 200 in 66ms (next.js: 46ms, application-code: 21ms)
 GET /w/e2e-a8d816/flows/67ab3319-39dd-491d-9d5d-f01f77749f50 200 in 73ms (next.js: 17ms, application-code: 56ms)
 GET /api/health 200 in 7ms (next.js: 2ms, application-code: 5ms)
 GET /api/flows/67ab3319-39dd-491d-9d5d-f01f77749f50 200 in 30ms (next.js: 16ms, application-code: 14ms)
 GET /api/flows/67ab3319-39dd-491d-9d5d-f01f77749f50/publish 200 in 58ms (next.js: 22ms, application-code: 36ms)
 GET /api/flows/67ab3319-39dd-491d-9d5d-f01f77749f50/runs 200 in 32ms (next.js: 17ms, application-code: 14ms)
 GET /api/workspaces/d273248e-8079-4f82-ab16-436de0a905c6/ai 200 in 37ms (next.js: 3ms, application-code: 33ms)
 GET /api/integrations/catalog 200 in 169ms (next.js: 3ms, application-code: 166ms)
2026-09-29T10:28:16.671Z [worker] run a5b52570-5b66-4df8-91a7-66a2ad7b373c claimed
 POST /api/flows/67ab3319-39dd-491d-9d5d-f01f77749f50/runs 202 in 62ms (next.js: 3ms, application-code: 59ms)
 GET /api/flows/67ab3319-39dd-491d-9d5d-f01f77749f50/runs 200 in 43ms (next.js: 3ms, application-code: 40ms)
2026-09-29T10:28:16.735Z [worker] run a5b52570-5b66-4df8-91a7-66a2ad7b373c done
 GET /api/runs/a5b52570-5b66-4df8-91a7-66a2ad7b373c 200 in 48ms (next.js: 20ms, application-code: 28ms)
 GET /w/e2e-a8d816/runs?run=a5b52570-5b66-4df8-91a7-66a2ad7b373c 200 in 36ms (next.js: 19ms, application-code: 16ms)
 GET /api/workspaces/d273248e-8079-4f82-ab16-436de0a905c6/runs?limit=25 200 in 32ms (next.js: 17ms, application-code: 15ms)
 GET /api/runs/a5b52570-5b66-4df8-91a7-66a2ad7b373c/rerun-preview?fromNodeId=hot&revision=original 200 in 54ms (next.js: 20ms, application-code: 34ms)
 POST /api/auth/sign-up/email 200 in 106ms (next.js: 18ms, application-code: 88ms)
 GET /api/test/outbox?email=e2e-5c858b4d%40flowline-e2e.test 200 in 9ms (next.js: 2ms, application-code: 7ms)
 POST /api/email 200 in 24ms (next.js: 2ms, application-code: 22ms)
 POST /api/auth/sign-in/email 200 in 78ms (next.js: 3ms, application-code: 75ms)
 POST /api/workspaces 201 in 33ms (next.js: 2ms, application-code: 31ms)
 POST /api/onboarding 200 in 20ms (next.js: 3ms, application-code: 18ms)
 GET /w/e2e-b79ec1/settings?tab=general 200 in 94ms (next.js: 18ms, application-code: 76ms)
 GET /api/health 200 in 6ms (next.js: 2ms, application-code: 4ms)
 GET /resend-verification 200 in 16ms (next.js: 3ms, application-code: 12ms)
 GET /w/e2e-b79ec1/flows 200 in 61ms (next.js: 15ms, application-code: 46ms)
 GET /api/health 200 in 8ms (next.js: 3ms, application-code: 5ms)
 GET /api/workspaces/f1f823ad-ac49-4eaa-95c4-3039b3b3b043/flows 200 in 75ms (next.js: 38ms, application-code: 36ms)
 GET /api/workspaces/f1f823ad-ac49-4eaa-95c4-3039b3b3b043/usage 200 in 77ms (next.js: 19ms, application-code: 58ms)
 GET /account/delete 200 in 22ms (next.js: 4ms, application-code: 18ms)
 GET /api/workspaces/f1f823ad-ac49-4eaa-95c4-3039b3b3b043/overview 200 in 106ms (next.js: 59ms, application-code: 46ms)
 POST /api/email 200 in 30ms (next.js: 3ms, application-code: 27ms)
 GET /api/test/outbox?email=e2e-5c858b4d%40flowline-e2e.test 200 in 9ms (next.js: 1.8ms, application-code: 7ms)
 GET /account/delete?token=99loFWhTQNg_LMByphqhDQM3C7y01YZJyR_ot8E3UWU 200 in 26ms (next.js: 2ms, application-code: 24ms)
 POST /api/email 200 in 62ms (next.js: 3ms, application-code: 60ms)
 GET /api/me 401 in 25ms (next.js: 2ms, application-code: 23ms)
 POST /api/auth/sign-up/email 200 in 93ms (next.js: 15ms, application-code: 79ms)
 GET /api/test/outbox?email=e2e-ac26d471%40flowline-e2e.test 200 in 8ms (next.js: 2ms, application-code: 6ms)
 POST /api/email 200 in 20ms (next.js: 3ms, application-code: 18ms)
 POST /api/auth/sign-in/email 200 in 69ms (next.js: 2ms, application-code: 67ms)
 POST /api/workspaces 201 in 18ms (next.js: 2.0ms, application-code: 16ms)
 POST /api/onboarding 200 in 21ms (next.js: 2ms, application-code: 19ms)
 GET /w/e2e-239cb4/settings 200 in 67ms (next.js: 17ms, application-code: 50ms)
 GET /api/health 200 in 9ms (next.js: 4ms, application-code: 5ms)
 GET /api/workspaces/112d0129-c85a-4a6c-8faa-bb821cbd2ca1/invites 200 in 50ms (next.js: 20ms, application-code: 30ms)
 GET /api/workspaces/112d0129-c85a-4a6c-8faa-bb821cbd2ca1/members 200 in 50ms (next.js: 37ms, application-code: 13ms)
 GET /api/workspaces/112d0129-c85a-4a6c-8faa-bb821cbd2ca1/ai 200 in 36ms (next.js: 15ms, application-code: 20ms)
 GET /api/workspaces/112d0129-c85a-4a6c-8faa-bb821cbd2ca1/ai/models 200 in 45ms (next.js: 18ms, application-code: 27ms)
 GET /api/workspaces/112d0129-c85a-4a6c-8faa-bb821cbd2ca1/api-keys 200 in 30ms (next.js: 17ms, application-code: 13ms)
 GET /api/workspaces/112d0129-c85a-4a6c-8faa-bb821cbd2ca1/billing 200 in 51ms (next.js: 16ms, application-code: 35ms)
 GET /api/workspaces/112d0129-c85a-4a6c-8faa-bb821cbd2ca1 200 in 48ms (next.js: 35ms, application-code: 13ms)
 GET /api/workspaces/112d0129-c85a-4a6c-8faa-bb821cbd2ca1/usage 200 in 51ms (next.js: 16ms, application-code: 35ms)
 GET /api/workspaces/112d0129-c85a-4a6c-8faa-bb821cbd2ca1/audit 200 in 45ms (next.js: 21ms, application-code: 24ms)
 GET /api/workspaces/112d0129-c85a-4a6c-8faa-bb821cbd2ca1/sso 200 in 50ms (next.js: 20ms, application-code: 30ms)
 GET /w/e2e-239cb4/agents 200 in 82ms (next.js: 21ms, application-code: 60ms)
 GET /api/health 200 in 14ms (next.js: 6ms, application-code: 8ms)
 GET /api/workspaces/112d0129-c85a-4a6c-8faa-bb821cbd2ca1/agents 200 in 44ms (next.js: 30ms, application-code: 14ms)
 GET /w/e2e-239cb4/agents/new 200 in 49ms (next.js: 33ms, application-code: 16ms)
 GET /api/workspaces/112d0129-c85a-4a6c-8faa-bb821cbd2ca1/flows 200 in 42ms (next.js: 18ms, application-code: 24ms)
 GET /api/workspaces/112d0129-c85a-4a6c-8faa-bb821cbd2ca1/knowledge 200 in 42ms (next.js: 36ms, application-code: 5ms)
 GET /api/workspaces/112d0129-c85a-4a6c-8faa-bb821cbd2ca1/ai 200 in 64ms (next.js: 19ms, application-code: 45ms)
 GET /w/e2e-239cb4/knowledge 200 in 79ms (next.js: 20ms, application-code: 59ms)
 GET /api/health 200 in 8ms (next.js: 3ms, application-code: 5ms)
 GET /api/workspaces/112d0129-c85a-4a6c-8faa-bb821cbd2ca1/knowledge 200 in 27ms (next.js: 3ms, application-code: 25ms)
 GET /w/e2e-239cb4/integrations 200 in 75ms (next.js: 16ms, application-code: 59ms)
 GET /api/health 200 in 8ms (next.js: 3ms, application-code: 6ms)
 GET /api/workspaces/112d0129-c85a-4a6c-8faa-bb821cbd2ca1/connections 200 in 42ms (next.js: 22ms, application-code: 20ms)
 GET /api/integrations/catalog?workspaceId=112d0129-c85a-4a6c-8faa-bb821cbd2ca1 200 in 54ms (next.js: 2ms, application-code: 52ms)
 GET /api/workspaces/112d0129-c85a-4a6c-8faa-bb821cbd2ca1/oauth-apps/provenance?provider=google_sheets 200 in 40ms (next.js: 16ms, application-code: 24ms)
 GET /w/e2e-239cb4/settings?tab=keys 200 in 62ms (next.js: 16ms, application-code: 46ms)
 GET /api/health 200 in 8ms (next.js: 3ms, application-code: 5ms)
 GET /api/workspaces/112d0129-c85a-4a6c-8faa-bb821cbd2ca1/api-keys 200 in 22ms (next.js: 19ms, application-code: 3ms)
 GET /w/e2e-239cb4/settings?tab=billing 200 in 55ms (next.js: 4ms, application-code: 52ms)
 GET /api/health 200 in 9ms (next.js: 3ms, application-code: 5ms)
 GET /api/workspaces/112d0129-c85a-4a6c-8faa-bb821cbd2ca1/usage 200 in 41ms (next.js: 18ms, application-code: 23ms)
 GET /api/workspaces/112d0129-c85a-4a6c-8faa-bb821cbd2ca1 200 in 41ms (next.js: 37ms, application-code: 4ms)
 GET /w/e2e-239cb4/agents/new 200 in 70ms (next.js: 16ms, application-code: 54ms)
 GET /api/health 200 in 8ms (next.js: 3ms, application-code: 5ms)
 GET /api/workspaces/112d0129-c85a-4a6c-8faa-bb821cbd2ca1/flows 200 in 65ms (next.js: 40ms, application-code: 24ms)
 GET /api/workspaces/112d0129-c85a-4a6c-8faa-bb821cbd2ca1/ai 200 in 65ms (next.js: 17ms, application-code: 48ms)
 GET /api/workspaces/112d0129-c85a-4a6c-8faa-bb821cbd2ca1/knowledge 200 in 46ms (next.js: 41ms, application-code: 5ms)
 GET /w/e2e-239cb4/knowledge 200 in 79ms (next.js: 18ms, application-code: 61ms)
 GET /api/health 200 in 8ms (next.js: 3ms, application-code: 5ms)
 GET /api/workspaces/112d0129-c85a-4a6c-8faa-bb821cbd2ca1/knowledge 200 in 16ms (next.js: 4ms, application-code: 12ms)
 GET /w/e2e-239cb4/integrations 200 in 89ms (next.js: 19ms, application-code: 70ms)
 GET /api/health 200 in 8ms (next.js: 2ms, application-code: 5ms)
 GET /api/workspaces/112d0129-c85a-4a6c-8faa-bb821cbd2ca1/connections 200 in 41ms (next.js: 22ms, application-code: 19ms)
 GET /api/integrations/catalog?workspaceId=112d0129-c85a-4a6c-8faa-bb821cbd2ca1 200 in 53ms (next.js: 3ms, application-code: 50ms)
 POST /api/test/beta 200 in 10ms (next.js: 2ms, application-code: 7ms)
 GET /api/auth-config 200 in 7ms (next.js: 2ms, application-code: 5ms)
 GET /sign-up 200 in 34ms (next.js: 3ms, application-code: 31ms)
 GET /api/auth-config 200 in 7ms (next.js: 2.0ms, application-code: 5ms)
 POST /api/beta/check 200 in 12ms (next.js: 2ms, application-code: 9ms)
 GET /api/test/outbox?email=stranger-26cda5b5%40flowline-e2e.test 200 in 8ms (next.js: 2ms, application-code: 6ms)
 POST /api/beta/check 200 in 11ms (next.js: 2.0ms, application-code: 9ms)
 POST /api/beta/check 200 in 11ms (next.js: 1.8ms, application-code: 9ms)
 POST /api/auth/sign-up/email 200 in 101ms (next.js: 17ms, application-code: 84ms)
 GET /api/test/outbox?email=stranger-26cda5b5%40flowline-e2e.test 200 in 8ms (next.js: 1.8ms, application-code: 6ms)
 POST /api/beta/check 200 in 11ms (next.js: 1.8ms, application-code: 9ms)
 POST /api/email 200 in 509ms (next.js: 2ms, application-code: 506ms)
 POST /api/auth/sign-up/email 200 in 91ms (next.js: 13ms, application-code: 78ms)
 GET /api/test/outbox?email=e2e-a2e8444f%40flowline-e2e.test 200 in 7ms (next.js: 1.8ms, application-code: 5ms)
 POST /api/email 200 in 20ms (next.js: 2ms, application-code: 18ms)
 POST /api/auth/sign-in/email 200 in 69ms (next.js: 2ms, application-code: 67ms)
 POST /api/workspaces 201 in 45ms (next.js: 1.9ms, application-code: 43ms)
 POST /api/onboarding 200 in 18ms (next.js: 2.0ms, application-code: 16ms)
 POST /api/workspaces/60d19f00-77a0-43d5-93ea-5620e86982de/invites 201 in 40ms (next.js: 14ms, application-code: 26ms)
 POST /api/test/beta 200 in 6ms (next.js: 3ms, application-code: 3ms)
 GET /invite/qJ2OZZJ4hWvs8ROlG1Hxn45ENFw9eEtIbFmLLEpqv_Y 307 in 75ms (next.js: 18ms, application-code: 57ms)
 GET /sign-in?next=invite%3AqJ2OZZJ4hWvs8ROlG1Hxn45ENFw9eEtIbFmLLEpqv_Y 200 in 37ms (next.js: 3ms, application-code: 34ms)
 GET /api/auth-config 200 in 8ms (next.js: 3ms, application-code: 6ms)
 GET /sign-up?next=invite%3AqJ2OZZJ4hWvs8ROlG1Hxn45ENFw9eEtIbFmLLEpqv_Y 200 in 18ms (next.js: 4ms, application-code: 15ms)
 POST /api/beta/check 200 in 9ms (next.js: 2ms, application-code: 7ms)
 POST /api/auth/sign-up/email 200 in 94ms (next.js: 15ms, application-code: 80ms)
 GET /api/test/outbox?email=beta-invitee-0220a9e2%40flowline-e2e.test 200 in 9ms (next.js: 2ms, application-code: 6ms)
 GET /verify-email?token=1AYHYWA3f5aZNr2G_zu77CIR1L4FoYhFhfpjsBikCjQ&callbackURL=%2Fsign-in%3Fnext%3Dinvite%253AqJ2OZZJ4hWvs8ROlG1Hxn45ENFw9eEtIbFmLLEpqv_Y 200 in 27ms (next.js: 3ms, application-code: 24ms)
 POST /api/email 200 in 21ms (next.js: 3ms, application-code: 19ms)
 GET /sign-in?next=invite%3AqJ2OZZJ4hWvs8ROlG1Hxn45ENFw9eEtIbFmLLEpqv_Y 200 in 17ms (next.js: 3ms, application-code: 14ms)
 GET /api/auth-config 200 in 7ms (next.js: 2ms, application-code: 5ms)
 POST /api/auth/sign-in/email 200 in 83ms (next.js: 15ms, application-code: 68ms)
 GET /app?next=invite%3AqJ2OZZJ4hWvs8ROlG1Hxn45ENFw9eEtIbFmLLEpqv_Y 200 in 25ms (next.js: 3ms, application-code: 22ms)
 GET /app?next=invite%3AqJ2OZZJ4hWvs8ROlG1Hxn45ENFw9eEtIbFmLLEpqv_Y 200 in 31ms (next.js: 3ms, application-code: 28ms)
 GET /invite/qJ2OZZJ4hWvs8ROlG1Hxn45ENFw9eEtIbFmLLEpqv_Y 200 in 40ms (next.js: 17ms, application-code: 23ms)
 GET /invite/qJ2OZZJ4hWvs8ROlG1Hxn45ENFw9eEtIbFmLLEpqv_Y 200 in 34ms (next.js: 4ms, application-code: 30ms)
 GET /api/invites/qJ2OZZJ4hWvs8ROlG1Hxn45ENFw9eEtIbFmLLEpqv_Y 200 in 24ms (next.js: 16ms, application-code: 8ms)
 POST /api/invites/qJ2OZZJ4hWvs8ROlG1Hxn45ENFw9eEtIbFmLLEpqv_Y 200 in 24ms (next.js: 2ms, application-code: 22ms)
 GET /w/beta-invite-co-22/flows 200 in 47ms (next.js: 17ms, application-code: 30ms)
 GET /api/health 200 in 12ms (next.js: 5ms, application-code: 6ms)
 GET /api/workspaces/60d19f00-77a0-43d5-93ea-5620e86982de/flows 200 in 75ms (next.js: 39ms, application-code: 36ms)
 GET /api/workspaces/60d19f00-77a0-43d5-93ea-5620e86982de/usage 200 in 58ms (next.js: 40ms, application-code: 18ms)
 GET /api/workspaces/60d19f00-77a0-43d5-93ea-5620e86982de/overview 200 in 92ms (next.js: 17ms, application-code: 75ms)
 POST /api/auth/sign-up/email 200 in 101ms (next.js: 16ms, application-code: 85ms)
 GET /api/test/outbox?email=e2e-b600f184%40flowline-e2e.test 200 in 9ms (next.js: 2ms, application-code: 6ms)
 POST /api/email 200 in 31ms (next.js: 2ms, application-code: 29ms)
 POST /api/auth/sign-in/email 200 in 76ms (next.js: 2ms, application-code: 74ms)
 POST /api/workspaces 201 in 30ms (next.js: 2ms, application-code: 27ms)
 POST /api/onboarding 200 in 21ms (next.js: 2ms, application-code: 19ms)
 POST /api/workspaces/879ca61c-036a-4ebf-b39e-a202c294d1b8/flows 201 in 29ms (next.js: 3ms, application-code: 27ms)
 GET /w/e2e-2c2846/flows/ec53fd61-e36c-4e33-b351-083d7eeddabb 200 in 66ms (next.js: 17ms, application-code: 50ms)
 GET /api/health 200 in 7ms (next.js: 3ms, application-code: 5ms)
 GET /api/flows/ec53fd61-e36c-4e33-b351-083d7eeddabb 200 in 28ms (next.js: 16ms, application-code: 12ms)
 GET /api/flows/ec53fd61-e36c-4e33-b351-083d7eeddabb/publish 200 in 62ms (next.js: 15ms, application-code: 46ms)
 GET /api/flows/ec53fd61-e36c-4e33-b351-083d7eeddabb/runs 200 in 41ms (next.js: 18ms, application-code: 23ms)
 GET /api/integrations/catalog 200 in 33ms (next.js: 2ms, application-code: 31ms)
 GET /api/workspaces/879ca61c-036a-4ebf-b39e-a202c294d1b8/ai 200 in 35ms (next.js: 15ms, application-code: 19ms)
 PUT /api/flows/ec53fd61-e36c-4e33-b351-083d7eeddabb 200 in 38ms (next.js: 14ms, application-code: 24ms)
 GET /api/flows/ec53fd61-e36c-4e33-b351-083d7eeddabb 200 in 15ms (next.js: 2.0ms, application-code: 13ms)
 POST /api/auth/sign-up/email 200 in 99ms (next.js: 17ms, application-code: 82ms)
 GET /api/test/outbox?email=e2e-6a28c381%40flowline-e2e.test 200 in 8ms (next.js: 1.9ms, application-code: 6ms)
 POST /api/email 200 in 23ms (next.js: 2ms, application-code: 20ms)
 POST /api/auth/sign-in/email 200 in 70ms (next.js: 2ms, application-code: 68ms)
 POST /api/workspaces 201 in 22ms (next.js: 2.0ms, application-code: 20ms)
 POST /api/onboarding 200 in 19ms (next.js: 2.0ms, application-code: 17ms)
 POST /api/workspaces/caf8d645-1d22-4453-8f2a-ed7a54656a5a/flows 201 in 25ms (next.js: 13ms, application-code: 11ms)
 GET /w/e2e-39d200/flows 200 in 58ms (next.js: 15ms, application-code: 44ms)
 GET /api/health 200 in 9ms (next.js: 3ms, application-code: 6ms)
 GET /api/workspaces/caf8d645-1d22-4453-8f2a-ed7a54656a5a/usage 200 in 56ms (next.js: 19ms, application-code: 37ms)
 GET /api/workspaces/caf8d645-1d22-4453-8f2a-ed7a54656a5a/flows 200 in 18ms (next.js: 4ms, application-code: 14ms)
 GET /api/workspaces/caf8d645-1d22-4453-8f2a-ed7a54656a5a/overview 200 in 68ms (next.js: 36ms, application-code: 31ms)
 GET /w/e2e-39d200/templates 200 in 85ms (next.js: 16ms, application-code: 69ms)
 GET /api/health 200 in 7ms (next.js: 2ms, application-code: 5ms)
 GET /api/workspaces/caf8d645-1d22-4453-8f2a-ed7a54656a5a/connections 200 in 49ms (next.js: 36ms, application-code: 14ms)
 GET /api/workspaces/caf8d645-1d22-4453-8f2a-ed7a54656a5a/ai 200 in 53ms (next.js: 16ms, application-code: 36ms)
 GET /w/e2e-39d200/runs 200 in 70ms (next.js: 18ms, application-code: 52ms)
 GET /api/health 200 in 7ms (next.js: 2.0ms, application-code: 5ms)
 GET /api/workspaces/caf8d645-1d22-4453-8f2a-ed7a54656a5a/runs?limit=25 200 in 42ms (next.js: 16ms, application-code: 26ms)
 GET /w/e2e-39d200/integrations 200 in 64ms (next.js: 16ms, application-code: 48ms)
 GET /api/health 200 in 8ms (next.js: 3ms, application-code: 5ms)
 GET /api/workspaces/caf8d645-1d22-4453-8f2a-ed7a54656a5a/connections 200 in 30ms (next.js: 17ms, application-code: 13ms)
 GET /api/integrations/catalog?workspaceId=caf8d645-1d22-4453-8f2a-ed7a54656a5a 200 in 42ms (next.js: 3ms, application-code: 39ms)
 GET /w/e2e-39d200/agents 200 in 59ms (next.js: 15ms, application-code: 44ms)
 GET /api/health 200 in 7ms (next.js: 2ms, application-code: 5ms)
 GET /api/workspaces/caf8d645-1d22-4453-8f2a-ed7a54656a5a/agents 200 in 31ms (next.js: 16ms, application-code: 14ms)
 GET /w/e2e-39d200/knowledge 200 in 65ms (next.js: 17ms, application-code: 47ms)
 GET /api/health 200 in 7ms (next.js: 2ms, application-code: 5ms)
 GET /api/workspaces/caf8d645-1d22-4453-8f2a-ed7a54656a5a/knowledge 200 in 29ms (next.js: 17ms, application-code: 12ms)
 GET /w/e2e-39d200/settings 200 in 61ms (next.js: 16ms, application-code: 45ms)
 GET /api/health 200 in 8ms (next.js: 3ms, application-code: 6ms)
 GET /api/workspaces/caf8d645-1d22-4453-8f2a-ed7a54656a5a/members 200 in 53ms (next.js: 19ms, application-code: 34ms)
 GET /api/workspaces/caf8d645-1d22-4453-8f2a-ed7a54656a5a/invites 200 in 53ms (next.js: 40ms, application-code: 13ms)
 GET /w/e2e-39d200/canvas 307 in 80ms (next.js: 17ms, application-code: 63ms)
 GET /w/e2e-39d200/flows/67e94791-546f-4a6f-8471-7eecf5af66dd 200 in 68ms (next.js: 19ms, application-code: 49ms)
 GET /api/health 200 in 8ms (next.js: 2ms, application-code: 6ms)
 GET /api/flows/67e94791-546f-4a6f-8471-7eecf5af66dd 200 in 51ms (next.js: 26ms, application-code: 25ms)
 GET /api/flows/67e94791-546f-4a6f-8471-7eecf5af66dd/publish 200 in 66ms (next.js: 17ms, application-code: 49ms)
 GET /api/flows/67e94791-546f-4a6f-8471-7eecf5af66dd/runs 200 in 46ms (next.js: 19ms, application-code: 27ms)
 POST /api/auth/sign-up/email 200 in 93ms (next.js: 15ms, application-code: 78ms)
 GET /api/test/outbox?email=e2e-04f07c99%40flowline-e2e.test 200 in 8ms (next.js: 3ms, application-code: 6ms)
 POST /api/email 200 in 19ms (next.js: 1.8ms, application-code: 17ms)
 POST /api/auth/sign-in/email 200 in 70ms (next.js: 1.8ms, application-code: 68ms)
 POST /api/workspaces 201 in 30ms (next.js: 2ms, application-code: 28ms)
 POST /api/onboarding 200 in 23ms (next.js: 1.8ms, application-code: 22ms)
 POST /api/workspaces/702a3915-ae33-4f81-98f0-795fcadffcf6/flows 201 in 28ms (next.js: 13ms, application-code: 15ms)
 GET /w/e2e-784de2/flows 200 in 70ms (next.js: 19ms, application-code: 51ms)
 GET /api/health 200 in 9ms (next.js: 3ms, application-code: 6ms)
 GET /api/workspaces/702a3915-ae33-4f81-98f0-795fcadffcf6/usage 200 in 57ms (next.js: 39ms, application-code: 18ms)
 GET /api/workspaces/702a3915-ae33-4f81-98f0-795fcadffcf6/flows 200 in 38ms (next.js: 23ms, application-code: 15ms)
 GET /api/workspaces/702a3915-ae33-4f81-98f0-795fcadffcf6/overview 200 in 66ms (next.js: 18ms, application-code: 48ms)
 GET /w/e2e-784de2/templates 200 in 74ms (next.js: 16ms, application-code: 58ms)
 GET /api/health 200 in 7ms (next.js: 3ms, application-code: 4ms)
 GET /api/workspaces/702a3915-ae33-4f81-98f0-795fcadffcf6/connections 200 in 57ms (next.js: 34ms, application-code: 23ms)
 GET /api/workspaces/702a3915-ae33-4f81-98f0-795fcadffcf6/ai 200 in 62ms (next.js: 18ms, application-code: 44ms)
 GET /w/e2e-784de2/runs 200 in 65ms (next.js: 16ms, application-code: 48ms)
 GET /api/health 200 in 7ms (next.js: 2ms, application-code: 5ms)
 GET /api/workspaces/702a3915-ae33-4f81-98f0-795fcadffcf6/runs?limit=25 200 in 38ms (next.js: 18ms, application-code: 20ms)
 GET /w/e2e-784de2/integrations 200 in 58ms (next.js: 14ms, application-code: 44ms)
 GET /api/health 200 in 7ms (next.js: 2.0ms, application-code: 5ms)
 GET /api/workspaces/702a3915-ae33-4f81-98f0-795fcadffcf6/connections 200 in 30ms (next.js: 18ms, application-code: 12ms)
 GET /api/integrations/catalog?workspaceId=702a3915-ae33-4f81-98f0-795fcadffcf6 200 in 43ms (next.js: 2ms, application-code: 40ms)
 GET /w/e2e-784de2/agents 200 in 62ms (next.js: 16ms, application-code: 46ms)
 GET /api/health 200 in 8ms (next.js: 3ms, application-code: 5ms)
 GET /api/workspaces/702a3915-ae33-4f81-98f0-795fcadffcf6/agents 200 in 37ms (next.js: 18ms, application-code: 19ms)
 GET /w/e2e-784de2/knowledge 200 in 73ms (next.js: 19ms, application-code: 54ms)
 GET /api/health 200 in 7ms (next.js: 2ms, application-code: 4ms)
 GET /api/workspaces/702a3915-ae33-4f81-98f0-795fcadffcf6/knowledge 200 in 34ms (next.js: 17ms, application-code: 16ms)
 GET /w/e2e-784de2/settings 200 in 57ms (next.js: 14ms, application-code: 43ms)
 GET /api/health 200 in 8ms (next.js: 2ms, application-code: 6ms)
 GET /api/workspaces/702a3915-ae33-4f81-98f0-795fcadffcf6/members 200 in 44ms (next.js: 16ms, application-code: 28ms)
 GET /api/workspaces/702a3915-ae33-4f81-98f0-795fcadffcf6/invites 200 in 45ms (next.js: 33ms, application-code: 12ms)
 GET /w/e2e-784de2/canvas 307 in 82ms (next.js: 17ms, application-code: 65ms)
 GET /w/e2e-784de2/flows/628dd399-b1f3-4680-9ad3-439002ea64c3 200 in 67ms (next.js: 16ms, application-code: 52ms)
 GET /api/health 200 in 8ms (next.js: 3ms, application-code: 5ms)
 GET /api/flows/628dd399-b1f3-4680-9ad3-439002ea64c3 200 in 37ms (next.js: 18ms, application-code: 20ms)
 GET /api/flows/628dd399-b1f3-4680-9ad3-439002ea64c3/publish 200 in 55ms (next.js: 18ms, application-code: 37ms)
 GET /api/flows/628dd399-b1f3-4680-9ad3-439002ea64c3/runs 200 in 33ms (next.js: 18ms, application-code: 15ms)
 POST /api/auth/sign-up/email 200 in 97ms (next.js: 17ms, application-code: 80ms)
 GET /api/test/outbox?email=e2e-32150226%40flowline-e2e.test 200 in 8ms (next.js: 1.8ms, application-code: 6ms)
 POST /api/email 200 in 19ms (next.js: 1.8ms, application-code: 17ms)
 POST /api/auth/sign-in/email 200 in 70ms (next.js: 2ms, application-code: 68ms)
 POST /api/workspaces 201 in 25ms (next.js: 2ms, application-code: 23ms)
 POST /api/onboarding 200 in 24ms (next.js: 1.9ms, application-code: 22ms)
 POST /api/workspaces/89e1bdaa-d4ba-4da9-be77-c9edb2002860/flows 201 in 30ms (next.js: 15ms, application-code: 15ms)
 GET /w/e2e-e86cf0/flows 200 in 62ms (next.js: 16ms, application-code: 46ms)
 GET /api/health 200 in 9ms (next.js: 4ms, application-code: 5ms)
 GET /api/workspaces/89e1bdaa-d4ba-4da9-be77-c9edb2002860/flows 200 in 17ms (next.js: 4ms, application-code: 13ms)
 GET /api/workspaces/89e1bdaa-d4ba-4da9-be77-c9edb2002860/usage 200 in 57ms (next.js: 37ms, application-code: 20ms)
 GET /api/workspaces/89e1bdaa-d4ba-4da9-be77-c9edb2002860/overview 200 in 65ms (next.js: 19ms, application-code: 46ms)
 GET /w/e2e-e86cf0/templates 200 in 73ms (next.js: 16ms, application-code: 56ms)
 GET /api/health 200 in 15ms (next.js: 3ms, application-code: 12ms)
 GET /api/workspaces/89e1bdaa-d4ba-4da9-be77-c9edb2002860/connections 200 in 49ms (next.js: 35ms, application-code: 13ms)
 GET /api/workspaces/89e1bdaa-d4ba-4da9-be77-c9edb2002860/ai 200 in 52ms (next.js: 18ms, application-code: 34ms)
 GET /w/e2e-e86cf0/runs 200 in 64ms (next.js: 16ms, application-code: 47ms)
 GET /api/health 200 in 7ms (next.js: 2ms, application-code: 5ms)
 GET /api/workspaces/89e1bdaa-d4ba-4da9-be77-c9edb2002860/runs?limit=25 200 in 29ms (next.js: 15ms, application-code: 14ms)
 GET /w/e2e-e86cf0/integrations 200 in 67ms (next.js: 16ms, application-code: 51ms)
 GET /api/health 200 in 6ms (next.js: 2.0ms, application-code: 4ms)
 GET /api/workspaces/89e1bdaa-d4ba-4da9-be77-c9edb2002860/connections 200 in 29ms (next.js: 17ms, application-code: 12ms)
 GET /api/integrations/catalog?workspaceId=89e1bdaa-d4ba-4da9-be77-c9edb2002860 200 in 40ms (next.js: 2ms, application-code: 38ms)
 GET /w/e2e-e86cf0/agents 200 in 68ms (next.js: 16ms, application-code: 52ms)
 GET /api/health 200 in 7ms (next.js: 3ms, application-code: 5ms)
 GET /api/workspaces/89e1bdaa-d4ba-4da9-be77-c9edb2002860/agents 200 in 38ms (next.js: 17ms, application-code: 21ms)
 GET /w/e2e-e86cf0/knowledge 200 in 72ms (next.js: 16ms, application-code: 56ms)
 GET /api/health 200 in 8ms (next.js: 2ms, application-code: 5ms)
 GET /api/workspaces/89e1bdaa-d4ba-4da9-be77-c9edb2002860/knowledge 200 in 27ms (next.js: 17ms, application-code: 11ms)
 GET /w/e2e-e86cf0/settings 200 in 61ms (next.js: 14ms, application-code: 47ms)
 GET /api/health 200 in 7ms (next.js: 2ms, application-code: 5ms)
 GET /api/workspaces/89e1bdaa-d4ba-4da9-be77-c9edb2002860/members 200 in 43ms (next.js: 17ms, application-code: 26ms)
 GET /api/workspaces/89e1bdaa-d4ba-4da9-be77-c9edb2002860/invites 200 in 46ms (next.js: 33ms, application-code: 13ms)
 GET /w/e2e-e86cf0/canvas 307 in 83ms (next.js: 18ms, application-code: 65ms)
 GET /w/e2e-e86cf0/flows/7cad331c-0138-4863-a14a-5302b0d84cc3 200 in 66ms (next.js: 17ms, application-code: 50ms)
 GET /api/health 200 in 7ms (next.js: 2ms, application-code: 4ms)
 GET /api/flows/7cad331c-0138-4863-a14a-5302b0d84cc3 200 in 41ms (next.js: 17ms, application-code: 24ms)
 GET /api/flows/7cad331c-0138-4863-a14a-5302b0d84cc3/publish 200 in 53ms (next.js: 18ms, application-code: 36ms)
 GET /api/flows/7cad331c-0138-4863-a14a-5302b0d84cc3/runs 200 in 31ms (next.js: 17ms, application-code: 15ms)
 GET / 200 in 46ms (next.js: 3ms, application-code: 44ms)
 GET /sign-up 200 in 16ms (next.js: 3ms, application-code: 13ms)
 GET /api/auth-config 200 in 8ms (next.js: 2ms, application-code: 6ms)
 POST /api/auth/sign-up/email 200 in 91ms (next.js: 15ms, application-code: 76ms)
 GET /api/me 401 in 16ms (next.js: 2ms, application-code: 13ms)
 GET /api/test/outbox?email=journey-46756012%40flowline-e2e.test 200 in 8ms (next.js: 2ms, application-code: 5ms)
 GET /verify-email?token=lKAtOhQW1CGRyHdQHN4cXfV82OOt0L9RHoF858GnQx4&callbackURL=%2Fsign-in 200 in 25ms (next.js: 3ms, application-code: 22ms)
 POST /api/email 200 in 19ms (next.js: 2ms, application-code: 16ms)
 GET /sign-in 200 in 16ms (next.js: 3ms, application-code: 13ms)
 GET /api/auth-config 200 in 8ms (next.js: 2ms, application-code: 6ms)
 POST /api/auth/sign-in/email 200 in 85ms (next.js: 15ms, application-code: 70ms)
 GET /app 200 in 37ms (next.js: 3ms, application-code: 34ms)
 GET /app 200 in 33ms (next.js: 3ms, application-code: 30ms)
 GET /onboarding 200 in 32ms (next.js: 4ms, application-code: 28ms)
 GET /onboarding 200 in 29ms (next.js: 3ms, application-code: 26ms)
 POST /api/workspaces 201 in 46ms (next.js: 3ms, application-code: 44ms)
 POST /api/workspaces/2d570e71-a477-49f2-9757-7e8f267297be/flows 201 in 40ms (next.js: 17ms, application-code: 23ms)
 POST /api/onboarding 200 in 26ms (next.js: 3ms, application-code: 23ms)
 GET /w/journey-co-22/flows/6734f9c4-1c0b-4cba-b2a5-5b104a0e0bba 200 in 52ms (next.js: 16ms, application-code: 36ms)
 GET /api/health 200 in 7ms (next.js: 2ms, application-code: 5ms)
 GET /api/flows/6734f9c4-1c0b-4cba-b2a5-5b104a0e0bba 200 in 41ms (next.js: 15ms, application-code: 26ms)
 GET /api/flows/6734f9c4-1c0b-4cba-b2a5-5b104a0e0bba/publish 200 in 51ms (next.js: 16ms, application-code: 35ms)
 GET /api/flows/6734f9c4-1c0b-4cba-b2a5-5b104a0e0bba/runs 200 in 32ms (next.js: 17ms, application-code: 15ms)
 GET /api/integrations/catalog 200 in 40ms (next.js: 3ms, application-code: 37ms)
 GET /api/workspaces/2d570e71-a477-49f2-9757-7e8f267297be/ai 200 in 42ms (next.js: 19ms, application-code: 23ms)
 PUT /api/flows/6734f9c4-1c0b-4cba-b2a5-5b104a0e0bba 200 in 36ms (next.js: 16ms, application-code: 20ms)
 GET /w/journey-co-22/flows/6734f9c4-1c0b-4cba-b2a5-5b104a0e0bba 200 in 60ms (next.js: 15ms, application-code: 46ms)
 GET /api/health 200 in 8ms (next.js: 3ms, application-code: 5ms)
 GET /api/flows/6734f9c4-1c0b-4cba-b2a5-5b104a0e0bba 200 in 28ms (next.js: 3ms, application-code: 25ms)
 GET /api/flows/6734f9c4-1c0b-4cba-b2a5-5b104a0e0bba/publish 200 in 52ms (next.js: 17ms, application-code: 35ms)
 GET /api/flows/6734f9c4-1c0b-4cba-b2a5-5b104a0e0bba/runs 200 in 32ms (next.js: 17ms, application-code: 15ms)
2026-09-29T10:29:07.844Z [worker] run f20e2475-da09-4c7e-8a41-b0382fc73acd claimed
 POST /api/flows/6734f9c4-1c0b-4cba-b2a5-5b104a0e0bba/runs 202 in 52ms (next.js: 3ms, application-code: 49ms)
2026-09-29T10:29:07.895Z [worker] run f20e2475-da09-4c7e-8a41-b0382fc73acd done
 GET /api/flows/6734f9c4-1c0b-4cba-b2a5-5b104a0e0bba/runs 200 in 37ms (next.js: 3ms, application-code: 35ms)
 GET /api/runs/f20e2475-da09-4c7e-8a41-b0382fc73acd 200 in 43ms (next.js: 17ms, application-code: 26ms)
 GET /w/journey-co-22/runs?run=f20e2475-da09-4c7e-8a41-b0382fc73acd 200 in 30ms (next.js: 17ms, application-code: 13ms)
 GET /api/workspaces/2d570e71-a477-49f2-9757-7e8f267297be/runs?limit=25 200 in 49ms (next.js: 17ms, application-code: 31ms)
 GET /api/flows/6734f9c4-1c0b-4cba-b2a5-5b104a0e0bba 200 in 38ms (next.js: 16ms, application-code: 22ms)
 GET /api/flows/6734f9c4-1c0b-4cba-b2a5-5b104a0e0bba/runs 200 in 32ms (next.js: 16ms, application-code: 16ms)
 GET /api/runs/f20e2475-da09-4c7e-8a41-b0382fc73acd 200 in 27ms (next.js: 2ms, application-code: 25ms)
 GET /api/flows/6734f9c4-1c0b-4cba-b2a5-5b104a0e0bba/versions 200 in 35ms (next.js: 15ms, application-code: 19ms)
 POST /api/auth/sign-up/email 200 in 98ms (next.js: 15ms, application-code: 83ms)
 GET /api/test/outbox?email=e2e-f70ef4ea%40flowline-e2e.test 200 in 8ms (next.js: 2ms, application-code: 6ms)
 POST /api/email 200 in 22ms (next.js: 2.0ms, application-code: 20ms)
 POST /api/auth/sign-in/email 200 in 75ms (next.js: 3ms, application-code: 72ms)
 POST /api/workspaces 201 in 37ms (next.js: 3ms, application-code: 35ms)
 POST /api/onboarding 200 in 18ms (next.js: 2ms, application-code: 16ms)
 POST /api/workspaces/c21377e8-5739-47e9-8698-49eb4b5dbe45/flows 201 in 36ms (next.js: 17ms, application-code: 19ms)
 POST /api/workspaces/c21377e8-5739-47e9-8698-49eb4b5dbe45/connections 201 in 41ms (next.js: 17ms, application-code: 24ms)
 PUT /api/flows/8579f8d9-d296-4840-9983-473552039374 200 in 24ms (next.js: 3ms, application-code: 21ms)
 GET /w/e2e-f56d8f/flows/8579f8d9-d296-4840-9983-473552039374 200 in 72ms (next.js: 18ms, application-code: 54ms)
 GET /api/health 200 in 8ms (next.js: 2ms, application-code: 5ms)
 GET /api/flows/8579f8d9-d296-4840-9983-473552039374 200 in 43ms (next.js: 19ms, application-code: 24ms)
 GET /api/flows/8579f8d9-d296-4840-9983-473552039374/publish 200 in 56ms (next.js: 17ms, application-code: 38ms)
 GET /api/flows/8579f8d9-d296-4840-9983-473552039374/runs 200 in 33ms (next.js: 18ms, application-code: 15ms)
 POST /api/flows/8579f8d9-d296-4840-9983-473552039374/runs 202 in 71ms (next.js: 2ms, application-code: 68ms)
2026-09-29T10:29:10.282Z [worker] run 39fe4a3d-58a3-487c-8242-cdc5efd18d13 claimed
2026-09-29T10:29:10.319Z [worker] run 39fe4a3d-58a3-487c-8242-cdc5efd18d13 done
 GET /api/flows/8579f8d9-d296-4840-9983-473552039374/runs 200 in 37ms (next.js: 3ms, application-code: 34ms)
 GET /api/runs/39fe4a3d-58a3-487c-8242-cdc5efd18d13 200 in 34ms (next.js: 16ms, application-code: 19ms)
 GET /w/e2e-f56d8f/runs?run=39fe4a3d-58a3-487c-8242-cdc5efd18d13 200 in 31ms (next.js: 17ms, application-code: 14ms)
 GET /api/workspaces/c21377e8-5739-47e9-8698-49eb4b5dbe45/runs?limit=25 200 in 41ms (next.js: 22ms, application-code: 19ms)
 GET /api/flows/8579f8d9-d296-4840-9983-473552039374/runs 200 in 28ms (next.js: 14ms, application-code: 14ms)
 POST /api/approvals/705e4799-3368-4a05-b93d-c20e5cd90c57/decide 200 in 60ms (next.js: 17ms, application-code: 44ms)
2026-09-29T10:29:11.433Z [worker] run 39fe4a3d-58a3-487c-8242-cdc5efd18d13 claimed
 GET /api/runs/39fe4a3d-58a3-487c-8242-cdc5efd18d13 200 in 50ms (next.js: 19ms, application-code: 31ms)
2026-09-29T10:29:11.505Z [worker] run 39fe4a3d-58a3-487c-8242-cdc5efd18d13 done
 GET /api/flows/8579f8d9-d296-4840-9983-473552039374/runs 200 in 24ms (next.js: 3ms, application-code: 21ms)
 POST /api/auth/sign-up/email 200 in 93ms (next.js: 15ms, application-code: 78ms)
 GET /api/test/outbox?email=e2e-e6a7e3c3%40flowline-e2e.test 200 in 9ms (next.js: 2ms, application-code: 6ms)
 POST /api/email 200 in 25ms (next.js: 4ms, application-code: 21ms)
 POST /api/auth/sign-in/email 200 in 75ms (next.js: 2ms, application-code: 73ms)
 POST /api/workspaces 201 in 25ms (next.js: 2ms, application-code: 23ms)
 POST /api/onboarding 200 in 21ms (next.js: 3ms, application-code: 18ms)
 GET /w/e2e-0730b6/settings 200 in 62ms (next.js: 18ms, application-code: 44ms)
 GET /api/health 200 in 12ms (next.js: 6ms, application-code: 6ms)
 GET /api/workspaces/0746df1f-90e9-4a12-a33c-ae9eef65ab5c/members 200 in 49ms (next.js: 18ms, application-code: 32ms)
 GET /api/workspaces/0746df1f-90e9-4a12-a33c-ae9eef65ab5c/invites 200 in 50ms (next.js: 37ms, application-code: 13ms)
 POST /api/workspaces/0746df1f-90e9-4a12-a33c-ae9eef65ab5c/invites 201 in 35ms (next.js: 2ms, application-code: 33ms)
 GET /api/workspaces/0746df1f-90e9-4a12-a33c-ae9eef65ab5c/members 200 in 17ms (next.js: 3ms, application-code: 14ms)
 GET /api/workspaces/0746df1f-90e9-4a12-a33c-ae9eef65ab5c/invites 200 in 17ms (next.js: 6ms, application-code: 11ms)
 POST /api/auth/sign-up/email 200 in 97ms (next.js: 16ms, application-code: 81ms)
 GET /api/test/outbox?email=viewer-67c8b8d8%40flowline-e2e.test 200 in 8ms (next.js: 2ms, application-code: 6ms)
 POST /api/email 200 in 23ms (next.js: 1.9ms, application-code: 21ms)
 POST /api/auth/sign-in/email 200 in 75ms (next.js: 2ms, application-code: 73ms)
 GET /invite/H4e3hVPiLs23b2duw2SqS3bLd1vSqNBzvZtsuSjroUI 200 in 63ms (next.js: 28ms, application-code: 35ms)
 GET /api/invites/H4e3hVPiLs23b2duw2SqS3bLd1vSqNBzvZtsuSjroUI 200 in 37ms (next.js: 17ms, application-code: 21ms)
 POST /api/invites/H4e3hVPiLs23b2duw2SqS3bLd1vSqNBzvZtsuSjroUI 200 in 31ms (next.js: 2ms, application-code: 28ms)
 GET /w/e2e-0730b6/flows 200 in 45ms (next.js: 17ms, application-code: 28ms)
 GET /api/health 200 in 12ms (next.js: 3ms, application-code: 9ms)
 GET /api/workspaces/0746df1f-90e9-4a12-a33c-ae9eef65ab5c/flows 200 in 96ms (next.js: 55ms, application-code: 40ms)
 GET /api/workspaces/0746df1f-90e9-4a12-a33c-ae9eef65ab5c/usage 200 in 100ms (next.js: 38ms, application-code: 62ms)
 POST /api/workspaces/0746df1f-90e9-4a12-a33c-ae9eef65ab5c/connections 201 in 52ms (next.js: 19ms, application-code: 33ms)
 GET /api/workspaces/0746df1f-90e9-4a12-a33c-ae9eef65ab5c/overview 200 in 114ms (next.js: 21ms, application-code: 94ms)
 POST /api/workspaces/0746df1f-90e9-4a12-a33c-ae9eef65ab5c/flows 201 in 23ms (next.js: 3ms, application-code: 20ms)
 PUT /api/flows/0283aefa-98fa-44e3-9a70-aced881a6c12 200 in 46ms (next.js: 19ms, application-code: 27ms)
 POST /api/flows/0283aefa-98fa-44e3-9a70-aced881a6c12/runs 202 in 73ms (next.js: 18ms, application-code: 56ms)
2026-09-29T10:29:14.261Z [worker] run 3d3aedaf-2ba8-45ca-b3bf-88e0e7f67c91 claimed
 GET /api/runs/3d3aedaf-2ba8-45ca-b3bf-88e0e7f67c91 200 in 41ms (next.js: 19ms, application-code: 23ms)
2026-09-29T10:29:14.301Z [worker] run 3d3aedaf-2ba8-45ca-b3bf-88e0e7f67c91 done
 GET /api/runs/3d3aedaf-2ba8-45ca-b3bf-88e0e7f67c91 200 in 28ms (next.js: 3ms, application-code: 25ms)
 GET /w/e2e-0730b6/runs?run=3d3aedaf-2ba8-45ca-b3bf-88e0e7f67c91 200 in 79ms (next.js: 19ms, application-code: 60ms)
 GET /api/health 200 in 12ms (next.js: 4ms, application-code: 8ms)
 GET /api/runs/3d3aedaf-2ba8-45ca-b3bf-88e0e7f67c91 200 in 56ms (next.js: 31ms, application-code: 25ms)
 GET /api/workspaces/0746df1f-90e9-4a12-a33c-ae9eef65ab5c/runs?limit=25 200 in 59ms (next.js: 26ms, application-code: 33ms)
 GET /api/workspaces/0746df1f-90e9-4a12-a33c-ae9eef65ab5c/approvals 200 in 45ms (next.js: 21ms, application-code: 24ms)
 POST /api/approvals/f65364bd-7d21-45f8-b50c-0d8c4a8b3465/decide 403 in 30ms (next.js: 18ms, application-code: 13ms)
 GET /api/runs/3d3aedaf-2ba8-45ca-b3bf-88e0e7f67c91 200 in 36ms (next.js: 2ms, application-code: 34ms)
 GET /w/e2e-0730b6/settings 200 in 79ms (next.js: 17ms, application-code: 62ms)
 GET /api/health 200 in 8ms (next.js: 3ms, application-code: 5ms)
 GET /api/workspaces/0746df1f-90e9-4a12-a33c-ae9eef65ab5c/invites 200 in 27ms (next.js: 15ms, application-code: 12ms)
 GET /api/workspaces/0746df1f-90e9-4a12-a33c-ae9eef65ab5c/members 200 in 49ms (next.js: 19ms, application-code: 31ms)
 PATCH /api/workspaces/0746df1f-90e9-4a12-a33c-ae9eef65ab5c/members/36841b5c-880a-485c-8503-cd02e13cd874 200 in 47ms (next.js: 21ms, application-code: 26ms)
 GET /api/workspaces/0746df1f-90e9-4a12-a33c-ae9eef65ab5c/members 200 in 23ms (next.js: 3ms, application-code: 20ms)
 GET /api/workspaces/0746df1f-90e9-4a12-a33c-ae9eef65ab5c/invites 200 in 17ms (next.js: 3ms, application-code: 14ms)
 GET /w/e2e-0730b6/runs?run=3d3aedaf-2ba8-45ca-b3bf-88e0e7f67c91 200 in 79ms (next.js: 24ms, application-code: 54ms)
 GET /api/health 200 in 9ms (next.js: 4ms, application-code: 5ms)
 GET /api/workspaces/0746df1f-90e9-4a12-a33c-ae9eef65ab5c/runs?limit=25 200 in 52ms (next.js: 18ms, application-code: 34ms)
 GET /api/runs/3d3aedaf-2ba8-45ca-b3bf-88e0e7f67c91 200 in 59ms (next.js: 36ms, application-code: 24ms)
 GET /api/runs/3d3aedaf-2ba8-45ca-b3bf-88e0e7f67c91 200 in 21ms (next.js: 2ms, application-code: 19ms)
 POST /api/approvals/f65364bd-7d21-45f8-b50c-0d8c4a8b3465/decide 200 in 53ms (next.js: 17ms, application-code: 36ms)
2026-09-29T10:29:16.277Z [worker] run 3d3aedaf-2ba8-45ca-b3bf-88e0e7f67c91 claimed
 GET /api/runs/3d3aedaf-2ba8-45ca-b3bf-88e0e7f67c91 200 in 31ms (next.js: 3ms, application-code: 28ms)
2026-09-29T10:29:16.345Z [worker] run 3d3aedaf-2ba8-45ca-b3bf-88e0e7f67c91 done
 GET /api/runs/3d3aedaf-2ba8-45ca-b3bf-88e0e7f67c91 200 in 24ms (next.js: 3ms, application-code: 22ms)
 DELETE /api/workspaces/0746df1f-90e9-4a12-a33c-ae9eef65ab5c/members/36841b5c-880a-485c-8503-cd02e13cd874 200 in 45ms (next.js: 20ms, application-code: 24ms)
 GET /api/workspaces/0746df1f-90e9-4a12-a33c-ae9eef65ab5c/members 200 in 57ms (next.js: 21ms, application-code: 36ms)
 GET /api/workspaces/0746df1f-90e9-4a12-a33c-ae9eef65ab5c/invites 200 in 37ms (next.js: 20ms, application-code: 17ms)
 GET /api/workspaces/0746df1f-90e9-4a12-a33c-ae9eef65ab5c/flows 404 in 29ms (next.js: 18ms, application-code: 11ms)
 GET /api/workspaces/0746df1f-90e9-4a12-a33c-ae9eef65ab5c/audit 200 in 42ms (next.js: 20ms, application-code: 23ms)
 POST /api/auth/sign-up/email 200 in 97ms (next.js: 15ms, application-code: 82ms)
 GET /api/test/outbox?email=e2e-521c8f5e%40flowline-e2e.test 200 in 9ms (next.js: 2ms, application-code: 7ms)
 POST /api/email 200 in 21ms (next.js: 2.0ms, application-code: 19ms)
 POST /api/auth/sign-in/email 200 in 72ms (next.js: 2ms, application-code: 70ms)
 POST /api/workspaces 201 in 20ms (next.js: 3ms, application-code: 17ms)
 POST /api/onboarding 200 in 24ms (next.js: 1.9ms, application-code: 22ms)
 POST /api/workspaces/efd7777e-a710-44fe-86ff-a64586da0535/flows 201 in 43ms (next.js: 15ms, application-code: 28ms)
 GET /w/e2e-4cba3f/settings?tab=keys 200 in 65ms (next.js: 16ms, application-code: 49ms)
 GET /api/health 200 in 8ms (next.js: 3ms, application-code: 5ms)
 GET /api/workspaces/efd7777e-a710-44fe-86ff-a64586da0535/api-keys 200 in 41ms (next.js: 18ms, application-code: 24ms)
 GET /api/health 200 in 6ms (next.js: 1.9ms, application-code: 4ms)
 GET /api/health 200 in 7ms (next.js: 2.0ms, application-code: 5ms)
2026-09-29T10:30:01.730Z [worker] run 94ac10a9-000d-4db7-9ec8-6b000592384a claimed
2026-09-29T10:30:01.735Z [worker] run fc9bdc68-682d-41e5-9352-1a2b47c9dd93 claimed
2026-09-29T10:30:01.755Z [worker] run 94ac10a9-000d-4db7-9ec8-6b000592384a done
2026-09-29T10:30:01.775Z [worker] run 1777fd89-b3c7-48ae-9249-ebad02f161b5 claimed
2026-09-29T10:30:01.776Z [worker] run fc9bdc68-682d-41e5-9352-1a2b47c9dd93 done
2026-09-29T10:30:01.781Z [worker] run eb0bf266-f6cd-40ca-8a3e-f3bf8a01cbef claimed
2026-09-29T10:30:01.799Z [worker] run 096524ed-5b57-429b-a21e-1593c4d41bb6 claimed
2026-09-29T10:30:01.803Z [worker] run 1777fd89-b3c7-48ae-9249-ebad02f161b5 done
2026-09-29T10:30:01.807Z [worker] run eb0bf266-f6cd-40ca-8a3e-f3bf8a01cbef done
2026-09-29T10:30:01.823Z [worker] run 840bab7a-80b6-4a2e-aedf-3a93b311ff20 claimed
2026-09-29T10:30:01.829Z [worker] run 096524ed-5b57-429b-a21e-1593c4d41bb6 done
2026-09-29T10:30:01.835Z [worker] run 500c1288-6a66-47c1-9413-16e8e35ffa87 claimed
2026-09-29T10:30:01.849Z [worker] run 840bab7a-80b6-4a2e-aedf-3a93b311ff20 done
2026-09-29T10:30:01.854Z [worker] run b400a826-d8cc-42f0-a784-f64281e1885f claimed
2026-09-29T10:30:01.867Z [worker] run 500c1288-6a66-47c1-9413-16e8e35ffa87 done
2026-09-29T10:30:01.881Z [worker] run c9dfcfd2-c52c-4c22-b603-897c7e93033a claimed
2026-09-29T10:30:01.883Z [worker] run b400a826-d8cc-42f0-a784-f64281e1885f done
2026-09-29T10:30:01.904Z [worker] run 75980075-57a2-4b3b-a8f5-5b4dd799ff16 claimed
2026-09-29T10:30:01.907Z [worker] run c9dfcfd2-c52c-4c22-b603-897c7e93033a done
2026-09-29T10:30:01.924Z [worker] run 6e13623e-a534-485d-a29f-55420da163bf claimed
2026-09-29T10:30:01.931Z [worker] run 75980075-57a2-4b3b-a8f5-5b4dd799ff16 done
2026-09-29T10:30:01.944Z [worker] run f98cf5e4-9d36-4fe7-8435-a9bc8d88e9cd claimed
2026-09-29T10:30:01.948Z [worker] run 6e13623e-a534-485d-a29f-55420da163bf done
2026-09-29T10:30:01.964Z [worker] run d29792ba-06fa-4724-84cf-8f7c864b26d7 claimed
2026-09-29T10:30:01.970Z [worker] run f98cf5e4-9d36-4fe7-8435-a9bc8d88e9cd done
2026-09-29T10:30:01.985Z [worker] run 31e42d36-c243-475f-9e61-39f54b92489e claimed
2026-09-29T10:30:01.988Z [worker] run d29792ba-06fa-4724-84cf-8f7c864b26d7 done
2026-09-29T10:30:02.004Z [worker] run 63f31106-f2d3-45bf-a9a2-118e1b817aa0 claimed
2026-09-29T10:30:02.010Z [worker] run 31e42d36-c243-475f-9e61-39f54b92489e done
2026-09-29T10:30:02.025Z [worker] run 92405cbd-fc3e-4223-8cb8-533a2148757d claimed
2026-09-29T10:30:02.028Z [worker] run 63f31106-f2d3-45bf-a9a2-118e1b817aa0 done
2026-09-29T10:30:02.043Z [worker] run 844e07c3-081d-44cf-8072-b59a28128de7 claimed
2026-09-29T10:30:02.049Z [worker] run 92405cbd-fc3e-4223-8cb8-533a2148757d done
2026-09-29T10:30:02.064Z [worker] run be7f2e02-29aa-4711-aff9-7c3df6a049f5 claimed
2026-09-29T10:30:02.068Z [worker] run 844e07c3-081d-44cf-8072-b59a28128de7 done
2026-09-29T10:30:02.083Z [worker] run 1d73a0df-bb3c-42e4-8351-5a01565d33ab claimed
2026-09-29T10:30:02.090Z [worker] run be7f2e02-29aa-4711-aff9-7c3df6a049f5 done
2026-09-29T10:30:02.104Z [worker] run 03409cc1-e26c-40ff-a99d-33b14334330e claimed
2026-09-29T10:30:02.108Z [worker] run 1d73a0df-bb3c-42e4-8351-5a01565d33ab done
2026-09-29T10:30:02.124Z [worker] run b0cb5013-6a2f-4723-8c8a-abdb27a5511d claimed
2026-09-29T10:30:02.130Z [worker] run 03409cc1-e26c-40ff-a99d-33b14334330e done
2026-09-29T10:30:02.143Z [worker] run 1691f452-9f64-4b5e-8741-e97f7bf5fecb claimed
2026-09-29T10:30:02.149Z [worker] run b0cb5013-6a2f-4723-8c8a-abdb27a5511d done
2026-09-29T10:30:02.164Z [worker] run 8fbb088c-fe09-4a8e-a526-caf55be0120a claimed
2026-09-29T10:30:02.169Z [worker] run 1691f452-9f64-4b5e-8741-e97f7bf5fecb done
2026-09-29T10:30:02.184Z [worker] run 4799d73f-9a75-4950-b3d3-d8f6227f7d32 claimed
2026-09-29T10:30:02.190Z [worker] run 8fbb088c-fe09-4a8e-a526-caf55be0120a done
2026-09-29T10:30:02.205Z [worker] run 8981c98d-ef67-4a36-9b45-811ae9f73fd3 claimed
2026-09-29T10:30:02.209Z [worker] run 4799d73f-9a75-4950-b3d3-d8f6227f7d32 done
2026-09-29T10:30:02.225Z [worker] run f3fc6c5d-84c9-481b-a19b-c02b2db1dfd3 claimed
2026-09-29T10:30:02.230Z [worker] run 8981c98d-ef67-4a36-9b45-811ae9f73fd3 done
2026-09-29T10:30:02.244Z [worker] run 9f5e1b5e-4bfa-4bc4-bbbb-790b1ca35f79 claimed
2026-09-29T10:30:02.251Z [worker] run f3fc6c5d-84c9-481b-a19b-c02b2db1dfd3 done
2026-09-29T10:30:02.264Z [worker] run 12249c4d-5601-4fd9-8847-09375cc04034 claimed
2026-09-29T10:30:02.268Z [worker] run 9f5e1b5e-4bfa-4bc4-bbbb-790b1ca35f79 done
2026-09-29T10:30:02.285Z [worker] run 77df6bcc-a317-413e-8a2b-efd7f5853a74 claimed
2026-09-29T10:30:02.288Z [worker] run 12249c4d-5601-4fd9-8847-09375cc04034 done
2026-09-29T10:30:02.303Z [worker] run 811977bd-f33d-4137-a8d6-3a4ba8ebcc95 claimed
2026-09-29T10:30:02.312Z [worker] run 77df6bcc-a317-413e-8a2b-efd7f5853a74 done
2026-09-29T10:30:02.325Z [worker] run a483cf16-6742-4f5b-b43f-910e72a7c886 claimed
2026-09-29T10:30:02.333Z [worker] run 811977bd-f33d-4137-a8d6-3a4ba8ebcc95 done
2026-09-29T10:30:02.345Z [worker] run 237cafd8-cc24-4cfb-a788-66f6f66edecb claimed
2026-09-29T10:30:02.351Z [worker] run a483cf16-6742-4f5b-b43f-910e72a7c886 done
2026-09-29T10:30:02.367Z [worker] run dd31720f-5ed0-4bae-a042-7d79a5378b8d claimed
2026-09-29T10:30:02.371Z [worker] run 237cafd8-cc24-4cfb-a788-66f6f66edecb done
2026-09-29T10:30:02.387Z [worker] run 16a25d3f-a70b-4210-aa05-a741ebdf7fdb claimed
2026-09-29T10:30:02.393Z [worker] run dd31720f-5ed0-4bae-a042-7d79a5378b8d done
2026-09-29T10:30:02.409Z [worker] run 0ab532b6-c7ef-4ca2-a39d-55aab97e8083 claimed
2026-09-29T10:30:02.412Z [worker] run 16a25d3f-a70b-4210-aa05-a741ebdf7fdb done
2026-09-29T10:30:02.429Z [worker] run 8793e8f5-a14a-4995-868e-6f5739038b2c claimed
2026-09-29T10:30:02.433Z [worker] run 0ab532b6-c7ef-4ca2-a39d-55aab97e8083 done
2026-09-29T10:30:02.447Z [worker] run 1a1d52fb-2b04-4657-b3a6-243a3b7bc074 claimed
2026-09-29T10:30:02.454Z [worker] run 8793e8f5-a14a-4995-868e-6f5739038b2c done
2026-09-29T10:30:02.468Z [worker] run 8c77ba05-c1cf-45c2-9b23-1bed6dc0842d claimed
2026-09-29T10:30:02.473Z [worker] run 1a1d52fb-2b04-4657-b3a6-243a3b7bc074 done
2026-09-29T10:30:02.487Z [worker] run d634e5c0-b81f-49da-9031-a169bb761237 claimed
2026-09-29T10:30:02.493Z [worker] run 8c77ba05-c1cf-45c2-9b23-1bed6dc0842d done
2026-09-29T10:30:02.507Z [worker] run 683c08c7-859e-42fb-8ed7-434d7ec38ab3 claimed
2026-09-29T10:30:02.512Z [worker] run d634e5c0-b81f-49da-9031-a169bb761237 done
2026-09-29T10:30:02.526Z [worker] run 19235f3b-4440-45af-b7ec-45ed9ea89eda claimed
2026-09-29T10:30:02.531Z [worker] run 683c08c7-859e-42fb-8ed7-434d7ec38ab3 done
2026-09-29T10:30:02.545Z [worker] run 97f0dfc7-0082-4c23-b1d5-3cc9a6f38ed7 claimed
2026-09-29T10:30:02.548Z [worker] run 19235f3b-4440-45af-b7ec-45ed9ea89eda done
2026-09-29T10:30:02.566Z [worker] run 8e9c3ab4-8aae-42ac-ad57-79b7b3759759 claimed
2026-09-29T10:30:02.570Z [worker] run 97f0dfc7-0082-4c23-b1d5-3cc9a6f38ed7 done
2026-09-29T10:30:02.585Z [worker] run 9af4edeb-31aa-455a-85a3-0b909bccf712 claimed
2026-09-29T10:30:02.591Z [worker] run 8e9c3ab4-8aae-42ac-ad57-79b7b3759759 done
2026-09-29T10:30:02.605Z [worker] run a809a167-b6db-46c4-8d5c-4007025aa6ce claimed
2026-09-29T10:30:02.610Z [worker] run 9af4edeb-31aa-455a-85a3-0b909bccf712 done
2026-09-29T10:30:02.625Z [worker] run 2387f3c8-354f-454e-bee6-84b632d96d4a claimed
2026-09-29T10:30:02.631Z [worker] run a809a167-b6db-46c4-8d5c-4007025aa6ce done
2026-09-29T10:30:02.646Z [worker] run 95cb7106-5a47-46dd-be59-b133a686bfcd claimed
2026-09-29T10:30:02.651Z [worker] run 2387f3c8-354f-454e-bee6-84b632d96d4a done
2026-09-29T10:30:02.669Z [worker] run 660f919a-491c-4c20-933b-8e60a01372a3 claimed
2026-09-29T10:30:02.674Z [worker] run 95cb7106-5a47-46dd-be59-b133a686bfcd done
2026-09-29T10:30:02.690Z [worker] run 22eca742-555c-42a3-98ea-e0b1e00e5561 claimed
2026-09-29T10:30:02.697Z [worker] run 660f919a-491c-4c20-933b-8e60a01372a3 done
2026-09-29T10:30:02.711Z [worker] run 902b5c3a-ad7b-44e9-98d2-1f68cbc07651 claimed
2026-09-29T10:30:02.718Z [worker] run 22eca742-555c-42a3-98ea-e0b1e00e5561 done
2026-09-29T10:30:02.736Z [worker] run 75e93cd6-8c3e-4840-a317-eedc33957dca claimed
2026-09-29T10:30:02.743Z [worker] run 902b5c3a-ad7b-44e9-98d2-1f68cbc07651 done
2026-09-29T10:30:02.758Z [worker] run 62699e70-04c1-4035-bae1-11d612e21d27 claimed
2026-09-29T10:30:02.762Z [worker] run 75e93cd6-8c3e-4840-a317-eedc33957dca done
2026-09-29T10:30:02.781Z [worker] run 2d9525c4-ce77-4ce9-8bba-124ff33f32f5 claimed
2026-09-29T10:30:02.784Z [worker] run 62699e70-04c1-4035-bae1-11d612e21d27 done
2026-09-29T10:30:02.802Z [worker] run f6c2ea4b-9ab9-4c12-96a6-7f77a1d1ca76 claimed
2026-09-29T10:30:02.807Z [worker] run 2d9525c4-ce77-4ce9-8bba-124ff33f32f5 done
2026-09-29T10:30:02.822Z [worker] run 4a29e890-7abf-4757-a08b-27b1b1286e83 claimed
2026-09-29T10:30:02.829Z [worker] run f6c2ea4b-9ab9-4c12-96a6-7f77a1d1ca76 done
2026-09-29T10:30:02.844Z [worker] run 630ee41e-420a-4818-ab09-28821a7a2dd7 claimed
2026-09-29T10:30:02.850Z [worker] run 4a29e890-7abf-4757-a08b-27b1b1286e83 done
2026-09-29T10:30:02.865Z [worker] run a42db5c7-94d3-418c-8fc1-ce84ba6c870e claimed
2026-09-29T10:30:02.870Z [worker] run 630ee41e-420a-4818-ab09-28821a7a2dd7 done
2026-09-29T10:30:02.886Z [worker] run 98f5cbca-433e-4155-8683-4d8c7359e407 claimed
2026-09-29T10:30:02.890Z [worker] run a42db5c7-94d3-418c-8fc1-ce84ba6c870e done
2026-09-29T10:30:02.905Z [worker] run 7386ec75-d356-4365-92fe-72ca31948f0a claimed
2026-09-29T10:30:02.911Z [worker] run 98f5cbca-433e-4155-8683-4d8c7359e407 done
2026-09-29T10:30:02.925Z [worker] run 697ac276-b45d-4151-b9f5-a7de23d1828a claimed
2026-09-29T10:30:02.930Z [worker] run 7386ec75-d356-4365-92fe-72ca31948f0a done
2026-09-29T10:30:02.948Z [worker] run c63c3bf1-9a07-4044-9284-6f3852de6ed5 claimed
2026-09-29T10:30:02.953Z [worker] run 697ac276-b45d-4151-b9f5-a7de23d1828a done
2026-09-29T10:30:02.966Z [worker] run 6a77db48-3531-43a7-a4ba-370b1d932b31 claimed
2026-09-29T10:30:02.974Z [worker] run c63c3bf1-9a07-4044-9284-6f3852de6ed5 done
2026-09-29T10:30:02.986Z [worker] run fc2bf525-1ae2-4c14-b0f3-20d073e57c73 claimed
2026-09-29T10:30:02.991Z [worker] run 6a77db48-3531-43a7-a4ba-370b1d932b31 done
2026-09-29T10:30:03.008Z [worker] run 10d47c09-3749-4e3c-8717-b792a946175f claimed
2026-09-29T10:30:03.013Z [worker] run fc2bf525-1ae2-4c14-b0f3-20d073e57c73 done
2026-09-29T10:30:03.030Z [worker] run 0d48edad-2e34-43dc-a8c6-3272b266f40f claimed
2026-09-29T10:30:03.033Z [worker] run 10d47c09-3749-4e3c-8717-b792a946175f done
2026-09-29T10:30:03.049Z [worker] run 605f29b8-f34d-4d88-88a8-290356c999a4 claimed
2026-09-29T10:30:03.054Z [worker] run 0d48edad-2e34-43dc-a8c6-3272b266f40f done
2026-09-29T10:30:03.070Z [worker] run 5070691a-6430-4308-801d-6d54a3fd5102 claimed
2026-09-29T10:30:03.076Z [worker] run 605f29b8-f34d-4d88-88a8-290356c999a4 done
2026-09-29T10:30:03.090Z [worker] run f5486fe1-a48b-460b-90ee-72c57d03666b claimed
2026-09-29T10:30:03.094Z [worker] run 5070691a-6430-4308-801d-6d54a3fd5102 done
2026-09-29T10:30:03.109Z [worker] run e59bba94-9b2b-48ea-8617-6acde93e04b8 claimed
2026-09-29T10:30:03.114Z [worker] run f5486fe1-a48b-460b-90ee-72c57d03666b done
2026-09-29T10:30:03.130Z [worker] run 81005dc6-e601-46ae-ada8-c73307cac966 claimed
2026-09-29T10:30:03.135Z [worker] run e59bba94-9b2b-48ea-8617-6acde93e04b8 done
2026-09-29T10:30:03.149Z [worker] run 92330ed6-849c-47a8-9826-8350ad6461cf claimed
2026-09-29T10:30:03.157Z [worker] run 81005dc6-e601-46ae-ada8-c73307cac966 done
2026-09-29T10:30:03.169Z [worker] run b0d6651c-62cb-44e1-9c1f-447f83916f59 claimed
2026-09-29T10:30:03.174Z [worker] run 92330ed6-849c-47a8-9826-8350ad6461cf done
2026-09-29T10:30:03.189Z [worker] run 7d26e82d-c22d-424d-8f2e-d5c2f5824aa6 claimed
2026-09-29T10:30:03.193Z [worker] run b0d6651c-62cb-44e1-9c1f-447f83916f59 done
2026-09-29T10:30:03.210Z [worker] run 93570981-42d4-4893-97d3-940d60768158 claimed
2026-09-29T10:30:03.213Z [worker] run 7d26e82d-c22d-424d-8f2e-d5c2f5824aa6 done
2026-09-29T10:30:03.229Z [worker] run 5ce37be0-74d2-4947-8e5e-1125af2ec54f claimed
2026-09-29T10:30:03.234Z [worker] run 93570981-42d4-4893-97d3-940d60768158 done
2026-09-29T10:30:03.249Z [worker] run 60ee7d28-a3fe-47db-ad0c-8ea9a2bed9dc claimed
2026-09-29T10:30:03.252Z [worker] run 5ce37be0-74d2-4947-8e5e-1125af2ec54f done
2026-09-29T10:30:03.268Z [worker] run 520385dc-28af-43a3-9e99-37af3777212e claimed
2026-09-29T10:30:03.273Z [worker] run 60ee7d28-a3fe-47db-ad0c-8ea9a2bed9dc done
2026-09-29T10:30:03.288Z [worker] run c27b7860-8c47-4320-b705-d6b12e6c11a3 claimed
2026-09-29T10:30:03.294Z [worker] run 520385dc-28af-43a3-9e99-37af3777212e done
2026-09-29T10:30:03.309Z [worker] run ba3b8faf-328b-4d83-8adf-3ad43a19605b claimed
2026-09-29T10:30:03.313Z [worker] run c27b7860-8c47-4320-b705-d6b12e6c11a3 done
2026-09-29T10:30:03.329Z [worker] run 4d8816c3-653d-4eee-8e36-882a28ad3633 claimed
2026-09-29T10:30:03.334Z [worker] run ba3b8faf-328b-4d83-8adf-3ad43a19605b done
2026-09-29T10:30:03.349Z [worker] run 58801431-c70b-4d58-8150-ca49999d6e16 claimed
2026-09-29T10:30:03.352Z [worker] run 4d8816c3-653d-4eee-8e36-882a28ad3633 done
2026-09-29T10:30:03.370Z [worker] run 21651b82-6f5d-43be-a2f2-3c6d208f3079 claimed
2026-09-29T10:30:03.376Z [worker] run 58801431-c70b-4d58-8150-ca49999d6e16 done
2026-09-29T10:30:03.391Z [worker] run 92bab1d1-bc91-4c64-877a-bea75743b7f2 claimed
2026-09-29T10:30:03.396Z [worker] run 21651b82-6f5d-43be-a2f2-3c6d208f3079 done
2026-09-29T10:30:03.412Z [worker] run d82a5cf5-20be-4a2b-af60-f7ba815e70ed claimed
2026-09-29T10:30:03.417Z [worker] run 92bab1d1-bc91-4c64-877a-bea75743b7f2 done
2026-09-29T10:30:03.432Z [worker] run cd3e1cba-63d7-4d36-8d1b-896648193ca5 claimed
2026-09-29T10:30:03.438Z [worker] run d82a5cf5-20be-4a2b-af60-f7ba815e70ed done
2026-09-29T10:30:03.451Z [worker] run cf436ded-c2ef-4598-898d-479520e24b98 claimed
2026-09-29T10:30:03.458Z [worker] run cd3e1cba-63d7-4d36-8d1b-896648193ca5 done
2026-09-29T10:30:03.472Z [worker] run dfbc15a3-a729-4de2-9c2e-9ba3f46c4eed claimed
2026-09-29T10:30:03.477Z [worker] run cf436ded-c2ef-4598-898d-479520e24b98 done
2026-09-29T10:30:03.492Z [worker] run d8fe4da5-d47f-4d0e-9871-ab40133b95f2 claimed
2026-09-29T10:30:03.497Z [worker] run dfbc15a3-a729-4de2-9c2e-9ba3f46c4eed done
2026-09-29T10:30:03.513Z [worker] run ea4fd0c8-4715-4d4f-a7a9-dbab862fb4cd claimed
2026-09-29T10:30:03.517Z [worker] run d8fe4da5-d47f-4d0e-9871-ab40133b95f2 done
2026-09-29T10:30:03.534Z [worker] run d9d1d221-573b-42ec-a307-6aeff9859da5 claimed
2026-09-29T10:30:03.540Z [worker] run ea4fd0c8-4715-4d4f-a7a9-dbab862fb4cd done
2026-09-29T10:30:03.555Z [worker] run 4320fd8d-a61e-43b5-99e7-6405c2a46e3f claimed
2026-09-29T10:30:03.562Z [worker] run d9d1d221-573b-42ec-a307-6aeff9859da5 done
2026-09-29T10:30:03.578Z [worker] run bb08e6e9-3f29-47d2-a275-28607d14b3f7 claimed
2026-09-29T10:30:03.582Z [worker] run 4320fd8d-a61e-43b5-99e7-6405c2a46e3f done
2026-09-29T10:30:03.601Z [worker] run 706190d0-15d9-4212-b7ce-a1ed143c687e claimed
2026-09-29T10:30:03.605Z [worker] run bb08e6e9-3f29-47d2-a275-28607d14b3f7 done
2026-09-29T10:30:03.623Z [worker] run 4148e626-8c53-4ec2-b0de-ab964367a933 claimed
2026-09-29T10:30:03.629Z [worker] run 706190d0-15d9-4212-b7ce-a1ed143c687e done
2026-09-29T10:30:03.638Z [worker] scheduler fired 95
2026-09-29T10:30:03.643Z [worker] run 12db0bb0-6a50-43c9-ad75-03532a2b73b7 claimed
2026-09-29T10:30:03.651Z [worker] run 4148e626-8c53-4ec2-b0de-ab964367a933 done
2026-09-29T10:30:03.668Z [worker] run 12db0bb0-6a50-43c9-ad75-03532a2b73b7 done
 GET /api/health 200 in 6ms (next.js: 2ms, application-code: 4ms)
 POST /api/auth/sign-up/email 200 in 102ms (next.js: 18ms, application-code: 84ms)
 GET /api/test/outbox?email=e2e-e25cc008%40flowline-e2e.test 200 in 8ms (next.js: 2ms, application-code: 6ms)
 POST /api/email 200 in 21ms (next.js: 3ms, application-code: 18ms)
 POST /api/auth/sign-in/email 200 in 69ms (next.js: 2ms, application-code: 66ms)
 POST /api/workspaces 201 in 22ms (next.js: 2ms, application-code: 20ms)
 POST /api/onboarding 200 in 17ms (next.js: 3ms, application-code: 15ms)
 POST /api/workspaces/1afce349-88f8-45e3-be9e-986a82bb4b0b/ai/connections 201 in 84ms (next.js: 31ms, application-code: 53ms)
 PUT /api/workspaces/1afce349-88f8-45e3-be9e-986a82bb4b0b/ai/default-route 200 in 62ms (next.js: 30ms, application-code: 32ms)
 PUT /api/workspaces/1afce349-88f8-45e3-be9e-986a82bb4b0b/ai/policy 200 in 35ms (next.js: 18ms, application-code: 17ms)
 POST /api/workspaces/1afce349-88f8-45e3-be9e-986a82bb4b0b/flows 201 in 42ms (next.js: 16ms, application-code: 26ms)
 PUT /api/flows/90ca858a-4252-4d99-a9e3-091f3e4c5248 200 in 45ms (next.js: 17ms, application-code: 27ms)
 POST /api/flows/90ca858a-4252-4d99-a9e3-091f3e4c5248/publish 201 in 47ms (next.js: 18ms, application-code: 29ms)
 GET /w/e2e-2a2350/knowledge 200 in 75ms (next.js: 20ms, application-code: 54ms)
 GET /api/health 200 in 9ms (next.js: 3ms, application-code: 6ms)
 GET /api/workspaces/1afce349-88f8-45e3-be9e-986a82bb4b0b/knowledge 200 in 34ms (next.js: 20ms, application-code: 13ms)
 POST /api/workspaces/1afce349-88f8-45e3-be9e-986a82bb4b0b/knowledge 201 in 35ms (next.js: 2ms, application-code: 32ms)
2026-09-29T10:30:21.396Z [worker] knowledge source indexed
 GET /api/workspaces/1afce349-88f8-45e3-be9e-986a82bb4b0b/knowledge 200 in 26ms (next.js: 2ms, application-code: 24ms)
 GET /w/e2e-2a2350/agents 200 in 58ms (next.js: 15ms, application-code: 43ms)
 GET /api/health 200 in 8ms (next.js: 3ms, application-code: 6ms)
 GET /api/workspaces/1afce349-88f8-45e3-be9e-986a82bb4b0b/agents 200 in 42ms (next.js: 19ms, application-code: 23ms)
 GET /w/e2e-2a2350/agents/new 200 in 34ms (next.js: 20ms, application-code: 14ms)
 GET /api/workspaces/1afce349-88f8-45e3-be9e-986a82bb4b0b/knowledge 200 in 57ms (next.js: 3ms, application-code: 54ms)
 GET /api/workspaces/1afce349-88f8-45e3-be9e-986a82bb4b0b/ai 200 in 72ms (next.js: 21ms, application-code: 51ms)
 GET /api/workspaces/1afce349-88f8-45e3-be9e-986a82bb4b0b/flows 200 in 84ms (next.js: 40ms, application-code: 44ms)
 GET /api/workspaces/1afce349-88f8-45e3-be9e-986a82bb4b0b/ai/models 200 in 42ms (next.js: 17ms, application-code: 25ms)
 POST /api/workspaces/1afce349-88f8-45e3-be9e-986a82bb4b0b/agents 201 in 37ms (next.js: 2ms, application-code: 35ms)
 GET /w/e2e-2a2350/agents/074bb196-874e-4762-abaa-1af80046ec0e 200 in 32ms (next.js: 18ms, application-code: 14ms)
 GET /api/agents/074bb196-874e-4762-abaa-1af80046ec0e 200 in 50ms (next.js: 19ms, application-code: 31ms)
 GET /api/agents/074bb196-874e-4762-abaa-1af80046ec0e/runs 200 in 36ms (next.js: 19ms, application-code: 17ms)
 POST /api/agents/074bb196-874e-4762-abaa-1af80046ec0e/runs 202 in 63ms (next.js: 2ms, application-code: 60ms)
2026-09-29T10:30:22.558Z [worker] agent run 1d4092c8-8bcf-42a9-8626-ea1d255e4836 claimed
 GET /api/agent-runs/1d4092c8-8bcf-42a9-8626-ea1d255e4836 200 in 57ms (next.js: 19ms, application-code: 39ms)
2026-09-29T10:30:22.715Z [worker] agent run 1d4092c8-8bcf-42a9-8626-ea1d255e4836 succeeded
 GET /api/agent-runs/1d4092c8-8bcf-42a9-8626-ea1d255e4836 200 in 38ms (next.js: 15ms, application-code: 23ms)
 POST /api/agents/074bb196-874e-4762-abaa-1af80046ec0e/runs 202 in 65ms (next.js: 20ms, application-code: 45ms)
2026-09-29T10:30:24.035Z [worker] agent run 8619a62e-bf5e-4a28-96f1-8846c914c683 claimed
 GET /api/agent-runs/8619a62e-bf5e-4a28-96f1-8846c914c683 200 in 23ms (next.js: 3ms, application-code: 20ms)
2026-09-29T10:30:24.107Z [worker] agent run 8619a62e-bf5e-4a28-96f1-8846c914c683 waiting for approval
 GET /api/agent-runs/8619a62e-bf5e-4a28-96f1-8846c914c683 200 in 28ms (next.js: 14ms, application-code: 13ms)
 POST /api/approvals/754f688d-0494-4102-82a6-d9b1239fd7df/decide 200 in 40ms (next.js: 15ms, application-code: 25ms)
2026-09-29T10:30:25.457Z [worker] agent run 8619a62e-bf5e-4a28-96f1-8846c914c683 claimed
 GET /api/agents/074bb196-874e-4762-abaa-1af80046ec0e/runs 200 in 29ms (next.js: 16ms, application-code: 13ms)
 GET /api/agent-runs/8619a62e-bf5e-4a28-96f1-8846c914c683 200 in 36ms (next.js: 3ms, application-code: 33ms)
2026-09-29T10:30:25.515Z [worker] run 2556bc14-212a-4321-9692-a478941c7f4d claimed
2026-09-29T10:30:25.551Z [worker] run 2556bc14-212a-4321-9692-a478941c7f4d done
2026-09-29T10:30:26.056Z [worker] agent run 8619a62e-bf5e-4a28-96f1-8846c914c683 succeeded
 GET /api/agent-runs/8619a62e-bf5e-4a28-96f1-8846c914c683 200 in 40ms (next.js: 14ms, application-code: 27ms)
 GET /api/flows/90ca858a-4252-4d99-a9e3-091f3e4c5248/runs 200 in 29ms (next.js: 14ms, application-code: 15ms)
 POST /api/auth/sign-up/email 200 in 100ms (next.js: 16ms, application-code: 85ms)
 GET /api/test/outbox?email=e2e-a7270582%40flowline-e2e.test 200 in 10ms (next.js: 2ms, application-code: 8ms)
 POST /api/email 200 in 25ms (next.js: 2ms, application-code: 23ms)
 POST /api/auth/sign-in/email 200 in 76ms (next.js: 3ms, application-code: 73ms)
 POST /api/workspaces 201 in 33ms (next.js: 2ms, application-code: 31ms)
 POST /api/onboarding 200 in 20ms (next.js: 1.9ms, application-code: 18ms)
 POST /api/workspaces/0b9c3b92-f279-466c-9c05-f33ef78a44c5/ai/connections 201 in 62ms (next.js: 15ms, application-code: 47ms)
 PUT /api/workspaces/0b9c3b92-f279-466c-9c05-f33ef78a44c5/ai/default-route 200 in 43ms (next.js: 16ms, application-code: 27ms)
 PUT /api/workspaces/0b9c3b92-f279-466c-9c05-f33ef78a44c5/ai/policy 200 in 39ms (next.js: 17ms, application-code: 22ms)
 GET /w/e2e-82ee0b/flows 200 in 69ms (next.js: 17ms, application-code: 52ms)
 GET /api/health 200 in 9ms (next.js: 3ms, application-code: 6ms)
 GET /api/workspaces/0b9c3b92-f279-466c-9c05-f33ef78a44c5/usage 200 in 107ms (next.js: 22ms, application-code: 85ms)
 GET /api/workspaces/0b9c3b92-f279-466c-9c05-f33ef78a44c5/flows 200 in 108ms (next.js: 71ms, application-code: 37ms)
 GET /api/workspaces/0b9c3b92-f279-466c-9c05-f33ef78a44c5/overview 200 in 123ms (next.js: 48ms, application-code: 75ms)
 POST /api/workspaces/0b9c3b92-f279-466c-9c05-f33ef78a44c5/copilot 201 in 152ms (next.js: 23ms, application-code: 129ms)
 POST /api/workspaces/0b9c3b92-f279-466c-9c05-f33ef78a44c5/copilot/42f66c6f-ef14-47f3-8c6d-bc7c8c3e771b 200 in 44ms (next.js: 16ms, application-code: 27ms)
 GET /api/workspaces/0b9c3b92-f279-466c-9c05-f33ef78a44c5/flows 200 in 15ms (next.js: 2ms, application-code: 12ms)
 POST /api/workspaces/0b9c3b92-f279-466c-9c05-f33ef78a44c5/copilot 201 in 106ms (next.js: 2ms, application-code: 103ms)
 POST /api/workspaces/0b9c3b92-f279-466c-9c05-f33ef78a44c5/copilot/1a1809c6-7a65-4003-a6e9-a65b6669a4b2 200 in 42ms (next.js: 3ms, application-code: 39ms)
 GET /w/e2e-82ee0b/flows/702cde0e-c7e2-4387-85b9-a5c3eb9fb7b1 200 in 40ms (next.js: 19ms, application-code: 22ms)
 GET /api/flows/702cde0e-c7e2-4387-85b9-a5c3eb9fb7b1 200 in 30ms (next.js: 17ms, application-code: 13ms)
 GET /api/flows/702cde0e-c7e2-4387-85b9-a5c3eb9fb7b1/publish 200 in 51ms (next.js: 16ms, application-code: 35ms)
 GET /api/flows/702cde0e-c7e2-4387-85b9-a5c3eb9fb7b1/runs 200 in 41ms (next.js: 17ms, application-code: 24ms)
 GET /api/workspaces/0b9c3b92-f279-466c-9c05-f33ef78a44c5/flows 200 in 41ms (next.js: 16ms, application-code: 25ms)
 GET /api/flows/702cde0e-c7e2-4387-85b9-a5c3eb9fb7b1/runs 200 in 24ms (next.js: 2ms, application-code: 21ms)
 POST /api/auth/sign-up/email 200 in 99ms (next.js: 15ms, application-code: 83ms)
 GET /api/test/outbox?email=e2e-fff0ed8c%40flowline-e2e.test 200 in 10ms (next.js: 1.9ms, application-code: 8ms)
 POST /api/email 200 in 24ms (next.js: 2ms, application-code: 22ms)
 POST /api/auth/sign-in/email 200 in 75ms (next.js: 2ms, application-code: 73ms)
 POST /api/workspaces 201 in 32ms (next.js: 3ms, application-code: 30ms)
 POST /api/onboarding 200 in 14ms (next.js: 2ms, application-code: 11ms)
 POST /api/workspaces/a6025daa-3c6c-435f-9ea4-956e7466eaee/ai/connections 201 in 79ms (next.js: 17ms, application-code: 62ms)
 PUT /api/workspaces/a6025daa-3c6c-435f-9ea4-956e7466eaee/ai/default-route 200 in 48ms (next.js: 19ms, application-code: 29ms)
 PUT /api/workspaces/a6025daa-3c6c-435f-9ea4-956e7466eaee/ai/policy 200 in 36ms (next.js: 19ms, application-code: 17ms)
 POST /api/workspaces/a6025daa-3c6c-435f-9ea4-956e7466eaee/flows 201 in 27ms (next.js: 3ms, application-code: 24ms)
 PUT /api/flows/7fc4f8e0-b49f-41b3-ad25-3a9d37df23cc 200 in 40ms (next.js: 17ms, application-code: 23ms)
 POST /api/flows/7fc4f8e0-b49f-41b3-ad25-3a9d37df23cc/publish 201 in 53ms (next.js: 17ms, application-code: 36ms)
 POST /api/workspaces/a6025daa-3c6c-435f-9ea4-956e7466eaee/agents 201 in 55ms (next.js: 18ms, application-code: 37ms)
 POST /api/workspaces/a6025daa-3c6c-435f-9ea4-956e7466eaee/invites 201 in 63ms (next.js: 17ms, application-code: 46ms)
 POST /api/auth/sign-up/email 200 in 107ms (next.js: 17ms, application-code: 90ms)
 GET /api/test/outbox?email=vw-3ddb0ff5%40flowline-e2e.test 200 in 10ms (next.js: 3ms, application-code: 7ms)
 POST /api/email 200 in 29ms (next.js: 3ms, application-code: 26ms)
 POST /api/auth/sign-in/email 200 in 82ms (next.js: 4ms, application-code: 78ms)
 POST /api/invites/QdLvh07c49ilTg0uofhlGe2fyTnh6W0yDx3WjH_IyqQ 200 in 55ms (next.js: 19ms, application-code: 36ms)
 GET /w/e2e-148b5c/agents/a6dcf62a-ae34-485d-9697-196d9939fba3 200 in 83ms (next.js: 18ms, application-code: 64ms)
 GET /api/health 200 in 29ms (next.js: 3ms, application-code: 25ms)
 GET /api/agents/a6dcf62a-ae34-485d-9697-196d9939fba3 200 in 33ms (next.js: 17ms, application-code: 17ms)
 GET /api/agents/a6dcf62a-ae34-485d-9697-196d9939fba3/runs 200 in 38ms (next.js: 18ms, application-code: 20ms)
 POST /api/agents/a6dcf62a-ae34-485d-9697-196d9939fba3/runs 202 in 49ms (next.js: 2ms, application-code: 47ms)
2026-09-29T10:30:31.579Z [worker] agent run 5789ccfb-ecc1-4af7-b7eb-5db7b3cafba3 claimed
 GET /api/agent-runs/5789ccfb-ecc1-4af7-b7eb-5db7b3cafba3 200 in 41ms (next.js: 19ms, application-code: 22ms)
2026-09-29T10:30:31.654Z [worker] agent run 5789ccfb-ecc1-4af7-b7eb-5db7b3cafba3 waiting for approval
 GET /api/agent-runs/5789ccfb-ecc1-4af7-b7eb-5db7b3cafba3 200 in 37ms (next.js: 14ms, application-code: 23ms)
 GET /w/e2e-148b5c/flows 200 in 60ms (next.js: 16ms, application-code: 44ms)
 GET /api/health 200 in 11ms (next.js: 3ms, application-code: 7ms)
 GET /api/workspaces/a6025daa-3c6c-435f-9ea4-956e7466eaee/flows 200 in 77ms (next.js: 62ms, application-code: 15ms)
 GET /api/workspaces/a6025daa-3c6c-435f-9ea4-956e7466eaee/usage 200 in 80ms (next.js: 23ms, application-code: 57ms)
 GET /api/workspaces/a6025daa-3c6c-435f-9ea4-956e7466eaee/overview 200 in 89ms (next.js: 43ms, application-code: 46ms)
 GET /w/e2e-148b5c/agents/a6dcf62a-ae34-485d-9697-196d9939fba3?tab=runs&run=5789ccfb-ecc1-4af7-b7eb-5db7b3cafba3 200 in 32ms (next.js: 17ms, application-code: 15ms)
 GET /api/agents/a6dcf62a-ae34-485d-9697-196d9939fba3 200 in 41ms (next.js: 21ms, application-code: 20ms)
 GET /api/agents/a6dcf62a-ae34-485d-9697-196d9939fba3/runs 200 in 40ms (next.js: 19ms, application-code: 21ms)
 GET /api/agent-runs/5789ccfb-ecc1-4af7-b7eb-5db7b3cafba3 200 in 39ms (next.js: 17ms, application-code: 22ms)
 GET /w/e2e-148b5c/agents/a6dcf62a-ae34-485d-9697-196d9939fba3 200 in 55ms (next.js: 3ms, application-code: 52ms)
 GET /api/health 200 in 8ms (next.js: 3ms, application-code: 6ms)
 GET /api/agents/a6dcf62a-ae34-485d-9697-196d9939fba3 200 in 22ms (next.js: 3ms, application-code: 19ms)
 GET /api/agents/a6dcf62a-ae34-485d-9697-196d9939fba3/runs 200 in 30ms (next.js: 3ms, application-code: 28ms)
 GET /api/agent-runs/5789ccfb-ecc1-4af7-b7eb-5db7b3cafba3 200 in 40ms (next.js: 18ms, application-code: 22ms)
 POST /api/approvals/95982115-5a4a-4f2e-b80b-4380c1cf8170/decide 200 in 56ms (next.js: 18ms, application-code: 38ms)
2026-09-29T10:30:34.950Z [worker] agent run 5789ccfb-ecc1-4af7-b7eb-5db7b3cafba3 claimed
 GET /api/agents/a6dcf62a-ae34-485d-9697-196d9939fba3/runs 200 in 34ms (next.js: 21ms, application-code: 13ms)
 GET /api/agent-runs/5789ccfb-ecc1-4af7-b7eb-5db7b3cafba3 200 in 38ms (next.js: 2ms, application-code: 36ms)
2026-09-29T10:30:35.014Z [worker] run 0c95ca57-4090-49e8-aaa6-95b9f4f8a907 claimed
2026-09-29T10:30:35.053Z [worker] run 0c95ca57-4090-49e8-aaa6-95b9f4f8a907 done
2026-09-29T10:30:35.560Z [worker] agent run 5789ccfb-ecc1-4af7-b7eb-5db7b3cafba3 succeeded
 GET /api/agent-runs/5789ccfb-ecc1-4af7-b7eb-5db7b3cafba3 200 in 29ms (next.js: 15ms, application-code: 13ms)
 GET /api/flows/7fc4f8e0-b49f-41b3-ad25-3a9d37df23cc/runs 200 in 32ms (next.js: 14ms, application-code: 18ms)
 POST /api/auth/sign-up/email 200 in 102ms (next.js: 17ms, application-code: 86ms)
 GET /api/test/outbox?email=e2e-6e68cda4%40flowline-e2e.test 200 in 8ms (next.js: 2ms, application-code: 6ms)
 POST /api/email 200 in 25ms (next.js: 2ms, application-code: 22ms)
 POST /api/auth/sign-in/email 200 in 68ms (next.js: 1.9ms, application-code: 66ms)
 POST /api/workspaces 201 in 33ms (next.js: 1.9ms, application-code: 31ms)
 POST /api/onboarding 200 in 22ms (next.js: 1.9ms, application-code: 20ms)
 GET /w/e2e-fc836b/knowledge 200 in 63ms (next.js: 16ms, application-code: 47ms)
 GET /api/health 200 in 7ms (next.js: 3ms, application-code: 5ms)
 GET /api/workspaces/b080b29e-7185-46f8-9574-3faf6865dd56/knowledge 200 in 39ms (next.js: 17ms, application-code: 22ms)
 GET /sign-in 200 in 39ms (next.js: 3ms, application-code: 37ms)
 GET /api/auth-config 200 in 8ms (next.js: 3ms, application-code: 5ms)
 GET /api/sso/start?workspace=no-such-workspace-xyz 307 in 18ms (next.js: 2ms, application-code: 16ms)
 GET /sign-in?sso_error=SSO%20isn%27t%20set%20up%20for%20that%20workspace 200 in 27ms (next.js: 2ms, application-code: 25ms)
 GET /api/auth-config 200 in 8ms (next.js: 2ms, application-code: 5ms)
 GET /sign-in 200 in 28ms (next.js: 3ms, application-code: 25ms)
 GET /api/auth-config 200 in 7ms (next.js: 2ms, application-code: 5ms)
[auth] User not found
 POST /api/auth/sign-in/email 401 in 80ms (next.js: 16ms, application-code: 64ms)
 POST /api/auth/sign-up/email 200 in 100ms (next.js: 15ms, application-code: 84ms)
 GET /api/test/outbox?email=e2e-9ad0ef5b%40flowline-e2e.test 200 in 9ms (next.js: 3ms, application-code: 6ms)
 POST /api/email 200 in 20ms (next.js: 1.8ms, application-code: 18ms)
 POST /api/auth/sign-in/email 200 in 69ms (next.js: 2ms, application-code: 67ms)
 POST /api/workspaces 201 in 44ms (next.js: 1.8ms, application-code: 42ms)
 POST /api/onboarding 200 in 19ms (next.js: 2ms, application-code: 17ms)
 POST /api/workspaces/90a3606d-8271-4d3e-9b9b-b500b4a59435/flows 201 in 31ms (next.js: 14ms, application-code: 17ms)
 POST /api/auth/sign-up/email 200 in 77ms (next.js: 2ms, application-code: 74ms)
 GET /api/test/outbox?email=e2e-02c1c3ca%40flowline-e2e.test 200 in 8ms (next.js: 1.8ms, application-code: 6ms)
 POST /api/email 200 in 19ms (next.js: 1.9ms, application-code: 17ms)
 POST /api/auth/sign-in/email 200 in 67ms (next.js: 1.7ms, application-code: 66ms)
 POST /api/workspaces 201 in 46ms (next.js: 2ms, application-code: 44ms)
 POST /api/onboarding 200 in 20ms (next.js: 2.0ms, application-code: 18ms)
 POST /api/workspaces/a79682dd-d629-4c07-b822-2ce791390995/flows 201 in 29ms (next.js: 2ms, application-code: 27ms)
 POST /api/flows/3be00440-a415-4a3d-93a4-e10268dfb202/runs 202 in 70ms (next.js: 16ms, application-code: 54ms)
2026-09-29T10:30:54.367Z [worker] run 15500c08-7050-40e9-bf55-90c1d2e1fb99 claimed
 GET /api/runs/15500c08-7050-40e9-bf55-90c1d2e1fb99 200 in 49ms (next.js: 16ms, application-code: 33ms)
2026-09-29T10:30:54.418Z [worker] run 15500c08-7050-40e9-bf55-90c1d2e1fb99 done
 GET /api/runs/15500c08-7050-40e9-bf55-90c1d2e1fb99 200 in 26ms (next.js: 3ms, application-code: 23ms)
 GET /w/tenant-b-22/flows 200 in 60ms (next.js: 16ms, application-code: 44ms)
 GET /api/health 200 in 9ms (next.js: 3ms, application-code: 6ms)
 GET /api/workspaces/a79682dd-d629-4c07-b822-2ce791390995/flows 200 in 94ms (next.js: 46ms, application-code: 49ms)
 GET /api/workspaces/a79682dd-d629-4c07-b822-2ce791390995/usage 200 in 96ms (next.js: 26ms, application-code: 70ms)
 GET /api/workspaces/a79682dd-d629-4c07-b822-2ce791390995/overview 200 in 112ms (next.js: 78ms, application-code: 34ms)
 GET /w/tenant-b-22/runs 200 in 63ms (next.js: 17ms, application-code: 46ms)
 GET /api/health 200 in 7ms (next.js: 3ms, application-code: 4ms)
 GET /api/workspaces/a79682dd-d629-4c07-b822-2ce791390995/runs?limit=25 200 in 43ms (next.js: 17ms, application-code: 27ms)
 GET /w/tenant-a-22/flows 404 in 81ms (next.js: 18ms, application-code: 63ms)
 GET /w/tenant-b-22/flows/3be00440-a415-4a3d-93a4-e10268dfb202 200 in 74ms (next.js: 21ms, application-code: 54ms)
 GET /api/health 200 in 8ms (next.js: 2ms, application-code: 6ms)
 GET /api/flows/3be00440-a415-4a3d-93a4-e10268dfb202 404 in 39ms (next.js: 25ms, application-code: 14ms)
 GET /api/flows/3be00440-a415-4a3d-93a4-e10268dfb202 404 in 29ms (next.js: 3ms, application-code: 26ms)
 GET /api/runs/15500c08-7050-40e9-bf55-90c1d2e1fb99 404 in 42ms (next.js: 17ms, application-code: 25ms)
 GET /api/workspaces/90a3606d-8271-4d3e-9b9b-b500b4a59435/runs 404 in 12ms (next.js: 3ms, application-code: 10ms)
 GET /api/workspaces/90a3606d-8271-4d3e-9b9b-b500b4a59435/flows 404 in 39ms (next.js: 17ms, application-code: 21ms)
 GET /api/flows/3be00440-a415-4a3d-93a4-e10268dfb202/versions 404 in 28ms (next.js: 15ms, application-code: 13ms)
 PUT /api/flows/3be00440-a415-4a3d-93a4-e10268dfb202 404 in 28ms (next.js: 2ms, application-code: 26ms)
 POST /api/flows/3be00440-a415-4a3d-93a4-e10268dfb202/runs 404 in 39ms (next.js: 18ms, application-code: 21ms)
 POST /api/runs/15500c08-7050-40e9-bf55-90c1d2e1fb99/rerun 404 in 29ms (next.js: 16ms, application-code: 13ms)
 GET /api/flows/3be00440-a415-4a3d-93a4-e10268dfb202 200 in 27ms (next.js: 2ms, application-code: 25ms)
 GET /api/health?require=worker 200 in 137ms (next.js: 133ms, application-code: 4ms)
 GET /api/health?require=worker 200 in 5ms (next.js: 1.7ms, application-code: 3ms)
 POST /api/auth/sign-up/email 200 in 91ms (next.js: 14ms, application-code: 77ms)
 GET /api/test/outbox?email=e2e-9470bb2f%40flowline-e2e.test 200 in 9ms (next.js: 1.9ms, application-code: 7ms)
 POST /api/email 200 in 19ms (next.js: 1.8ms, application-code: 17ms)
 POST /api/auth/sign-in/email 200 in 67ms (next.js: 1.8ms, application-code: 65ms)
 POST /api/workspaces 201 in 19ms (next.js: 1.9ms, application-code: 17ms)
 POST /api/onboarding 200 in 19ms (next.js: 2ms, application-code: 17ms)
 GET /w/e2e-84c986/settings?tab=ai 200 in 56ms (next.js: 14ms, application-code: 42ms)
 GET /api/health 200 in 8ms (next.js: 2ms, application-code: 6ms)
 GET /api/workspaces/69214674-ed4e-4476-930c-243f7d4ceaa1/ai 200 in 43ms (next.js: 16ms, application-code: 27ms)
 GET /api/workspaces/69214674-ed4e-4476-930c-243f7d4ceaa1/ai/models 200 in 33ms (next.js: 15ms, application-code: 17ms)
 POST /api/workspaces/69214674-ed4e-4476-930c-243f7d4ceaa1/ai/connections 201 in 77ms (next.js: 18ms, application-code: 60ms)
 GET /api/workspaces/69214674-ed4e-4476-930c-243f7d4ceaa1/ai/models 200 in 23ms (next.js: 6ms, application-code: 17ms)
 GET /api/workspaces/69214674-ed4e-4476-930c-243f7d4ceaa1/ai 200 in 25ms (next.js: 3ms, application-code: 22ms)
[?25h
 ELIFECYCLE  Command failed with exit code 1.
