
> flowline@0.1.0 dev:test C:\Users\Abdelrahman\Desktop\Personal_Project\FL-wt-aihub
> node scripts/dev-test.mjs

npm warn Unknown env config "npm-globalconfig". This will stop working in the next major version of npm.
npm warn Unknown env config "verify-deps-before-run". This will stop working in the next major version of npm.
npm warn Unknown env config "_jsr-registry". This will stop working in the next major version of npm.
[seed-platform] test platform credentials ready
npm warn Unknown env config "npm-globalconfig". This will stop working in the next major version of npm.
npm warn Unknown env config "verify-deps-before-run". This will stop working in the next major version of npm.
npm warn Unknown env config "_jsr-registry". This will stop working in the next major version of npm.
npm warn Unknown env config "npm-globalconfig". This will stop working in the next major version of npm.
npm warn Unknown env config "verify-deps-before-run". This will stop working in the next major version of npm.
npm warn Unknown env config "_jsr-registry". This will stop working in the next major version of npm.
npm warn Unknown env config "npm-globalconfig". This will stop working in the next major version of npm.
npm warn Unknown env config "verify-deps-before-run". This will stop working in the next major version of npm.
npm warn Unknown env config "_jsr-registry". This will stop working in the next major version of npm.
npm warn Unknown env config "npm-globalconfig". This will stop working in the next major version of npm.
npm warn Unknown env config "verify-deps-before-run". This will stop working in the next major version of npm.
npm warn Unknown env config "_jsr-registry". This will stop working in the next major version of npm.
[fake-ai] listening on http://127.0.0.1:4021
Fake provider server listening on http://127.0.0.1:4020
Control API: POST http://127.0.0.1:4020/__fake/reset | GET http://127.0.0.1:4020/__fake/requests?provider=slack | GET http://127.0.0.1:4020/__fake/state/slack | POST http://127.0.0.1:4020/__fake/fault
▲ Next.js 16.3.6 (Turbopack)
- Local:         http://localhost:3100
- Network:       http://100.73.156.121:3100
- Environments: .env
✓ Ready in 407ms
✓ Running next.config.ts took 56ms
2026-09-29T09:35:41.795Z [worker] starting LAPTOP-AGGSOJ7U-49416-d7cec3
2026-09-29T09:35:41.861Z [worker] agent run e0588239-8e4d-4efe-aca3-f369f825e2b3 claimed
2026-09-29T09:35:41.866Z [worker] agent run f60f22fa-cb3e-4da5-b569-5a7daa121c03 claimed
2026-09-29T09:35:41.882Z [worker] agent run 6c8ac13d-8aeb-4485-bd0a-1a2d85121be2 claimed
2026-09-29T09:35:41.898Z [worker] agent run 639dd7ae-4751-4365-a4eb-359df5d094d7 claimed
2026-09-29T09:35:41.976Z [worker] agent run e0588239-8e4d-4efe-aca3-f369f825e2b3 succeeded
2026-09-29T09:35:41.978Z [worker] agent run f60f22fa-cb3e-4da5-b569-5a7daa121c03 succeeded
2026-09-29T09:35:41.985Z [worker] agent run 6c8ac13d-8aeb-4485-bd0a-1a2d85121be2 succeeded
2026-09-29T09:35:41.992Z [worker] agent run 639dd7ae-4751-4365-a4eb-359df5d094d7 succeeded
2026-09-29T09:35:41.995Z [worker] agent run 3f252cf8-dd90-48f5-bf77-76fd3b8891a4 claimed
2026-09-29T09:35:41.997Z [worker] agent run f3958bca-382c-4689-ac51-f776cd71b392 claimed
2026-09-29T09:35:41.999Z [worker] agent run 925be8b0-53e5-4d8f-959d-87d5d45df2be claimed
2026-09-29T09:35:42.001Z [worker] agent run 0c3817da-1b9f-49ba-904d-a462a54bce3d claimed
2026-09-29T09:35:42.064Z [worker] agent run 0c3817da-1b9f-49ba-904d-a462a54bce3d succeeded
2026-09-29T09:35:42.068Z [worker] agent run f3958bca-382c-4689-ac51-f776cd71b392 succeeded
2026-09-29T09:35:42.069Z [worker] agent run 68f3147e-01c3-4d6d-8f08-c67b3bde278a claimed
2026-09-29T09:35:42.071Z [worker] agent run aa529d12-bda6-4529-ab2b-ff2c6332f3db claimed
2026-09-29T09:35:42.072Z [worker] agent run 925be8b0-53e5-4d8f-959d-87d5d45df2be succeeded
2026-09-29T09:35:42.078Z [worker] agent run 68f3147e-01c3-4d6d-8f08-c67b3bde278a failed
2026-09-29T09:35:42.079Z [worker] agent run 3f252cf8-dd90-48f5-bf77-76fd3b8891a4 succeeded
2026-09-29T09:35:42.080Z [worker] agent run aa529d12-bda6-4529-ab2b-ff2c6332f3db failed

 GET /api/health?require=worker 200 in 373ms (next.js: 269ms, application-code: 104ms)
 GET /sign-in 200 in 260ms (next.js: 82ms, application-code: 177ms)
 GET /sign-up 200 in 43ms (next.js: 15ms, application-code: 28ms)
 GET /w 404 in 41ms (next.js: 18ms, application-code: 23ms)
[auth] [better-auth] Cookie integration plugin "next-cookies" should be placed last in the plugins array. Plugins with `hooks.after` running after it may set cookies that are not forwarded to the framework cookie store. Move your cookie integration plugin to the end of the `plugins` array to avoid missing `Set-Cookie` headers.
 GET /admin 404 in 278ms (next.js: 136ms, application-code: 142ms)
 GET /admin/setup 200 in 46ms (next.js: 18ms, application-code: 29ms)
 GET /api/health?require=worker 200 in 8ms (next.js: 2ms, application-code: 6ms)
 GET /api/health?require=worker 200 in 5ms (next.js: 1.3ms, application-code: 4ms)
 GET /admin/setup 200 in 32ms (next.js: 10ms, application-code: 23ms)
 GET /api/platform/setup 404 in 126ms (next.js: 102ms, application-code: 24ms)
 POST /api/platform/setup/redeem 200 in 94ms (next.js: 57ms, application-code: 37ms)
[auth] [better-auth] Cookie integration plugin "next-cookies" should be placed last in the plugins array. Plugins with `hooks.after` running after it may set cookies that are not forwarded to the framework cookie store. Move your cookie integration plugin to the end of the `plugins` array to avoid missing `Set-Cookie` headers.
 GET /api/platform/setup 200 in 13ms (next.js: 1.7ms, application-code: 11ms)
 POST /api/auth/sign-up/email 200 in 871ms (next.js: 779ms, application-code: 93ms)
 GET /api/test/outbox?email=platform-admin-6d24e1a8%40flowline-e2e.test 200 in 42ms (next.js: 33ms, application-code: 9ms)
 POST /api/email 200 in 63ms (next.js: 39ms, application-code: 24ms)
 POST /api/auth/sign-in/email 200 in 86ms (next.js: 15ms, application-code: 71ms)
 GET /admin/setup 200 in 24ms (next.js: 3ms, application-code: 21ms)
 GET /api/platform/setup 200 in 20ms (next.js: 2.0ms, application-code: 18ms)
 POST /api/auth/two-factor/enable 200 in 79ms (next.js: 1.7ms, application-code: 78ms)
 POST /api/auth/two-factor/verify-totp 200 in 29ms (next.js: 1.7ms, application-code: 27ms)
 GET /api/platform/setup 200 in 15ms (next.js: 1.9ms, application-code: 13ms)
 POST /api/platform/setup/complete 200 in 72ms (next.js: 32ms, application-code: 40ms)
 GET /admin 200 in 48ms (next.js: 8ms, application-code: 40ms)
 GET /api/platform/me 200 in 83ms (next.js: 30ms, application-code: 53ms)
 GET /api/platform/credentials 200 in 107ms (next.js: 69ms, application-code: 38ms)
 GET /api/platform/admins 200 in 121ms (next.js: 31ms, application-code: 89ms)
 GET /api/platform/audit 200 in 124ms (next.js: 60ms, application-code: 63ms)
 POST /api/platform/step-up 200 in 74ms (next.js: 31ms, application-code: 43ms)
2026-09-29T09:35:51.908Z [worker] run d8633476-8e13-45f2-a026-2d8323768d96 claimed
2026-09-29T09:35:51.950Z [worker] run 6b5fd866-4fbc-43b8-8790-3452c789247b claimed
 GET /api/platform/me 200 in 18ms (next.js: 3ms, application-code: 16ms)
2026-09-29T09:35:51.998Z [worker] run 4987bcff-0ac0-43dc-ad65-d7c1babb07d0 claimed
2026-09-29T09:35:52.012Z [worker] run d8633476-8e13-45f2-a026-2d8323768d96 done
2026-09-29T09:35:52.018Z [worker] run 6b5fd866-4fbc-43b8-8790-3452c789247b done
2026-09-29T09:35:52.034Z [worker] run 9014bf2b-523c-47ae-aad0-f6b5e8a70d2e claimed
2026-09-29T09:35:52.035Z [worker] run 4987bcff-0ac0-43dc-ad65-d7c1babb07d0 done
2026-09-29T09:35:52.058Z [worker] run 17fef1c4-267d-45ea-b358-1d11aef96e0d claimed
2026-09-29T09:35:52.077Z [worker] run 9014bf2b-523c-47ae-aad0-f6b5e8a70d2e done
2026-09-29T09:35:52.085Z [worker] run bb6b4d60-6777-4d00-bf85-00427453b7bc claimed
2026-09-29T09:35:52.094Z [worker] run 17fef1c4-267d-45ea-b358-1d11aef96e0d done
2026-09-29T09:35:52.113Z [worker] run bb6b4d60-6777-4d00-bf85-00427453b7bc done
2026-09-29T09:35:52.120Z [worker] run 8bf7f258-8395-4ab9-b18d-348d1278943d claimed
2026-09-29T09:35:52.151Z [worker] run 8bf7f258-8395-4ab9-b18d-348d1278943d done
2026-09-29T09:35:52.153Z [worker] run ceb25bbe-c6cd-4e54-a13b-80a5accc19f8 claimed
2026-09-29T09:35:52.184Z [worker] run 25262c2c-9cc9-4490-9df3-2ea713981a88 claimed
2026-09-29T09:35:52.187Z [worker] run ceb25bbe-c6cd-4e54-a13b-80a5accc19f8 done
2026-09-29T09:35:52.209Z [worker] run 5877b779-0661-4420-b6fc-92bf1607b5fc claimed
2026-09-29T09:35:52.212Z [worker] run 25262c2c-9cc9-4490-9df3-2ea713981a88 done
2026-09-29T09:35:52.235Z [worker] run 26113334-9230-4a5e-941c-bff09f40ec96 claimed
2026-09-29T09:35:52.240Z [worker] run 5877b779-0661-4420-b6fc-92bf1607b5fc done
2026-09-29T09:35:52.261Z [worker] run eb06f46c-1359-43f6-a74c-fef429f5a572 claimed
2026-09-29T09:35:52.265Z [worker] run 26113334-9230-4a5e-941c-bff09f40ec96 done
2026-09-29T09:35:52.287Z [worker] run a6cefb56-78f8-4975-bad3-959273cc0f42 claimed
2026-09-29T09:35:52.290Z [worker] run eb06f46c-1359-43f6-a74c-fef429f5a572 done
2026-09-29T09:35:52.313Z [worker] run 28893216-30b7-4160-b40a-ad3422209858 claimed
2026-09-29T09:35:52.316Z [worker] run a6cefb56-78f8-4975-bad3-959273cc0f42 done
2026-09-29T09:35:52.337Z [worker] run 5ae6facf-ba46-498e-9731-1e9c9b059c87 claimed
2026-09-29T09:35:52.344Z [worker] run 28893216-30b7-4160-b40a-ad3422209858 done
2026-09-29T09:35:52.365Z [worker] run 5ae6facf-ba46-498e-9731-1e9c9b059c87 done
2026-09-29T09:35:52.373Z [worker] run 4e94be88-5cc8-4c96-a4f9-7493a8aca3bc claimed
2026-09-29T09:35:52.400Z [worker] run 5520b70e-3aa7-4f84-8a8c-41696735ab1d claimed
2026-09-29T09:35:52.401Z [worker] run 4e94be88-5cc8-4c96-a4f9-7493a8aca3bc done
2026-09-29T09:35:52.426Z [worker] run 2b84dd1c-9750-465c-ab1d-6ca847c44282 claimed
2026-09-29T09:35:52.428Z [worker] run 5520b70e-3aa7-4f84-8a8c-41696735ab1d done
2026-09-29T09:35:52.448Z [worker] run bed0b2bf-a7aa-4751-90b0-17e0762287aa claimed
2026-09-29T09:35:52.453Z [worker] run 2b84dd1c-9750-465c-ab1d-6ca847c44282 done
2026-09-29T09:35:52.472Z [worker] run 6624a91f-fb99-4036-9c86-c1537bc43490 claimed
2026-09-29T09:35:52.476Z [worker] run bed0b2bf-a7aa-4751-90b0-17e0762287aa done
2026-09-29T09:35:52.496Z [worker] run e5e2206f-8060-4281-a495-e39b32d201f7 claimed
2026-09-29T09:35:52.498Z [worker] run 6624a91f-fb99-4036-9c86-c1537bc43490 done
2026-09-29T09:35:52.517Z [worker] run 8b197053-9460-4216-bcf1-4828ed4eb77c claimed
2026-09-29T09:35:52.522Z [worker] run e5e2206f-8060-4281-a495-e39b32d201f7 done
2026-09-29T09:35:52.540Z [worker] run eebbb52b-7b79-4703-bbdc-d9e9528ec918 claimed
2026-09-29T09:35:52.545Z [worker] run 8b197053-9460-4216-bcf1-4828ed4eb77c done
2026-09-29T09:35:52.564Z [worker] run 18570b6f-ca44-4251-a628-75bdc5675abf claimed
2026-09-29T09:35:52.567Z [worker] run eebbb52b-7b79-4703-bbdc-d9e9528ec918 done
2026-09-29T09:35:52.584Z [worker] run a9087a7b-e4ce-46a0-abc2-696592dc85cc claimed
2026-09-29T09:35:52.590Z [worker] run 18570b6f-ca44-4251-a628-75bdc5675abf done
2026-09-29T09:35:52.606Z [worker] run bc6ae894-4ae4-4e34-bf67-c994dff8608e claimed
2026-09-29T09:35:52.609Z [worker] run a9087a7b-e4ce-46a0-abc2-696592dc85cc done
2026-09-29T09:35:52.627Z [worker] run 32d9f1d1-b975-4e74-8354-7aebf717d170 claimed
2026-09-29T09:35:52.632Z [worker] run bc6ae894-4ae4-4e34-bf67-c994dff8608e done
2026-09-29T09:35:52.648Z [worker] run c4cfc627-b297-40c8-b5f2-354235f7327b claimed
2026-09-29T09:35:52.653Z [worker] run 32d9f1d1-b975-4e74-8354-7aebf717d170 done
2026-09-29T09:35:52.670Z [worker] run d8d8a54e-b363-48b9-80c5-b1057c851fd2 claimed
2026-09-29T09:35:52.675Z [worker] run c4cfc627-b297-40c8-b5f2-354235f7327b done
2026-09-29T09:35:52.700Z [worker] run d8d8a54e-b363-48b9-80c5-b1057c851fd2 done
2026-09-29T09:35:52.707Z [worker] run e6316694-a8ea-4620-8c90-f1a505dfb966 claimed
2026-09-29T09:35:52.734Z [worker] run 6b4851f5-e8d5-499f-b958-fe1b95878031 claimed
2026-09-29T09:35:52.736Z [worker] run e6316694-a8ea-4620-8c90-f1a505dfb966 done
2026-09-29T09:35:52.761Z [worker] run f2e0a712-1a5e-4135-af82-e7e813202c27 claimed
2026-09-29T09:35:52.762Z [worker] run 6b4851f5-e8d5-499f-b958-fe1b95878031 done
2026-09-29T09:35:52.783Z [worker] run 867cd296-7433-4b40-9672-17fed6443d36 claimed
2026-09-29T09:35:52.791Z [worker] run f2e0a712-1a5e-4135-af82-e7e813202c27 done
2026-09-29T09:35:52.807Z [worker] run 0bc00339-bd4d-49a0-bc4a-568672e4b0fc claimed
2026-09-29T09:35:52.814Z [worker] run 867cd296-7433-4b40-9672-17fed6443d36 done
2026-09-29T09:35:52.830Z [worker] run 1f3b2958-ef86-4e8d-b256-3e24f33260c6 claimed
2026-09-29T09:35:52.833Z [worker] run 0bc00339-bd4d-49a0-bc4a-568672e4b0fc done
2026-09-29T09:35:52.859Z [worker] run 0fe6185b-c696-4f60-acb6-dad233c54d3b claimed
2026-09-29T09:35:52.861Z [worker] run 1f3b2958-ef86-4e8d-b256-3e24f33260c6 done
2026-09-29T09:35:52.883Z [worker] run 70806128-0dbb-4454-b311-aa8a581143cc claimed
2026-09-29T09:35:52.887Z [worker] run 0fe6185b-c696-4f60-acb6-dad233c54d3b done
2026-09-29T09:35:52.905Z [worker] run e122d40a-fdd8-4f3b-8a1b-397d48e6e7de claimed
2026-09-29T09:35:52.912Z [worker] run 70806128-0dbb-4454-b311-aa8a581143cc done
2026-09-29T09:35:52.931Z [worker] run ee5905fe-31ac-4ff0-924b-7c177040f1c8 claimed
2026-09-29T09:35:52.935Z [worker] run e122d40a-fdd8-4f3b-8a1b-397d48e6e7de done
2026-09-29T09:35:52.954Z [worker] run c2d8afff-221a-419f-9663-92fa717ae1a7 claimed
2026-09-29T09:35:52.961Z [worker] run ee5905fe-31ac-4ff0-924b-7c177040f1c8 done
2026-09-29T09:35:52.982Z [worker] run c2d8afff-221a-419f-9663-92fa717ae1a7 done
2026-09-29T09:35:52.982Z [worker] run b274943d-0030-4901-b05b-b9d94d49ed29 claimed
2026-09-29T09:35:53.010Z [worker] run b274943d-0030-4901-b05b-b9d94d49ed29 done
2026-09-29T09:35:53.014Z [worker] run cd038077-9ced-43c9-9662-11d84c7fb190 claimed
2026-09-29T09:35:53.040Z [worker] run bae5ac1a-5403-4692-9db9-638e6ebe0a29 claimed
2026-09-29T09:35:53.044Z [worker] run cd038077-9ced-43c9-9662-11d84c7fb190 done
 PUT /api/platform/credentials/integration.github 200 in 878ms (next.js: 836ms, application-code: 42ms)
2026-09-29T09:35:53.071Z [worker] run 59f88c10-f701-4bfc-85ef-1de2572ce276 claimed
2026-09-29T09:35:53.076Z [worker] run bae5ac1a-5403-4692-9db9-638e6ebe0a29 done
 GET /api/platform/credentials 200 in 27ms (next.js: 1.8ms, application-code: 26ms)
2026-09-29T09:35:53.099Z [worker] run 59f88c10-f701-4bfc-85ef-1de2572ce276 done
 GET /admin 200 in 57ms (next.js: 2ms, application-code: 54ms)
 GET /api/platform/me 200 in 16ms (next.js: 1.8ms, application-code: 14ms)
 GET /api/platform/credentials 200 in 21ms (next.js: 4ms, application-code: 17ms)
2026-09-29T09:35:53.425Z [worker] run cc4c8e19-0c0d-4a1c-a04b-fd9a6a88a568 claimed
2026-09-29T09:35:53.454Z [worker] run cc4c8e19-0c0d-4a1c-a04b-fd9a6a88a568 done
 GET /api/platform/audit 200 in 16ms (next.js: 2ms, application-code: 14ms)
 GET /api/platform/admins 200 in 22ms (next.js: 1.9ms, application-code: 20ms)
2026-09-29T09:35:53.724Z [worker] run e7511a39-3040-40c1-9821-078a6c6ed745 claimed
2026-09-29T09:35:53.729Z [worker] run 3777817c-3b60-4eb5-8123-86da2120bf84 claimed
2026-09-29T09:35:53.734Z [worker] run c71053c2-0a35-4636-98c0-e5f2b0ba5d75 claimed
2026-09-29T09:35:53.751Z [worker] run e7511a39-3040-40c1-9821-078a6c6ed745 done
2026-09-29T09:35:53.757Z [worker] run 3777817c-3b60-4eb5-8123-86da2120bf84 done
2026-09-29T09:35:53.758Z [worker] run 7b0d91ce-bae6-420f-b249-bae848cfcd05 claimed
2026-09-29T09:35:53.762Z [worker] run 9c534f01-ba77-41cf-92dc-0a45789f06f4 claimed
2026-09-29T09:35:53.763Z [worker] run c71053c2-0a35-4636-98c0-e5f2b0ba5d75 done
2026-09-29T09:35:53.768Z [worker] run 8a9621ee-4073-4a85-9257-6567f49ba61c claimed
2026-09-29T09:35:53.789Z [worker] run 7b0d91ce-bae6-420f-b249-bae848cfcd05 done
2026-09-29T09:35:53.794Z [worker] run 9c534f01-ba77-41cf-92dc-0a45789f06f4 done
2026-09-29T09:35:53.795Z [worker] run 8a9621ee-4073-4a85-9257-6567f49ba61c done
2026-09-29T09:35:53.795Z [worker] run 0d9fc7f6-5b46-4875-81cc-abb5c588ee1d claimed
2026-09-29T09:35:53.799Z [worker] run ee095b33-fe7d-4ba8-89bd-a072a69da440 claimed
2026-09-29T09:35:53.803Z [worker] run 1252f50d-119f-4ca6-9bf3-39b471025a5f claimed
2026-09-29T09:35:53.822Z [worker] run 0d9fc7f6-5b46-4875-81cc-abb5c588ee1d done
2026-09-29T09:35:53.826Z [worker] run ee095b33-fe7d-4ba8-89bd-a072a69da440 done
2026-09-29T09:35:53.828Z [worker] run 0d0d80fb-4dfa-4184-a900-f9a001173b7f claimed
2026-09-29T09:35:53.833Z [worker] run 1252f50d-119f-4ca6-9bf3-39b471025a5f done
2026-09-29T09:35:53.853Z [worker] run 0d0d80fb-4dfa-4184-a900-f9a001173b7f done
2026-09-29T09:35:54.023Z [worker] run c0b3ca19-fe0c-469e-b169-ddd03b008ba2 claimed
2026-09-29T09:35:54.028Z [worker] run 00e6ee13-f8b3-4af5-9f70-dbe91d1a1dac claimed
2026-09-29T09:35:54.034Z [worker] run ed12efb9-c6ea-489b-bb12-56b78cf60255 claimed
2026-09-29T09:35:54.055Z [worker] run c0b3ca19-fe0c-469e-b169-ddd03b008ba2 done
2026-09-29T09:35:54.062Z [worker] run 00e6ee13-f8b3-4af5-9f70-dbe91d1a1dac done
2026-09-29T09:35:54.063Z [worker] run c31e69e6-4fb9-4d62-8822-7f8d9d5456f4 claimed
2026-09-29T09:35:54.066Z [worker] run ed12efb9-c6ea-489b-bb12-56b78cf60255 done
2026-09-29T09:35:54.068Z [worker] run 4682c3ca-9561-4ecd-bb47-6598d13dbae9 claimed
2026-09-29T09:35:54.074Z [worker] run 5b4c162e-15f7-43b5-b995-2b030b90a16b claimed
2026-09-29T09:35:54.092Z [worker] run c31e69e6-4fb9-4d62-8822-7f8d9d5456f4 done
2026-09-29T09:35:54.099Z [worker] run 4682c3ca-9561-4ecd-bb47-6598d13dbae9 done
2026-09-29T09:35:54.099Z [worker] run 911c8dea-8603-4e0a-bdbe-41a81399626b claimed
2026-09-29T09:35:54.105Z [worker] run ebc83dbe-4c67-433e-be52-da36ea7b59e3 claimed
2026-09-29T09:35:54.106Z [worker] run 5b4c162e-15f7-43b5-b995-2b030b90a16b done
2026-09-29T09:35:54.111Z [worker] run 4110a987-c4a0-4668-a491-600777e89c6e claimed
2026-09-29T09:35:54.131Z [worker] run 911c8dea-8603-4e0a-bdbe-41a81399626b done
2026-09-29T09:35:54.137Z [worker] run ebc83dbe-4c67-433e-be52-da36ea7b59e3 done
2026-09-29T09:35:54.138Z [worker] run 51b1f1e2-2eb2-4a86-b38d-72dc8b5f48d8 claimed
2026-09-29T09:35:54.140Z [worker] run 4110a987-c4a0-4668-a491-600777e89c6e done
2026-09-29T09:35:54.168Z [worker] run 51b1f1e2-2eb2-4a86-b38d-72dc8b5f48d8 done
2026-09-29T09:35:54.356Z [worker] run 0a8a3b15-de4d-4ce7-a98e-7c440c64e30e claimed
2026-09-29T09:35:54.360Z [worker] run 54294662-fc9b-4a02-a379-71990c77b403 claimed
2026-09-29T09:35:54.366Z [worker] run d3f170d1-3a6f-49c2-b7ab-84d2ced1a49c claimed
2026-09-29T09:35:54.385Z [worker] run 0a8a3b15-de4d-4ce7-a98e-7c440c64e30e done
2026-09-29T09:35:54.389Z [worker] run 54294662-fc9b-4a02-a379-71990c77b403 done
2026-09-29T09:35:54.392Z [worker] run c06c3009-81c8-40d3-b86e-f9c81b3ae8a8 claimed
2026-09-29T09:35:54.396Z [worker] run d3f170d1-3a6f-49c2-b7ab-84d2ced1a49c done
2026-09-29T09:35:54.396Z [worker] run d9aabf3f-1391-4757-ae71-3b4ef80af612 claimed
2026-09-29T09:35:54.401Z [worker] run 5141f167-5bfd-46ea-b8e8-55550480e0e8 claimed
2026-09-29T09:35:54.419Z [worker] run c06c3009-81c8-40d3-b86e-f9c81b3ae8a8 done
2026-09-29T09:35:54.426Z [worker] run 235e59b2-3cf1-4283-84ef-99185406b4f3 claimed
2026-09-29T09:35:54.427Z [worker] run d9aabf3f-1391-4757-ae71-3b4ef80af612 done
2026-09-29T09:35:54.428Z [worker] run 5141f167-5bfd-46ea-b8e8-55550480e0e8 done
2026-09-29T09:35:54.432Z [worker] run 88789cef-6e87-4204-ad68-14a8e272ae51 claimed
2026-09-29T09:35:54.437Z [worker] run 331a41bd-0d82-4364-878c-5405f73b3a7a claimed
2026-09-29T09:35:54.455Z [worker] run 235e59b2-3cf1-4283-84ef-99185406b4f3 done
2026-09-29T09:35:54.460Z [worker] run 88789cef-6e87-4204-ad68-14a8e272ae51 done
2026-09-29T09:35:54.463Z [worker] run 816426e0-216a-44d5-ac4d-64074a36a56c claimed
2026-09-29T09:35:54.465Z [worker] run 331a41bd-0d82-4364-878c-5405f73b3a7a done
2026-09-29T09:35:54.487Z [worker] run 816426e0-216a-44d5-ac4d-64074a36a56c done
2026-09-29T09:35:54.823Z [worker] run 7845ad51-777f-42c5-952c-768feb7c9cbc claimed
2026-09-29T09:35:54.827Z [worker] run cc5effc2-441d-432e-a909-f1a8431065f6 claimed
 GET /api/platform/credentials/integration.github/impact 200 in 827ms (next.js: 812ms, application-code: 15ms)
2026-09-29T09:35:54.832Z [worker] run bb85dc8f-a39b-430e-b317-00b760c6ba9d claimed
2026-09-29T09:35:54.852Z [worker] run 7845ad51-777f-42c5-952c-768feb7c9cbc done
2026-09-29T09:35:54.855Z [worker] run cc5effc2-441d-432e-a909-f1a8431065f6 done
2026-09-29T09:35:54.859Z [worker] run 28e41b0b-20ac-413a-9999-61b07e8efccc claimed
2026-09-29T09:35:54.862Z [worker] run bb85dc8f-a39b-430e-b317-00b760c6ba9d done
2026-09-29T09:35:54.863Z [worker] run 75d1911d-a546-4153-8b89-6533764f4a64 claimed
2026-09-29T09:35:54.868Z [worker] run b824f871-2b68-404d-8a62-633b86f47c59 claimed
2026-09-29T09:35:54.887Z [worker] run 28e41b0b-20ac-413a-9999-61b07e8efccc done
2026-09-29T09:35:54.888Z [worker] run 75d1911d-a546-4153-8b89-6533764f4a64 done
2026-09-29T09:35:54.893Z [worker] run 91142359-a4a1-4716-bc61-1030278faa6a claimed
2026-09-29T09:35:54.896Z [worker] run b824f871-2b68-404d-8a62-633b86f47c59 done
2026-09-29T09:35:54.897Z [worker] run d2b11b7c-93f8-4889-9258-7c131661dc97 claimed
2026-09-29T09:35:54.902Z [worker] run 4e68728c-8ffe-42ec-b8d0-5731e3cb820a claimed
2026-09-29T09:35:54.921Z [worker] run 91142359-a4a1-4716-bc61-1030278faa6a done
2026-09-29T09:35:54.924Z [worker] run d2b11b7c-93f8-4889-9258-7c131661dc97 done
2026-09-29T09:35:54.928Z [worker] run b366382a-8367-408d-ac49-c3ab67ff8609 claimed
2026-09-29T09:35:54.930Z [worker] run 4e68728c-8ffe-42ec-b8d0-5731e3cb820a done
2026-09-29T09:35:54.952Z [worker] run b366382a-8367-408d-ac49-c3ab67ff8609 done
2026-09-29T09:35:55.126Z [worker] run 26582e47-eaa2-4264-8595-7616fb16adb0 claimed
2026-09-29T09:35:55.132Z [worker] run f430d469-3762-4bb1-b412-bb57d8f936d1 claimed
2026-09-29T09:35:55.137Z [worker] run d6260ec7-0f42-4674-a3b6-6908e838efd4 claimed
2026-09-29T09:35:55.157Z [worker] run 26582e47-eaa2-4264-8595-7616fb16adb0 done
2026-09-29T09:35:55.162Z [worker] run f430d469-3762-4bb1-b412-bb57d8f936d1 done
2026-09-29T09:35:55.164Z [worker] run 4fc00b87-99ac-4de9-ab43-d2e8cadb0cb5 claimed
2026-09-29T09:35:55.167Z [worker] run d6260ec7-0f42-4674-a3b6-6908e838efd4 done
2026-09-29T09:35:55.168Z [worker] run 006d4b3d-3dba-4e78-8327-1b25d1e0736b claimed
2026-09-29T09:35:55.173Z [worker] run b985cb77-cba4-430b-881b-f96c1cd5c049 claimed
2026-09-29T09:35:55.195Z [worker] run 4fc00b87-99ac-4de9-ab43-d2e8cadb0cb5 done
2026-09-29T09:35:55.198Z [worker] run 006d4b3d-3dba-4e78-8327-1b25d1e0736b done
2026-09-29T09:35:55.202Z [worker] run ef00858c-d5c7-4ec0-a9ce-2add9934cc36 claimed
2026-09-29T09:35:55.204Z [worker] run b985cb77-cba4-430b-881b-f96c1cd5c049 done
2026-09-29T09:35:55.206Z [worker] run e4b5b771-fa57-4d77-aa59-d427018e567f claimed
2026-09-29T09:35:55.212Z [worker] run 712f00c2-3ec2-443f-870e-557c53ca341e claimed
2026-09-29T09:35:55.231Z [worker] run ef00858c-d5c7-4ec0-a9ce-2add9934cc36 done
2026-09-29T09:35:55.234Z [worker] run e4b5b771-fa57-4d77-aa59-d427018e567f done
2026-09-29T09:35:55.237Z [worker] run 92073233-e38c-4089-8934-7300c8582b83 claimed
2026-09-29T09:35:55.242Z [worker] run 712f00c2-3ec2-443f-870e-557c53ca341e done
2026-09-29T09:35:55.265Z [worker] run 92073233-e38c-4089-8934-7300c8582b83 done
2026-09-29T09:35:55.321Z [worker] run 8025d713-3db6-4f74-a9de-eb811af37cd3 claimed
2026-09-29T09:35:55.345Z [worker] run 8025d713-3db6-4f74-a9de-eb811af37cd3 done
2026-09-29T09:35:55.483Z [worker] run 1addbf1f-bd3e-4a7c-8c1e-74cb7abf4bb6 claimed
2026-09-29T09:35:55.508Z [worker] run 1addbf1f-bd3e-4a7c-8c1e-74cb7abf4bb6 done
2026-09-29T09:35:55.774Z [worker] run 0adaa4d6-a8f2-43a5-9ce0-22108163f520 claimed
2026-09-29T09:35:55.778Z [worker] run 63bda008-a338-41df-a13e-c29d8e7ee152 claimed
2026-09-29T09:35:55.783Z [worker] run f2693842-b658-4d24-9673-fd7ede6e02a4 claimed
2026-09-29T09:35:55.802Z [worker] run 0adaa4d6-a8f2-43a5-9ce0-22108163f520 done
2026-09-29T09:35:55.808Z [worker] run 17b3e723-fefd-4f02-a894-18c60e1fb041 claimed
2026-09-29T09:35:55.809Z [worker] run 63bda008-a338-41df-a13e-c29d8e7ee152 done
2026-09-29T09:35:55.813Z [worker] run 819cc54a-a1c6-451d-88bc-42de0cb6af7f claimed
2026-09-29T09:35:55.815Z [worker] run f2693842-b658-4d24-9673-fd7ede6e02a4 done
2026-09-29T09:35:55.819Z [worker] run ce8aed01-6f79-400e-9b84-c03981ce782b claimed
2026-09-29T09:35:55.836Z [worker] run 17b3e723-fefd-4f02-a894-18c60e1fb041 done
2026-09-29T09:35:55.841Z [worker] run 819cc54a-a1c6-451d-88bc-42de0cb6af7f done
2026-09-29T09:35:55.842Z [worker] run 8d923455-58d8-4bf1-9831-1de29a1a0c31 claimed
2026-09-29T09:35:55.846Z [worker] run 4302bca2-0f5d-4abc-a66e-8bb4b74b7b3b claimed
2026-09-29T09:35:55.850Z [worker] run ce8aed01-6f79-400e-9b84-c03981ce782b done
2026-09-29T09:35:55.850Z [worker] run beabda38-4acb-4266-b509-e5c221760da2 claimed
2026-09-29T09:35:55.871Z [worker] run 8d923455-58d8-4bf1-9831-1de29a1a0c31 done
2026-09-29T09:35:55.876Z [worker] run 4302bca2-0f5d-4abc-a66e-8bb4b74b7b3b done
2026-09-29T09:35:55.878Z [worker] run 8abd3089-bfe2-483d-aabb-5efe5bb5332f claimed
2026-09-29T09:35:55.880Z [worker] run beabda38-4acb-4266-b509-e5c221760da2 done
2026-09-29T09:35:55.903Z [worker] run 8abd3089-bfe2-483d-aabb-5efe5bb5332f done
 POST /api/platform/credentials/integration.github/revoke 200 in 863ms (next.js: 812ms, application-code: 51ms)
 GET /api/platform/credentials 200 in 18ms (next.js: 1.7ms, application-code: 17ms)
2026-09-29T09:35:56.079Z [worker] run 4aefba3f-d3a4-4db3-9698-94c02e4f1079 claimed
2026-09-29T09:35:56.084Z [worker] run 76031ccd-e134-491e-8876-8f7d322ca9d7 claimed
2026-09-29T09:35:56.088Z [worker] run 5f001f49-b22c-4b0d-9e3d-0b6f2b39364d claimed
2026-09-29T09:35:56.106Z [worker] run 4aefba3f-d3a4-4db3-9698-94c02e4f1079 done
2026-09-29T09:35:56.110Z [worker] run 76031ccd-e134-491e-8876-8f7d322ca9d7 done
2026-09-29T09:35:56.113Z [worker] run 71ae5393-192e-4657-b259-93108ba25377 claimed
2026-09-29T09:35:56.117Z [worker] run 5f001f49-b22c-4b0d-9e3d-0b6f2b39364d done
2026-09-29T09:35:56.117Z [worker] run 26a78cda-debd-45a6-bdfc-419bcdc3b9ee claimed
2026-09-29T09:35:56.122Z [worker] run 1a201ddd-4e31-48c8-9bd9-4c50ab560556 claimed
2026-09-29T09:35:56.141Z [worker] run 71ae5393-192e-4657-b259-93108ba25377 done
2026-09-29T09:35:56.145Z [worker] run 26a78cda-debd-45a6-bdfc-419bcdc3b9ee done
 GET /api/platform/credentials/integration.github/impact 200 in 29ms (next.js: 16ms, application-code: 13ms)
2026-09-29T09:35:56.149Z [worker] run 31550e25-8d33-481b-ad41-874b40006c9f claimed
2026-09-29T09:35:56.153Z [worker] run 1a201ddd-4e31-48c8-9bd9-4c50ab560556 done
2026-09-29T09:35:56.155Z [worker] run c36cd031-a92c-4e25-ba55-d182fd8e65c6 claimed
2026-09-29T09:35:56.160Z [worker] run aedf7044-a15f-4936-93ef-8be38d843e99 claimed
2026-09-29T09:35:56.182Z [worker] run 31550e25-8d33-481b-ad41-874b40006c9f done
2026-09-29T09:35:56.185Z [worker] run c36cd031-a92c-4e25-ba55-d182fd8e65c6 done
2026-09-29T09:35:56.190Z [worker] run aedf7044-a15f-4936-93ef-8be38d843e99 done
2026-09-29T09:35:56.190Z [worker] run 64abe66f-ef38-430e-9475-cadc4f983eee claimed
2026-09-29T09:35:56.216Z [worker] run 64abe66f-ef38-430e-9475-cadc4f983eee done
2026-09-29T09:35:56.269Z [worker] run 25e6e7b2-6203-4374-bfe6-de858d193e94 claimed
2026-09-29T09:35:56.300Z [worker] run 25e6e7b2-6203-4374-bfe6-de858d193e94 done
2026-09-29T09:35:56.301Z [worker] run f554950d-f7be-4706-8bef-768f62359cfa claimed
 POST /api/platform/credentials/integration.github/clear 200 in 56ms
2026-09-29T09:35:56.326Z [worker] run ef99fe13-1c00-4f67-8f3b-94632c6abb6b claimed
2026-09-29T09:35:56.327Z [worker] run f554950d-f7be-4706-8bef-768f62359cfa done
2026-09-29T09:35:56.349Z [worker] run 3564bfcb-7372-4073-b040-4100b8234922 claimed
2026-09-29T09:35:56.354Z [worker] run ef99fe13-1c00-4f67-8f3b-94632c6abb6b done
2026-09-29T09:35:56.375Z [worker] run f64232ce-604e-4b82-a700-984912c82deb claimed
2026-09-29T09:35:56.378Z [worker] run 3564bfcb-7372-4073-b040-4100b8234922 done
2026-09-29T09:35:56.408Z [worker] run f64232ce-604e-4b82-a700-984912c82deb done
 POST /api/auth/sign-up/email 200 in 95ms (next.js: 16ms, application-code: 79ms)
 GET /api/test/outbox?email=e2e-fe932054%40flowline-e2e.test 200 in 7ms (next.js: 1.5ms, application-code: 5ms)
 POST /api/email 200 in 20ms (next.js: 1.6ms, application-code: 18ms)
 POST /api/auth/sign-in/email 200 in 69ms (next.js: 1.5ms, application-code: 68ms)
 POST /api/workspaces 201 in 60ms (next.js: 32ms, application-code: 29ms)
 POST /api/onboarding 200 in 63ms (next.js: 33ms, application-code: 29ms)
2026-09-29T09:35:56.716Z [worker] run 0896cb79-a808-48d1-bbdb-9be1101bbf88 claimed
2026-09-29T09:35:56.721Z [worker] run 83d6f875-81cf-423a-9fa6-c1100162daa4 claimed
2026-09-29T09:35:56.727Z [worker] run 7dc237df-214b-4aa6-aae3-ff3260f30a7f claimed
 GET /admin 404 in 49ms (next.js: 3ms, application-code: 46ms)
2026-09-29T09:35:56.746Z [worker] run 0896cb79-a808-48d1-bbdb-9be1101bbf88 done
2026-09-29T09:35:56.752Z [worker] run 83d6f875-81cf-423a-9fa6-c1100162daa4 done
2026-09-29T09:35:56.754Z [worker] run 25179a15-ded6-4be4-b825-aa0c8f3b1502 claimed
2026-09-29T09:35:56.759Z [worker] run acf481cd-389c-4f17-b054-728ab4b452ae claimed
2026-09-29T09:35:56.761Z [worker] run 7dc237df-214b-4aa6-aae3-ff3260f30a7f done
2026-09-29T09:35:56.766Z [worker] run 0bab5ade-f8a3-4094-8fdd-26b662e94afd claimed
2026-09-29T09:35:56.788Z [worker] run 25179a15-ded6-4be4-b825-aa0c8f3b1502 done
2026-09-29T09:35:56.794Z [worker] run acf481cd-389c-4f17-b054-728ab4b452ae done
2026-09-29T09:35:56.796Z [worker] run 9caeddcc-8c4e-4650-ad32-9ef4fb2af4e6 claimed
2026-09-29T09:35:56.799Z [worker] run 0bab5ade-f8a3-4094-8fdd-26b662e94afd done
2026-09-29T09:35:56.801Z [worker] run b509deea-7cba-4730-bdf1-85b6571517bd claimed
2026-09-29T09:35:56.807Z [worker] run 41f5a38e-dddf-4180-9a5f-e8955528a53a claimed
2026-09-29T09:35:56.826Z [worker] run 9caeddcc-8c4e-4650-ad32-9ef4fb2af4e6 done
2026-09-29T09:35:56.833Z [worker] run 33a16934-b68f-41e5-9c8c-2a43f159f0e5 claimed
2026-09-29T09:35:56.837Z [worker] run b509deea-7cba-4730-bdf1-85b6571517bd done
2026-09-29T09:35:56.843Z [worker] run 41f5a38e-dddf-4180-9a5f-e8955528a53a done
2026-09-29T09:35:56.866Z [worker] run 33a16934-b68f-41e5-9c8c-2a43f159f0e5 done
 POST /api/auth/sign-up/email 200 in 87ms (next.js: 1.8ms, application-code: 85ms)
2026-09-29T09:35:57.101Z [worker] run 8d6f3b5e-990e-4682-8e29-90dffc87fffd claimed
2026-09-29T09:35:57.106Z [worker] run af614f62-33b7-4f0e-9944-159c47ac119c claimed
 GET /api/test/outbox?email=e2e-7214797b%40flowline-e2e.test 200 in 11ms (next.js: 2.0ms, application-code: 9ms)
2026-09-29T09:35:57.111Z [worker] run 10fa71a2-b591-4678-bbf0-68f6f9f7cedc claimed
2026-09-29T09:35:57.135Z [worker] run 8d6f3b5e-990e-4682-8e29-90dffc87fffd done
 POST /api/email 200 in 25ms (next.js: 1.5ms, application-code: 23ms)
2026-09-29T09:35:57.140Z [worker] run af614f62-33b7-4f0e-9944-159c47ac119c done
2026-09-29T09:35:57.142Z [worker] run e6249e9a-be67-4969-b5b5-b34bc29344d2 claimed
2026-09-29T09:35:57.145Z [worker] run 10fa71a2-b591-4678-bbf0-68f6f9f7cedc done
2026-09-29T09:35:57.148Z [worker] run 85bb04ae-58e0-4ffa-b603-36e565047b0f claimed
2026-09-29T09:35:57.153Z [worker] run e205c05a-4234-4dee-800c-1b38ba6d5ab7 claimed
2026-09-29T09:35:57.175Z [worker] run e6249e9a-be67-4969-b5b5-b34bc29344d2 done
2026-09-29T09:35:57.179Z [worker] run 85bb04ae-58e0-4ffa-b603-36e565047b0f done
2026-09-29T09:35:57.183Z [worker] run 8e63c601-1f2f-401b-89d4-66433dbbbb25 claimed
2026-09-29T09:35:57.184Z [worker] run e205c05a-4234-4dee-800c-1b38ba6d5ab7 done
2026-09-29T09:35:57.188Z [worker] run 526e6feb-c4db-49eb-9c60-77fe155ca409 claimed
2026-09-29T09:35:57.194Z [worker] run 325c3204-c41a-4bee-b6e2-be3228671d24 claimed
2026-09-29T09:35:57.214Z [worker] run 8e63c601-1f2f-401b-89d4-66433dbbbb25 done
2026-09-29T09:35:57.217Z [worker] run 526e6feb-c4db-49eb-9c60-77fe155ca409 done
 POST /api/auth/sign-in/email 200 in 76ms (next.js: 1.8ms, application-code: 74ms)
2026-09-29T09:35:57.221Z [worker] run df3a47b0-0978-45ce-9dfe-3e59f485ca2f claimed
2026-09-29T09:35:57.224Z [worker] run 325c3204-c41a-4bee-b6e2-be3228671d24 done
 POST /api/workspaces 201 in 23ms (next.js: 1.7ms, application-code: 21ms)
2026-09-29T09:35:57.246Z [worker] run df3a47b0-0978-45ce-9dfe-3e59f485ca2f done
 POST /api/onboarding 200 in 22ms (next.js: 1.7ms, application-code: 20ms)
2026-09-29T09:35:57.296Z [worker] run 7a51d088-1735-4d88-a4ba-54f1f5f5bef7 claimed
2026-09-29T09:35:57.322Z [worker] run 7a51d088-1735-4d88-a4ba-54f1f5f5bef7 done
2026-09-29T09:35:57.585Z [worker] run 35d8b212-20a5-400e-9d5e-a50b3c722171 claimed
2026-09-29T09:35:57.590Z [worker] run ef174bb7-4ebf-4999-ac1c-0a94e0b90e5f claimed
2026-09-29T09:35:57.594Z [worker] run c0f897da-f3a8-43e8-9811-4dfe81b46139 claimed
2026-09-29T09:35:57.610Z [worker] run dc3d893e-2a10-4d84-b4e7-cd838fedcc28 claimed
2026-09-29T09:35:57.615Z [worker] run 35d8b212-20a5-400e-9d5e-a50b3c722171 done
2026-09-29T09:35:57.622Z [worker] run ef174bb7-4ebf-4999-ac1c-0a94e0b90e5f done
2026-09-29T09:35:57.624Z [worker] run 34de8e48-6aa2-4544-9338-e2624b6927a4 claimed
2026-09-29T09:35:57.629Z [worker] run 17b33fca-c9f8-4c6d-a802-791043a24c7c claimed
2026-09-29T09:35:57.641Z [worker] run c0f897da-f3a8-43e8-9811-4dfe81b46139 done
2026-09-29T09:35:57.643Z [worker] run dc3d893e-2a10-4d84-b4e7-cd838fedcc28 done
2026-09-29T09:35:57.649Z [worker] run 802b0f2d-05a4-4842-a290-5fbc871d278f claimed
2026-09-29T09:35:57.655Z [worker] run 22501f00-4aaa-45b4-994b-34acf4222417 claimed
2026-09-29T09:35:57.656Z [worker] run 34de8e48-6aa2-4544-9338-e2624b6927a4 done
2026-09-29T09:35:57.666Z [worker] run 17b33fca-c9f8-4c6d-a802-791043a24c7c done
2026-09-29T09:35:57.670Z [worker] run e5303d4e-58b3-4a9d-b201-590aeff234a0 claimed
2026-09-29T09:35:57.675Z [worker] run 2507e86b-9e51-444e-a139-320daa8f3add claimed
2026-09-29T09:35:57.686Z [worker] run 802b0f2d-05a4-4842-a290-5fbc871d278f done
2026-09-29T09:35:57.691Z [worker] run 22501f00-4aaa-45b4-994b-34acf4222417 done
2026-09-29T09:35:57.696Z [worker] run f2772365-a231-460b-a147-a8e75cdd31dd claimed
2026-09-29T09:35:57.701Z [worker] run a6ec34b8-61c6-492e-a9a1-3a5df668dd64 claimed
2026-09-29T09:35:57.702Z [worker] run e5303d4e-58b3-4a9d-b201-590aeff234a0 done
2026-09-29T09:35:57.709Z [worker] run 9f81ce7e-4cb4-462e-9b5a-f763fe68041a claimed
2026-09-29T09:35:57.714Z [worker] run 2507e86b-9e51-444e-a139-320daa8f3add done
2026-09-29T09:35:57.727Z [worker] run f2772365-a231-460b-a147-a8e75cdd31dd done
2026-09-29T09:35:57.734Z [worker] run a6ec34b8-61c6-492e-a9a1-3a5df668dd64 done
2026-09-29T09:35:57.741Z [worker] run 9f81ce7e-4cb4-462e-9b5a-f763fe68041a done
2026-09-29T09:35:57.976Z [worker] run 0a2157fe-3342-415b-9b9d-9b652731b207 claimed
2026-09-29T09:35:57.981Z [worker] run 826114cc-054d-4bcb-a9a7-2cbb24025dec claimed
2026-09-29T09:35:57.986Z [worker] run e82c10b5-26a9-48be-9f91-3f07c127322f claimed
 GET /w/e2e-8539a4/settings?tab=oauthApps 200 in 714ms (next.js: 630ms, application-code: 85ms)
2026-09-29T09:35:58.008Z [worker] run 0a2157fe-3342-415b-9b9d-9b652731b207 done
2026-09-29T09:35:58.013Z [worker] run 826114cc-054d-4bcb-a9a7-2cbb24025dec done
2026-09-29T09:35:58.016Z [worker] run e82c10b5-26a9-48be-9f91-3f07c127322f done
2026-09-29T09:35:58.016Z [worker] run 8b680640-3aae-4ded-95f9-7083a62ca98b claimed
2026-09-29T09:35:58.022Z [worker] run 0488fb4d-03b7-4173-bf2a-cc437b046abc claimed
2026-09-29T09:35:58.028Z [worker] run 22af5451-9248-41f5-89f5-ea9e40a11082 claimed
2026-09-29T09:35:58.049Z [worker] run 8b680640-3aae-4ded-95f9-7083a62ca98b done
2026-09-29T09:35:58.056Z [worker] run 0488fb4d-03b7-4173-bf2a-cc437b046abc done
2026-09-29T09:35:58.057Z [worker] run dda63966-fb64-4a45-8d41-abcea4df51c3 claimed
2026-09-29T09:35:58.061Z [worker] run 22af5451-9248-41f5-89f5-ea9e40a11082 done
2026-09-29T09:35:58.062Z [worker] run 4e75862e-a684-4cf2-994e-dcabc35467cd claimed
2026-09-29T09:35:58.067Z [worker] run a1201bfb-2cc8-490a-b736-b398072a4955 claimed
2026-09-29T09:35:58.085Z [worker] run dda63966-fb64-4a45-8d41-abcea4df51c3 done
2026-09-29T09:35:58.091Z [worker] run 4e75862e-a684-4cf2-994e-dcabc35467cd done
2026-09-29T09:35:58.093Z [worker] run d656b60a-162a-49ad-bfdd-1b2ab726641a claimed
2026-09-29T09:35:58.096Z [worker] run a1201bfb-2cc8-490a-b736-b398072a4955 done
2026-09-29T09:35:58.119Z [worker] run d656b60a-162a-49ad-bfdd-1b2ab726641a done
 GET /api/health 200 in 48ms (next.js: 4ms, application-code: 44ms)
2026-09-29T09:35:58.445Z [worker] run adb94444-8813-4d26-94c3-a04ad0438a8b claimed
2026-09-29T09:35:58.449Z [worker] run 7a63e387-009c-492c-9061-0ded3d82685d claimed
2026-09-29T09:35:58.454Z [worker] run 5b17802a-e9ab-430c-a958-5aab5c24b5ed claimed
2026-09-29T09:35:58.474Z [worker] run adb94444-8813-4d26-94c3-a04ad0438a8b done
2026-09-29T09:35:58.479Z [worker] run 7a63e387-009c-492c-9061-0ded3d82685d done
2026-09-29T09:35:58.481Z [worker] run d88abe35-d34a-4ce5-8ff3-5e1b737b1e96 claimed
2026-09-29T09:35:58.482Z [worker] run 5b17802a-e9ab-430c-a958-5aab5c24b5ed done
2026-09-29T09:35:58.486Z [worker] run 5aae86af-cf1a-4ff0-8d30-bdf031a83084 claimed
2026-09-29T09:35:58.492Z [worker] run 0dc4e3c2-5734-4def-8929-319c623f726e claimed
2026-09-29T09:35:58.506Z [worker] run d88abe35-d34a-4ce5-8ff3-5e1b737b1e96 done
2026-09-29T09:35:58.512Z [worker] run ee6da1ef-e873-476d-b6e1-63243a819da9 claimed
2026-09-29T09:35:58.515Z [worker] run 5aae86af-cf1a-4ff0-8d30-bdf031a83084 done
2026-09-29T09:35:58.517Z [worker] run 9e85a68c-b74a-4d7a-8523-740166a6b8eb claimed
2026-09-29T09:35:58.520Z [worker] run 0dc4e3c2-5734-4def-8929-319c623f726e done
2026-09-29T09:35:58.522Z [worker] run 23cb5693-eb24-484e-8237-cc8d1b795141 claimed
2026-09-29T09:35:58.538Z [worker] run ee6da1ef-e873-476d-b6e1-63243a819da9 done
2026-09-29T09:35:58.545Z [worker] run 9e85a68c-b74a-4d7a-8523-740166a6b8eb done
2026-09-29T09:35:58.545Z [worker] run fe2c347e-f5e5-4e58-a83f-36ffb2a583b4 claimed
2026-09-29T09:35:58.550Z [worker] run 23cb5693-eb24-484e-8237-cc8d1b795141 done
2026-09-29T09:35:58.569Z [worker] run fe2c347e-f5e5-4e58-a83f-36ffb2a583b4 done
2026-09-29T09:35:58.738Z [worker] run 64274bb3-c9be-455a-9448-4f7b1e24225b claimed
2026-09-29T09:35:58.742Z [worker] run 7a5abcd1-52c0-4731-a2d5-d5fdb161dabd claimed
2026-09-29T09:35:58.747Z [worker] run 545e0f23-45c0-4a15-9c72-7ef0b7dbf5ee claimed
2026-09-29T09:35:58.766Z [worker] run 64274bb3-c9be-455a-9448-4f7b1e24225b done
2026-09-29T09:35:58.770Z [worker] run 7a5abcd1-52c0-4731-a2d5-d5fdb161dabd done
2026-09-29T09:35:58.773Z [worker] run 092a583a-e7d1-4e66-9708-4560d23cc3c7 claimed
2026-09-29T09:35:58.777Z [worker] run 545e0f23-45c0-4a15-9c72-7ef0b7dbf5ee done
2026-09-29T09:35:58.777Z [worker] run 7d6c7d23-3158-4c73-a840-6c07ca35cf10 claimed
2026-09-29T09:35:58.782Z [worker] run 804b5ab0-de65-4da4-87d7-57d54dd8b3cc claimed
2026-09-29T09:35:58.802Z [worker] run 092a583a-e7d1-4e66-9708-4560d23cc3c7 done
2026-09-29T09:35:58.806Z [worker] run 7d6c7d23-3158-4c73-a840-6c07ca35cf10 done
2026-09-29T09:35:58.809Z [worker] run e7eb0fc4-2299-44cc-b03a-a046c1dab546 claimed
2026-09-29T09:35:58.813Z [worker] run 804b5ab0-de65-4da4-87d7-57d54dd8b3cc done
2026-09-29T09:35:58.813Z [worker] run 64e33330-7797-49e7-9a79-e66875c36b5a claimed
2026-09-29T09:35:58.818Z [worker] run c599c138-0984-4a20-bb4b-c90b7dc1effd claimed
2026-09-29T09:35:58.837Z [worker] run e7eb0fc4-2299-44cc-b03a-a046c1dab546 done
2026-09-29T09:35:58.842Z [worker] run 64e33330-7797-49e7-9a79-e66875c36b5a done
2026-09-29T09:35:58.844Z [worker] run 6919c95a-c062-428c-aad6-eb6e517ee7f1 claimed
2026-09-29T09:35:58.848Z [worker] run c599c138-0984-4a20-bb4b-c90b7dc1effd done
2026-09-29T09:35:58.870Z [worker] run 6919c95a-c062-428c-aad6-eb6e517ee7f1 done
 GET /api/workspaces/4ce23b44-4824-4c26-8fab-3da3d0273ac5/oauth-apps 200 in 839ms (next.js: 823ms, application-code: 16ms)
2026-09-29T09:35:59.199Z [worker] run 547eac07-aceb-4cc5-9fd7-b28338274034 claimed
2026-09-29T09:35:59.203Z [worker] run f2d0a4d4-8661-4c39-968c-750dcac8c3f4 claimed
2026-09-29T09:35:59.208Z [worker] run c9d6b8e3-acd0-4fd3-bd3d-f0f3abbe8041 claimed
2026-09-29T09:35:59.224Z [worker] run 547eac07-aceb-4cc5-9fd7-b28338274034 done
2026-09-29T09:35:59.230Z [worker] run 3d2a3ba8-f8be-4c1a-a2d3-51b2b80a2d01 claimed
2026-09-29T09:35:59.231Z [worker] run f2d0a4d4-8661-4c39-968c-750dcac8c3f4 done
2026-09-29T09:35:59.235Z [worker] run c9d6b8e3-acd0-4fd3-bd3d-f0f3abbe8041 done
2026-09-29T09:35:59.235Z [worker] run e0050d84-ee36-4080-bd02-6d6c7214f4c6 claimed
2026-09-29T09:35:59.240Z [worker] run 50b60b50-c2da-403a-9496-4a1cb1cd065a claimed
2026-09-29T09:35:59.258Z [worker] run 3d2a3ba8-f8be-4c1a-a2d3-51b2b80a2d01 done
2026-09-29T09:35:59.259Z [worker] run e0050d84-ee36-4080-bd02-6d6c7214f4c6 done
2026-09-29T09:35:59.264Z [worker] run 2edf5fe5-8c54-499e-9aa9-956b4e57fd83 claimed
2026-09-29T09:35:59.268Z [worker] run f5a51ed4-3267-4902-9383-87197206b600 claimed
2026-09-29T09:35:59.270Z [worker] run 50b60b50-c2da-403a-9496-4a1cb1cd065a done
2026-09-29T09:35:59.274Z [worker] run 3f09dcce-dc7c-4f7d-bd12-cdf391e496fe claimed
2026-09-29T09:35:59.291Z [worker] run 2edf5fe5-8c54-499e-9aa9-956b4e57fd83 done
2026-09-29T09:35:59.296Z [worker] run f5a51ed4-3267-4902-9383-87197206b600 done
2026-09-29T09:35:59.298Z [worker] run 3bffe47e-1d87-41cb-bbad-42b8e0b0d1ee claimed
2026-09-29T09:35:59.302Z [worker] run 3f09dcce-dc7c-4f7d-bd12-cdf391e496fe done
2026-09-29T09:35:59.322Z [worker] run 3bffe47e-1d87-41cb-bbad-42b8e0b0d1ee done
2026-09-29T09:35:59.369Z [worker] run ae6f5940-d64c-4cec-93c8-6047e2ceadb6 claimed
2026-09-29T09:35:59.393Z [worker] run ae6f5940-d64c-4cec-93c8-6047e2ceadb6 done
2026-09-29T09:35:59.641Z [worker] scheduler fired 207
2026-09-29T09:35:59.647Z [worker] run 60ceb764-9970-4622-8d44-a0460b03ada7 claimed
2026-09-29T09:35:59.652Z [worker] run 8df86dfa-c390-41fd-8f46-ccb01a1a0cef claimed
2026-09-29T09:35:59.657Z [worker] run 15015374-d91b-4e19-9a6b-52fd22ae45e2 claimed
2026-09-29T09:35:59.675Z [worker] run 60ceb764-9970-4622-8d44-a0460b03ada7 done
2026-09-29T09:35:59.679Z [worker] run 8df86dfa-c390-41fd-8f46-ccb01a1a0cef done
2026-09-29T09:35:59.682Z [worker] run 47dd21f3-5051-4691-addc-3ae51b46d8a8 claimed
2026-09-29T09:35:59.683Z [worker] run 15015374-d91b-4e19-9a6b-52fd22ae45e2 done
2026-09-29T09:35:59.687Z [worker] run d85ea694-9bc1-40c7-8711-d01457e7fe87 claimed
2026-09-29T09:35:59.692Z [worker] run a505c9ab-0041-4918-a87f-4ad1f5106223 claimed
2026-09-29T09:35:59.709Z [worker] run 47dd21f3-5051-4691-addc-3ae51b46d8a8 done
2026-09-29T09:35:59.713Z [worker] run d85ea694-9bc1-40c7-8711-d01457e7fe87 done
2026-09-29T09:35:59.715Z [worker] run dd33c60a-fda8-4e55-9911-0e353b183601 claimed
2026-09-29T09:35:59.719Z [worker] run c6076d6c-8bd3-45a0-bb5a-7384dab07f5d claimed
2026-09-29T09:35:59.720Z [worker] run a505c9ab-0041-4918-a87f-4ad1f5106223 done
2026-09-29T09:35:59.724Z [worker] run 42cdb73e-205f-4a03-9c89-bdaea91afb12 claimed
2026-09-29T09:35:59.743Z [worker] run dd33c60a-fda8-4e55-9911-0e353b183601 done
2026-09-29T09:35:59.748Z [worker] run c6076d6c-8bd3-45a0-bb5a-7384dab07f5d done
2026-09-29T09:35:59.749Z [worker] run 91f666ee-96e4-41e3-a5d1-94d1e1f0c5ae claimed
2026-09-29T09:35:59.751Z [worker] run 42cdb73e-205f-4a03-9c89-bdaea91afb12 done
2026-09-29T09:35:59.774Z [worker] run 91f666ee-96e4-41e3-a5d1-94d1e1f0c5ae done
 PUT /api/workspaces/4ce23b44-4824-4c26-8fab-3da3d0273ac5/oauth-apps/google 200 in 830ms (next.js: 792ms, application-code: 38ms)
 GET /api/workspaces/4ce23b44-4824-4c26-8fab-3da3d0273ac5/oauth-apps 200 in 35ms (next.js: 14ms, application-code: 21ms)
 POST /api/workspaces/4ce23b44-4824-4c26-8fab-3da3d0273ac5/invites 201 in 817ms (next.js: 781ms, application-code: 35ms)
 POST /api/auth/sign-up/email 200 in 88ms (next.js: 13ms, application-code: 75ms)
 GET /api/test/outbox?email=oauth-editor-0a02eb28%40flowline-e2e.test 200 in 7ms (next.js: 1.9ms, application-code: 5ms)
 POST /api/email 200 in 19ms (next.js: 1.7ms, application-code: 17ms)
 POST /api/auth/sign-in/email 200 in 69ms (next.js: 2ms, application-code: 67ms)
 POST /api/invites/y7a2EW6pezjbtVEC8BbEvt1qba-tAMtd3OSt0T5SQlI 200 in 804ms (next.js: 781ms, application-code: 23ms)
 GET /w/e2e-8539a4/integrations 200 in 617ms (next.js: 568ms, application-code: 49ms)
 GET /api/health 200 in 6ms (next.js: 2ms, application-code: 4ms)
 GET /api/integrations/catalog?workspaceId=4ce23b44-4824-4c26-8fab-3da3d0273ac5 200 in 224ms (next.js: 44ms, application-code: 181ms)
 GET /api/workspaces/4ce23b44-4824-4c26-8fab-3da3d0273ac5/connections 200 in 826ms (next.js: 808ms, application-code: 18ms)
 GET /api/workspaces/4ce23b44-4824-4c26-8fab-3da3d0273ac5/oauth-apps/provenance?provider=google_sheets 200 in 810ms (next.js: 791ms, application-code: 20ms)
 GET /api/workspaces/4ce23b44-4824-4c26-8fab-3da3d0273ac5/oauth-apps/google/impact 200 in 791ms (next.js: 773ms, application-code: 19ms)
 DELETE /api/workspaces/4ce23b44-4824-4c26-8fab-3da3d0273ac5/oauth-apps/google 200 in 38ms (next.js: 14ms, application-code: 24ms)
 GET /api/workspaces/4ce23b44-4824-4c26-8fab-3da3d0273ac5/oauth-apps 200 in 41ms (next.js: 15ms, application-code: 26ms)
 POST /api/auth/sign-up/email 200 in 102ms (next.js: 15ms, application-code: 87ms)
 GET /api/test/outbox?email=e2e-bc533bab%40flowline-e2e.test 200 in 9ms (next.js: 1.6ms, application-code: 8ms)
 POST /api/email 200 in 23ms (next.js: 1.5ms, application-code: 22ms)
 POST /api/auth/sign-in/email 200 in 71ms (next.js: 1.8ms, application-code: 69ms)
 POST /api/workspaces 201 in 22ms (next.js: 1.5ms, application-code: 21ms)
 POST /api/onboarding 200 in 23ms (next.js: 1.7ms, application-code: 22ms)
 GET /w/e2e-34a4d7/settings?tab=ai 200 in 61ms (next.js: 15ms, application-code: 46ms)
 GET /api/health 200 in 9ms (next.js: 3ms, application-code: 6ms)
 GET /api/workspaces/04f24ad5-af11-405f-96c9-e88b667802f7/ai 200 in 880ms (next.js: 859ms, application-code: 21ms)
 GET /api/workspaces/04f24ad5-af11-405f-96c9-e88b667802f7/ai/models 200 in 830ms (next.js: 814ms, application-code: 16ms)
 POST /api/workspaces/04f24ad5-af11-405f-96c9-e88b667802f7/ai/connections 201 in 874ms (next.js: 822ms, application-code: 52ms)
 GET /api/workspaces/04f24ad5-af11-405f-96c9-e88b667802f7/ai 200 in 52ms (next.js: 15ms, application-code: 37ms)
 GET /api/workspaces/04f24ad5-af11-405f-96c9-e88b667802f7/ai/models 200 in 53ms (next.js: 30ms, application-code: 23ms)
 POST /api/auth/sign-up/email 200 in 96ms (next.js: 14ms, application-code: 83ms)
 GET /api/test/outbox?email=e2e-5858b088%40flowline-e2e.test 200 in 7ms (next.js: 2ms, application-code: 5ms)
 POST /api/email 200 in 22ms (next.js: 1.8ms, application-code: 20ms)
 POST /api/auth/sign-in/email 200 in 71ms (next.js: 1.7ms, application-code: 69ms)
 POST /api/workspaces 201 in 33ms (next.js: 1.8ms, application-code: 32ms)
 POST /api/onboarding 200 in 22ms (next.js: 2.0ms, application-code: 20ms)
 GET /w/e2e-b6842d/settings?tab=ai 200 in 57ms (next.js: 14ms, application-code: 43ms)
 GET /api/health 200 in 8ms (next.js: 2ms, application-code: 6ms)
 GET /api/workspaces/e9c9ad60-6b32-49e8-8135-9f50fca21e88/ai 200 in 50ms (next.js: 17ms, application-code: 32ms)
 GET /api/workspaces/e9c9ad60-6b32-49e8-8135-9f50fca21e88/ai/models 200 in 42ms (next.js: 16ms, application-code: 26ms)
 POST /api/workspaces/e9c9ad60-6b32-49e8-8135-9f50fca21e88/ai/connections 201 in 73ms (next.js: 14ms, application-code: 59ms)
 GET /api/workspaces/e9c9ad60-6b32-49e8-8135-9f50fca21e88/ai/models 200 in 29ms (next.js: 5ms, application-code: 24ms)
 GET /api/workspaces/e9c9ad60-6b32-49e8-8135-9f50fca21e88/ai 200 in 34ms (next.js: 2ms, application-code: 32ms)
 POST /api/auth/sign-up/email 200 in 100ms (next.js: 17ms, application-code: 83ms)
 GET /api/test/outbox?email=e2e-057008b6%40flowline-e2e.test 200 in 7ms (next.js: 1.5ms, application-code: 6ms)
 POST /api/email 200 in 20ms (next.js: 1.6ms, application-code: 19ms)
 POST /api/auth/sign-in/email 200 in 73ms (next.js: 2.0ms, application-code: 71ms)
 POST /api/workspaces 201 in 24ms (next.js: 1.9ms, application-code: 22ms)
 POST /api/onboarding 200 in 20ms (next.js: 1.6ms, application-code: 18ms)
 POST /api/workspaces/bc30f011-47d3-4ef8-9ad8-559922dccc0c/ai/connections 201 in 65ms (next.js: 1.6ms, application-code: 64ms)
 PUT /api/workspaces/bc30f011-47d3-4ef8-9ad8-559922dccc0c/ai/default-route 200 in 815ms (next.js: 787ms, application-code: 28ms)
 PUT /api/workspaces/bc30f011-47d3-4ef8-9ad8-559922dccc0c/ai/policy 200 in 827ms (next.js: 810ms, application-code: 17ms)
 POST /api/workspaces/bc30f011-47d3-4ef8-9ad8-559922dccc0c/ai/connections 201 in 70ms (next.js: 13ms, application-code: 57ms)
 GET /w/e2e-cf4c15/settings?tab=ai 200 in 58ms (next.js: 14ms, application-code: 45ms)
 GET /api/health 200 in 7ms (next.js: 2ms, application-code: 5ms)
 GET /api/workspaces/bc30f011-47d3-4ef8-9ad8-559922dccc0c/ai 200 in 45ms (next.js: 16ms, application-code: 29ms)
 GET /api/workspaces/bc30f011-47d3-4ef8-9ad8-559922dccc0c/ai/models 200 in 35ms (next.js: 16ms, application-code: 19ms)
 PUT /api/workspaces/bc30f011-47d3-4ef8-9ad8-559922dccc0c/ai/policy 200 in 48ms (next.js: 15ms, application-code: 33ms)
 GET /api/workspaces/bc30f011-47d3-4ef8-9ad8-559922dccc0c/ai 200 in 33ms (next.js: 1.8ms, application-code: 32ms)
 GET /w/e2e-cf4c15/settings?tab=ai 200 in 68ms (next.js: 17ms, application-code: 52ms)
 GET /api/health 200 in 8ms (next.js: 2ms, application-code: 6ms)
 GET /api/workspaces/bc30f011-47d3-4ef8-9ad8-559922dccc0c/ai 200 in 32ms (next.js: 2ms, application-code: 30ms)
 GET /api/workspaces/bc30f011-47d3-4ef8-9ad8-559922dccc0c/ai/models 200 in 21ms (next.js: 2ms, application-code: 19ms)
 GET /w/e2e-cf4c15/agents/new 200 in 673ms (next.js: 609ms, application-code: 64ms)
 GET /api/health 200 in 7ms (next.js: 2ms, application-code: 5ms)
 GET /api/workspaces/bc30f011-47d3-4ef8-9ad8-559922dccc0c/ai 200 in 147ms (next.js: 14ms, application-code: 133ms)
 GET /api/workspaces/bc30f011-47d3-4ef8-9ad8-559922dccc0c/ai/models 200 in 50ms (next.js: 17ms, application-code: 33ms)
 GET /api/workspaces/bc30f011-47d3-4ef8-9ad8-559922dccc0c/knowledge 200 in 932ms (next.js: 915ms, application-code: 18ms)
 GET /api/workspaces/bc30f011-47d3-4ef8-9ad8-559922dccc0c/flows 200 in 938ms (next.js: 904ms, application-code: 34ms)
 POST /api/workspaces/bc30f011-47d3-4ef8-9ad8-559922dccc0c/agents 201 in 904ms (next.js: 870ms, application-code: 34ms)
 GET /w/e2e-cf4c15/agents/b7d320f6-2932-4b25-aedd-90548e2e5425 200 in 588ms (next.js: 574ms, application-code: 14ms)
 GET /api/agents/b7d320f6-2932-4b25-aedd-90548e2e5425 200 in 859ms (next.js: 834ms, application-code: 25ms)
 POST /api/auth/sign-up/email 200 in 90ms (next.js: 13ms, application-code: 77ms)
 GET /api/test/outbox?email=e2e-05f387c2%40flowline-e2e.test 200 in 7ms (next.js: 1.5ms, application-code: 5ms)
 POST /api/email 200 in 18ms (next.js: 1.4ms, application-code: 17ms)
 POST /api/auth/sign-in/email 200 in 69ms (next.js: 1.5ms, application-code: 68ms)
 POST /api/workspaces 201 in 20ms (next.js: 2ms, application-code: 18ms)
 POST /api/onboarding 200 in 26ms (next.js: 1.8ms, application-code: 24ms)
 GET /w/e2e-80727e/settings?tab=ai 200 in 54ms (next.js: 13ms, application-code: 41ms)
 GET /api/health 200 in 7ms (next.js: 2.0ms, application-code: 5ms)
 GET /api/workspaces/a11f5e1f-7204-4249-bb06-bbb087126452/ai 200 in 36ms (next.js: 17ms, application-code: 19ms)
 GET /api/workspaces/a11f5e1f-7204-4249-bb06-bbb087126452/ai/models 200 in 31ms (next.js: 16ms, application-code: 15ms)
 POST /api/workspaces/a11f5e1f-7204-4249-bb06-bbb087126452/ai/connections 201 in 63ms (next.js: 15ms, application-code: 48ms)
 GET /api/workspaces/a11f5e1f-7204-4249-bb06-bbb087126452/ai/models 200 in 19ms (next.js: 5ms, application-code: 14ms)
 GET /api/workspaces/a11f5e1f-7204-4249-bb06-bbb087126452/ai 200 in 23ms (next.js: 2.0ms, application-code: 21ms)
 PUT /api/workspaces/a11f5e1f-7204-4249-bb06-bbb087126452/ai/default-route 200 in 50ms (next.js: 18ms, application-code: 32ms)
 GET /api/workspaces/a11f5e1f-7204-4249-bb06-bbb087126452/ai 200 in 75ms (next.js: 2ms, application-code: 73ms)
 PATCH /api/workspaces/a11f5e1f-7204-4249-bb06-bbb087126452 200 in 835ms (next.js: 816ms, application-code: 19ms)
 POST /api/workspaces/a11f5e1f-7204-4249-bb06-bbb087126452/flows 201 in 40ms (next.js: 15ms, application-code: 25ms)
 PUT /api/flows/228463e6-a42a-49d2-94a5-cadee3669b5f 200 in 847ms (next.js: 825ms, application-code: 22ms)
 GET /w/e2e-80727e/flows/228463e6-a42a-49d2-94a5-cadee3669b5f 200 in 643ms (next.js: 563ms, application-code: 80ms)
 GET /api/health 200 in 7ms (next.js: 2ms, application-code: 5ms)
 GET /api/flows/228463e6-a42a-49d2-94a5-cadee3669b5f 200 in 35ms (next.js: 14ms, application-code: 21ms)
 GET /api/workspaces/a11f5e1f-7204-4249-bb06-bbb087126452/ai 200 in 53ms (next.js: 16ms, application-code: 37ms)
 GET /api/workspaces/a11f5e1f-7204-4249-bb06-bbb087126452/ai/models 200 in 44ms (next.js: 18ms, application-code: 26ms)
 GET /api/flows/228463e6-a42a-49d2-94a5-cadee3669b5f/publish 200 in 941ms (next.js: 918ms, application-code: 22ms)
 GET /api/flows/228463e6-a42a-49d2-94a5-cadee3669b5f/runs 200 in 905ms (next.js: 883ms, application-code: 22ms)
 PUT /api/flows/228463e6-a42a-49d2-94a5-cadee3669b5f 200 in 47ms (next.js: 14ms, application-code: 33ms)
2026-09-29T09:36:24.514Z [worker] run 892f4049-62b0-4fbe-9604-878d889fee95 claimed
 POST /api/flows/228463e6-a42a-49d2-94a5-cadee3669b5f/runs 202 in 80ms (next.js: 15ms, application-code: 65ms)
 GET /api/flows/228463e6-a42a-49d2-94a5-cadee3669b5f/runs 200 in 56ms (next.js: 1.7ms, application-code: 54ms)
2026-09-29T09:36:24.600Z [worker] run 892f4049-62b0-4fbe-9604-878d889fee95 done
 GET /api/runs/892f4049-62b0-4fbe-9604-878d889fee95 200 in 856ms (next.js: 830ms, application-code: 26ms)
 GET /api/flows/228463e6-a42a-49d2-94a5-cadee3669b5f/runs 200 in 28ms (next.js: 15ms, application-code: 13ms)
 GET /w/e2e-80727e/runs?run=892f4049-62b0-4fbe-9604-878d889fee95 200 in 596ms (next.js: 582ms, application-code: 14ms)
 GET /api/workspaces/a11f5e1f-7204-4249-bb06-bbb087126452/runs?limit=25 200 in 862ms (next.js: 840ms, application-code: 22ms)
 GET /w/e2e-80727e/settings?tab=ai 200 in 68ms (next.js: 15ms, application-code: 53ms)
 GET /api/health 200 in 8ms (next.js: 3ms, application-code: 6ms)
 GET /api/workspaces/a11f5e1f-7204-4249-bb06-bbb087126452/ai 200 in 50ms (next.js: 17ms, application-code: 33ms)
 GET /api/workspaces/a11f5e1f-7204-4249-bb06-bbb087126452/ai/models 200 in 34ms (next.js: 15ms, application-code: 19ms)
 POST /api/auth/sign-out 200 in 37ms (next.js: 15ms, application-code: 22ms)
 GET /sign-in 200 in 36ms (next.js: 6ms, application-code: 31ms)
 GET /api/auth-config 200 in 66ms (next.js: 58ms, application-code: 8ms)
 POST /api/auth/sign-in/email 200 in 125ms (next.js: 1.7ms, application-code: 123ms)
 GET /w/e2e-80727e/settings?tab=ai 200 in 71ms (next.js: 15ms, application-code: 57ms)
 GET /api/health 200 in 8ms (next.js: 1.9ms, application-code: 6ms)
 GET /api/workspaces/a11f5e1f-7204-4249-bb06-bbb087126452/ai 200 in 36ms (next.js: 2ms, application-code: 33ms)
 GET /api/workspaces/a11f5e1f-7204-4249-bb06-bbb087126452/ai/models 200 in 22ms (next.js: 3ms, application-code: 20ms)
 POST /api/auth/sign-up/email 200 in 84ms (next.js: 2ms, application-code: 81ms)
 GET /api/test/outbox?email=ai-other-a9029bbb%40flowline-e2e.test 200 in 8ms (next.js: 2ms, application-code: 6ms)
 POST /api/email 200 in 21ms (next.js: 2ms, application-code: 19ms)
 POST /api/auth/sign-in/email 200 in 70ms (next.js: 2ms, application-code: 68ms)
 POST /api/workspaces 201 in 48ms (next.js: 2ms, application-code: 46ms)
 GET /api/workspaces/a11f5e1f-7204-4249-bb06-bbb087126452/ai/connections 404 in 32ms (next.js: 15ms, application-code: 17ms)
 GET /api/workspaces/a11f5e1f-7204-4249-bb06-bbb087126452/ai/models 404 in 25ms (next.js: 14ms, application-code: 11ms)
 GET /w/other-ai-20/settings?tab=ai 200 in 59ms (next.js: 16ms, application-code: 44ms)
 GET /api/health 200 in 7ms (next.js: 2.0ms, application-code: 5ms)
 GET /api/workspaces/69cf8496-a9a2-4c34-9050-8336544451f7/ai 200 in 40ms (next.js: 14ms, application-code: 26ms)
 GET /api/workspaces/69cf8496-a9a2-4c34-9050-8336544451f7/ai/models 200 in 16ms (next.js: 3ms, application-code: 13ms)
 POST /api/workspaces/a11f5e1f-7204-4249-bb06-bbb087126452/invites 201 in 55ms (next.js: 17ms, application-code: 38ms)
 POST /api/auth/sign-up/email 200 in 95ms (next.js: 16ms, application-code: 79ms)
 GET /api/test/outbox?email=ai-editor-07c9a589%40flowline-e2e.test 200 in 7ms (next.js: 1.9ms, application-code: 5ms)
 POST /api/email 200 in 18ms (next.js: 1.6ms, application-code: 17ms)
 POST /api/auth/sign-in/email 200 in 72ms (next.js: 2.0ms, application-code: 70ms)
 POST /api/invites/KX2ncPZeGx8ZLl-FcXra6qeombpmi_WacsjjbP-znrs 200 in 49ms (next.js: 16ms, application-code: 33ms)
 GET /api/workspaces/a11f5e1f-7204-4249-bb06-bbb087126452/ai/models 200 in 31ms (next.js: 15ms, application-code: 16ms)
 GET /api/workspaces/a11f5e1f-7204-4249-bb06-bbb087126452/ai/connections 200 in 42ms (next.js: 15ms, application-code: 27ms)
 POST /api/workspaces/a11f5e1f-7204-4249-bb06-bbb087126452/ai/connections 403 in 23ms (next.js: 2ms, application-code: 21ms)
 GET /api/flows/228463e6-a42a-49d2-94a5-cadee3669b5f 200 in 29ms (next.js: 15ms, application-code: 14ms)
 PUT /api/flows/228463e6-a42a-49d2-94a5-cadee3669b5f 403 in 29ms (next.js: 2ms, application-code: 26ms)
 GET /w/e2e-80727e/flows/228463e6-a42a-49d2-94a5-cadee3669b5f 200 in 68ms (next.js: 18ms, application-code: 50ms)
 GET /api/health 200 in 10ms (next.js: 3ms, application-code: 8ms)
 GET /api/flows/228463e6-a42a-49d2-94a5-cadee3669b5f 200 in 19ms (next.js: 2ms, application-code: 16ms)
 GET /api/flows/228463e6-a42a-49d2-94a5-cadee3669b5f/publish 200 in 59ms (next.js: 16ms, application-code: 43ms)
 GET /api/flows/228463e6-a42a-49d2-94a5-cadee3669b5f/runs 200 in 43ms (next.js: 17ms, application-code: 25ms)
 GET /api/runs/892f4049-62b0-4fbe-9604-878d889fee95 200 in 82ms (next.js: 21ms, application-code: 61ms)
 GET /api/workspaces/a11f5e1f-7204-4249-bb06-bbb087126452/ai 200 in 54ms (next.js: 23ms, application-code: 30ms)
 GET /api/workspaces/a11f5e1f-7204-4249-bb06-bbb087126452/ai/models 200 in 27ms (next.js: 2ms, application-code: 24ms)
 GET / 200 in 109ms (next.js: 48ms, application-code: 61ms)
 GET /sign-up 200 in 19ms (next.js: 5ms, application-code: 13ms)
 GET /api/auth-config 200 in 8ms (next.js: 1.7ms, application-code: 6ms)
 POST /api/auth/sign-up/email 200 in 93ms (next.js: 15ms, application-code: 78ms)
 GET /api/test/outbox?email=arabic-4b5a3d65%40flowline-e2e.test 200 in 7ms (next.js: 1.8ms, application-code: 5ms)
 GET /verify-email?token=kdQ72R97uVgQgz3pvVkxPOJj4AvD3gLfB0IYGdoC360&callbackURL=%2Fsign-in 200 in 42ms (next.js: 18ms, application-code: 24ms)
 POST /api/email 200 in 22ms (next.js: 1.7ms, application-code: 20ms)
 GET /sign-in 200 in 14ms (next.js: 2ms, application-code: 12ms)
 GET /api/auth-config 200 in 8ms (next.js: 2ms, application-code: 6ms)
 POST /api/auth/sign-in/email 200 in 83ms (next.js: 15ms, application-code: 68ms)
 GET /app 200 in 87ms (next.js: 40ms, application-code: 47ms)
 GET /app 200 in 32ms (next.js: 6ms, application-code: 27ms)
 GET /onboarding 200 in 87ms (next.js: 32ms, application-code: 55ms)
 GET /onboarding 200 in 38ms (next.js: 12ms, application-code: 26ms)
 POST /api/workspaces 201 in 32ms (next.js: 2ms, application-code: 29ms)
 POST /api/workspaces/7533663c-b3bd-483d-a3b5-df0d7f4a9b37/flows 201 in 41ms (next.js: 16ms, application-code: 25ms)
 POST /api/onboarding 200 in 24ms (next.js: 1.8ms, application-code: 22ms)
 GET /w/arabic-co-18/flows/da94d8fe-ac54-4e3a-8bc3-a85a2a7d6cdf 200 in 54ms (next.js: 18ms, application-code: 36ms)
 GET /api/health 200 in 8ms (next.js: 3ms, application-code: 6ms)
 GET /api/flows/da94d8fe-ac54-4e3a-8bc3-a85a2a7d6cdf 200 in 40ms (next.js: 16ms, application-code: 24ms)
 GET /api/flows/da94d8fe-ac54-4e3a-8bc3-a85a2a7d6cdf/publish 200 in 56ms (next.js: 16ms, application-code: 40ms)
 GET /api/flows/da94d8fe-ac54-4e3a-8bc3-a85a2a7d6cdf/runs 200 in 35ms (next.js: 19ms, application-code: 17ms)
 GET /w/arabic-co-18/flows 200 in 680ms (next.js: 626ms, application-code: 54ms)
 GET /api/health 200 in 8ms (next.js: 3ms, application-code: 5ms)
 GET /api/workspaces/7533663c-b3bd-483d-a3b5-df0d7f4a9b37/flows 200 in 118ms (next.js: 14ms, application-code: 104ms)
 GET /w/arabic-co-18/flows 200 in 47ms (next.js: 17ms, application-code: 30ms)
 GET /w/arabic-co-18/flows 200 in 34ms (next.js: 3ms, application-code: 31ms)
 POST /api/auth/sign-out 200 in 37ms (next.js: 18ms, application-code: 20ms)
 GET /sign-in 200 in 36ms (next.js: 3ms, application-code: 33ms)
 GET /api/workspaces/7533663c-b3bd-483d-a3b5-df0d7f4a9b37/usage 200 in 727ms
 GET /api/workspaces/7533663c-b3bd-483d-a3b5-df0d7f4a9b37/overview 200 in 728ms
 GET /sign-in 200 in 41ms (next.js: 3ms, application-code: 38ms)
 GET /api/auth-config 200 in 9ms (next.js: 2ms, application-code: 7ms)
 GET /api/auth-config 200 in 20ms (next.js: 4ms, application-code: 16ms)
 POST /api/auth/sign-in/email 200 in 83ms (next.js: 2ms, application-code: 81ms)
 GET /app 200 in 60ms (next.js: 3ms, application-code: 57ms)
 GET /app 200 in 44ms (next.js: 9ms, application-code: 35ms)
 GET /w/arabic-co-18/flows 200 in 71ms (next.js: 17ms, application-code: 54ms)
 GET /w/arabic-co-18/flows 200 in 39ms (next.js: 7ms, application-code: 32ms)
 GET /api/health 200 in 8ms (next.js: 2ms, application-code: 5ms)
 GET /api/workspaces/7533663c-b3bd-483d-a3b5-df0d7f4a9b37/flows 200 in 44ms (next.js: 37ms, application-code: 7ms)
 GET /api/workspaces/7533663c-b3bd-483d-a3b5-df0d7f4a9b37/usage 200 in 63ms (next.js: 37ms, application-code: 26ms)
 GET /api/workspaces/7533663c-b3bd-483d-a3b5-df0d7f4a9b37/overview 200 in 64ms (next.js: 17ms, application-code: 47ms)
 GET /sign-in 200 in 37ms (next.js: 3ms, application-code: 34ms)
 GET /api/auth-config 200 in 9ms (next.js: 3ms, application-code: 7ms)
 GET /sign-in 200 in 21ms (next.js: 3ms, application-code: 18ms)
 GET /sign-up 200 in 38ms (next.js: 3ms, application-code: 35ms)
 GET /api/auth-config 200 in 11ms (next.js: 2ms, application-code: 8ms)
 GET /sign-up 200 in 22ms (next.js: 3ms, application-code: 19ms)
 GET /sign-in 200 in 34ms (next.js: 3ms, application-code: 31ms)
 GET /api/auth-config 200 in 9ms (next.js: 3ms, application-code: 6ms)
 POST /api/auth/sign-up/email 200 in 104ms (next.js: 16ms, application-code: 88ms)
 GET /api/test/outbox?email=arabic-rtl-0379b4af%40flowline-e2e.test 200 in 8ms (next.js: 3ms, application-code: 6ms)
 POST /api/email 200 in 21ms (next.js: 2ms, application-code: 18ms)
 POST /api/auth/sign-in/email 200 in 73ms (next.js: 2ms, application-code: 71ms)
 POST /api/workspaces 201 in 40ms (next.js: 2.0ms, application-code: 38ms)
 POST /api/onboarding 200 in 11ms (next.js: 1.7ms, application-code: 10ms)
 POST /api/workspaces/01cacad9-9223-414b-8d47-77e045babad2/flows 201 in 42ms (next.js: 17ms, application-code: 25ms)
 GET / 200 in 57ms (next.js: 3ms, application-code: 54ms)
 GET /sign-in 200 in 34ms (next.js: 2ms, application-code: 32ms)
 GET /api/auth-config 200 in 9ms (next.js: 1.9ms, application-code: 7ms)
 GET /w/rtl-scroll-18/flows 200 in 65ms (next.js: 15ms, application-code: 50ms)
 GET /api/health 200 in 9ms (next.js: 3ms, application-code: 6ms)
 GET /api/workspaces/01cacad9-9223-414b-8d47-77e045babad2/flows 200 in 37ms (next.js: 3ms, application-code: 34ms)
 GET /api/workspaces/01cacad9-9223-414b-8d47-77e045babad2/usage 200 in 93ms (next.js: 32ms, application-code: 61ms)
 GET /api/workspaces/01cacad9-9223-414b-8d47-77e045babad2/overview 200 in 117ms (next.js: 17ms, application-code: 100ms)
 GET /w/rtl-scroll-18/flows/ae370e8a-d1bc-4c5e-bf54-dd4f95d18a87 200 in 74ms (next.js: 18ms, application-code: 56ms)
 GET /api/health 200 in 7ms (next.js: 2ms, application-code: 5ms)
 GET /api/flows/ae370e8a-d1bc-4c5e-bf54-dd4f95d18a87 200 in 32ms (next.js: 16ms, application-code: 16ms)
 GET /api/flows/ae370e8a-d1bc-4c5e-bf54-dd4f95d18a87/publish 200 in 50ms (next.js: 16ms, application-code: 34ms)
 GET /api/flows/ae370e8a-d1bc-4c5e-bf54-dd4f95d18a87/runs 200 in 31ms (next.js: 16ms, application-code: 15ms)
 GET /w/rtl-scroll-18/runs 200 in 90ms (next.js: 17ms, application-code: 73ms)
 GET /api/health 200 in 9ms (next.js: 2ms, application-code: 6ms)
 GET /api/workspaces/01cacad9-9223-414b-8d47-77e045babad2/runs?limit=25 200 in 70ms (next.js: 19ms, application-code: 51ms)
 GET /w/rtl-scroll-18/settings 200 in 71ms (next.js: 17ms, application-code: 54ms)
 GET /api/health 200 in 9ms (next.js: 3ms, application-code: 6ms)
 GET /api/workspaces/01cacad9-9223-414b-8d47-77e045babad2/invites 200 in 112ms (next.js: 17ms, application-code: 94ms)
 GET / 200 in 64ms (next.js: 5ms, application-code: 59ms)
 GET /api/workspaces/01cacad9-9223-414b-8d47-77e045babad2/members 200 in 146ms
 GET /sign-in 200 in 32ms (next.js: 3ms, application-code: 29ms)
 GET /api/auth-config 200 in 18ms (next.js: 2ms, application-code: 16ms)
 GET /w/rtl-scroll-18/flows 200 in 67ms (next.js: 18ms, application-code: 49ms)
 GET /api/health 200 in 9ms (next.js: 3ms, application-code: 6ms)
 GET /api/workspaces/01cacad9-9223-414b-8d47-77e045babad2/usage 200 in 80ms (next.js: 17ms, application-code: 63ms)
 GET /api/workspaces/01cacad9-9223-414b-8d47-77e045babad2/flows 200 in 79ms (next.js: 37ms, application-code: 42ms)
 GET /api/workspaces/01cacad9-9223-414b-8d47-77e045babad2/overview 200 in 145ms (next.js: 17ms, application-code: 128ms)
 GET /w/rtl-scroll-18/flows/ae370e8a-d1bc-4c5e-bf54-dd4f95d18a87 200 in 90ms (next.js: 21ms, application-code: 69ms)
 GET /api/health 200 in 9ms (next.js: 2ms, application-code: 6ms)
 GET /api/flows/ae370e8a-d1bc-4c5e-bf54-dd4f95d18a87 200 in 47ms (next.js: 18ms, application-code: 29ms)
 GET /api/flows/ae370e8a-d1bc-4c5e-bf54-dd4f95d18a87/publish 200 in 55ms (next.js: 18ms, application-code: 37ms)
(node:56552) MaxListenersExceededWarning: Possible EventEmitter memory leak detected. 11 unpipe listeners added to [SyncWriteStream]. MaxListeners is 10. Use emitter.setMaxListeners() to increase limit
(Use `node --trace-warnings ...` to show where the warning was created)
(node:56552) MaxListenersExceededWarning: Possible EventEmitter memory leak detected. 11 error listeners added to [SyncWriteStream]. MaxListeners is 10. Use emitter.setMaxListeners() to increase limit
(node:56552) MaxListenersExceededWarning: Possible EventEmitter memory leak detected. 11 close listeners added to [SyncWriteStream]. MaxListeners is 10. Use emitter.setMaxListeners() to increase limit
(node:56552) MaxListenersExceededWarning: Possible EventEmitter memory leak detected. 11 finish listeners added to [SyncWriteStream]. MaxListeners is 10. Use emitter.setMaxListeners() to increase limit
(node:56552) MaxListenersExceededWarning: Possible EventEmitter memory leak detected. 11 unpipe listeners added to [SyncWriteStream]. MaxListeners is 10. Use emitter.setMaxListeners() to increase limit
(node:56552) MaxListenersExceededWarning: Possible EventEmitter memory leak detected. 11 error listeners added to [SyncWriteStream]. MaxListeners is 10. Use emitter.setMaxListeners() to increase limit
(node:56552) MaxListenersExceededWarning: Possible EventEmitter memory leak detected. 11 close listeners added to [SyncWriteStream]. MaxListeners is 10. Use emitter.setMaxListeners() to increase limit
(node:56552) MaxListenersExceededWarning: Possible EventEmitter memory leak detected. 11 finish listeners added to [SyncWriteStream]. MaxListeners is 10. Use emitter.setMaxListeners() to increase limit
 GET /api/flows/ae370e8a-d1bc-4c5e-bf54-dd4f95d18a87/runs 200 in 56ms (next.js: 19ms, application-code: 37ms)
 GET /w/rtl-scroll-18/runs 200 in 97ms (next.js: 18ms, application-code: 78ms)
 GET /api/health 200 in 8ms (next.js: 2ms, application-code: 6ms)
 GET /api/workspaces/01cacad9-9223-414b-8d47-77e045babad2/runs?limit=25 200 in 78ms (next.js: 19ms, application-code: 59ms)
 GET /w/rtl-scroll-18/settings 200 in 84ms (next.js: 18ms, application-code: 65ms)
 GET /api/health 200 in 10ms (next.js: 3ms, application-code: 6ms)
 GET /api/workspaces/01cacad9-9223-414b-8d47-77e045babad2/invites 200 in 95ms (next.js: 42ms, application-code: 53ms)
 GET /api/workspaces/01cacad9-9223-414b-8d47-77e045babad2/members 200 in 97ms (next.js: 20ms, application-code: 77ms)
 GET / 200 in 90ms (next.js: 5ms, application-code: 84ms)
 GET /sign-in 200 in 41ms (next.js: 3ms, application-code: 38ms)
 GET /api/auth-config 200 in 10ms (next.js: 3ms, application-code: 7ms)
 GET /w/rtl-scroll-18/flows 200 in 83ms (next.js: 20ms, application-code: 63ms)
 GET /api/health 200 in 10ms (next.js: 3ms, application-code: 7ms)
 GET /api/workspaces/01cacad9-9223-414b-8d47-77e045babad2/flows 200 in 113ms (next.js: 61ms, application-code: 52ms)
 GET /api/workspaces/01cacad9-9223-414b-8d47-77e045babad2/usage 200 in 149ms (next.js: 42ms, application-code: 107ms)
 GET /api/workspaces/01cacad9-9223-414b-8d47-77e045babad2/overview 200 in 169ms (next.js: 21ms, application-code: 148ms)
 GET /w/rtl-scroll-18/flows/ae370e8a-d1bc-4c5e-bf54-dd4f95d18a87 200 in 104ms (next.js: 26ms, application-code: 78ms)
 GET /api/health 200 in 8ms (next.js: 3ms, application-code: 5ms)
 GET /api/flows/ae370e8a-d1bc-4c5e-bf54-dd4f95d18a87 200 in 35ms (next.js: 20ms, application-code: 16ms)
 GET /api/flows/ae370e8a-d1bc-4c5e-bf54-dd4f95d18a87/publish 200 in 58ms (next.js: 18ms, application-code: 40ms)
 GET /api/flows/ae370e8a-d1bc-4c5e-bf54-dd4f95d18a87/runs 200 in 38ms (next.js: 20ms, application-code: 18ms)
 GET /w/rtl-scroll-18/runs 200 in 76ms (next.js: 20ms, application-code: 56ms)
 GET /api/health 200 in 8ms (next.js: 2ms, application-code: 6ms)
 GET /api/workspaces/01cacad9-9223-414b-8d47-77e045babad2/runs?limit=25 200 in 78ms (next.js: 21ms, application-code: 57ms)
 GET /w/rtl-scroll-18/settings 200 in 96ms (next.js: 20ms, application-code: 76ms)
 GET /api/health 200 in 9ms (next.js: 3ms, application-code: 6ms)
 GET /api/workspaces/01cacad9-9223-414b-8d47-77e045babad2/members 200 in 61ms (next.js: 22ms, application-code: 39ms)
 GET /api/workspaces/01cacad9-9223-414b-8d47-77e045babad2/invites 200 in 39ms (next.js: 24ms, application-code: 15ms)
2026-09-29T09:36:42.077Z [worker] platform notifications sent 20
 POST /api/auth/sign-up/email 200 in 125ms (next.js: 20ms, application-code: 104ms)
 GET /api/test/outbox?email=e2e-d7865319%40flowline-e2e.test 200 in 12ms (next.js: 3ms, application-code: 9ms)
 POST /api/email 200 in 32ms (next.js: 2ms, application-code: 29ms)
 POST /api/auth/sign-in/email 200 in 85ms (next.js: 2ms, application-code: 82ms)
 POST /api/workspaces 201 in 28ms (next.js: 3ms, application-code: 25ms)
 POST /api/onboarding 200 in 27ms (next.js: 2ms, application-code: 25ms)
 POST /api/workspaces/73267d93-1d94-4643-8202-1a3dc5751f4e/flows 201 in 36ms (next.js: 16ms, application-code: 20ms)
 GET /w/e2e-cea00a/templates 200 in 718ms (next.js: 641ms, application-code: 78ms)
 GET /api/health 200 in 7ms (next.js: 2ms, application-code: 5ms)
 GET /api/workspaces/73267d93-1d94-4643-8202-1a3dc5751f4e/connections 200 in 73ms (next.js: 13ms, application-code: 60ms)
 GET /api/workspaces/73267d93-1d94-4643-8202-1a3dc5751f4e/ai 200 in 99ms (next.js: 13ms, application-code: 85ms)
 GET /w/e2e-cea00a/flows/968626be-121e-448e-990d-9f146df3a65e 200 in 80ms (next.js: 15ms, application-code: 65ms)
 GET /api/health 200 in 7ms (next.js: 2.0ms, application-code: 5ms)
 GET /api/flows/968626be-121e-448e-990d-9f146df3a65e 200 in 35ms (next.js: 17ms, application-code: 19ms)
 GET /api/flows/968626be-121e-448e-990d-9f146df3a65e/publish 200 in 50ms (next.js: 16ms, application-code: 34ms)
 GET /api/flows/968626be-121e-448e-990d-9f146df3a65e/runs 200 in 30ms (next.js: 16ms, application-code: 14ms)
 GET /api/integrations/catalog 200 in 22ms (next.js: 3ms, application-code: 19ms)
 GET /api/workspaces/73267d93-1d94-4643-8202-1a3dc5751f4e/ai 200 in 23ms (next.js: 1.9ms, application-code: 21ms)
2026-09-29T09:36:44.242Z [worker] run 5458be34-c058-49aa-ab28-6e9a3c6d601d claimed
 POST /api/flows/968626be-121e-448e-990d-9f146df3a65e/runs 202 in 73ms (next.js: 3ms, application-code: 70ms)
 GET /api/flows/968626be-121e-448e-990d-9f146df3a65e/runs 200 in 39ms (next.js: 3ms, application-code: 37ms)
 GET /api/runs/5458be34-c058-49aa-ab28-6e9a3c6d601d 200 in 44ms (next.js: 18ms, application-code: 27ms)
2026-09-29T09:36:44.306Z [worker] run 5458be34-c058-49aa-ab28-6e9a3c6d601d done
 GET /api/runs/5458be34-c058-49aa-ab28-6e9a3c6d601d 200 in 32ms (next.js: 2ms, application-code: 30ms)
 GET /api/flows/968626be-121e-448e-990d-9f146df3a65e/runs 200 in 28ms (next.js: 14ms, application-code: 14ms)
 GET /w/e2e-cea00a/runs?run=5458be34-c058-49aa-ab28-6e9a3c6d601d 200 in 29ms (next.js: 16ms, application-code: 13ms)
 GET /api/workspaces/73267d93-1d94-4643-8202-1a3dc5751f4e/runs?limit=25 200 in 30ms (next.js: 16ms, application-code: 14ms)
 GET /api/runs/5458be34-c058-49aa-ab28-6e9a3c6d601d/rerun-preview?fromNodeId=hot&revision=original 200 in 877ms (next.js: 851ms, application-code: 27ms)
 POST /api/auth/sign-up/email 200 in 97ms (next.js: 16ms, application-code: 81ms)
 GET /api/test/outbox?email=e2e-34a33c87%40flowline-e2e.test 200 in 8ms (next.js: 3ms, application-code: 5ms)
 POST /api/email 200 in 19ms (next.js: 1.9ms, application-code: 17ms)
 POST /api/auth/sign-in/email 200 in 67ms (next.js: 1.7ms, application-code: 65ms)
 POST /api/workspaces 201 in 17ms (next.js: 1.8ms, application-code: 16ms)
 POST /api/onboarding 200 in 28ms (next.js: 1.8ms, application-code: 27ms)
 GET /w/e2e-3cf7c3/settings?tab=general 200 in 67ms (next.js: 14ms, application-code: 52ms)
 GET /api/health 200 in 8ms (next.js: 3ms, application-code: 5ms)
 GET /resend-verification 200 in 34ms (next.js: 22ms, application-code: 12ms)
 GET /w/e2e-3cf7c3/flows 200 in 58ms (next.js: 14ms, application-code: 43ms)
 GET /api/health 200 in 8ms (next.js: 2ms, application-code: 6ms)
 GET /api/workspaces/26190acd-c2ab-4aa0-8837-4a1f821a2435/usage 200 in 68ms (next.js: 33ms, application-code: 36ms)
 GET /api/workspaces/26190acd-c2ab-4aa0-8837-4a1f821a2435/flows 200 in 34ms (next.js: 18ms, application-code: 16ms)
 GET /api/workspaces/26190acd-c2ab-4aa0-8837-4a1f821a2435/overview 200 in 85ms (next.js: 16ms, application-code: 68ms)
 GET /account/delete 200 in 40ms (next.js: 24ms, application-code: 16ms)
 POST /api/email 200 in 29ms (next.js: 2ms, application-code: 26ms)
 GET /api/test/outbox?email=e2e-34a33c87%40flowline-e2e.test 200 in 8ms (next.js: 1.9ms, application-code: 6ms)
 GET /account/delete?token=K-Bs4agEBUrjKvzTesNuxkpcHaJC4XZr8njDMRprIbs 200 in 23ms (next.js: 2.0ms, application-code: 21ms)
 POST /api/email 200 in 61ms (next.js: 1.8ms, application-code: 60ms)
 GET /api/me 401 in 47ms (next.js: 34ms, application-code: 14ms)
 POST /api/auth/sign-up/email 200 in 91ms (next.js: 14ms, application-code: 77ms)
 GET /api/test/outbox?email=e2e-79fc8ece%40flowline-e2e.test 200 in 7ms (next.js: 1.8ms, application-code: 5ms)
 POST /api/email 200 in 19ms (next.js: 1.7ms, application-code: 17ms)
 POST /api/auth/sign-in/email 200 in 69ms (next.js: 1.7ms, application-code: 67ms)
 POST /api/workspaces 201 in 26ms (next.js: 1.8ms, application-code: 24ms)
 POST /api/onboarding 200 in 21ms (next.js: 2ms, application-code: 19ms)
 GET /w/e2e-4bf5f4/settings 200 in 58ms (next.js: 15ms, application-code: 43ms)
 GET /api/health 200 in 9ms (next.js: 3ms, application-code: 6ms)
 GET /api/workspaces/795d36af-07c7-410f-9fd2-7d03a4f2319f/invites 200 in 48ms (next.js: 34ms, application-code: 14ms)
 GET /api/workspaces/795d36af-07c7-410f-9fd2-7d03a4f2319f/members 200 in 49ms (next.js: 16ms, application-code: 33ms)
 GET /api/workspaces/795d36af-07c7-410f-9fd2-7d03a4f2319f/ai 200 in 35ms (next.js: 16ms, application-code: 19ms)
 GET /api/workspaces/795d36af-07c7-410f-9fd2-7d03a4f2319f/ai/models 200 in 45ms (next.js: 16ms, application-code: 30ms)
 GET /api/workspaces/795d36af-07c7-410f-9fd2-7d03a4f2319f/api-keys 200 in 871ms (next.js: 856ms, application-code: 15ms)
 GET /api/workspaces/795d36af-07c7-410f-9fd2-7d03a4f2319f/billing 200 in 897ms (next.js: 871ms, application-code: 27ms)
 GET /api/workspaces/795d36af-07c7-410f-9fd2-7d03a4f2319f 200 in 42ms (next.js: 30ms, application-code: 13ms)
 GET /api/workspaces/795d36af-07c7-410f-9fd2-7d03a4f2319f/usage 200 in 46ms (next.js: 13ms, application-code: 33ms)
 GET /api/workspaces/795d36af-07c7-410f-9fd2-7d03a4f2319f/audit 200 in 870ms (next.js: 856ms, application-code: 14ms)
 GET /api/workspaces/795d36af-07c7-410f-9fd2-7d03a4f2319f/sso 200 in 873ms (next.js: 855ms, application-code: 18ms)
 GET /w/e2e-4bf5f4/agents 200 in 670ms (next.js: 604ms, application-code: 66ms)
 GET /api/health 200 in 8ms (next.js: 3ms, application-code: 5ms)
 GET /api/workspaces/795d36af-07c7-410f-9fd2-7d03a4f2319f/agents 200 in 29ms (next.js: 16ms, application-code: 13ms)
 GET /w/e2e-4bf5f4/agents/new 200 in 28ms (next.js: 16ms, application-code: 13ms)
 GET /api/workspaces/795d36af-07c7-410f-9fd2-7d03a4f2319f/flows 200 in 68ms (next.js: 35ms, application-code: 33ms)
 GET /api/workspaces/795d36af-07c7-410f-9fd2-7d03a4f2319f/ai 200 in 103ms (next.js: 18ms, application-code: 85ms)
 GET /api/workspaces/795d36af-07c7-410f-9fd2-7d03a4f2319f/knowledge 200 in 64ms (next.js: 15ms, application-code: 48ms)
 GET /api/workspaces/795d36af-07c7-410f-9fd2-7d03a4f2319f/ai/models 200 in 43ms (next.js: 16ms, application-code: 27ms)
 GET /w/e2e-4bf5f4/knowledge 200 in 700ms (next.js: 646ms, application-code: 54ms)
 GET /api/health 200 in 11ms (next.js: 4ms, application-code: 7ms)
 GET /api/workspaces/795d36af-07c7-410f-9fd2-7d03a4f2319f/knowledge 200 in 39ms (next.js: 17ms, application-code: 22ms)
 GET /w/e2e-4bf5f4/integrations 200 in 64ms (next.js: 16ms, application-code: 48ms)
 GET /api/health 200 in 8ms (next.js: 2ms, application-code: 6ms)
 GET /api/workspaces/795d36af-07c7-410f-9fd2-7d03a4f2319f/connections 200 in 25ms (next.js: 14ms, application-code: 11ms)
 GET /api/integrations/catalog?workspaceId=795d36af-07c7-410f-9fd2-7d03a4f2319f 200 in 42ms (next.js: 3ms, application-code: 39ms)
 GET /api/workspaces/795d36af-07c7-410f-9fd2-7d03a4f2319f/oauth-apps/provenance?provider=google_sheets 200 in 32ms (next.js: 17ms, application-code: 15ms)
 GET /w/e2e-4bf5f4/settings?tab=keys 200 in 80ms (next.js: 18ms, application-code: 62ms)
 GET /api/health 200 in 7ms (next.js: 2ms, application-code: 5ms)
 GET /api/workspaces/795d36af-07c7-410f-9fd2-7d03a4f2319f/api-keys 200 in 50ms (next.js: 17ms, application-code: 33ms)
 GET /w/e2e-4bf5f4/settings?tab=billing 200 in 53ms (next.js: 4ms, application-code: 50ms)
 GET /api/health 200 in 9ms (next.js: 2ms, application-code: 7ms)
 GET /api/workspaces/795d36af-07c7-410f-9fd2-7d03a4f2319f 200 in 68ms (next.js: 36ms, application-code: 32ms)
 GET /api/workspaces/795d36af-07c7-410f-9fd2-7d03a4f2319f/usage 200 in 95ms (next.js: 18ms, application-code: 77ms)
 GET /w/e2e-4bf5f4/agents/new 200 in 76ms (next.js: 18ms, application-code: 58ms)
 GET /api/health 200 in 8ms (next.js: 2ms, application-code: 6ms)
 GET /api/workspaces/795d36af-07c7-410f-9fd2-7d03a4f2319f/knowledge 200 in 87ms (next.js: 51ms, application-code: 35ms)
 GET /api/workspaces/795d36af-07c7-410f-9fd2-7d03a4f2319f/flows 200 in 89ms (next.js: 33ms, application-code: 55ms)
 GET /api/workspaces/795d36af-07c7-410f-9fd2-7d03a4f2319f/ai 200 in 127ms (next.js: 17ms, application-code: 110ms)
 GET /w/e2e-4bf5f4/knowledge 200 in 111ms (next.js: 18ms, application-code: 93ms)
 GET /api/workspaces/795d36af-07c7-410f-9fd2-7d03a4f2319f/ai/models 200 in 39ms (next.js: 19ms, application-code: 21ms)
 GET /api/health 200 in 9ms (next.js: 3ms, application-code: 6ms)
 GET /api/workspaces/795d36af-07c7-410f-9fd2-7d03a4f2319f/knowledge 200 in 62ms (next.js: 3ms, application-code: 60ms)
 GET /w/e2e-4bf5f4/integrations 200 in 72ms (next.js: 17ms, application-code: 55ms)
 GET /api/health 200 in 7ms (next.js: 2ms, application-code: 5ms)
(node:56552) MaxListenersExceededWarning: Possible EventEmitter memory leak detected. 11 unpipe listeners added to [SyncWriteStream]. MaxListeners is 10. Use emitter.setMaxListeners() to increase limit
(node:56552) MaxListenersExceededWarning: Possible EventEmitter memory leak detected. 11 error listeners added to [SyncWriteStream]. MaxListeners is 10. Use emitter.setMaxListeners() to increase limit
(node:56552) MaxListenersExceededWarning: Possible EventEmitter memory leak detected. 11 close listeners added to [SyncWriteStream]. MaxListeners is 10. Use emitter.setMaxListeners() to increase limit
(node:56552) MaxListenersExceededWarning: Possible EventEmitter memory leak detected. 11 finish listeners added to [SyncWriteStream]. MaxListeners is 10. Use emitter.setMaxListeners() to increase limit
(node:56552) MaxListenersExceededWarning: Possible EventEmitter memory leak detected. 11 unpipe listeners added to [SyncWriteStream]. MaxListeners is 10. Use emitter.setMaxListeners() to increase limit
(node:56552) MaxListenersExceededWarning: Possible EventEmitter memory leak detected. 11 error listeners added to [SyncWriteStream]. MaxListeners is 10. Use emitter.setMaxListeners() to increase limit
(node:56552) MaxListenersExceededWarning: Possible EventEmitter memory leak detected. 11 close listeners added to [SyncWriteStream]. MaxListeners is 10. Use emitter.setMaxListeners() to increase limit
(node:56552) MaxListenersExceededWarning: Possible EventEmitter memory leak detected. 11 finish listeners added to [SyncWriteStream]. MaxListeners is 10. Use emitter.setMaxListeners() to increase limit
 GET /api/workspaces/795d36af-07c7-410f-9fd2-7d03a4f2319f/connections 200 in 31ms (next.js: 20ms, application-code: 10ms)
 GET /api/integrations/catalog?workspaceId=795d36af-07c7-410f-9fd2-7d03a4f2319f 200 in 41ms (next.js: 2ms, application-code: 38ms)
 POST /api/test/beta 200 in 53ms (next.js: 42ms, application-code: 10ms)
 GET /api/auth-config 200 in 9ms (next.js: 2ms, application-code: 7ms)
 GET /sign-up 200 in 33ms (next.js: 3ms, application-code: 30ms)
 GET /api/auth-config 200 in 9ms (next.js: 2ms, application-code: 6ms)
 POST /api/beta/check 200 in 61ms (next.js: 37ms, application-code: 24ms)
 GET /api/test/outbox?email=stranger-f3263e41%40flowline-e2e.test 200 in 7ms (next.js: 1.8ms, application-code: 5ms)
 POST /api/beta/check 200 in 13ms (next.js: 2ms, application-code: 11ms)
 POST /api/beta/check 200 in 14ms (next.js: 2.0ms, application-code: 12ms)
 POST /api/auth/sign-up/email 200 in 102ms (next.js: 16ms, application-code: 86ms)
 GET /api/test/outbox?email=stranger-f3263e41%40flowline-e2e.test 200 in 7ms (next.js: 1.7ms, application-code: 5ms)
 POST /api/beta/check 200 in 11ms (next.js: 1.9ms, application-code: 9ms)
 POST /api/email 200 in 518ms (next.js: 1.8ms, application-code: 516ms)
 POST /api/auth/sign-up/email 200 in 92ms (next.js: 15ms, application-code: 77ms)
 GET /api/test/outbox?email=e2e-c6588fc3%40flowline-e2e.test 200 in 7ms (next.js: 1.7ms, application-code: 5ms)
 POST /api/email 200 in 20ms (next.js: 1.6ms, application-code: 18ms)
 POST /api/auth/sign-in/email 200 in 69ms (next.js: 1.8ms, application-code: 68ms)
 POST /api/workspaces 201 in 50ms (next.js: 1.7ms, application-code: 49ms)
 POST /api/onboarding 200 in 11ms (next.js: 1.9ms, application-code: 9ms)
 POST /api/workspaces/5ee35cc6-4d99-4dfe-850c-28cccb3c1ad2/invites 201 in 49ms (next.js: 14ms, application-code: 35ms)
 POST /api/test/beta 200 in 4ms (next.js: 1.7ms, application-code: 3ms)
 GET /invite/Mk6GIi9nNxLcKsH8fq6d7jgC4PqHDoB71YB6EivOmIw 307 in 646ms (next.js: 599ms, application-code: 47ms)
 GET /sign-in?next=invite%3AMk6GIi9nNxLcKsH8fq6d7jgC4PqHDoB71YB6EivOmIw 200 in 29ms (next.js: 2ms, application-code: 26ms)
 GET /api/auth-config 200 in 8ms (next.js: 2ms, application-code: 5ms)
 GET /sign-up?next=invite%3AMk6GIi9nNxLcKsH8fq6d7jgC4PqHDoB71YB6EivOmIw 200 in 16ms (next.js: 3ms, application-code: 13ms)
 POST /api/beta/check 200 in 13ms (next.js: 1.9ms, application-code: 11ms)
 POST /api/auth/sign-up/email 200 in 101ms (next.js: 15ms, application-code: 86ms)
 GET /api/test/outbox?email=beta-invitee-48423806%40flowline-e2e.test 200 in 7ms (next.js: 2ms, application-code: 5ms)
 GET /verify-email?token=BtJndf7sGy4DdJpxSRVfUgdXaAiGW5kE_YR8tYG0pGw&callbackURL=%2Fsign-in%3Fnext%3Dinvite%253AMk6GIi9nNxLcKsH8fq6d7jgC4PqHDoB71YB6EivOmIw 200 in 23ms (next.js: 2ms, application-code: 21ms)
 POST /api/email 200 in 21ms (next.js: 2ms, application-code: 19ms)
 GET /sign-in?next=invite%3AMk6GIi9nNxLcKsH8fq6d7jgC4PqHDoB71YB6EivOmIw 200 in 16ms (next.js: 2ms, application-code: 13ms)
 GET /api/auth-config 200 in 8ms (next.js: 2ms, application-code: 5ms)
 POST /api/auth/sign-in/email 200 in 82ms (next.js: 1.8ms, application-code: 80ms)
 GET /app?next=invite%3AMk6GIi9nNxLcKsH8fq6d7jgC4PqHDoB71YB6EivOmIw 200 in 28ms (next.js: 3ms, application-code: 25ms)
 GET /app?next=invite%3AMk6GIi9nNxLcKsH8fq6d7jgC4PqHDoB71YB6EivOmIw 200 in 31ms (next.js: 3ms, application-code: 28ms)
 GET /invite/Mk6GIi9nNxLcKsH8fq6d7jgC4PqHDoB71YB6EivOmIw 200 in 40ms (next.js: 16ms, application-code: 24ms)
 GET /invite/Mk6GIi9nNxLcKsH8fq6d7jgC4PqHDoB71YB6EivOmIw 200 in 26ms (next.js: 3ms, application-code: 22ms)
 GET /api/invites/Mk6GIi9nNxLcKsH8fq6d7jgC4PqHDoB71YB6EivOmIw 200 in 41ms (next.js: 15ms, application-code: 26ms)
 POST /api/invites/Mk6GIi9nNxLcKsH8fq6d7jgC4PqHDoB71YB6EivOmIw 200 in 31ms (next.js: 2ms, application-code: 28ms)
 GET /w/beta-invite-co-17/flows 200 in 47ms (next.js: 17ms, application-code: 30ms)
 GET /api/health 200 in 9ms (next.js: 3ms, application-code: 6ms)
 GET /api/workspaces/5ee35cc6-4d99-4dfe-850c-28cccb3c1ad2/usage 200 in 68ms (next.js: 35ms, application-code: 33ms)
 GET /api/workspaces/5ee35cc6-4d99-4dfe-850c-28cccb3c1ad2/flows 200 in 68ms (next.js: 52ms, application-code: 16ms)
 GET /api/workspaces/5ee35cc6-4d99-4dfe-850c-28cccb3c1ad2/overview 200 in 77ms (next.js: 17ms, application-code: 60ms)
 POST /api/auth/sign-up/email 200 in 105ms (next.js: 18ms, application-code: 87ms)
 GET /api/test/outbox?email=e2e-1328dae4%40flowline-e2e.test 200 in 8ms (next.js: 2ms, application-code: 6ms)
 POST /api/email 200 in 22ms (next.js: 2.0ms, application-code: 20ms)
 POST /api/auth/sign-in/email 200 in 69ms (next.js: 1.9ms, application-code: 67ms)
 POST /api/workspaces 201 in 32ms (next.js: 2ms, application-code: 30ms)
 POST /api/onboarding 200 in 22ms (next.js: 3ms, application-code: 19ms)
 POST /api/workspaces/2f0debc5-d098-4ca5-8b3e-b93e6b74290c/flows 201 in 22ms (next.js: 2ms, application-code: 19ms)
 GET /w/e2e-71ce44/flows/38b99a46-8195-4d03-a26a-8c29256fb901 200 in 67ms (next.js: 17ms, application-code: 50ms)
 GET /api/health 200 in 9ms (next.js: 3ms, application-code: 5ms)
 GET /api/flows/38b99a46-8195-4d03-a26a-8c29256fb901 200 in 30ms (next.js: 16ms, application-code: 13ms)
 GET /api/flows/38b99a46-8195-4d03-a26a-8c29256fb901/publish 200 in 49ms (next.js: 15ms, application-code: 34ms)
 GET /api/flows/38b99a46-8195-4d03-a26a-8c29256fb901/runs 200 in 30ms (next.js: 15ms, application-code: 15ms)
 GET /api/workspaces/2f0debc5-d098-4ca5-8b3e-b93e6b74290c/ai 200 in 44ms (next.js: 15ms, application-code: 29ms)
 GET /api/integrations/catalog 200 in 154ms (next.js: 2ms, application-code: 152ms)
 PUT /api/flows/38b99a46-8195-4d03-a26a-8c29256fb901 200 in 44ms (next.js: 15ms, application-code: 29ms)
 GET /api/flows/38b99a46-8195-4d03-a26a-8c29256fb901 200 in 18ms (next.js: 1.8ms, application-code: 16ms)
 POST /api/auth/sign-up/email 200 in 91ms (next.js: 14ms, application-code: 77ms)
 GET /api/test/outbox?email=e2e-261ccbe5%40flowline-e2e.test 200 in 8ms (next.js: 2ms, application-code: 6ms)
 POST /api/email 200 in 22ms (next.js: 1.9ms, application-code: 20ms)
 POST /api/auth/sign-in/email 200 in 72ms (next.js: 2ms, application-code: 70ms)
 POST /api/workspaces 201 in 27ms (next.js: 1.9ms, application-code: 26ms)
 POST /api/onboarding 200 in 23ms (next.js: 2.0ms, application-code: 21ms)
 POST /api/workspaces/2e871971-3b5b-4fa4-8179-6a0cce3f3b67/flows 201 in 28ms (next.js: 15ms, application-code: 13ms)
 GET /w/e2e-168749/flows/a9794e15-023b-437a-9b3e-f0c071145246 200 in 61ms (next.js: 15ms, application-code: 46ms)
 GET /api/health 200 in 8ms (next.js: 2ms, application-code: 6ms)
 GET /api/flows/a9794e15-023b-437a-9b3e-f0c071145246 200 in 40ms (next.js: 14ms, application-code: 25ms)
 GET /api/flows/a9794e15-023b-437a-9b3e-f0c071145246/publish 200 in 53ms (next.js: 16ms, application-code: 37ms)
 GET /api/flows/a9794e15-023b-437a-9b3e-f0c071145246/runs 200 in 32ms (next.js: 16ms, application-code: 16ms)
 GET /api/flows/a9794e15-023b-437a-9b3e-f0c071145246 200 in 25ms (next.js: 2ms, application-code: 23ms)
 PUT /api/flows/a9794e15-023b-437a-9b3e-f0c071145246 200 in 42ms (next.js: 14ms, application-code: 28ms)
 GET /api/flows/a9794e15-023b-437a-9b3e-f0c071145246 200 in 16ms (next.js: 2ms, application-code: 14ms)
 PUT /api/flows/a9794e15-023b-437a-9b3e-f0c071145246 200 in 40ms (next.js: 13ms, application-code: 27ms)
 GET /api/flows/a9794e15-023b-437a-9b3e-f0c071145246 200 in 20ms (next.js: 1.8ms, application-code: 18ms)
 POST /api/auth/sign-up/email 200 in 93ms (next.js: 13ms, application-code: 80ms)
 GET /api/test/outbox?email=e2e-adcb4081%40flowline-e2e.test 200 in 7ms (next.js: 2.0ms, application-code: 5ms)
 POST /api/email 200 in 21ms (next.js: 1.8ms, application-code: 19ms)
 POST /api/auth/sign-in/email 200 in 68ms (next.js: 1.7ms, application-code: 67ms)
 POST /api/workspaces 201 in 25ms (next.js: 3ms, application-code: 22ms)
 POST /api/onboarding 200 in 23ms (next.js: 1.7ms, application-code: 22ms)
 POST /api/workspaces/33103c8b-af49-433b-8487-819f2da3e6a3/flows 201 in 30ms (next.js: 14ms, application-code: 15ms)
 GET /w/e2e-06e077/flows/8f870874-cc0d-49e5-b4e4-6c68de473583 200 in 62ms (next.js: 14ms, application-code: 48ms)
 GET /api/health 200 in 7ms (next.js: 1.9ms, application-code: 5ms)
 GET /api/flows/8f870874-cc0d-49e5-b4e4-6c68de473583 200 in 29ms (next.js: 16ms, application-code: 13ms)
 GET /api/flows/8f870874-cc0d-49e5-b4e4-6c68de473583/publish 200 in 51ms (next.js: 15ms, application-code: 35ms)
 GET /api/flows/8f870874-cc0d-49e5-b4e4-6c68de473583/runs 200 in 32ms (next.js: 16ms, application-code: 16ms)
 GET /api/flows/8f870874-cc0d-49e5-b4e4-6c68de473583 200 in 29ms (next.js: 15ms, application-code: 14ms)
 POST /api/auth/sign-up/email 200 in 93ms (next.js: 15ms, application-code: 78ms)
 GET /api/test/outbox?email=e2e-e68fdd6c%40flowline-e2e.test 200 in 8ms (next.js: 3ms, application-code: 5ms)
 POST /api/email 200 in 20ms (next.js: 1.7ms, application-code: 18ms)
 POST /api/auth/sign-in/email 200 in 72ms (next.js: 2ms, application-code: 70ms)
 POST /api/workspaces 201 in 34ms (next.js: 2ms, application-code: 32ms)
 POST /api/onboarding 200 in 21ms (next.js: 1.8ms, application-code: 19ms)
 POST /api/workspaces/9cfb83d1-4ace-4fc9-adb9-03a571add809/flows 201 in 31ms (next.js: 14ms, application-code: 17ms)
 GET /w/e2e-ec4356/flows/b35618e4-8310-4b5a-91f8-c3171a382170 200 in 67ms (next.js: 14ms, application-code: 53ms)
 GET /api/health 200 in 8ms (next.js: 2ms, application-code: 5ms)
 GET /api/flows/b35618e4-8310-4b5a-91f8-c3171a382170 200 in 22ms (next.js: 3ms, application-code: 19ms)
 GET /api/flows/b35618e4-8310-4b5a-91f8-c3171a382170/publish 200 in 53ms (next.js: 16ms, application-code: 37ms)
 GET /api/flows/b35618e4-8310-4b5a-91f8-c3171a382170/runs 200 in 34ms (next.js: 17ms, application-code: 17ms)
 GET /api/flows/b35618e4-8310-4b5a-91f8-c3171a382170 200 in 30ms (next.js: 17ms, application-code: 13ms)
 POST /api/auth/sign-up/email 200 in 102ms (next.js: 16ms, application-code: 86ms)
 GET /api/test/outbox?email=e2e-ef1f8ef2%40flowline-e2e.test 200 in 7ms (next.js: 1.7ms, application-code: 5ms)
 POST /api/email 200 in 20ms (next.js: 2.0ms, application-code: 18ms)
 POST /api/auth/sign-in/email 200 in 73ms (next.js: 1.7ms, application-code: 71ms)
 POST /api/workspaces 201 in 28ms (next.js: 3ms, application-code: 26ms)
 POST /api/onboarding 200 in 22ms (next.js: 3ms, application-code: 20ms)
 POST /api/workspaces/ab6f14ef-d1c4-4830-bf26-c3503b683a2a/flows 201 in 47ms (next.js: 16ms, application-code: 32ms)
 GET /w/e2e-9aee30/flows/b34873e3-1a58-4fc0-8b75-723ceb8711e0 200 in 69ms (next.js: 19ms, application-code: 50ms)
 GET /api/health 200 in 7ms (next.js: 2ms, application-code: 5ms)
 GET /api/flows/b34873e3-1a58-4fc0-8b75-723ceb8711e0 200 in 25ms (next.js: 2ms, application-code: 22ms)
 GET /api/flows/b34873e3-1a58-4fc0-8b75-723ceb8711e0/publish 200 in 66ms (next.js: 17ms, application-code: 49ms)
 GET /api/flows/b34873e3-1a58-4fc0-8b75-723ceb8711e0/runs 200 in 49ms (next.js: 19ms, application-code: 30ms)
 POST /api/auth/sign-up/email 200 in 96ms (next.js: 16ms, application-code: 80ms)
 GET /api/test/outbox?email=e2e-f6baeb68%40flowline-e2e.test 200 in 7ms (next.js: 1.9ms, application-code: 6ms)
 POST /api/email 200 in 19ms (next.js: 1.7ms, application-code: 17ms)
 POST /api/auth/sign-in/email 200 in 76ms (next.js: 1.8ms, application-code: 74ms)
 POST /api/workspaces 201 in 33ms (next.js: 2ms, application-code: 30ms)
 POST /api/onboarding 200 in 21ms (next.js: 1.7ms, application-code: 19ms)
 POST /api/workspaces/2608effd-2a03-4186-af54-6ac7ae6f15b0/flows 201 in 45ms (next.js: 17ms, application-code: 29ms)
 GET /w/e2e-071250/flows/37742edc-8ef9-415d-aa3a-b0591f41d419 200 in 62ms (next.js: 16ms, application-code: 47ms)
 GET /api/health 200 in 7ms (next.js: 2ms, application-code: 5ms)
 GET /api/flows/37742edc-8ef9-415d-aa3a-b0591f41d419 200 in 31ms (next.js: 15ms, application-code: 16ms)
 GET /api/flows/37742edc-8ef9-415d-aa3a-b0591f41d419/publish 200 in 52ms (next.js: 17ms, application-code: 36ms)
 GET /api/flows/37742edc-8ef9-415d-aa3a-b0591f41d419/runs 200 in 32ms (next.js: 17ms, application-code: 16ms)
2026-09-29T09:37:16.164Z [worker] run 7c71e727-1746-4074-bd55-1bfc0fb0b4e0 claimed
 POST /api/flows/37742edc-8ef9-415d-aa3a-b0591f41d419/runs 202 in 55ms (next.js: 3ms, application-code: 53ms)
 GET /api/flows/37742edc-8ef9-415d-aa3a-b0591f41d419/runs 200 in 39ms (next.js: 2ms, application-code: 37ms)
 GET /api/runs/7c71e727-1746-4074-bd55-1bfc0fb0b4e0 200 in 43ms (next.js: 19ms, application-code: 24ms)
2026-09-29T09:37:16.229Z [worker] run 7c71e727-1746-4074-bd55-1bfc0fb0b4e0 done
 GET /w/e2e-071250/runs?run=7c71e727-1746-4074-bd55-1bfc0fb0b4e0 200 in 32ms (next.js: 19ms, application-code: 13ms)
 GET /api/workspaces/2608effd-2a03-4186-af54-6ac7ae6f15b0/runs?limit=25 200 in 46ms (next.js: 18ms, application-code: 28ms)
 GET /api/runs/7c71e727-1746-4074-bd55-1bfc0fb0b4e0 200 in 33ms (next.js: 14ms, application-code: 19ms)
 GET /api/runs/7c71e727-1746-4074-bd55-1bfc0fb0b4e0/rerun-preview?fromNodeId=is-hot&revision=original 200 in 29ms (next.js: 15ms, application-code: 14ms)
 POST /api/runs/7c71e727-1746-4074-bd55-1bfc0fb0b4e0/rerun 202 in 922ms (next.js: 871ms, application-code: 51ms)
2026-09-29T09:37:18.725Z [worker] run cc042de6-fdb2-4cc8-9bda-b8d7dfafccb6 claimed
 GET /api/workspaces/2608effd-2a03-4186-af54-6ac7ae6f15b0/runs?limit=25 200 in 60ms (next.js: 17ms, application-code: 43ms)
 GET /w/e2e-071250/runs?run=cc042de6-fdb2-4cc8-9bda-b8d7dfafccb6 200 in 36ms (next.js: 19ms, application-code: 17ms)
2026-09-29T09:37:18.775Z [worker] run cc042de6-fdb2-4cc8-9bda-b8d7dfafccb6 done
 GET /api/runs/cc042de6-fdb2-4cc8-9bda-b8d7dfafccb6 200 in 37ms (next.js: 15ms, application-code: 22ms)
 GET /api/flows/37742edc-8ef9-415d-aa3a-b0591f41d419/runs 200 in 32ms (next.js: 14ms, application-code: 17ms)
 GET /api/flows/37742edc-8ef9-415d-aa3a-b0591f41d419/runs 200 in 25ms (next.js: 2ms, application-code: 23ms)
 GET /api/runs/cc042de6-fdb2-4cc8-9bda-b8d7dfafccb6 200 in 33ms (next.js: 3ms, application-code: 30ms)
 POST /api/auth/sign-up/email 200 in 105ms (next.js: 16ms, application-code: 89ms)
 GET /api/test/outbox?email=e2e-24364725%40flowline-e2e.test 200 in 8ms (next.js: 2.0ms, application-code: 6ms)
 POST /api/email 200 in 20ms (next.js: 1.9ms, application-code: 18ms)
 POST /api/auth/sign-in/email 200 in 73ms (next.js: 1.9ms, application-code: 71ms)
 POST /api/workspaces 201 in 28ms (next.js: 2ms, application-code: 25ms)
 POST /api/onboarding 200 in 22ms (next.js: 2.0ms, application-code: 20ms)
 POST /api/workspaces/91245de3-cae4-4c5b-a0a7-e04982e404d1/flows 201 in 30ms (next.js: 15ms, application-code: 14ms)
 GET /w/e2e-cf1f57/flows/f3aad6da-5222-41a6-b36f-09ee3c4b8b28 200 in 66ms (next.js: 16ms, application-code: 50ms)
 GET /api/health 200 in 9ms (next.js: 3ms, application-code: 6ms)
 GET /api/flows/f3aad6da-5222-41a6-b36f-09ee3c4b8b28 200 in 42ms (next.js: 16ms, application-code: 26ms)
 GET /api/flows/f3aad6da-5222-41a6-b36f-09ee3c4b8b28/publish 200 in 60ms (next.js: 15ms, application-code: 45ms)
 GET /api/flows/f3aad6da-5222-41a6-b36f-09ee3c4b8b28/runs 200 in 41ms (next.js: 19ms, application-code: 23ms)
 PUT /api/flows/f3aad6da-5222-41a6-b36f-09ee3c4b8b28 200 in 44ms (next.js: 15ms, application-code: 29ms)
 POST /api/flows/f3aad6da-5222-41a6-b36f-09ee3c4b8b28/runs 422 in 38ms (next.js: 13ms, application-code: 24ms)
 POST /api/test/faults 200 in 51ms (next.js: 31ms, application-code: 21ms)
 POST /api/auth/sign-up/email 200 in 95ms (next.js: 14ms, application-code: 81ms)
 GET /api/test/outbox?email=e2e-0e194bde%40flowline-e2e.test 200 in 8ms (next.js: 3ms, application-code: 5ms)
 POST /api/email 200 in 20ms (next.js: 2ms, application-code: 18ms)
 POST /api/auth/sign-in/email 200 in 70ms (next.js: 1.8ms, application-code: 68ms)
 POST /api/workspaces 201 in 21ms (next.js: 1.8ms, application-code: 19ms)
 POST /api/onboarding 200 in 23ms (next.js: 2ms, application-code: 21ms)
 POST /api/workspaces/fabe14cd-9eb8-422b-b22a-bb0b61e691bb/flows 201 in 30ms (next.js: 14ms, application-code: 16ms)
 GET /w/e2e-a95613/flows/09cebfe5-4c30-4719-885f-19b5947a0abc 200 in 68ms (next.js: 17ms, application-code: 51ms)
 GET /api/health 200 in 8ms (next.js: 2ms, application-code: 6ms)
 GET /api/flows/09cebfe5-4c30-4719-885f-19b5947a0abc 200 in 47ms (next.js: 16ms, application-code: 31ms)
 GET /api/flows/09cebfe5-4c30-4719-885f-19b5947a0abc/publish 200 in 52ms (next.js: 17ms, application-code: 35ms)
 GET /api/flows/09cebfe5-4c30-4719-885f-19b5947a0abc/runs 200 in 33ms (next.js: 16ms, application-code: 18ms)
 POST /api/test/faults 200 in 16ms (next.js: 2ms, application-code: 14ms)
 PUT /api/flows/09cebfe5-4c30-4719-885f-19b5947a0abc 500 in 34ms (next.js: 15ms, application-code: 19ms)
 PUT /api/flows/09cebfe5-4c30-4719-885f-19b5947a0abc 500 in 31ms (next.js: 15ms, application-code: 16ms)
 PUT /api/flows/09cebfe5-4c30-4719-885f-19b5947a0abc 200 in 43ms (next.js: 13ms, application-code: 30ms)
 POST /api/test/faults 200 in 17ms (next.js: 1.7ms, application-code: 15ms)
 PUT /api/flows/09cebfe5-4c30-4719-885f-19b5947a0abc 500 in 34ms (next.js: 15ms, application-code: 19ms)
 PUT /api/flows/09cebfe5-4c30-4719-885f-19b5947a0abc 500 in 32ms (next.js: 14ms, application-code: 18ms)
 PUT /api/flows/09cebfe5-4c30-4719-885f-19b5947a0abc 500 in 34ms (next.js: 14ms, application-code: 19ms)
 PUT /api/flows/09cebfe5-4c30-4719-885f-19b5947a0abc 500 in 35ms (next.js: 16ms, application-code: 18ms)
 POST /api/test/faults 200 in 15ms (next.js: 2ms, application-code: 13ms)
 PUT /api/flows/09cebfe5-4c30-4719-885f-19b5947a0abc 200 in 22ms (next.js: 2ms, application-code: 20ms)
 GET /api/flows/09cebfe5-4c30-4719-885f-19b5947a0abc 200 in 26ms (next.js: 3ms, application-code: 23ms)
 POST /api/test/faults 200 in 28ms (next.js: 1.8ms, application-code: 26ms)
 POST /api/auth/sign-up/email 200 in 96ms (next.js: 16ms, application-code: 80ms)
 GET /api/test/outbox?email=e2e-288bbc3b%40flowline-e2e.test 200 in 8ms (next.js: 2ms, application-code: 6ms)
 POST /api/email 200 in 21ms (next.js: 2.0ms, application-code: 19ms)
 POST /api/auth/sign-in/email 200 in 68ms (next.js: 1.7ms, application-code: 66ms)
 POST /api/workspaces 201 in 24ms (next.js: 1.9ms, application-code: 22ms)
 POST /api/onboarding 200 in 14ms (next.js: 1.8ms, application-code: 12ms)
 POST /api/workspaces/35b4af13-3d16-479e-8949-1a6d482aeda6/flows 201 in 45ms (next.js: 18ms, application-code: 27ms)
 POST /api/test/faults 200 in 23ms (next.js: 1.7ms, application-code: 21ms)
 GET /w/e2e-1f3979/flows/8fc84403-4e84-4573-a434-2e474822c8d2 200 in 65ms (next.js: 16ms, application-code: 49ms)
 GET /api/health 200 in 8ms (next.js: 2ms, application-code: 5ms)
 GET /api/flows/8fc84403-4e84-4573-a434-2e474822c8d2 500 in 25ms (next.js: 16ms, application-code: 10ms)
 GET /api/flows/8fc84403-4e84-4573-a434-2e474822c8d2 500 in 23ms (next.js: 13ms, application-code: 10ms)
 GET /api/flows/8fc84403-4e84-4573-a434-2e474822c8d2 500 in 25ms (next.js: 15ms, application-code: 10ms)
2026-09-29T09:37:41.959Z [worker] platform notifications sent 20
 GET /api/flows/8fc84403-4e84-4573-a434-2e474822c8d2 500 in 24ms (next.js: 14ms, application-code: 10ms)
 GET /api/flows/8fc84403-4e84-4573-a434-2e474822c8d2 200 in 17ms (next.js: 1.9ms, application-code: 15ms)
 GET /api/flows/8fc84403-4e84-4573-a434-2e474822c8d2/publish 200 in 42ms (next.js: 14ms, application-code: 28ms)
 GET /api/flows/8fc84403-4e84-4573-a434-2e474822c8d2/runs 200 in 26ms (next.js: 13ms, application-code: 13ms)
 POST /api/test/faults 200 in 20ms (next.js: 3ms, application-code: 18ms)
 POST /api/auth/sign-up/email 200 in 94ms (next.js: 15ms, application-code: 79ms)
 GET /api/test/outbox?email=e2e-0ca418e4%40flowline-e2e.test 200 in 9ms (next.js: 3ms, application-code: 6ms)
 POST /api/email 200 in 20ms (next.js: 1.8ms, application-code: 19ms)
 POST /api/auth/sign-in/email 200 in 69ms (next.js: 1.8ms, application-code: 68ms)
 POST /api/workspaces 201 in 33ms (next.js: 1.9ms, application-code: 32ms)
 POST /api/onboarding 200 in 11ms (next.js: 1.8ms, application-code: 10ms)
 POST /api/workspaces/7e5c5586-d81f-44b6-8555-c47c2f936fcc/flows 201 in 39ms (next.js: 14ms, application-code: 24ms)
 GET /w/e2e-31040c/flows/5f7929ae-35b1-4ce0-9b96-d5a48b2912b9 200 in 66ms (next.js: 15ms, application-code: 51ms)
 GET /api/health 200 in 7ms (next.js: 2ms, application-code: 5ms)
 GET /api/flows/5f7929ae-35b1-4ce0-9b96-d5a48b2912b9 200 in 29ms (next.js: 16ms, application-code: 13ms)
 GET /api/flows/5f7929ae-35b1-4ce0-9b96-d5a48b2912b9/publish 200 in 57ms (next.js: 17ms, application-code: 40ms)
 GET /api/flows/5f7929ae-35b1-4ce0-9b96-d5a48b2912b9/runs 200 in 34ms (next.js: 17ms, application-code: 17ms)
 PUT /api/flows/5f7929ae-35b1-4ce0-9b96-d5a48b2912b9 200 in 28ms (next.js: 2ms, application-code: 26ms)
 GET /api/flows/5f7929ae-35b1-4ce0-9b96-d5a48b2912b9 200 in 20ms (next.js: 2ms, application-code: 18ms)
 POST /api/test/faults 200 in 29ms (next.js: 2ms, application-code: 27ms)
 POST /api/auth/sign-up/email 200 in 92ms (next.js: 14ms, application-code: 78ms)
 GET /api/test/outbox?email=e2e-8e162bc9%40flowline-e2e.test 200 in 8ms (next.js: 2ms, application-code: 6ms)
 POST /api/email 200 in 21ms (next.js: 1.8ms, application-code: 19ms)
 POST /api/auth/sign-in/email 200 in 73ms (next.js: 2ms, application-code: 71ms)
 POST /api/workspaces 201 in 23ms (next.js: 2ms, application-code: 21ms)
 POST /api/onboarding 200 in 22ms (next.js: 1.9ms, application-code: 20ms)
 POST /api/workspaces/bac32c7e-5b70-43b5-8f7c-d1bacc20a59f/flows 201 in 49ms (next.js: 15ms, application-code: 34ms)
 GET /w/e2e-4f442e/flows/92a24ea1-de81-4292-8642-7379b9ecd019 200 in 72ms (next.js: 17ms, application-code: 55ms)
 GET /api/health 200 in 7ms (next.js: 2.0ms, application-code: 5ms)
 GET /api/flows/92a24ea1-de81-4292-8642-7379b9ecd019 200 in 31ms (next.js: 17ms, application-code: 14ms)
 GET /api/flows/92a24ea1-de81-4292-8642-7379b9ecd019/publish 200 in 51ms (next.js: 15ms, application-code: 36ms)
 GET /api/flows/92a24ea1-de81-4292-8642-7379b9ecd019/runs 200 in 32ms (next.js: 16ms, application-code: 16ms)
 GET /api/flows/92a24ea1-de81-4292-8642-7379b9ecd019 200 in 31ms (next.js: 2ms, application-code: 28ms)
 PUT /api/flows/92a24ea1-de81-4292-8642-7379b9ecd019 200 in 29ms (next.js: 2ms, application-code: 26ms)
 PUT /api/flows/92a24ea1-de81-4292-8642-7379b9ecd019 409 in 20ms (next.js: 2ms, application-code: 18ms)
 GET /api/flows/92a24ea1-de81-4292-8642-7379b9ecd019 200 in 17ms (next.js: 1.7ms, application-code: 15ms)
 PUT /api/flows/92a24ea1-de81-4292-8642-7379b9ecd019 200 in 22ms (next.js: 2ms, application-code: 20ms)
 GET /api/flows/92a24ea1-de81-4292-8642-7379b9ecd019 200 in 28ms (next.js: 2ms, application-code: 25ms)
 GET /api/flows/92a24ea1-de81-4292-8642-7379b9ecd019/versions 200 in 833ms (next.js: 814ms, application-code: 19ms)
 POST /api/test/faults 200 in 11ms (next.js: 2ms, application-code: 9ms)
 POST /api/auth/sign-up/email 200 in 89ms (next.js: 15ms, application-code: 74ms)
 GET /api/test/outbox?email=e2e-296da1be%40flowline-e2e.test 200 in 7ms (next.js: 2ms, application-code: 5ms)
 POST /api/email 200 in 20ms (next.js: 1.7ms, application-code: 18ms)
 POST /api/auth/sign-in/email 200 in 68ms (next.js: 1.9ms, application-code: 66ms)
 POST /api/workspaces 201 in 22ms (next.js: 1.8ms, application-code: 21ms)
 POST /api/onboarding 200 in 24ms (next.js: 1.7ms, application-code: 22ms)
 POST /api/workspaces/d8acc320-4114-472b-9c90-24e95e039138/flows 201 in 29ms (next.js: 14ms, application-code: 15ms)
 GET /w/e2e-113987/flows 200 in 63ms (next.js: 15ms, application-code: 48ms)
 GET /api/health 200 in 9ms (next.js: 3ms, application-code: 6ms)
 GET /api/workspaces/d8acc320-4114-472b-9c90-24e95e039138/usage 200 in 43ms (next.js: 16ms, application-code: 27ms)
 GET /api/workspaces/d8acc320-4114-472b-9c90-24e95e039138/overview 200 in 71ms (next.js: 16ms, application-code: 54ms)
 GET /api/workspaces/d8acc320-4114-472b-9c90-24e95e039138/flows 200 in 68ms (next.js: 20ms, application-code: 48ms)
 GET /w/e2e-113987/templates 200 in 69ms (next.js: 15ms, application-code: 54ms)
 GET /api/health 200 in 8ms (next.js: 2ms, application-code: 5ms)
 GET /api/workspaces/d8acc320-4114-472b-9c90-24e95e039138/connections 200 in 32ms (next.js: 15ms, application-code: 17ms)
 GET /api/workspaces/d8acc320-4114-472b-9c90-24e95e039138/ai 200 in 55ms (next.js: 13ms, application-code: 42ms)
 GET /w/e2e-113987/runs 200 in 76ms (next.js: 18ms, application-code: 58ms)
 GET /api/health 200 in 7ms (next.js: 2ms, application-code: 5ms)
 GET /api/workspaces/d8acc320-4114-472b-9c90-24e95e039138/runs?limit=25 200 in 38ms (next.js: 16ms, application-code: 22ms)
 GET /w/e2e-113987/integrations 200 in 57ms (next.js: 15ms, application-code: 42ms)
 GET /api/health 200 in 8ms (next.js: 2ms, application-code: 6ms)
 GET /api/workspaces/d8acc320-4114-472b-9c90-24e95e039138/connections 200 in 36ms (next.js: 17ms, application-code: 18ms)
 GET /api/integrations/catalog?workspaceId=d8acc320-4114-472b-9c90-24e95e039138 200 in 46ms (next.js: 4ms, application-code: 43ms)
 GET /w/e2e-113987/agents 200 in 63ms (next.js: 17ms, application-code: 46ms)
 GET /api/health 200 in 7ms (next.js: 2ms, application-code: 5ms)
 GET /api/workspaces/d8acc320-4114-472b-9c90-24e95e039138/agents 200 in 38ms (next.js: 16ms, application-code: 22ms)
 GET /w/e2e-113987/knowledge 200 in 66ms (next.js: 17ms, application-code: 49ms)
 GET /api/health 200 in 7ms (next.js: 2ms, application-code: 5ms)
 GET /api/workspaces/d8acc320-4114-472b-9c90-24e95e039138/knowledge 200 in 45ms (next.js: 15ms, application-code: 30ms)
 GET /w/e2e-113987/settings 200 in 66ms (next.js: 18ms, application-code: 49ms)
 GET /api/health 200 in 8ms (next.js: 2ms, application-code: 6ms)
 GET /api/workspaces/d8acc320-4114-472b-9c90-24e95e039138/members 200 in 41ms (next.js: 14ms, application-code: 26ms)
 GET /api/workspaces/d8acc320-4114-472b-9c90-24e95e039138/invites 200 in 41ms (next.js: 30ms, application-code: 12ms)
 GET /w/e2e-113987/canvas 307 in 668ms (next.js: 600ms, application-code: 68ms)
 GET /w/e2e-113987/flows/82dd243b-d774-48cd-b7ff-7879cd34018a 200 in 63ms (next.js: 14ms, application-code: 49ms)
 GET /api/health 200 in 7ms (next.js: 2ms, application-code: 5ms)
 GET /api/flows/82dd243b-d774-48cd-b7ff-7879cd34018a 200 in 36ms (next.js: 14ms, application-code: 22ms)
 GET /api/flows/82dd243b-d774-48cd-b7ff-7879cd34018a/publish 200 in 53ms (next.js: 16ms, application-code: 37ms)
 GET /api/flows/82dd243b-d774-48cd-b7ff-7879cd34018a/runs 200 in 34ms (next.js: 16ms, application-code: 18ms)
 POST /api/auth/sign-up/email 200 in 100ms (next.js: 14ms, application-code: 86ms)
 GET /api/test/outbox?email=e2e-e7817042%40flowline-e2e.test 200 in 9ms (next.js: 1.9ms, application-code: 7ms)
 POST /api/email 200 in 22ms (next.js: 1.8ms, application-code: 20ms)
 POST /api/auth/sign-in/email 200 in 73ms (next.js: 2ms, application-code: 71ms)
 POST /api/workspaces 201 in 22ms (next.js: 1.8ms, application-code: 20ms)
 POST /api/onboarding 200 in 22ms (next.js: 1.7ms, application-code: 21ms)
 POST /api/workspaces/ccd4b3b6-0237-4453-a1f3-153dc7eeec1f/flows 201 in 30ms (next.js: 15ms, application-code: 15ms)
 GET /w/e2e-3f8ac6/flows 200 in 63ms (next.js: 14ms, application-code: 48ms)
 GET /api/health 200 in 8ms (next.js: 3ms, application-code: 5ms)
 GET /api/workspaces/ccd4b3b6-0237-4453-a1f3-153dc7eeec1f/flows 200 in 44ms (next.js: 20ms, application-code: 24ms)
 GET /api/workspaces/ccd4b3b6-0237-4453-a1f3-153dc7eeec1f/usage 200 in 63ms (next.js: 34ms, application-code: 29ms)
 GET /api/workspaces/ccd4b3b6-0237-4453-a1f3-153dc7eeec1f/overview 200 in 75ms (next.js: 16ms, application-code: 59ms)
 GET /w/e2e-3f8ac6/templates 200 in 77ms (next.js: 15ms, application-code: 63ms)
 GET /api/health 200 in 8ms (next.js: 2ms, application-code: 6ms)
 GET /api/workspaces/ccd4b3b6-0237-4453-a1f3-153dc7eeec1f/connections 200 in 43ms (next.js: 30ms, application-code: 12ms)
 GET /api/workspaces/ccd4b3b6-0237-4453-a1f3-153dc7eeec1f/ai 200 in 49ms (next.js: 15ms, application-code: 35ms)
 GET /w/e2e-3f8ac6/runs 200 in 67ms (next.js: 15ms, application-code: 52ms)
 GET /api/health 200 in 8ms (next.js: 3ms, application-code: 5ms)
 GET /api/workspaces/ccd4b3b6-0237-4453-a1f3-153dc7eeec1f/runs?limit=25 200 in 33ms (next.js: 16ms, application-code: 17ms)
 GET /w/e2e-3f8ac6/integrations 200 in 63ms (next.js: 15ms, application-code: 47ms)
 GET /api/health 200 in 8ms (next.js: 2ms, application-code: 5ms)
 GET /api/workspaces/ccd4b3b6-0237-4453-a1f3-153dc7eeec1f/connections 200 in 41ms (next.js: 16ms, application-code: 25ms)
 GET /api/integrations/catalog?workspaceId=ccd4b3b6-0237-4453-a1f3-153dc7eeec1f 200 in 52ms (next.js: 3ms, application-code: 49ms)
 GET /w/e2e-3f8ac6/agents 200 in 62ms (next.js: 16ms, application-code: 46ms)
 GET /api/health 200 in 7ms (next.js: 2.0ms, application-code: 5ms)
 GET /api/workspaces/ccd4b3b6-0237-4453-a1f3-153dc7eeec1f/agents 200 in 33ms (next.js: 17ms, application-code: 16ms)
 GET /w/e2e-3f8ac6/knowledge 200 in 63ms (next.js: 16ms, application-code: 47ms)
 GET /api/health 200 in 7ms (next.js: 2ms, application-code: 5ms)
 GET /api/workspaces/ccd4b3b6-0237-4453-a1f3-153dc7eeec1f/knowledge 200 in 33ms (next.js: 15ms, application-code: 18ms)
 GET /w/e2e-3f8ac6/settings 200 in 63ms (next.js: 16ms, application-code: 47ms)
 GET /api/health 200 in 7ms (next.js: 2ms, application-code: 5ms)
 GET /api/workspaces/ccd4b3b6-0237-4453-a1f3-153dc7eeec1f/members 200 in 44ms (next.js: 15ms, application-code: 29ms)
 GET /api/workspaces/ccd4b3b6-0237-4453-a1f3-153dc7eeec1f/invites 200 in 46ms (next.js: 31ms, application-code: 15ms)
 GET /w/e2e-3f8ac6/canvas 307 in 90ms (next.js: 17ms, application-code: 73ms)
 GET /w/e2e-3f8ac6/flows/29f81c16-1847-4bf2-ba54-83fd8723a998 200 in 69ms (next.js: 15ms, application-code: 53ms)
 GET /api/health 200 in 8ms (next.js: 3ms, application-code: 5ms)
 GET /api/flows/29f81c16-1847-4bf2-ba54-83fd8723a998 200 in 32ms (next.js: 16ms, application-code: 16ms)
 GET /api/flows/29f81c16-1847-4bf2-ba54-83fd8723a998/publish 200 in 54ms (next.js: 17ms, application-code: 38ms)
 GET /api/flows/29f81c16-1847-4bf2-ba54-83fd8723a998/runs 200 in 35ms (next.js: 18ms, application-code: 16ms)
 POST /api/auth/sign-up/email 200 in 95ms (next.js: 14ms, application-code: 81ms)
 GET /api/test/outbox?email=e2e-e862803d%40flowline-e2e.test 200 in 7ms (next.js: 2ms, application-code: 5ms)
 POST /api/email 200 in 18ms (next.js: 1.8ms, application-code: 16ms)
 POST /api/auth/sign-in/email 200 in 67ms (next.js: 2ms, application-code: 65ms)
 POST /api/workspaces 201 in 28ms (next.js: 1.9ms, application-code: 26ms)
 POST /api/onboarding 200 in 26ms (next.js: 1.9ms, application-code: 24ms)
 POST /api/workspaces/8381862c-fe22-404d-8474-39fb914e687b/flows 201 in 43ms (next.js: 16ms, application-code: 26ms)
 GET /w/e2e-9f84b7/flows 200 in 68ms (next.js: 15ms, application-code: 53ms)
 GET /api/health 200 in 8ms (next.js: 2ms, application-code: 5ms)
 GET /api/workspaces/8381862c-fe22-404d-8474-39fb914e687b/flows 200 in 54ms (next.js: 40ms, application-code: 14ms)
 GET /api/workspaces/8381862c-fe22-404d-8474-39fb914e687b/usage 200 in 55ms (next.js: 36ms, application-code: 20ms)
 GET /api/workspaces/8381862c-fe22-404d-8474-39fb914e687b/overview 200 in 73ms (next.js: 18ms, application-code: 56ms)
 GET /w/e2e-9f84b7/templates 200 in 79ms (next.js: 18ms, application-code: 62ms)
 GET /api/health 200 in 8ms (next.js: 2ms, application-code: 6ms)
 GET /api/workspaces/8381862c-fe22-404d-8474-39fb914e687b/connections 200 in 28ms (next.js: 15ms, application-code: 13ms)
 GET /api/workspaces/8381862c-fe22-404d-8474-39fb914e687b/ai 200 in 49ms (next.js: 15ms, application-code: 33ms)
 GET /w/e2e-9f84b7/runs 200 in 65ms (next.js: 15ms, application-code: 50ms)
 GET /api/health 200 in 7ms (next.js: 2ms, application-code: 5ms)
 GET /api/workspaces/8381862c-fe22-404d-8474-39fb914e687b/runs?limit=25 200 in 31ms (next.js: 15ms, application-code: 16ms)
 GET /w/e2e-9f84b7/integrations 200 in 73ms (next.js: 16ms, application-code: 57ms)
 GET /api/health 200 in 11ms (next.js: 3ms, application-code: 9ms)
 GET /api/workspaces/8381862c-fe22-404d-8474-39fb914e687b/connections 200 in 28ms (next.js: 15ms, application-code: 13ms)
 GET /api/integrations/catalog?workspaceId=8381862c-fe22-404d-8474-39fb914e687b 200 in 41ms (next.js: 2ms, application-code: 38ms)
 GET /w/e2e-9f84b7/agents 200 in 63ms (next.js: 16ms, application-code: 47ms)
 GET /api/health 200 in 7ms (next.js: 2ms, application-code: 5ms)
 GET /api/workspaces/8381862c-fe22-404d-8474-39fb914e687b/agents 200 in 25ms (next.js: 15ms, application-code: 11ms)
 GET /w/e2e-9f84b7/knowledge 200 in 64ms (next.js: 15ms, application-code: 48ms)
 GET /api/health 200 in 7ms (next.js: 2.0ms, application-code: 5ms)
 GET /api/workspaces/8381862c-fe22-404d-8474-39fb914e687b/knowledge 200 in 37ms (next.js: 15ms, application-code: 22ms)
 GET /w/e2e-9f84b7/settings 200 in 74ms (next.js: 16ms, application-code: 58ms)
 GET /api/health 200 in 8ms (next.js: 2ms, application-code: 6ms)
 GET /api/workspaces/8381862c-fe22-404d-8474-39fb914e687b/members 200 in 40ms (next.js: 15ms, application-code: 26ms)
 GET /api/workspaces/8381862c-fe22-404d-8474-39fb914e687b/invites 200 in 41ms (next.js: 30ms, application-code: 11ms)
 GET /w/e2e-9f84b7/canvas 307 in 80ms (next.js: 16ms, application-code: 64ms)
 GET /w/e2e-9f84b7/flows/17324002-53d7-41c8-bfd3-522a458fe2a7 200 in 66ms (next.js: 16ms, application-code: 49ms)
 GET /api/health 200 in 7ms (next.js: 2ms, application-code: 5ms)
 GET /api/flows/17324002-53d7-41c8-bfd3-522a458fe2a7 200 in 30ms (next.js: 14ms, application-code: 16ms)
 GET /api/flows/17324002-53d7-41c8-bfd3-522a458fe2a7/publish 200 in 65ms (next.js: 29ms, application-code: 36ms)
 GET /api/flows/17324002-53d7-41c8-bfd3-522a458fe2a7/runs 200 in 31ms (next.js: 17ms, application-code: 14ms)
 GET / 200 in 45ms (next.js: 3ms, application-code: 42ms)
 GET /sign-up 200 in 16ms (next.js: 3ms, application-code: 13ms)
 GET /api/auth-config 200 in 8ms (next.js: 2.0ms, application-code: 6ms)
 POST /api/auth/sign-up/email 200 in 102ms (next.js: 15ms, application-code: 87ms)
 GET /api/me 401 in 21ms (next.js: 2ms, application-code: 19ms)
 GET /api/test/outbox?email=journey-531796e1%40flowline-e2e.test 200 in 8ms (next.js: 1.6ms, application-code: 6ms)
 GET /verify-email?token=0mu3adlfCewR8L3jyGFDLLZPevk7rM4H0Ji0p8KUh9w&callbackURL=%2Fsign-in 200 in 23ms (next.js: 3ms, application-code: 20ms)
 POST /api/email 200 in 21ms (next.js: 1.9ms, application-code: 19ms)
 GET /sign-in 200 in 16ms (next.js: 3ms, application-code: 13ms)
 GET /api/auth-config 200 in 10ms (next.js: 2ms, application-code: 7ms)
 POST /api/auth/sign-in/email 200 in 86ms (next.js: 14ms, application-code: 72ms)
 GET /app 200 in 47ms (next.js: 3ms, application-code: 44ms)
 GET /app 200 in 33ms (next.js: 6ms, application-code: 27ms)
 GET /onboarding 200 in 44ms (next.js: 3ms, application-code: 40ms)
 GET /onboarding 200 in 35ms (next.js: 7ms, application-code: 28ms)
 POST /api/workspaces 201 in 33ms (next.js: 2.0ms, application-code: 31ms)
 POST /api/workspaces/e326a94a-d78f-4f58-8bdb-f4b4e85b946c/flows 201 in 49ms (next.js: 23ms, application-code: 26ms)
 POST /api/onboarding 200 in 15ms (next.js: 1.8ms, application-code: 13ms)
 GET /w/journey-co-17/flows/081d2a65-8d58-41ec-8f61-63ca17bbe429 200 in 52ms (next.js: 16ms, application-code: 36ms)
 GET /api/health 200 in 8ms (next.js: 2ms, application-code: 6ms)
 GET /api/flows/081d2a65-8d58-41ec-8f61-63ca17bbe429 200 in 28ms (next.js: 16ms, application-code: 11ms)
 GET /api/flows/081d2a65-8d58-41ec-8f61-63ca17bbe429/publish 200 in 52ms (next.js: 15ms, application-code: 37ms)
 GET /api/flows/081d2a65-8d58-41ec-8f61-63ca17bbe429/runs 200 in 34ms (next.js: 18ms, application-code: 16ms)
 GET /api/workspaces/e326a94a-d78f-4f58-8bdb-f4b4e85b946c/ai 200 in 50ms (next.js: 16ms, application-code: 34ms)
 GET /api/integrations/catalog 200 in 170ms (next.js: 3ms, application-code: 167ms)
 PUT /api/flows/081d2a65-8d58-41ec-8f61-63ca17bbe429 200 in 36ms (next.js: 14ms, application-code: 22ms)
 GET /w/journey-co-17/flows/081d2a65-8d58-41ec-8f61-63ca17bbe429 200 in 61ms (next.js: 14ms, application-code: 46ms)
 GET /api/health 200 in 7ms (next.js: 2ms, application-code: 5ms)
 GET /api/flows/081d2a65-8d58-41ec-8f61-63ca17bbe429 200 in 22ms (next.js: 2ms, application-code: 20ms)
 GET /api/flows/081d2a65-8d58-41ec-8f61-63ca17bbe429/publish 200 in 50ms (next.js: 15ms, application-code: 34ms)
 GET /api/flows/081d2a65-8d58-41ec-8f61-63ca17bbe429/runs 200 in 31ms (next.js: 15ms, application-code: 15ms)
2026-09-29T09:38:15.716Z [worker] run 19404f98-13df-4dc7-9bcd-1b4e56d4d59b claimed
 POST /api/flows/081d2a65-8d58-41ec-8f61-63ca17bbe429/runs 202 in 60ms (next.js: 3ms, application-code: 58ms)
 GET /api/flows/081d2a65-8d58-41ec-8f61-63ca17bbe429/runs 200 in 51ms (next.js: 3ms, application-code: 49ms)
2026-09-29T09:38:15.779Z [worker] run 19404f98-13df-4dc7-9bcd-1b4e56d4d59b done
 GET /api/runs/19404f98-13df-4dc7-9bcd-1b4e56d4d59b 200 in 46ms (next.js: 19ms, application-code: 27ms)
 GET /w/journey-co-17/runs?run=19404f98-13df-4dc7-9bcd-1b4e56d4d59b 200 in 31ms (next.js: 17ms, application-code: 13ms)
 GET /api/workspaces/e326a94a-d78f-4f58-8bdb-f4b4e85b946c/runs?limit=25 200 in 35ms (next.js: 17ms, application-code: 18ms)
 GET /api/flows/081d2a65-8d58-41ec-8f61-63ca17bbe429 200 in 30ms (next.js: 17ms, application-code: 13ms)
 GET /api/flows/081d2a65-8d58-41ec-8f61-63ca17bbe429/runs 200 in 32ms (next.js: 17ms, application-code: 15ms)
 GET /api/runs/19404f98-13df-4dc7-9bcd-1b4e56d4d59b 200 in 38ms (next.js: 2ms, application-code: 36ms)
 GET /api/flows/081d2a65-8d58-41ec-8f61-63ca17bbe429/versions 200 in 33ms (next.js: 15ms, application-code: 18ms)
 POST /api/auth/sign-up/email 200 in 96ms (next.js: 15ms, application-code: 81ms)
 GET /api/test/outbox?email=e2e-617ed315%40flowline-e2e.test 200 in 7ms (next.js: 2ms, application-code: 5ms)
 POST /api/email 200 in 21ms (next.js: 1.9ms, application-code: 19ms)
 POST /api/auth/sign-in/email 200 in 68ms (next.js: 1.9ms, application-code: 67ms)
 POST /api/workspaces 201 in 33ms (next.js: 2.0ms, application-code: 31ms)
 POST /api/onboarding 200 in 20ms (next.js: 2ms, application-code: 18ms)
 GET /w/e2e-446439/templates 200 in 72ms (next.js: 15ms, application-code: 57ms)
 GET /api/health 200 in 8ms (next.js: 3ms, application-code: 5ms)
 GET /api/workspaces/945737da-9ed6-4f47-bcf9-4ac2477c993c/connections 200 in 44ms (next.js: 32ms, application-code: 13ms)
 GET /api/workspaces/945737da-9ed6-4f47-bcf9-4ac2477c993c/ai 200 in 48ms (next.js: 16ms, application-code: 32ms)
 POST /api/workspaces/945737da-9ed6-4f47-bcf9-4ac2477c993c/ai/connections 201 in 80ms (next.js: 16ms, application-code: 65ms)
 PUT /api/workspaces/945737da-9ed6-4f47-bcf9-4ac2477c993c/ai/default-route 200 in 39ms (next.js: 15ms, application-code: 24ms)
 PUT /api/workspaces/945737da-9ed6-4f47-bcf9-4ac2477c993c/ai/policy 200 in 43ms (next.js: 13ms, application-code: 29ms)
 GET /w/e2e-446439/templates 200 in 76ms (next.js: 16ms, application-code: 59ms)
 GET /api/health 200 in 8ms (next.js: 3ms, application-code: 5ms)
 GET /api/workspaces/945737da-9ed6-4f47-bcf9-4ac2477c993c/connections 200 in 19ms (next.js: 6ms, application-code: 13ms)
 GET /api/workspaces/945737da-9ed6-4f47-bcf9-4ac2477c993c/ai 200 in 31ms (next.js: 3ms, application-code: 28ms)
 POST /api/workspaces/945737da-9ed6-4f47-bcf9-4ac2477c993c/flows 201 in 40ms (next.js: 17ms, application-code: 22ms)
 GET /w/e2e-446439/flows/bb1560e0-e260-45ef-acde-61ba88490ed4 200 in 35ms (next.js: 20ms, application-code: 16ms)
 GET /api/flows/bb1560e0-e260-45ef-acde-61ba88490ed4 200 in 45ms (next.js: 20ms, application-code: 24ms)
 GET /api/flows/bb1560e0-e260-45ef-acde-61ba88490ed4/publish 200 in 61ms (next.js: 18ms, application-code: 42ms)
 GET /api/flows/bb1560e0-e260-45ef-acde-61ba88490ed4/runs 200 in 38ms (next.js: 20ms, application-code: 18ms)
 POST /api/auth/sign-up/email 200 in 100ms (next.js: 16ms, application-code: 83ms)
 GET /api/test/outbox?email=e2e-a5449011%40flowline-e2e.test 200 in 8ms (next.js: 1.8ms, application-code: 6ms)
 POST /api/email 200 in 20ms (next.js: 2.0ms, application-code: 18ms)
 POST /api/auth/sign-in/email 200 in 73ms (next.js: 2ms, application-code: 70ms)
 POST /api/workspaces 201 in 30ms (next.js: 2ms, application-code: 28ms)
 POST /api/onboarding 200 in 23ms (next.js: 1.8ms, application-code: 21ms)
 GET /w/e2e-f92b28/settings 200 in 69ms (next.js: 17ms, application-code: 51ms)
 GET /api/health 200 in 9ms (next.js: 3ms, application-code: 6ms)
 GET /api/workspaces/65448e6c-0915-4324-bd71-a6679a8961de/members 200 in 52ms (next.js: 18ms, application-code: 34ms)
 GET /api/workspaces/65448e6c-0915-4324-bd71-a6679a8961de/invites 200 in 33ms (next.js: 19ms, application-code: 14ms)
 PATCH /api/workspaces/65448e6c-0915-4324-bd71-a6679a8961de 200 in 41ms (next.js: 15ms, application-code: 25ms)
 GET /w/e2e-f92b28/settings 200 in 82ms (next.js: 19ms, application-code: 64ms)
 GET /w/e2e-f92b28/settings 200 in 57ms (next.js: 3ms, application-code: 54ms)
 GET /api/health 200 in 8ms (next.js: 2ms, application-code: 5ms)
 GET /api/workspaces/65448e6c-0915-4324-bd71-a6679a8961de/members 200 in 17ms (next.js: 2ms, application-code: 14ms)
 GET /api/workspaces/65448e6c-0915-4324-bd71-a6679a8961de/invites 200 in 17ms (next.js: 5ms, application-code: 12ms)
 GET /api/workspaces/65448e6c-0915-4324-bd71-a6679a8961de 200 in 30ms (next.js: 20ms, application-code: 11ms)
 GET /api/workspaces/65448e6c-0915-4324-bd71-a6679a8961de/usage 200 in 33ms (next.js: 16ms, application-code: 17ms)
 POST /api/auth/sign-up/email 200 in 105ms (next.js: 19ms, application-code: 86ms)
 GET /api/test/outbox?email=e2e-591f29af%40flowline-e2e.test 200 in 7ms (next.js: 1.7ms, application-code: 5ms)
 POST /api/email 200 in 18ms (next.js: 1.7ms, application-code: 16ms)
 POST /api/auth/sign-in/email 200 in 70ms (next.js: 1.7ms, application-code: 68ms)
 POST /api/workspaces 201 in 20ms (next.js: 2ms, application-code: 18ms)
 POST /api/onboarding 200 in 26ms (next.js: 1.7ms, application-code: 24ms)
 POST /api/workspaces/8d4b905a-f7b1-4551-8bee-06362b02805a/ai/connections 201 in 57ms (next.js: 14ms, application-code: 43ms)
 PUT /api/workspaces/8d4b905a-f7b1-4551-8bee-06362b02805a/ai/default-route 200 in 31ms (next.js: 15ms, application-code: 15ms)
 PUT /api/workspaces/8d4b905a-f7b1-4551-8bee-06362b02805a/ai/policy 200 in 36ms (next.js: 15ms, application-code: 21ms)
 GET /w/e2e-965052/integrations 200 in 64ms (next.js: 16ms, application-code: 49ms)
 GET /api/health 200 in 6ms (next.js: 2ms, application-code: 4ms)
 GET /api/workspaces/8d4b905a-f7b1-4551-8bee-06362b02805a/connections 200 in 30ms (next.js: 17ms, application-code: 13ms)
 GET /api/integrations/catalog?workspaceId=8d4b905a-f7b1-4551-8bee-06362b02805a 200 in 42ms (next.js: 2ms, application-code: 40ms)
 GET /api/workspaces/8d4b905a-f7b1-4551-8bee-06362b02805a/oauth-apps/provenance?provider=google_sheets 200 in 33ms (next.js: 18ms, application-code: 15ms)
 POST /api/oauth/start 200 in 66ms (next.js: 39ms, application-code: 27ms)
 GET /api/oauth/callback?code=fake-code-3b7cbe1cb754&state=Yb3ELbApy3BjAUZ8TE7U_wuWAKSvAVwJjV4ki-qcBsU 307 in 105ms (next.js: 40ms, application-code: 65ms)
 GET /w/e2e-965052/integrations?oauth=connected&connection=82e43f34-73c4-4536-9923-108070dc7fca 200 in 66ms (next.js: 19ms, application-code: 47ms)
 GET /api/health 200 in 12ms (next.js: 2ms, application-code: 10ms)
 GET /w/e2e-965052/integrations 200 in 10ms (next.js: 4ms, application-code: 6ms)
 GET /api/workspaces/8d4b905a-f7b1-4551-8bee-06362b02805a/connections 200 in 23ms (next.js: 3ms, application-code: 20ms)
 GET /api/integrations/catalog?workspaceId=8d4b905a-f7b1-4551-8bee-06362b02805a 200 in 38ms (next.js: 2ms, application-code: 36ms)
 GET /w/e2e-965052/integrations 200 in 10ms (next.js: 6ms, application-code: 4ms)
 GET /w/e2e-965052/integrations 200 in 15ms (next.js: 3ms, application-code: 12ms)
 GET /w/e2e-965052/integrations 200 in 16ms (next.js: 3ms, application-code: 13ms)
 GET /w/e2e-965052/integrations 200 in 51ms (next.js: 4ms, application-code: 47ms)
 GET /api/health 200 in 8ms (next.js: 2ms, application-code: 6ms)
 GET /api/workspaces/8d4b905a-f7b1-4551-8bee-06362b02805a/connections 200 in 16ms (next.js: 2ms, application-code: 13ms)
 GET /api/integrations/catalog?workspaceId=8d4b905a-f7b1-4551-8bee-06362b02805a 200 in 29ms (next.js: 3ms, application-code: 26ms)
 GET /api/workspaces/8d4b905a-f7b1-4551-8bee-06362b02805a/oauth-apps/provenance?provider=slack 200 in 16ms (next.js: 2ms, application-code: 14ms)
 POST /api/oauth/start 200 in 24ms (next.js: 1.8ms, application-code: 22ms)
 GET /api/oauth/callback?code=fake-code-ded99a3bebe2&state=FT6tLRUU8ut_s7nPXqRFQwWQWFRejErDwF1xZd8Fjw4 307 in 55ms (next.js: 2ms, application-code: 53ms)
 GET /w/e2e-965052/integrations?oauth=connected&connection=e8431c8b-d699-4c84-9fb5-6364782d5b00 200 in 65ms (next.js: 3ms, application-code: 62ms)
 GET /api/health 200 in 13ms (next.js: 4ms, application-code: 10ms)
 GET /w/e2e-965052/integrations 200 in 39ms (next.js: 33ms, application-code: 5ms)
 GET /api/workspaces/8d4b905a-f7b1-4551-8bee-06362b02805a/connections 200 in 55ms (next.js: 16ms, application-code: 39ms)
 GET /w/e2e-965052/integrations 200 in 13ms (next.js: 5ms, application-code: 8ms)
 GET /api/integrations/catalog?workspaceId=8d4b905a-f7b1-4551-8bee-06362b02805a 200 in 81ms (next.js: 3ms, application-code: 78ms)
 GET /w/e2e-965052/integrations 200 in 22ms (next.js: 5ms, application-code: 17ms)
 GET /w/e2e-965052/integrations 200 in 25ms (next.js: 3ms, application-code: 22ms)
 GET /w/e2e-965052/templates 200 in 74ms (next.js: 17ms, application-code: 57ms)
 GET /api/health 200 in 8ms (next.js: 3ms, application-code: 5ms)
 GET /api/workspaces/8d4b905a-f7b1-4551-8bee-06362b02805a/connections 200 in 35ms (next.js: 3ms, application-code: 33ms)
 GET /api/workspaces/8d4b905a-f7b1-4551-8bee-06362b02805a/ai 200 in 64ms (next.js: 16ms, application-code: 48ms)
 POST /api/workspaces/8d4b905a-f7b1-4551-8bee-06362b02805a/flows 201 in 34ms (next.js: 17ms, application-code: 16ms)
 GET /w/e2e-965052/flows/91e15a57-d32e-4aac-af3b-22e56d821a94 200 in 35ms (next.js: 19ms, application-code: 15ms)
 GET /api/flows/91e15a57-d32e-4aac-af3b-22e56d821a94 200 in 36ms (next.js: 19ms, application-code: 17ms)
 GET /api/flows/91e15a57-d32e-4aac-af3b-22e56d821a94/publish 200 in 69ms (next.js: 18ms, application-code: 51ms)
 GET /api/flows/91e15a57-d32e-4aac-af3b-22e56d821a94/runs 200 in 39ms (next.js: 19ms, application-code: 20ms)
 GET /api/integrations/catalog 200 in 24ms (next.js: 3ms, application-code: 21ms)
 PUT /api/flows/91e15a57-d32e-4aac-af3b-22e56d821a94 200 in 50ms (next.js: 15ms, application-code: 36ms)
2026-09-29T09:38:24.537Z [worker] run 0a3b9393-8592-4712-9998-f7f14925e03e claimed
 POST /api/flows/91e15a57-d32e-4aac-af3b-22e56d821a94/runs 202 in 59ms (next.js: 14ms, application-code: 45ms)
 GET /api/flows/91e15a57-d32e-4aac-af3b-22e56d821a94/runs 200 in 36ms (next.js: 3ms, application-code: 33ms)
 GET /api/runs/0a3b9393-8592-4712-9998-f7f14925e03e 200 in 39ms (next.js: 18ms, application-code: 21ms)
 GET /api/runs/0a3b9393-8592-4712-9998-f7f14925e03e 200 in 30ms (next.js: 2ms, application-code: 27ms)
2026-09-29T09:38:25.826Z [worker] run 0a3b9393-8592-4712-9998-f7f14925e03e done
 GET /api/runs/0a3b9393-8592-4712-9998-f7f14925e03e 200 in 35ms (next.js: 15ms, application-code: 20ms)
 GET /api/flows/91e15a57-d32e-4aac-af3b-22e56d821a94/runs 200 in 41ms (next.js: 17ms, application-code: 24ms)
 GET /api/flows/91e15a57-d32e-4aac-af3b-22e56d821a94/runs 200 in 18ms (next.js: 2ms, application-code: 16ms)
 GET /api/flows/91e15a57-d32e-4aac-af3b-22e56d821a94/runs 200 in 16ms (next.js: 3ms, application-code: 13ms)
 GET /api/runs/0a3b9393-8592-4712-9998-f7f14925e03e 200 in 22ms (next.js: 2ms, application-code: 19ms)
 GET /w/e2e-965052/runs?run=0a3b9393-8592-4712-9998-f7f14925e03e 200 in 30ms (next.js: 16ms, application-code: 14ms)
 GET /api/workspaces/8d4b905a-f7b1-4551-8bee-06362b02805a/runs?limit=25 200 in 44ms (next.js: 17ms, application-code: 27ms)
 GET /api/runs/0a3b9393-8592-4712-9998-f7f14925e03e/rerun-preview?fromNodeId=sheet&revision=original 200 in 32ms (next.js: 16ms, application-code: 16ms)
 POST /api/runs/0a3b9393-8592-4712-9998-f7f14925e03e/rerun 202 in 70ms (next.js: 16ms, application-code: 53ms)
2026-09-29T09:38:27.443Z [worker] run c69ae5bb-b7ca-4233-9928-5dc8bd0af3a3 claimed
 GET /api/workspaces/8d4b905a-f7b1-4551-8bee-06362b02805a/runs?limit=25 200 in 45ms (next.js: 3ms, application-code: 43ms)
 GET /w/e2e-965052/runs?run=c69ae5bb-b7ca-4233-9928-5dc8bd0af3a3 200 in 38ms (next.js: 21ms, application-code: 17ms)
 GET /api/flows/91e15a57-d32e-4aac-af3b-22e56d821a94/runs 200 in 53ms (next.js: 17ms, application-code: 37ms)
 GET /api/runs/c69ae5bb-b7ca-4233-9928-5dc8bd0af3a3 200 in 43ms (next.js: 17ms, application-code: 26ms)
2026-09-29T09:38:27.556Z [worker] run c69ae5bb-b7ca-4233-9928-5dc8bd0af3a3 done
 GET /api/flows/91e15a57-d32e-4aac-af3b-22e56d821a94/runs 200 in 31ms (next.js: 2ms, application-code: 29ms)
 GET /api/flows/91e15a57-d32e-4aac-af3b-22e56d821a94/runs 200 in 27ms (next.js: 2ms, application-code: 25ms)
 GET /api/runs/c69ae5bb-b7ca-4233-9928-5dc8bd0af3a3 200 in 32ms (next.js: 2ms, application-code: 30ms)
 GET /api/workspaces/8d4b905a-f7b1-4551-8bee-06362b02805a/usage 200 in 30ms (next.js: 15ms, application-code: 15ms)
 POST /api/auth/sign-up/email 200 in 103ms (next.js: 17ms, application-code: 87ms)
 GET /api/test/outbox?email=e2e-4ed6fbc0%40flowline-e2e.test 200 in 10ms (next.js: 3ms, application-code: 7ms)
 POST /api/email 200 in 26ms (next.js: 2ms, application-code: 24ms)
 POST /api/auth/sign-in/email 200 in 76ms (next.js: 3ms, application-code: 73ms)
 POST /api/workspaces 201 in 27ms (next.js: 3ms, application-code: 24ms)
 POST /api/onboarding 200 in 26ms (next.js: 1.8ms, application-code: 24ms)
 POST /api/workspaces/babdfdd1-717a-40b8-af06-e7c687d120f1/flows 201 in 28ms (next.js: 14ms, application-code: 13ms)
 POST /api/workspaces/babdfdd1-717a-40b8-af06-e7c687d120f1/connections 201 in 49ms (next.js: 17ms, application-code: 32ms)
 PUT /api/flows/aa7bf25b-5e97-48b2-9c67-8fe656f1af10 200 in 39ms (next.js: 17ms, application-code: 22ms)
 GET /w/e2e-35bc9a/flows/aa7bf25b-5e97-48b2-9c67-8fe656f1af10 200 in 78ms (next.js: 18ms, application-code: 60ms)
 GET /api/health 200 in 8ms (next.js: 2ms, application-code: 5ms)
 GET /api/flows/aa7bf25b-5e97-48b2-9c67-8fe656f1af10 200 in 26ms (next.js: 3ms, application-code: 24ms)
 GET /api/flows/aa7bf25b-5e97-48b2-9c67-8fe656f1af10/publish 200 in 56ms (next.js: 18ms, application-code: 38ms)
 GET /api/flows/aa7bf25b-5e97-48b2-9c67-8fe656f1af10/runs 200 in 33ms (next.js: 17ms, application-code: 16ms)
 POST /api/flows/aa7bf25b-5e97-48b2-9c67-8fe656f1af10/runs 202 in 58ms (next.js: 3ms, application-code: 55ms)
2026-09-29T09:38:28.897Z [worker] run ed6747c0-9849-4c7f-8166-898070c456e2 claimed
 GET /api/flows/aa7bf25b-5e97-48b2-9c67-8fe656f1af10/runs 200 in 38ms (next.js: 2ms, application-code: 36ms)
 GET /api/runs/ed6747c0-9849-4c7f-8166-898070c456e2 200 in 43ms (next.js: 18ms, application-code: 25ms)
 GET /api/flows/aa7bf25b-5e97-48b2-9c67-8fe656f1af10/runs 200 in 20ms (next.js: 2ms, application-code: 18ms)
 GET /api/runs/ed6747c0-9849-4c7f-8166-898070c456e2 200 in 23ms (next.js: 2.0ms, application-code: 21ms)
 GET /api/runs/ed6747c0-9849-4c7f-8166-898070c456e2 200 in 43ms (next.js: 14ms, application-code: 30ms)
 GET /api/flows/aa7bf25b-5e97-48b2-9c67-8fe656f1af10/runs 200 in 45ms (next.js: 14ms, application-code: 31ms)
 GET /api/runs/ed6747c0-9849-4c7f-8166-898070c456e2 200 in 29ms (next.js: 2ms, application-code: 27ms)
 GET /api/runs/ed6747c0-9849-4c7f-8166-898070c456e2 200 in 32ms (next.js: 14ms, application-code: 17ms)
 GET /api/flows/aa7bf25b-5e97-48b2-9c67-8fe656f1af10/runs 200 in 41ms (next.js: 14ms, application-code: 27ms)
 GET /api/runs/ed6747c0-9849-4c7f-8166-898070c456e2 200 in 27ms (next.js: 2ms, application-code: 25ms)
 GET /api/runs/ed6747c0-9849-4c7f-8166-898070c456e2 200 in 34ms (next.js: 15ms, application-code: 19ms)
 GET /api/flows/aa7bf25b-5e97-48b2-9c67-8fe656f1af10/runs 200 in 41ms (next.js: 14ms, application-code: 27ms)
 GET /api/runs/ed6747c0-9849-4c7f-8166-898070c456e2 200 in 36ms (next.js: 3ms, application-code: 34ms)
 GET /api/runs/ed6747c0-9849-4c7f-8166-898070c456e2 200 in 51ms (next.js: 16ms, application-code: 35ms)
 GET /api/flows/aa7bf25b-5e97-48b2-9c67-8fe656f1af10/runs 200 in 28ms (next.js: 15ms, application-code: 13ms)
 GET /api/runs/ed6747c0-9849-4c7f-8166-898070c456e2 200 in 21ms (next.js: 2ms, application-code: 19ms)
 GET /api/runs/ed6747c0-9849-4c7f-8166-898070c456e2 200 in 34ms (next.js: 15ms, application-code: 19ms)
 GET /api/flows/aa7bf25b-5e97-48b2-9c67-8fe656f1af10/runs 200 in 42ms (next.js: 14ms, application-code: 28ms)
 GET /api/runs/ed6747c0-9849-4c7f-8166-898070c456e2 200 in 23ms (next.js: 2ms, application-code: 21ms)
 GET /api/runs/ed6747c0-9849-4c7f-8166-898070c456e2 200 in 35ms (next.js: 15ms, application-code: 21ms)
 POST /api/runs/ed6747c0-9849-4c7f-8166-898070c456e2/cancel 200 in 867ms (next.js: 838ms, application-code: 29ms)
 GET /api/runs/ed6747c0-9849-4c7f-8166-898070c456e2 200 in 23ms (next.js: 2.0ms, application-code: 21ms)
2026-09-29T09:38:37.996Z [worker] run ed6747c0-9849-4c7f-8166-898070c456e2 done
 GET /api/flows/aa7bf25b-5e97-48b2-9c67-8fe656f1af10/runs 200 in 29ms (next.js: 14ms, application-code: 14ms)
 GET /api/runs/ed6747c0-9849-4c7f-8166-898070c456e2 200 in 45ms (next.js: 15ms, application-code: 30ms)
 GET /api/flows/aa7bf25b-5e97-48b2-9c67-8fe656f1af10/runs 200 in 34ms (next.js: 4ms, application-code: 30ms)
 GET /api/flows/aa7bf25b-5e97-48b2-9c67-8fe656f1af10/runs 200 in 24ms (next.js: 2ms, application-code: 21ms)
 GET /api/runs/ed6747c0-9849-4c7f-8166-898070c456e2 200 in 20ms (next.js: 2.0ms, application-code: 18ms)
 POST /api/auth/sign-up/email 200 in 96ms (next.js: 13ms, application-code: 82ms)
 GET /api/test/outbox?email=e2e-b2e430ed%40flowline-e2e.test 200 in 7ms (next.js: 1.9ms, application-code: 5ms)
 POST /api/email 200 in 20ms (next.js: 1.9ms, application-code: 18ms)
 POST /api/auth/sign-in/email 200 in 70ms (next.js: 1.7ms, application-code: 68ms)
 POST /api/workspaces 201 in 20ms (next.js: 1.9ms, application-code: 18ms)
 POST /api/onboarding 200 in 25ms (next.js: 1.8ms, application-code: 24ms)
 POST /api/workspaces/152fe647-28bf-4503-978d-a62ac3a7e843/flows 201 in 44ms (next.js: 16ms, application-code: 28ms)
 POST /api/workspaces/152fe647-28bf-4503-978d-a62ac3a7e843/connections 201 in 36ms (next.js: 14ms, application-code: 22ms)
 PUT /api/flows/2c26b005-bae2-4155-9ca8-d220e777505a 200 in 39ms (next.js: 16ms, application-code: 24ms)
 GET /w/e2e-2a1fea/flows/2c26b005-bae2-4155-9ca8-d220e777505a 200 in 75ms (next.js: 17ms, application-code: 57ms)
 GET /api/health 200 in 9ms (next.js: 3ms, application-code: 6ms)
 GET /api/flows/2c26b005-bae2-4155-9ca8-d220e777505a 200 in 18ms (next.js: 2ms, application-code: 16ms)
 GET /api/flows/2c26b005-bae2-4155-9ca8-d220e777505a/publish 200 in 52ms (next.js: 16ms, application-code: 36ms)
 GET /api/flows/2c26b005-bae2-4155-9ca8-d220e777505a/runs 200 in 36ms (next.js: 15ms, application-code: 21ms)
2026-09-29T09:38:40.052Z [worker] run b9d90617-712d-4ca0-9d93-f2c1bf6a4e79 claimed
 POST /api/flows/2c26b005-bae2-4155-9ca8-d220e777505a/runs 202 in 67ms (next.js: 2ms, application-code: 65ms)
2026-09-29T09:38:40.098Z [worker] run b9d90617-712d-4ca0-9d93-f2c1bf6a4e79 done
 GET /api/flows/2c26b005-bae2-4155-9ca8-d220e777505a/runs 200 in 42ms (next.js: 2ms, application-code: 39ms)
 GET /api/runs/b9d90617-712d-4ca0-9d93-f2c1bf6a4e79 200 in 42ms (next.js: 19ms, application-code: 23ms)
 GET /w/e2e-2a1fea/runs?run=b9d90617-712d-4ca0-9d93-f2c1bf6a4e79 200 in 34ms (next.js: 19ms, application-code: 14ms)
 GET /api/workspaces/152fe647-28bf-4503-978d-a62ac3a7e843/runs?limit=25 200 in 47ms (next.js: 17ms, application-code: 30ms)
 GET /api/flows/2c26b005-bae2-4155-9ca8-d220e777505a/runs 200 in 34ms (next.js: 15ms, application-code: 19ms)
 GET /api/flows/2c26b005-bae2-4155-9ca8-d220e777505a/runs 200 in 27ms (next.js: 2ms, application-code: 24ms)
 GET /api/flows/2c26b005-bae2-4155-9ca8-d220e777505a/runs 200 in 19ms (next.js: 2ms, application-code: 16ms)
2026-09-29T09:38:41.977Z [worker] platform notifications sent 20
 POST /api/approvals/402f5b14-d516-4dae-956e-919bf046dc55/decide 200 in 906ms (next.js: 872ms, application-code: 34ms)
2026-09-29T09:38:42.039Z [worker] run b9d90617-712d-4ca0-9d93-f2c1bf6a4e79 claimed
 GET /api/runs/b9d90617-712d-4ca0-9d93-f2c1bf6a4e79 200 in 39ms (next.js: 17ms, application-code: 22ms)
2026-09-29T09:38:42.094Z [worker] run b9d90617-712d-4ca0-9d93-f2c1bf6a4e79 done
 GET /api/flows/2c26b005-bae2-4155-9ca8-d220e777505a/runs 200 in 40ms (next.js: 17ms, application-code: 23ms)
 POST /api/auth/sign-up/email 200 in 94ms (next.js: 15ms, application-code: 78ms)
 GET /api/test/outbox?email=e2e-b7229dd3%40flowline-e2e.test 200 in 7ms (next.js: 1.8ms, application-code: 5ms)
 POST /api/email 200 in 19ms (next.js: 1.8ms, application-code: 18ms)
 POST /api/auth/sign-in/email 200 in 68ms (next.js: 1.8ms, application-code: 67ms)
 POST /api/workspaces 201 in 28ms (next.js: 2ms, application-code: 26ms)
 POST /api/onboarding 200 in 23ms (next.js: 2ms, application-code: 20ms)
 POST /api/workspaces/cb6d7ceb-2856-4597-b1b1-57476b033ba2/connections 201 in 49ms (next.js: 15ms, application-code: 34ms)
 POST /api/workspaces/cb6d7ceb-2856-4597-b1b1-57476b033ba2/flows 201 in 38ms (next.js: 15ms, application-code: 24ms)
 PUT /api/flows/23862b09-99ff-4539-998d-0457261f359b 200 in 55ms (next.js: 17ms, application-code: 39ms)
 POST /api/workspaces/cb6d7ceb-2856-4597-b1b1-57476b033ba2/flows 201 in 19ms (next.js: 3ms, application-code: 17ms)
 PUT /api/flows/93c33744-ce06-4887-8d54-5549e3c97a17 200 in 55ms (next.js: 2ms, application-code: 53ms)
 GET /w/e2e-11053e/flows/23862b09-99ff-4539-998d-0457261f359b 200 in 75ms (next.js: 21ms, application-code: 54ms)
 GET /api/health 200 in 8ms (next.js: 2ms, application-code: 6ms)
 GET /api/flows/23862b09-99ff-4539-998d-0457261f359b 200 in 33ms (next.js: 3ms, application-code: 30ms)
 GET /api/flows/23862b09-99ff-4539-998d-0457261f359b/publish 200 in 57ms (next.js: 17ms, application-code: 40ms)
 GET /api/flows/23862b09-99ff-4539-998d-0457261f359b/runs 200 in 39ms (next.js: 19ms, application-code: 20ms)
2026-09-29T09:38:43.381Z [worker] run e80e097f-b848-4753-b259-2d93b06fcca8 claimed
 POST /api/flows/23862b09-99ff-4539-998d-0457261f359b/runs 202 in 64ms (next.js: 3ms, application-code: 61ms)
 GET /api/flows/23862b09-99ff-4539-998d-0457261f359b/runs 200 in 47ms (next.js: 2ms, application-code: 44ms)
 GET /api/runs/e80e097f-b848-4753-b259-2d93b06fcca8 200 in 48ms (next.js: 17ms, application-code: 31ms)
2026-09-29T09:38:43.498Z [worker] run e80e097f-b848-4753-b259-2d93b06fcca8 done
 GET /api/runs/e80e097f-b848-4753-b259-2d93b06fcca8 200 in 23ms (next.js: 4ms, application-code: 20ms)
 GET /api/flows/23862b09-99ff-4539-998d-0457261f359b/runs 200 in 36ms (next.js: 17ms, application-code: 20ms)
 GET /w/e2e-11053e/flows 200 in 61ms (next.js: 15ms, application-code: 45ms)
 GET /api/health 200 in 8ms (next.js: 2ms, application-code: 5ms)
 GET /api/workspaces/cb6d7ceb-2856-4597-b1b1-57476b033ba2/usage 200 in 60ms (next.js: 16ms, application-code: 43ms)
 GET /api/workspaces/cb6d7ceb-2856-4597-b1b1-57476b033ba2/overview 200 in 89ms (next.js: 17ms, application-code: 71ms)
 GET /api/workspaces/cb6d7ceb-2856-4597-b1b1-57476b033ba2/flows 200 in 67ms (next.js: 18ms, application-code: 49ms)
 POST /api/flows/93c33744-ce06-4887-8d54-5549e3c97a17/runs 202 in 54ms (next.js: 2ms, application-code: 52ms)
2026-09-29T09:38:45.101Z [worker] run 3eaef21d-9a07-4ac2-9e4f-09377b20267c claimed
2026-09-29T09:38:45.139Z [worker] run 3eaef21d-9a07-4ac2-9e4f-09377b20267c done
 GET /api/flows/93c33744-ce06-4887-8d54-5549e3c97a17/runs 200 in 43ms (next.js: 15ms, application-code: 28ms)
 GET /api/flows/23862b09-99ff-4539-998d-0457261f359b/runs 200 in 25ms (next.js: 2ms, application-code: 23ms)
 GET /w/e2e-11053e/integrations 200 in 63ms (next.js: 16ms, application-code: 47ms)
 GET /api/health 200 in 8ms (next.js: 2ms, application-code: 5ms)
 GET /api/workspaces/cb6d7ceb-2856-4597-b1b1-57476b033ba2/connections 200 in 38ms (next.js: 18ms, application-code: 20ms)
 GET /api/integrations/catalog?workspaceId=cb6d7ceb-2856-4597-b1b1-57476b033ba2 200 in 54ms (next.js: 2ms, application-code: 52ms)
 GET /api/workspaces/cb6d7ceb-2856-4597-b1b1-57476b033ba2/oauth-apps/provenance?provider=google_sheets 200 in 49ms (next.js: 20ms, application-code: 29ms)
 POST /api/oauth/start 200 in 35ms (next.js: 3ms, application-code: 32ms)
 GET /api/oauth/callback?code=fake-code-35f710ff317b&state=1wXhSDQymB7M5CpzRwxe6dEA1kqdQltRm7Wkt0UYoFc 307 in 79ms (next.js: 5ms, application-code: 75ms)
 GET /w/e2e-11053e/integrations?oauth=reconnected&connection=82a31c55-2e88-42d2-a8e1-c9a002072ea0 200 in 56ms (next.js: 4ms, application-code: 52ms)
 GET /api/health 200 in 23ms (next.js: 9ms, application-code: 15ms)
 GET /w/e2e-11053e/integrations 200 in 46ms (next.js: 27ms, application-code: 19ms)
 GET /api/workspaces/cb6d7ceb-2856-4597-b1b1-57476b033ba2/connections 200 in 55ms (next.js: 3ms, application-code: 52ms)
 GET /api/integrations/catalog?workspaceId=cb6d7ceb-2856-4597-b1b1-57476b033ba2 200 in 85ms (next.js: 12ms, application-code: 72ms)
 GET /w/e2e-11053e/flows 200 in 145ms (next.js: 22ms, application-code: 122ms)
 GET /api/health 200 in 8ms (next.js: 2ms, application-code: 6ms)
 GET /api/workspaces/cb6d7ceb-2856-4597-b1b1-57476b033ba2/flows 200 in 55ms (next.js: 37ms, application-code: 18ms)
 GET /api/workspaces/cb6d7ceb-2856-4597-b1b1-57476b033ba2/usage 200 in 77ms (next.js: 39ms, application-code: 39ms)
 GET /api/workspaces/cb6d7ceb-2856-4597-b1b1-57476b033ba2/overview 200 in 123ms (next.js: 19ms, application-code: 104ms)
 GET /api/flows/23862b09-99ff-4539-998d-0457261f359b/runs 200 in 45ms (next.js: 19ms, application-code: 26ms)
 POST /api/auth/sign-up/email 200 in 117ms (next.js: 19ms, application-code: 98ms)
 GET /api/test/outbox?email=e2e-e1c3d31e%40flowline-e2e.test 200 in 10ms (next.js: 2ms, application-code: 8ms)
 POST /api/email 200 in 26ms (next.js: 3ms, application-code: 24ms)
 POST /api/auth/sign-in/email 200 in 80ms (next.js: 2ms, application-code: 78ms)
 POST /api/workspaces 201 in 34ms (next.js: 3ms, application-code: 32ms)
 POST /api/onboarding 200 in 22ms (next.js: 3ms, application-code: 19ms)
 GET /w/e2e-24c12c/integrations 200 in 69ms (next.js: 18ms, application-code: 51ms)
 GET /api/health 200 in 9ms (next.js: 2ms, application-code: 6ms)
 GET /api/workspaces/b2c80bfc-4b8e-400b-a175-3fa764c1e0fa/connections 200 in 108ms (next.js: 19ms, application-code: 89ms)
 GET /api/integrations/catalog?workspaceId=b2c80bfc-4b8e-400b-a175-3fa764c1e0fa 200 in 131ms (next.js: 3ms, application-code: 127ms)
 GET /w/e2e-24c12c/templates 200 in 108ms (next.js: 21ms, application-code: 86ms)
 GET /api/health 200 in 10ms (next.js: 2ms, application-code: 8ms)
 GET /api/workspaces/b2c80bfc-4b8e-400b-a175-3fa764c1e0fa/connections 200 in 74ms (next.js: 3ms, application-code: 71ms)
 GET /api/workspaces/b2c80bfc-4b8e-400b-a175-3fa764c1e0fa/ai 200 in 98ms (next.js: 18ms, application-code: 80ms)
 GET /w/e2e-24c12c/runs 200 in 89ms (next.js: 19ms, application-code: 69ms)
 GET /api/health 200 in 9ms (next.js: 3ms, application-code: 6ms)
 GET /api/workspaces/b2c80bfc-4b8e-400b-a175-3fa764c1e0fa/runs?limit=25 200 in 72ms (next.js: 18ms, application-code: 55ms)
 GET /w/e2e-24c12c/settings 200 in 77ms (next.js: 19ms, application-code: 58ms)
 GET /api/health 200 in 10ms (next.js: 3ms, application-code: 7ms)
 GET /api/workspaces/b2c80bfc-4b8e-400b-a175-3fa764c1e0fa/members 200 in 43ms (next.js: 18ms, application-code: 25ms)
 GET /api/workspaces/b2c80bfc-4b8e-400b-a175-3fa764c1e0fa/invites 200 in 43ms (next.js: 37ms, application-code: 6ms)
 POST /api/auth/sign-up/email 200 in 116ms (next.js: 21ms, application-code: 95ms)
 GET /api/test/outbox?email=e2e-bdf24cfb%40flowline-e2e.test 200 in 8ms (next.js: 2.0ms, application-code: 6ms)
 POST /api/email 200 in 29ms (next.js: 3ms, application-code: 26ms)
 POST /api/auth/sign-in/email 200 in 78ms (next.js: 2.0ms, application-code: 76ms)
 POST /api/workspaces 201 in 25ms (next.js: 2ms, application-code: 23ms)
 POST /api/onboarding 200 in 24ms (next.js: 2ms, application-code: 21ms)
 GET /w/e2e-0435f5/settings 200 in 51ms (next.js: 3ms, application-code: 48ms)
 GET /api/health 200 in 8ms (next.js: 2ms, application-code: 6ms)
 GET /api/workspaces/5cb395d1-80b1-4de4-89fc-5879308d2f9a/members 200 in 19ms (next.js: 2ms, application-code: 17ms)
 GET /api/workspaces/5cb395d1-80b1-4de4-89fc-5879308d2f9a/invites 200 in 16ms (next.js: 3ms, application-code: 13ms)
 POST /api/workspaces/5cb395d1-80b1-4de4-89fc-5879308d2f9a/invites 201 in 38ms (next.js: 2ms, application-code: 36ms)
 GET /api/workspaces/5cb395d1-80b1-4de4-89fc-5879308d2f9a/members 200 in 47ms (next.js: 18ms, application-code: 29ms)
 GET /api/workspaces/5cb395d1-80b1-4de4-89fc-5879308d2f9a/invites 200 in 48ms (next.js: 34ms, application-code: 14ms)
 POST /api/auth/sign-up/email 200 in 103ms (next.js: 17ms, application-code: 86ms)
 GET /api/test/outbox?email=viewer-d6243f0e%40flowline-e2e.test 200 in 8ms (next.js: 2ms, application-code: 5ms)
 POST /api/email 200 in 21ms (next.js: 2ms, application-code: 19ms)
 POST /api/auth/sign-in/email 200 in 68ms (next.js: 1.7ms, application-code: 66ms)
 GET /invite/iw4eNdvgBAz-fRNT9DVNQjZyXBnZ8_fGDClYSOqevRM 200 in 49ms (next.js: 14ms, application-code: 35ms)
 GET /api/invites/iw4eNdvgBAz-fRNT9DVNQjZyXBnZ8_fGDClYSOqevRM 200 in 41ms (next.js: 18ms, application-code: 23ms)
 POST /api/invites/iw4eNdvgBAz-fRNT9DVNQjZyXBnZ8_fGDClYSOqevRM 200 in 36ms (next.js: 3ms, application-code: 33ms)
 GET /w/e2e-0435f5/flows 200 in 49ms (next.js: 17ms, application-code: 32ms)
 GET /api/health 200 in 10ms (next.js: 4ms, application-code: 7ms)
 GET /api/workspaces/5cb395d1-80b1-4de4-89fc-5879308d2f9a/flows 200 in 88ms (next.js: 51ms, application-code: 37ms)
 GET /api/workspaces/5cb395d1-80b1-4de4-89fc-5879308d2f9a/usage 200 in 92ms (next.js: 35ms, application-code: 58ms)
 GET /api/workspaces/5cb395d1-80b1-4de4-89fc-5879308d2f9a/overview 200 in 110ms (next.js: 18ms, application-code: 92ms)
 POST /api/workspaces/5cb395d1-80b1-4de4-89fc-5879308d2f9a/connections 201 in 51ms (next.js: 18ms, application-code: 33ms)
 POST /api/workspaces/5cb395d1-80b1-4de4-89fc-5879308d2f9a/flows 201 in 23ms (next.js: 2ms, application-code: 21ms)
 PUT /api/flows/5cfbc481-21a5-4b7a-8d8f-743301b4195a 200 in 49ms (next.js: 15ms, application-code: 34ms)
 POST /api/flows/5cfbc481-21a5-4b7a-8d8f-743301b4195a/runs 202 in 79ms (next.js: 18ms, application-code: 61ms)
2026-09-29T09:38:49.820Z [worker] run 15794482-f8ff-4b81-8e37-df94c93abeff claimed
2026-09-29T09:38:49.858Z [worker] run 15794482-f8ff-4b81-8e37-df94c93abeff done
 GET /api/runs/15794482-f8ff-4b81-8e37-df94c93abeff 200 in 43ms (next.js: 17ms, application-code: 27ms)
 GET /api/runs/15794482-f8ff-4b81-8e37-df94c93abeff 200 in 25ms (next.js: 2ms, application-code: 22ms)
 GET /w/e2e-0435f5/runs?run=15794482-f8ff-4b81-8e37-df94c93abeff 200 in 63ms (next.js: 15ms, application-code: 48ms)
 GET /api/health 200 in 9ms (next.js: 3ms, application-code: 6ms)
 GET /api/workspaces/5cb395d1-80b1-4de4-89fc-5879308d2f9a/runs?limit=25 200 in 51ms (next.js: 19ms, application-code: 32ms)
 GET /api/runs/15794482-f8ff-4b81-8e37-df94c93abeff 200 in 62ms (next.js: 23ms, application-code: 39ms)
 GET /api/workspaces/5cb395d1-80b1-4de4-89fc-5879308d2f9a/approvals 200 in 876ms (next.js: 859ms, application-code: 16ms)
 POST /api/approvals/d60d52e1-d7c7-4c20-afcc-acf6e163cae2/decide 403 in 40ms (next.js: 15ms, application-code: 25ms)
 GET /api/runs/15794482-f8ff-4b81-8e37-df94c93abeff 200 in 33ms (next.js: 15ms, application-code: 18ms)
 GET /w/e2e-0435f5/settings 200 in 61ms (next.js: 15ms, application-code: 46ms)
 GET /api/health 200 in 7ms (next.js: 2ms, application-code: 5ms)
 GET /api/workspaces/5cb395d1-80b1-4de4-89fc-5879308d2f9a/members 200 in 46ms (next.js: 16ms, application-code: 30ms)
 GET /api/workspaces/5cb395d1-80b1-4de4-89fc-5879308d2f9a/invites 200 in 47ms (next.js: 34ms, application-code: 12ms)
 PATCH /api/workspaces/5cb395d1-80b1-4de4-89fc-5879308d2f9a/members/647d9408-7a98-41ee-bf8a-a510f15d4c1a 200 in 845ms (next.js: 822ms, application-code: 23ms)
 GET /api/workspaces/5cb395d1-80b1-4de4-89fc-5879308d2f9a/members 200 in 43ms (next.js: 16ms, application-code: 27ms)
 GET /api/workspaces/5cb395d1-80b1-4de4-89fc-5879308d2f9a/invites 200 in 43ms (next.js: 32ms, application-code: 11ms)
 GET /w/e2e-0435f5/runs?run=15794482-f8ff-4b81-8e37-df94c93abeff 200 in 63ms (next.js: 17ms, application-code: 47ms)
 GET /api/health 200 in 7ms (next.js: 2ms, application-code: 5ms)
 GET /api/workspaces/5cb395d1-80b1-4de4-89fc-5879308d2f9a/runs?limit=25 200 in 47ms (next.js: 16ms, application-code: 32ms)
 GET /api/runs/15794482-f8ff-4b81-8e37-df94c93abeff 200 in 58ms (next.js: 33ms, application-code: 25ms)
 GET /api/runs/15794482-f8ff-4b81-8e37-df94c93abeff 200 in 28ms (next.js: 4ms, application-code: 24ms)
 POST /api/approvals/d60d52e1-d7c7-4c20-afcc-acf6e163cae2/decide 200 in 55ms (next.js: 16ms, application-code: 39ms)
2026-09-29T09:38:53.275Z [worker] run 15794482-f8ff-4b81-8e37-df94c93abeff claimed
 GET /api/runs/15794482-f8ff-4b81-8e37-df94c93abeff 200 in 24ms (next.js: 3ms, application-code: 21ms)
2026-09-29T09:38:53.335Z [worker] run 15794482-f8ff-4b81-8e37-df94c93abeff done
 GET /api/runs/15794482-f8ff-4b81-8e37-df94c93abeff 200 in 29ms (next.js: 2.0ms, application-code: 27ms)
 DELETE /api/workspaces/5cb395d1-80b1-4de4-89fc-5879308d2f9a/members/647d9408-7a98-41ee-bf8a-a510f15d4c1a 200 in 41ms (next.js: 16ms, application-code: 25ms)
 GET /api/workspaces/5cb395d1-80b1-4de4-89fc-5879308d2f9a/members 200 in 48ms (next.js: 17ms, application-code: 31ms)
 GET /api/workspaces/5cb395d1-80b1-4de4-89fc-5879308d2f9a/invites 200 in 48ms (next.js: 35ms, application-code: 14ms)
 GET /api/workspaces/5cb395d1-80b1-4de4-89fc-5879308d2f9a/flows 404 in 38ms (next.js: 18ms, application-code: 20ms)
 GET /api/workspaces/5cb395d1-80b1-4de4-89fc-5879308d2f9a/audit 200 in 32ms (next.js: 17ms, application-code: 16ms)
 POST /api/auth/sign-up/email 200 in 104ms (next.js: 16ms, application-code: 88ms)
 GET /api/test/outbox?email=e2e-569f483c%40flowline-e2e.test 200 in 8ms (next.js: 1.8ms, application-code: 6ms)
 POST /api/email 200 in 27ms (next.js: 2ms, application-code: 24ms)
 POST /api/auth/sign-in/email 200 in 77ms (next.js: 2ms, application-code: 75ms)
 POST /api/workspaces 201 in 37ms (next.js: 1.9ms, application-code: 35ms)
 POST /api/onboarding 200 in 16ms (next.js: 2ms, application-code: 14ms)
 POST /api/workspaces/71ef62be-9267-4764-973b-14d8a2502c57/flows 201 in 28ms (next.js: 3ms, application-code: 25ms)
 GET /w/e2e-f2067a/settings?tab=keys 200 in 70ms (next.js: 16ms, application-code: 54ms)
 GET /api/health 200 in 6ms (next.js: 2ms, application-code: 4ms)
 GET /api/workspaces/71ef62be-9267-4764-973b-14d8a2502c57/api-keys 200 in 37ms (next.js: 17ms, application-code: 20ms)
 POST /api/workspaces/71ef62be-9267-4764-973b-14d8a2502c57/api-keys 201 in 23ms (next.js: 2ms, application-code: 21ms)
 GET /api/workspaces/71ef62be-9267-4764-973b-14d8a2502c57/api-keys 200 in 22ms (next.js: 2ms, application-code: 20ms)
 GET /api/v1/flows 403 in 47ms (next.js: 38ms, application-code: 9ms)
 GET /api/workspaces/71ef62be-9267-4764-973b-14d8a2502c57/flows 200 in 39ms (next.js: 15ms, application-code: 24ms)
 POST /api/v1/flows/0dcf5710-10ea-4469-8ceb-628fde30c85a/runs 202 in 873ms (next.js: 837ms, application-code: 36ms)
2026-09-29T09:38:55.940Z [worker] run f42c16dd-0313-4743-b3f5-8a4a4be32fd5 claimed
2026-09-29T09:38:55.986Z [worker] run f42c16dd-0313-4743-b3f5-8a4a4be32fd5 done
 GET /w/e2e-f2067a/settings?tab=keys 200 in 60ms (next.js: 16ms, application-code: 45ms)
 GET /api/health 200 in 7ms (next.js: 1.8ms, application-code: 5ms)
 GET /api/workspaces/71ef62be-9267-4764-973b-14d8a2502c57/api-keys 200 in 29ms (next.js: 15ms, application-code: 14ms)
 DELETE /api/workspaces/71ef62be-9267-4764-973b-14d8a2502c57/api-keys/9cd60d0a-8616-41ab-a0f4-52813e49ec70 200 in 830ms (next.js: 811ms, application-code: 19ms)
 GET /api/workspaces/71ef62be-9267-4764-973b-14d8a2502c57/api-keys 200 in 41ms (next.js: 15ms, application-code: 26ms)
 GET /api/workspaces/71ef62be-9267-4764-973b-14d8a2502c57/flows 200 in 25ms (next.js: 15ms, application-code: 11ms)
 POST /api/v1/flows/0dcf5710-10ea-4469-8ceb-628fde30c85a/runs 401 in 18ms (next.js: 13ms, application-code: 5ms)
 POST /api/auth/sign-up/email 200 in 97ms (next.js: 15ms, application-code: 82ms)
 GET /api/test/outbox?email=e2e-90eee986%40flowline-e2e.test 200 in 8ms (next.js: 1.9ms, application-code: 6ms)
 POST /api/email 200 in 21ms (next.js: 1.8ms, application-code: 19ms)
 POST /api/auth/sign-in/email 200 in 70ms (next.js: 2ms, application-code: 68ms)
 POST /api/workspaces 201 in 24ms (next.js: 2ms, application-code: 21ms)
 POST /api/onboarding 200 in 24ms (next.js: 2ms, application-code: 22ms)
 POST /api/workspaces/f4a1f9da-3321-4332-82fb-01cedc1ca13e/ai/connections 201 in 54ms (next.js: 14ms, application-code: 40ms)
 PUT /api/workspaces/f4a1f9da-3321-4332-82fb-01cedc1ca13e/ai/default-route 200 in 38ms (next.js: 14ms, application-code: 24ms)
 PUT /api/workspaces/f4a1f9da-3321-4332-82fb-01cedc1ca13e/ai/policy 200 in 42ms (next.js: 15ms, application-code: 27ms)
 POST /api/workspaces/f4a1f9da-3321-4332-82fb-01cedc1ca13e/flows 201 in 26ms (next.js: 2ms, application-code: 24ms)
 PUT /api/flows/f276ac44-5508-4540-9264-6ea3e03ebff3 200 in 49ms (next.js: 15ms, application-code: 34ms)
 POST /api/flows/f276ac44-5508-4540-9264-6ea3e03ebff3/publish 201 in 50ms (next.js: 17ms, application-code: 33ms)
 GET /w/e2e-77d8bc/knowledge 200 in 78ms (next.js: 19ms, application-code: 59ms)
 GET /api/health 200 in 9ms (next.js: 4ms, application-code: 6ms)
 GET /api/workspaces/f4a1f9da-3321-4332-82fb-01cedc1ca13e/knowledge 200 in 42ms (next.js: 19ms, application-code: 23ms)
 POST /api/workspaces/f4a1f9da-3321-4332-82fb-01cedc1ca13e/knowledge 201 in 35ms (next.js: 3ms, application-code: 33ms)
2026-09-29T09:38:58.786Z [worker] knowledge source indexed
 GET /api/workspaces/f4a1f9da-3321-4332-82fb-01cedc1ca13e/knowledge 200 in 31ms (next.js: 2ms, application-code: 29ms)
 GET /w/e2e-77d8bc/agents 200 in 72ms (next.js: 20ms, application-code: 52ms)
 GET /api/health 200 in 8ms (next.js: 3ms, application-code: 5ms)
 GET /api/workspaces/f4a1f9da-3321-4332-82fb-01cedc1ca13e/agents 200 in 27ms (next.js: 16ms, application-code: 11ms)
 GET /w/e2e-77d8bc/agents/new 200 in 32ms (next.js: 18ms, application-code: 14ms)
 GET /api/workspaces/f4a1f9da-3321-4332-82fb-01cedc1ca13e/flows 200 in 54ms (next.js: 35ms, application-code: 19ms)
 GET /api/workspaces/f4a1f9da-3321-4332-82fb-01cedc1ca13e/knowledge 200 in 18ms (next.js: 4ms, application-code: 14ms)
 GET /api/workspaces/f4a1f9da-3321-4332-82fb-01cedc1ca13e/ai 200 in 70ms (next.js: 18ms, application-code: 52ms)
 GET /api/workspaces/f4a1f9da-3321-4332-82fb-01cedc1ca13e/ai/models 200 in 41ms (next.js: 17ms, application-code: 24ms)
 POST /api/workspaces/f4a1f9da-3321-4332-82fb-01cedc1ca13e/agents 201 in 33ms (next.js: 3ms, application-code: 30ms)
 GET /w/e2e-77d8bc/agents/5345e7cd-c645-4474-a175-2db8ecd43557 200 in 35ms (next.js: 20ms, application-code: 15ms)
 GET /api/agents/5345e7cd-c645-4474-a175-2db8ecd43557 200 in 36ms (next.js: 17ms, application-code: 20ms)
 GET /api/agents/5345e7cd-c645-4474-a175-2db8ecd43557/runs 200 in 925ms (next.js: 905ms, application-code: 20ms)
 POST /api/agents/5345e7cd-c645-4474-a175-2db8ecd43557/runs 202 in 857ms (next.js: 816ms, application-code: 41ms)
2026-09-29T09:39:00.516Z [worker] agent run e101c24f-db35-4b1a-8384-ccb2ec8cddda claimed
2026-09-29T09:39:00.635Z [worker] agent run e101c24f-db35-4b1a-8384-ccb2ec8cddda succeeded
 GET /api/agent-runs/e101c24f-db35-4b1a-8384-ccb2ec8cddda 200 in 858ms (next.js: 832ms, application-code: 26ms)
 POST /api/agents/5345e7cd-c645-4474-a175-2db8ecd43557/runs 202 in 52ms (next.js: 14ms, application-code: 37ms)
2026-09-29T09:39:01.602Z [worker] agent run f8c6757b-a1a3-4770-97c0-02a08c448913 claimed
 GET /api/agent-runs/f8c6757b-a1a3-4770-97c0-02a08c448913 200 in 30ms (next.js: 15ms, application-code: 14ms)
2026-09-29T09:39:01.660Z [worker] agent run f8c6757b-a1a3-4770-97c0-02a08c448913 waiting for approval
 GET /api/agent-runs/f8c6757b-a1a3-4770-97c0-02a08c448913 200 in 40ms (next.js: 16ms, application-code: 24ms)
 POST /api/approvals/b20764ca-f5d6-467d-9e00-aa1b244de1b9/decide 200 in 54ms (next.js: 14ms, application-code: 40ms)
2026-09-29T09:39:02.966Z [worker] agent run f8c6757b-a1a3-4770-97c0-02a08c448913 claimed
 GET /api/agents/5345e7cd-c645-4474-a175-2db8ecd43557/runs 200 in 32ms (next.js: 20ms, application-code: 12ms)
 GET /api/agent-runs/f8c6757b-a1a3-4770-97c0-02a08c448913 200 in 36ms (next.js: 2ms, application-code: 33ms)
2026-09-29T09:39:03.022Z [worker] run ec533e24-9ed3-466d-8da9-c9ed77d0d598 claimed
2026-09-29T09:39:03.063Z [worker] run ec533e24-9ed3-466d-8da9-c9ed77d0d598 done
2026-09-29T09:39:03.573Z [worker] agent run f8c6757b-a1a3-4770-97c0-02a08c448913 succeeded
 GET /api/agent-runs/f8c6757b-a1a3-4770-97c0-02a08c448913 200 in 41ms (next.js: 14ms, application-code: 27ms)
 GET /api/flows/f276ac44-5508-4540-9264-6ea3e03ebff3/runs 200 in 32ms (next.js: 14ms, application-code: 18ms)
 POST /api/auth/sign-up/email 200 in 97ms (next.js: 15ms, application-code: 82ms)
 GET /api/test/outbox?email=e2e-6b61f4ac%40flowline-e2e.test 200 in 9ms (next.js: 3ms, application-code: 7ms)
 POST /api/email 200 in 20ms (next.js: 2.0ms, application-code: 18ms)
 POST /api/auth/sign-in/email 200 in 69ms (next.js: 2.0ms, application-code: 67ms)
 POST /api/workspaces 201 in 34ms (next.js: 2ms, application-code: 32ms)
 POST /api/onboarding 200 in 23ms (next.js: 1.8ms, application-code: 21ms)
 POST /api/workspaces/4fec67e4-b7c6-4457-9191-0db2be2690dc/ai/connections 201 in 52ms (next.js: 15ms, application-code: 36ms)
 PUT /api/workspaces/4fec67e4-b7c6-4457-9191-0db2be2690dc/ai/default-route 200 in 31ms (next.js: 14ms, application-code: 17ms)
 PUT /api/workspaces/4fec67e4-b7c6-4457-9191-0db2be2690dc/ai/policy 200 in 46ms (next.js: 15ms, application-code: 31ms)
 GET /w/e2e-35b325/flows 200 in 166ms (next.js: 16ms, application-code: 149ms)
 GET /api/health 200 in 8ms (next.js: 3ms, application-code: 6ms)
 GET /api/workspaces/4fec67e4-b7c6-4457-9191-0db2be2690dc/flows 200 in 36ms (next.js: 19ms, application-code: 17ms)
 GET /api/workspaces/4fec67e4-b7c6-4457-9191-0db2be2690dc/usage 200 in 74ms (next.js: 34ms, application-code: 40ms)
 GET /api/workspaces/4fec67e4-b7c6-4457-9191-0db2be2690dc/overview 200 in 88ms (next.js: 16ms, application-code: 71ms)
 POST /api/workspaces/4fec67e4-b7c6-4457-9191-0db2be2690dc/copilot 201 in 1066ms (next.js: 934ms, application-code: 131ms)
 POST /api/workspaces/4fec67e4-b7c6-4457-9191-0db2be2690dc/copilot/1c239cc2-32c4-4f50-a249-a6289bbae453 200 in 857ms (next.js: 831ms, application-code: 26ms)
 GET /api/workspaces/4fec67e4-b7c6-4457-9191-0db2be2690dc/flows 200 in 34ms (next.js: 15ms, application-code: 19ms)
 POST /api/workspaces/4fec67e4-b7c6-4457-9191-0db2be2690dc/copilot 201 in 113ms (next.js: 16ms, application-code: 97ms)
 POST /api/workspaces/4fec67e4-b7c6-4457-9191-0db2be2690dc/copilot/2584c15a-d433-4100-aa6b-bfb3e2e88631 200 in 44ms (next.js: 15ms, application-code: 30ms)
 GET /w/e2e-35b325/flows/5fdd4716-2a70-43b9-849b-0562b6d8f7d7 200 in 32ms (next.js: 16ms, application-code: 16ms)
 GET /api/flows/5fdd4716-2a70-43b9-849b-0562b6d8f7d7 200 in 35ms (next.js: 16ms, application-code: 19ms)
 GET /api/flows/5fdd4716-2a70-43b9-849b-0562b6d8f7d7/publish 200 in 60ms (next.js: 17ms, application-code: 43ms)
 GET /api/flows/5fdd4716-2a70-43b9-849b-0562b6d8f7d7/runs 200 in 41ms (next.js: 17ms, application-code: 23ms)
 GET /api/workspaces/4fec67e4-b7c6-4457-9191-0db2be2690dc/flows 200 in 32ms (next.js: 3ms, application-code: 29ms)
 GET /api/flows/5fdd4716-2a70-43b9-849b-0562b6d8f7d7/runs 200 in 19ms (next.js: 3ms, application-code: 16ms)
 POST /api/auth/sign-up/email 200 in 102ms (next.js: 18ms, application-code: 84ms)
 GET /api/test/outbox?email=e2e-96c18c9f%40flowline-e2e.test 200 in 9ms (next.js: 1.9ms, application-code: 7ms)
 POST /api/email 200 in 22ms (next.js: 2ms, application-code: 19ms)
 POST /api/auth/sign-in/email 200 in 72ms (next.js: 1.8ms, application-code: 70ms)
 POST /api/workspaces 201 in 23ms (next.js: 2ms, application-code: 20ms)
 POST /api/onboarding 200 in 22ms (next.js: 2ms, application-code: 20ms)
 POST /api/workspaces/69ab58df-8b63-4c26-9545-76e3d73635cb/flows 201 in 33ms (next.js: 18ms, application-code: 16ms)
 POST /api/workspaces/69ab58df-8b63-4c26-9545-76e3d73635cb/ai/connections 201 in 85ms (next.js: 17ms, application-code: 68ms)
 PUT /api/workspaces/69ab58df-8b63-4c26-9545-76e3d73635cb/ai/default-route 200 in 41ms (next.js: 19ms, application-code: 22ms)
 PUT /api/workspaces/69ab58df-8b63-4c26-9545-76e3d73635cb/ai/policy 200 in 33ms (next.js: 17ms, application-code: 17ms)
 GET /w/e2e-5b0384/flows/8c21ebdd-cafa-4679-9cf5-a0c1760d4e29 200 in 74ms (next.js: 18ms, application-code: 56ms)
 GET /api/health 200 in 20ms (next.js: 3ms, application-code: 17ms)
 GET /api/flows/8c21ebdd-cafa-4679-9cf5-a0c1760d4e29 200 in 45ms (next.js: 18ms, application-code: 27ms)
 GET /api/flows/8c21ebdd-cafa-4679-9cf5-a0c1760d4e29/publish 200 in 59ms (next.js: 17ms, application-code: 42ms)
 GET /api/flows/8c21ebdd-cafa-4679-9cf5-a0c1760d4e29/runs 200 in 36ms (next.js: 17ms, application-code: 19ms)
 POST /api/flows/8c21ebdd-cafa-4679-9cf5-a0c1760d4e29/copilot 201 in 1029ms (next.js: 881ms, application-code: 148ms)
 POST /api/flows/8c21ebdd-cafa-4679-9cf5-a0c1760d4e29/copilot 201 in 57ms (next.js: 14ms, application-code: 42ms)
 GET /api/flows/8c21ebdd-cafa-4679-9cf5-a0c1760d4e29 200 in 37ms (next.js: 15ms, application-code: 22ms)
 POST /api/flows/8c21ebdd-cafa-4679-9cf5-a0c1760d4e29/copilot 201 in 80ms (next.js: 2ms, application-code: 77ms)
 POST /api/flows/8c21ebdd-cafa-4679-9cf5-a0c1760d4e29/copilot/98d8f7d2-fbdb-4577-93fb-aac679148553 200 in 844ms (next.js: 826ms, application-code: 18ms)
 GET /api/flows/8c21ebdd-cafa-4679-9cf5-a0c1760d4e29 200 in 26ms (next.js: 14ms, application-code: 11ms)
 POST /api/auth/sign-up/email 200 in 94ms (next.js: 14ms, application-code: 80ms)
 GET /api/test/outbox?email=e2e-dfb2c4bd%40flowline-e2e.test 200 in 8ms (next.js: 2ms, application-code: 5ms)
 POST /api/email 200 in 21ms (next.js: 1.9ms, application-code: 19ms)
 POST /api/auth/sign-in/email 200 in 72ms (next.js: 2ms, application-code: 69ms)
 POST /api/workspaces 201 in 19ms (next.js: 2ms, application-code: 16ms)
 POST /api/onboarding 200 in 25ms (next.js: 2ms, application-code: 23ms)
 POST /api/workspaces/12305b0d-d408-4ec4-a964-f7cb11f31fa4/flows 201 in 26ms (next.js: 13ms, application-code: 13ms)
 POST /api/workspaces/12305b0d-d408-4ec4-a964-f7cb11f31fa4/ai/connections 201 in 61ms (next.js: 13ms, application-code: 48ms)
 PUT /api/workspaces/12305b0d-d408-4ec4-a964-f7cb11f31fa4/ai/default-route 200 in 35ms (next.js: 15ms, application-code: 20ms)
 PUT /api/workspaces/12305b0d-d408-4ec4-a964-f7cb11f31fa4/ai/policy 200 in 37ms (next.js: 15ms, application-code: 21ms)
 GET /w/e2e-e447f1/flows/15c7933f-4143-44c1-97e1-3819f6cbdce9 200 in 72ms (next.js: 17ms, application-code: 55ms)
 GET /api/health 200 in 8ms (next.js: 2ms, application-code: 6ms)
 GET /api/flows/15c7933f-4143-44c1-97e1-3819f6cbdce9 200 in 42ms (next.js: 17ms, application-code: 25ms)
 GET /api/flows/15c7933f-4143-44c1-97e1-3819f6cbdce9/publish 200 in 59ms (next.js: 16ms, application-code: 42ms)
 GET /api/flows/15c7933f-4143-44c1-97e1-3819f6cbdce9/runs 200 in 41ms (next.js: 18ms, application-code: 23ms)
 POST /api/flows/15c7933f-4143-44c1-97e1-3819f6cbdce9/copilot 201 in 133ms (next.js: 18ms, application-code: 114ms)
 POST /api/flows/15c7933f-4143-44c1-97e1-3819f6cbdce9/copilot/b1b898e1-d866-4424-89a4-8c864c915815 200 in 52ms (next.js: 15ms, application-code: 36ms)
 GET /w/e2e-e447f1/flows/15c7933f-4143-44c1-97e1-3819f6cbdce9 200 in 78ms (next.js: 20ms, application-code: 58ms)
 GET /api/health 200 in 9ms (next.js: 3ms, application-code: 6ms)
 GET /api/flows/15c7933f-4143-44c1-97e1-3819f6cbdce9 200 in 20ms (next.js: 2ms, application-code: 17ms)
 GET /api/flows/15c7933f-4143-44c1-97e1-3819f6cbdce9/publish 200 in 26ms (next.js: 3ms, application-code: 23ms)
 GET /api/flows/15c7933f-4143-44c1-97e1-3819f6cbdce9/runs 200 in 19ms (next.js: 3ms, application-code: 16ms)
 GET /w/e2e-e447f1/flows/15c7933f-4143-44c1-97e1-3819f6cbdce9 200 in 62ms (next.js: 5ms, application-code: 58ms)
 GET /api/health 200 in 9ms (next.js: 3ms, application-code: 6ms)
 GET /api/flows/15c7933f-4143-44c1-97e1-3819f6cbdce9 200 in 30ms (next.js: 16ms, application-code: 14ms)
 GET /api/flows/15c7933f-4143-44c1-97e1-3819f6cbdce9/publish 200 in 25ms (next.js: 3ms, application-code: 22ms)
 GET /api/flows/15c7933f-4143-44c1-97e1-3819f6cbdce9/runs 200 in 17ms (next.js: 3ms, application-code: 14ms)
 POST /api/flows/15c7933f-4143-44c1-97e1-3819f6cbdce9/copilot 201 in 101ms (next.js: 3ms, application-code: 98ms)
 POST /api/flows/15c7933f-4143-44c1-97e1-3819f6cbdce9/copilot/03ee2519-ee39-402e-af78-0ff75a5ff02d 200 in 41ms (next.js: 14ms, application-code: 26ms)
 GET /w/e2e-e447f1/flows/15c7933f-4143-44c1-97e1-3819f6cbdce9 200 in 71ms (next.js: 16ms, application-code: 55ms)
 GET /api/health 200 in 7ms (next.js: 3ms, application-code: 5ms)
 GET /api/flows/15c7933f-4143-44c1-97e1-3819f6cbdce9 200 in 21ms (next.js: 3ms, application-code: 19ms)
 GET /api/flows/15c7933f-4143-44c1-97e1-3819f6cbdce9/publish 200 in 55ms (next.js: 15ms, application-code: 39ms)
 GET /api/flows/15c7933f-4143-44c1-97e1-3819f6cbdce9/runs 200 in 37ms (next.js: 17ms, application-code: 19ms)
 POST /api/auth/sign-up/email 200 in 103ms (next.js: 16ms, application-code: 87ms)
 GET /api/test/outbox?email=e2e-d636c6e6%40flowline-e2e.test 200 in 9ms (next.js: 3ms, application-code: 6ms)
 POST /api/email 200 in 22ms (next.js: 1.9ms, application-code: 20ms)
 POST /api/auth/sign-in/email 200 in 73ms (next.js: 1.9ms, application-code: 71ms)
 POST /api/workspaces 201 in 31ms (next.js: 2ms, application-code: 29ms)
 POST /api/onboarding 200 in 24ms (next.js: 2ms, application-code: 21ms)
 GET /w/e2e-a8c057/settings?tab=plan 200 in 58ms (next.js: 14ms, application-code: 44ms)
 GET /api/health 200 in 8ms (next.js: 2ms, application-code: 6ms)
 GET /api/workspaces/c34a9dfe-6070-4617-b33c-d7cd3e33da01/billing 200 in 54ms (next.js: 19ms, application-code: 36ms)
 POST /api/workspaces/c34a9dfe-6070-4617-b33c-d7cd3e33da01/billing/checkout 200 in 861ms (next.js: 819ms, application-code: 42ms)
 POST /api/billing/webhook 200 in 53ms (next.js: 29ms, application-code: 24ms)
 POST /api/billing/webhook 200 in 25ms (next.js: 2.0ms, application-code: 23ms)
 GET /w/e2e-a8c057/settings?billing=success 200 in 67ms (next.js: 15ms, application-code: 51ms)
 GET /api/health 200 in 8ms (next.js: 3ms, application-code: 5ms)
 GET /api/workspaces/c34a9dfe-6070-4617-b33c-d7cd3e33da01/billing 200 in 48ms (next.js: 16ms, application-code: 32ms)
 GET /api/workspaces/c34a9dfe-6070-4617-b33c-d7cd3e33da01/billing 200 in 24ms (next.js: 2ms, application-code: 21ms)
 POST /api/auth/sign-up/email 200 in 96ms (next.js: 15ms, application-code: 81ms)
 GET /api/test/outbox?email=e2e-1b4c1b6f%40flowline-e2e.test 200 in 8ms (next.js: 2ms, application-code: 6ms)
 POST /api/email 200 in 19ms (next.js: 1.8ms, application-code: 17ms)
 POST /api/auth/sign-in/email 200 in 71ms (next.js: 1.9ms, application-code: 69ms)
 POST /api/workspaces 201 in 28ms (next.js: 2.0ms, application-code: 26ms)
 POST /api/onboarding 200 in 23ms (next.js: 2ms, application-code: 21ms)
 POST /api/workspaces/d4a2b5fe-5285-4d34-a09b-83e935e4dbd2/flows 201 in 30ms (next.js: 15ms, application-code: 15ms)
 GET /api/flows/6e30a9a1-5ae5-463d-beb1-352bb5195939 200 in 40ms (next.js: 15ms, application-code: 26ms)
 POST /api/flows/6e30a9a1-5ae5-463d-beb1-352bb5195939/publish 201 in 41ms (next.js: 14ms, application-code: 27ms)
 PUT /api/flows/6e30a9a1-5ae5-463d-beb1-352bb5195939 200 in 20ms (next.js: 2ms, application-code: 18ms)
 GET /w/e2e-cceca5/flows/6e30a9a1-5ae5-463d-beb1-352bb5195939 200 in 70ms (next.js: 16ms, application-code: 54ms)
 GET /api/health 200 in 7ms (next.js: 2ms, application-code: 5ms)
 GET /api/flows/6e30a9a1-5ae5-463d-beb1-352bb5195939 200 in 23ms (next.js: 3ms, application-code: 20ms)
 GET /api/flows/6e30a9a1-5ae5-463d-beb1-352bb5195939/publish 200 in 49ms (next.js: 2ms, application-code: 47ms)
 GET /api/flows/6e30a9a1-5ae5-463d-beb1-352bb5195939/runs 200 in 36ms (next.js: 20ms, application-code: 17ms)
 GET /api/flows/6e30a9a1-5ae5-463d-beb1-352bb5195939/versions 200 in 36ms (next.js: 23ms, application-code: 13ms)
 GET /api/flows/6e30a9a1-5ae5-463d-beb1-352bb5195939/publish 200 in 37ms (next.js: 3ms, application-code: 34ms)
 GET /api/flows/6e30a9a1-5ae5-463d-beb1-352bb5195939/versions/61a28903-7ddf-4dd6-8fa7-247760975f2a 200 in 878ms (next.js: 857ms, application-code: 21ms)
 POST /api/flows/6e30a9a1-5ae5-463d-beb1-352bb5195939/versions/61a28903-7ddf-4dd6-8fa7-247760975f2a/restore 200 in 852ms (next.js: 824ms, application-code: 28ms)
 GET /w/e2e-cceca5/flows/6e30a9a1-5ae5-463d-beb1-352bb5195939 200 in 64ms (next.js: 16ms, application-code: 48ms)
 GET /api/health 200 in 7ms (next.js: 3ms, application-code: 5ms)
 GET /api/flows/6e30a9a1-5ae5-463d-beb1-352bb5195939 200 in 31ms (next.js: 16ms, application-code: 15ms)
 GET /api/flows/6e30a9a1-5ae5-463d-beb1-352bb5195939/publish 200 in 60ms (next.js: 15ms, application-code: 45ms)
 GET /api/flows/6e30a9a1-5ae5-463d-beb1-352bb5195939/runs 200 in 40ms (next.js: 16ms, application-code: 24ms)
 POST /api/auth/sign-up/email 200 in 98ms (next.js: 15ms, application-code: 83ms)
 GET /api/test/outbox?email=e2e-f00209ca%40flowline-e2e.test 200 in 8ms (next.js: 1.9ms, application-code: 6ms)
 POST /api/email 200 in 24ms (next.js: 2ms, application-code: 21ms)
 POST /api/auth/sign-in/email 200 in 73ms (next.js: 2ms, application-code: 71ms)
 POST /api/workspaces 201 in 20ms (next.js: 2ms, application-code: 17ms)
 POST /api/onboarding 200 in 23ms (next.js: 2ms, application-code: 21ms)
 POST /api/workspaces/c6075201-b399-4d81-a385-e4c55f55a949/flows 201 in 30ms (next.js: 16ms, application-code: 14ms)
 GET /w/e2e-545907/agents 200 in 63ms (next.js: 16ms, application-code: 47ms)
 GET /api/health 200 in 9ms (next.js: 3ms, application-code: 6ms)
 GET /api/workspaces/c6075201-b399-4d81-a385-e4c55f55a949/agents 200 in 68ms (next.js: 19ms, application-code: 49ms)
 GET /w/e2e-545907/knowledge 200 in 74ms (next.js: 20ms, application-code: 54ms)
 GET /api/health 200 in 10ms (next.js: 3ms, application-code: 6ms)
 GET /api/workspaces/c6075201-b399-4d81-a385-e4c55f55a949/knowledge 200 in 71ms (next.js: 18ms, application-code: 53ms)
 GET /w/e2e-545907/settings 200 in 78ms (next.js: 17ms, application-code: 61ms)
 GET /api/health 200 in 8ms (next.js: 2ms, application-code: 6ms)
 GET /api/workspaces/c6075201-b399-4d81-a385-e4c55f55a949/members 200 in 69ms (next.js: 17ms, application-code: 52ms)
 GET /api/workspaces/c6075201-b399-4d81-a385-e4c55f55a949/invites 200 in 90ms (next.js: 36ms, application-code: 54ms)
 GET /w/e2e-545907/flows/b0499d51-2ae7-4d29-8478-bc4270cb0923 200 in 76ms (next.js: 19ms, application-code: 57ms)
 GET /api/health 200 in 9ms (next.js: 3ms, application-code: 6ms)
 GET /api/flows/b0499d51-2ae7-4d29-8478-bc4270cb0923 200 in 42ms (next.js: 20ms, application-code: 23ms)
 GET /api/flows/b0499d51-2ae7-4d29-8478-bc4270cb0923/publish 200 in 55ms (next.js: 17ms, application-code: 38ms)
 GET /api/flows/b0499d51-2ae7-4d29-8478-bc4270cb0923/runs 200 in 37ms (next.js: 20ms, application-code: 17ms)
 POST /api/auth/sign-up/email 200 in 114ms (next.js: 17ms, application-code: 98ms)
 GET /api/test/outbox?email=e2e-bb31eb36%40flowline-e2e.test 200 in 10ms (next.js: 3ms, application-code: 7ms)
 POST /api/email 200 in 26ms (next.js: 2ms, application-code: 23ms)
 POST /api/auth/sign-in/email 200 in 75ms (next.js: 2ms, application-code: 72ms)
 POST /api/workspaces 201 in 33ms (next.js: 2ms, application-code: 30ms)
 POST /api/onboarding 200 in 17ms (next.js: 3ms, application-code: 14ms)
 GET /w/e2e-fba1db/settings?tab=sso 200 in 75ms (next.js: 17ms, application-code: 59ms)
 GET /api/health 200 in 9ms (next.js: 3ms, application-code: 6ms)
 GET /api/workspaces/80d791af-4a1c-4f78-95fb-40824e18f455/sso 200 in 32ms (next.js: 17ms, application-code: 15ms)
 PUT /api/workspaces/80d791af-4a1c-4f78-95fb-40824e18f455/sso 200 in 32ms (next.js: 2ms, application-code: 30ms)
 GET /api/sso/start?workspace=e2e-fba1db 307 in 60ms (next.js: 34ms, application-code: 26ms)
 GET /api/sso/callback?code=oidc-code-48f754511dc0&state=MWo8VQ7G0gkhAcMtDWY5TdRyR5kQhpqV 307 in 66ms (next.js: 30ms, application-code: 37ms)
 GET /w/e2e-fba1db/flows 200 in 62ms (next.js: 15ms, application-code: 47ms)
 GET /api/health 200 in 9ms (next.js: 2ms, application-code: 6ms)
 GET /api/workspaces/80d791af-4a1c-4f78-95fb-40824e18f455/usage 200 in 123ms (next.js: 51ms, application-code: 72ms)
 GET /api/workspaces/80d791af-4a1c-4f78-95fb-40824e18f455/flows 200 in 90ms (next.js: 35ms, application-code: 55ms)
 GET /w/e2e-fba1db/settings?tab=sso 200 in 149ms (next.js: 18ms, application-code: 131ms)
 GET /api/workspaces/80d791af-4a1c-4f78-95fb-40824e18f455/overview 200 in 149ms (next.js: 34ms, application-code: 116ms)
 GET /api/health 200 in 8ms (next.js: 3ms, application-code: 6ms)
 GET /api/workspaces/80d791af-4a1c-4f78-95fb-40824e18f455/sso 200 in 28ms (next.js: 3ms, application-code: 25ms)
 PUT /api/workspaces/80d791af-4a1c-4f78-95fb-40824e18f455/sso 200 in 51ms (next.js: 16ms, application-code: 34ms)
 GET /sign-in 200 in 36ms (next.js: 3ms, application-code: 33ms)
 GET /api/auth-config 200 in 9ms (next.js: 3ms, application-code: 6ms)
 GET /api/sso/start?workspace=e2e-fba1db 307 in 24ms (next.js: 2ms, application-code: 22ms)
 GET /api/sso/callback?code=oidc-code-eaea66ba4588&state=poTLsCHsu0iurw20yIzPFuPqDyf6yVPP 307 in 48ms (next.js: 2ms, application-code: 46ms)
 GET /w/e2e-fba1db/flows 200 in 68ms (next.js: 16ms, application-code: 52ms)
 GET /api/health 200 in 19ms (next.js: 10ms, application-code: 10ms)
 GET /api/workspaces/80d791af-4a1c-4f78-95fb-40824e18f455/flows 200 in 83ms (next.js: 47ms, application-code: 37ms)
 GET /api/workspaces/80d791af-4a1c-4f78-95fb-40824e18f455/usage 200 in 85ms (next.js: 31ms, application-code: 54ms)
 GET /w/e2e-fba1db/settings 200 in 876ms (next.js: 745ms, application-code: 130ms)
 GET /api/workspaces/80d791af-4a1c-4f78-95fb-40824e18f455/overview 200 in 115ms (next.js: 15ms, application-code: 100ms)
 GET /api/health 200 in 9ms (next.js: 3ms, application-code: 6ms)
 GET /api/workspaces/80d791af-4a1c-4f78-95fb-40824e18f455/members 200 in 46ms (next.js: 17ms, application-code: 29ms)
 GET /api/workspaces/80d791af-4a1c-4f78-95fb-40824e18f455/invites 200 in 47ms (next.js: 34ms, application-code: 13ms)
 POST /api/auth/sign-up/email 200 in 101ms (next.js: 16ms, application-code: 85ms)
 GET /api/test/outbox?email=victim-b08968a6%40flowline-e2e.test 200 in 9ms (next.js: 2ms, application-code: 7ms)
 POST /api/email 200 in 23ms (next.js: 2ms, application-code: 21ms)
 POST /api/auth/sign-in/email 200 in 71ms (next.js: 1.8ms, application-code: 69ms)
 GET /sign-in 200 in 32ms (next.js: 3ms, application-code: 29ms)
 GET /api/auth-config 200 in 11ms (next.js: 3ms, application-code: 8ms)
 GET /api/sso/start?workspace=e2e-fba1db 307 in 33ms (next.js: 2ms, application-code: 30ms)
 GET /api/sso/callback?code=oidc-code-7c110c0d31d9&state=Iu20OrsCloDWlidW5JoV8WZGF9FzBJS- 307 in 31ms (next.js: 2ms, application-code: 29ms)
 GET /sign-in?sso_error=An%20account%20with%20this%20email%20already%20exists%20%E2%80%94%20sign%20in%20with%20your%20password%20first%2C%20then%20start%20SSO%20to%20link%20it.%20SSO%20can%27t%20take%20over%20an%20existing%20account. 200 in 37ms (next.js: 3ms, application-code: 33ms)
 GET /api/auth-config 200 in 8ms (next.js: 2ms, application-code: 6ms)
 GET /api/sso/start?workspace=no-such-1fa25e 307 in 15ms (next.js: 3ms, application-code: 12ms)
 GET /sign-in?sso_error=SSO%20isn%27t%20set%20up%20for%20that%20workspace 200 in 34ms (next.js: 3ms, application-code: 31ms)
 GET /api/auth-config 200 in 9ms (next.js: 3ms, application-code: 7ms)
 GET /api/workspaces/80d791af-4a1c-4f78-95fb-40824e18f455/audit 200 in 38ms (next.js: 16ms, application-code: 22ms)
 POST /api/auth/sign-up/email 200 in 104ms (next.js: 16ms, application-code: 88ms)
 GET /api/test/outbox?email=e2e-214050da%40flowline-e2e.test 200 in 8ms (next.js: 2ms, application-code: 6ms)
 POST /api/email 200 in 23ms (next.js: 2ms, application-code: 21ms)
 POST /api/auth/sign-in/email 200 in 78ms (next.js: 2ms, application-code: 76ms)
 POST /api/workspaces 201 in 32ms (next.js: 3ms, application-code: 29ms)
 POST /api/onboarding 200 in 23ms (next.js: 2ms, application-code: 20ms)
 POST /api/workspaces/bfbe1693-56e6-4236-83cc-ac77f5f86580/ai/connections 201 in 84ms (next.js: 19ms, application-code: 65ms)
 PUT /api/workspaces/bfbe1693-56e6-4236-83cc-ac77f5f86580/ai/default-route 200 in 54ms (next.js: 17ms, application-code: 36ms)
 PUT /api/workspaces/bfbe1693-56e6-4236-83cc-ac77f5f86580/ai/policy 200 in 39ms (next.js: 17ms, application-code: 22ms)
 POST /api/workspaces/bfbe1693-56e6-4236-83cc-ac77f5f86580/flows 201 in 40ms (next.js: 18ms, application-code: 23ms)
 PUT /api/flows/63740586-7ea7-40b4-a741-3de833b6f42c 200 in 49ms (next.js: 16ms, application-code: 33ms)
 POST /api/flows/63740586-7ea7-40b4-a741-3de833b6f42c/publish 201 in 55ms (next.js: 21ms, application-code: 34ms)
 POST /api/workspaces/bfbe1693-56e6-4236-83cc-ac77f5f86580/agents 201 in 50ms (next.js: 16ms, application-code: 34ms)
 POST /api/workspaces/bfbe1693-56e6-4236-83cc-ac77f5f86580/invites 201 in 61ms (next.js: 19ms, application-code: 43ms)
 POST /api/auth/sign-up/email 200 in 102ms (next.js: 16ms, application-code: 86ms)
 GET /api/test/outbox?email=vw-3fb2a808%40flowline-e2e.test 200 in 9ms (next.js: 3ms, application-code: 6ms)
 POST /api/email 200 in 23ms (next.js: 2ms, application-code: 20ms)
 POST /api/auth/sign-in/email 200 in 76ms (next.js: 2ms, application-code: 74ms)
 POST /api/invites/VnYPHljQVQhz-aNY0lKB6eisfC-milkMg_MXZyIcxmU 200 in 53ms (next.js: 18ms, application-code: 35ms)
(node:56552) MaxListenersExceededWarning: Possible EventEmitter memory leak detected. 11 unpipe listeners added to [SyncWriteStream]. MaxListeners is 10. Use emitter.setMaxListeners() to increase limit
(node:56552) MaxListenersExceededWarning: Possible EventEmitter memory leak detected. 11 error listeners added to [SyncWriteStream]. MaxListeners is 10. Use emitter.setMaxListeners() to increase limit
(node:56552) MaxListenersExceededWarning: Possible EventEmitter memory leak detected. 11 close listeners added to [SyncWriteStream]. MaxListeners is 10. Use emitter.setMaxListeners() to increase limit
(node:56552) MaxListenersExceededWarning: Possible EventEmitter memory leak detected. 11 finish listeners added to [SyncWriteStream]. MaxListeners is 10. Use emitter.setMaxListeners() to increase limit
(node:56552) MaxListenersExceededWarning: Possible EventEmitter memory leak detected. 11 unpipe listeners added to [SyncWriteStream]. MaxListeners is 10. Use emitter.setMaxListeners() to increase limit
(node:56552) MaxListenersExceededWarning: Possible EventEmitter memory leak detected. 11 error listeners added to [SyncWriteStream]. MaxListeners is 10. Use emitter.setMaxListeners() to increase limit
(node:56552) MaxListenersExceededWarning: Possible EventEmitter memory leak detected. 11 close listeners added to [SyncWriteStream]. MaxListeners is 10. Use emitter.setMaxListeners() to increase limit
(node:56552) MaxListenersExceededWarning: Possible EventEmitter memory leak detected. 11 finish listeners added to [SyncWriteStream]. MaxListeners is 10. Use emitter.setMaxListeners() to increase limit
 GET /w/e2e-ba0b5e/agents/7005ef7a-5fa4-4130-a0e9-5a912bd6b8c4 200 in 94ms (next.js: 20ms, application-code: 74ms)
 GET /api/health 200 in 8ms (next.js: 2ms, application-code: 6ms)
 GET /api/agents/7005ef7a-5fa4-4130-a0e9-5a912bd6b8c4 200 in 33ms (next.js: 16ms, application-code: 17ms)
 GET /api/agents/7005ef7a-5fa4-4130-a0e9-5a912bd6b8c4/runs 200 in 39ms (next.js: 18ms, application-code: 21ms)
 POST /api/agents/7005ef7a-5fa4-4130-a0e9-5a912bd6b8c4/runs 202 in 51ms (next.js: 3ms, application-code: 48ms)
2026-09-29T09:39:30.037Z [worker] agent run f3bcd974-3c31-4c9d-b6a5-bf5d3e9f27cf claimed
 GET /api/agent-runs/f3bcd974-3c31-4c9d-b6a5-bf5d3e9f27cf 200 in 48ms (next.js: 17ms, application-code: 30ms)
2026-09-29T09:39:30.109Z [worker] agent run f3bcd974-3c31-4c9d-b6a5-bf5d3e9f27cf waiting for approval
 GET /api/agent-runs/f3bcd974-3c31-4c9d-b6a5-bf5d3e9f27cf 200 in 41ms (next.js: 14ms, application-code: 27ms)
 GET /w/e2e-ba0b5e/flows 200 in 61ms (next.js: 15ms, application-code: 45ms)
 GET /api/health 200 in 9ms (next.js: 3ms, application-code: 6ms)
 GET /api/workspaces/bfbe1693-56e6-4236-83cc-ac77f5f86580/usage 200 in 67ms (next.js: 37ms, application-code: 30ms)
 GET /api/workspaces/bfbe1693-56e6-4236-83cc-ac77f5f86580/flows 200 in 69ms (next.js: 54ms, application-code: 15ms)
 GET /api/workspaces/bfbe1693-56e6-4236-83cc-ac77f5f86580/overview 200 in 78ms (next.js: 19ms, application-code: 59ms)
 GET /w/e2e-ba0b5e/agents/7005ef7a-5fa4-4130-a0e9-5a912bd6b8c4?tab=runs&run=f3bcd974-3c31-4c9d-b6a5-bf5d3e9f27cf 200 in 32ms (next.js: 17ms, application-code: 14ms)
 GET /api/agents/7005ef7a-5fa4-4130-a0e9-5a912bd6b8c4 200 in 36ms (next.js: 17ms, application-code: 20ms)
 GET /api/agents/7005ef7a-5fa4-4130-a0e9-5a912bd6b8c4/runs 200 in 34ms (next.js: 17ms, application-code: 18ms)
 GET /api/agent-runs/f3bcd974-3c31-4c9d-b6a5-bf5d3e9f27cf 200 in 50ms (next.js: 16ms, application-code: 33ms)
 GET /w/e2e-ba0b5e/agents/7005ef7a-5fa4-4130-a0e9-5a912bd6b8c4 200 in 63ms (next.js: 4ms, application-code: 59ms)
 GET /api/health 200 in 10ms (next.js: 4ms, application-code: 6ms)
 GET /api/agents/7005ef7a-5fa4-4130-a0e9-5a912bd6b8c4 200 in 23ms (next.js: 4ms, application-code: 19ms)
 GET /api/agents/7005ef7a-5fa4-4130-a0e9-5a912bd6b8c4/runs 200 in 16ms (next.js: 3ms, application-code: 13ms)
 GET /api/agent-runs/f3bcd974-3c31-4c9d-b6a5-bf5d3e9f27cf 200 in 24ms (next.js: 3ms, application-code: 21ms)
 POST /api/approvals/39c28d57-e21b-43e0-8281-967312f18f2f/decide 200 in 45ms (next.js: 16ms, application-code: 29ms)
2026-09-29T09:39:32.675Z [worker] agent run f3bcd974-3c31-4c9d-b6a5-bf5d3e9f27cf claimed
 GET /api/agents/7005ef7a-5fa4-4130-a0e9-5a912bd6b8c4/runs 200 in 18ms (next.js: 6ms, application-code: 12ms)
 GET /api/agent-runs/f3bcd974-3c31-4c9d-b6a5-bf5d3e9f27cf 200 in 22ms (next.js: 3ms, application-code: 20ms)
2026-09-29T09:39:32.733Z [worker] run 3e79d86b-8a4e-4ace-b9a8-c80825512a72 claimed
2026-09-29T09:39:32.766Z [worker] run 3e79d86b-8a4e-4ace-b9a8-c80825512a72 done
2026-09-29T09:39:33.277Z [worker] agent run f3bcd974-3c31-4c9d-b6a5-bf5d3e9f27cf succeeded
 GET /api/agent-runs/f3bcd974-3c31-4c9d-b6a5-bf5d3e9f27cf 200 in 40ms (next.js: 14ms, application-code: 27ms)
 GET /api/flows/63740586-7ea7-40b4-a741-3de833b6f42c/runs 200 in 36ms (next.js: 16ms, application-code: 20ms)
 POST /api/auth/sign-up/email 200 in 102ms (next.js: 16ms, application-code: 85ms)
 GET /api/test/outbox?email=e2e-ab8a820a%40flowline-e2e.test 200 in 8ms (next.js: 2ms, application-code: 6ms)
 POST /api/email 200 in 21ms (next.js: 2.0ms, application-code: 19ms)
 POST /api/auth/sign-in/email 200 in 71ms (next.js: 2ms, application-code: 69ms)
 POST /api/workspaces 201 in 25ms (next.js: 3ms, application-code: 22ms)
 POST /api/onboarding 200 in 27ms (next.js: 1.9ms, application-code: 25ms)
 GET /w/e2e-4541ee/knowledge 200 in 62ms (next.js: 16ms, application-code: 46ms)
 GET /api/health 200 in 9ms (next.js: 3ms, application-code: 6ms)
 GET /api/workspaces/131c4028-852b-4f44-849c-cb1d66fada78/knowledge 200 in 25ms (next.js: 14ms, application-code: 11ms)
 GET /api/workspaces/80d791af-4a1c-4f78-95fb-40824e18f455/overview 200 in 37ms (next.js: 15ms, application-code: 22ms)
 GET /sign-in 200 in 35ms (next.js: 2ms, application-code: 33ms)
 GET /api/health 200 in 7ms (next.js: 2ms, application-code: 4ms)
 GET /api/auth-config 200 in 10ms (next.js: 2ms, application-code: 8ms)
 GET /api/sso/start?workspace=no-such-workspace-xyz 307 in 12ms (next.js: 6ms, application-code: 6ms)
2026-09-29T09:39:42.002Z [worker] platform notifications sent 20
 GET /sign-in?sso_error=SSO%20isn%27t%20set%20up%20for%20that%20workspace 200 in 31ms (next.js: 3ms, application-code: 28ms)
 GET /sign-in 200 in 30ms (next.js: 2ms, application-code: 27ms)
 POST /sign-in 200 in 37ms (next.js: 3ms, application-code: 34ms)
 GET /api/auth-config 200 in 7ms (next.js: 2ms, application-code: 5ms)
 GET /api/workspaces/80d791af-4a1c-4f78-95fb-40824e18f455/overview 200 in 43ms (next.js: 15ms, application-code: 29ms)
 POST /api/auth/sign-up/email 200 in 91ms (next.js: 14ms, application-code: 76ms)
 GET /api/test/outbox?email=e2e-e41bc2af%40flowline-e2e.test 200 in 7ms (next.js: 1.8ms, application-code: 5ms)
 POST /api/email 200 in 18ms (next.js: 1.8ms, application-code: 16ms)
 POST /api/auth/sign-in/email 200 in 66ms (next.js: 2ms, application-code: 64ms)
 POST /api/workspaces 201 in 18ms (next.js: 2ms, application-code: 16ms)
 POST /api/onboarding 200 in 29ms (next.js: 1.8ms, application-code: 27ms)
 POST /api/workspaces/eb986a5f-7c2c-413d-adc5-ef29f4d70963/flows 201 in 28ms (next.js: 14ms, application-code: 14ms)
 GET /w/e2e-1dce4a/flows 200 in 61ms (next.js: 13ms, application-code: 47ms)
 GET /api/health 200 in 9ms (next.js: 2ms, application-code: 6ms)
 GET /api/workspaces/eb986a5f-7c2c-413d-adc5-ef29f4d70963/overview 200 in 45ms (next.js: 19ms, application-code: 26ms)
 GET /api/workspaces/eb986a5f-7c2c-413d-adc5-ef29f4d70963/usage 200 in 44ms (next.js: 35ms, application-code: 9ms)
 POST /api/auth/sign-up/email 200 in 86ms (next.js: 2ms, application-code: 84ms)
 GET /api/test/outbox?email=e2e-aa0ef8f1%40flowline-e2e.test 200 in 9ms (next.js: 3ms, application-code: 6ms)
 POST /api/email 200 in 26ms (next.js: 3ms, application-code: 23ms)
 POST /api/auth/sign-in/email 200 in 87ms (next.js: 14ms, application-code: 73ms)
 POST /api/workspaces 201 in 25ms (next.js: 4ms, application-code: 21ms)
 POST /api/onboarding 200 in 20ms (next.js: 1.9ms, application-code: 18ms)
 POST /api/workspaces/a7836702-a35e-4329-9c9b-3ef25c7d7bf9/flows 201 in 31ms (next.js: 3ms, application-code: 28ms)
 GET /w/e2e-6c9ebd/flows 200 in 67ms (next.js: 16ms, application-code: 51ms)
 GET /api/health 200 in 8ms (next.js: 2ms, application-code: 6ms)
 GET /api/workspaces/a7836702-a35e-4329-9c9b-3ef25c7d7bf9/usage 200 in 36ms (next.js: 3ms, application-code: 33ms)
 GET /api/workspaces/a7836702-a35e-4329-9c9b-3ef25c7d7bf9/flows 200 in 31ms (next.js: 17ms, application-code: 14ms)
 GET /api/workspaces/a7836702-a35e-4329-9c9b-3ef25c7d7bf9/overview 200 in 50ms (next.js: 3ms, application-code: 47ms)
 POST /api/auth/sign-up/email 200 in 88ms (next.js: 2ms, application-code: 86ms)
 GET /api/test/outbox?email=e2e-ae858b1c%40flowline-e2e.test 200 in 8ms (next.js: 2ms, application-code: 5ms)
 POST /api/email 200 in 22ms (next.js: 1.9ms, application-code: 20ms)
 POST /api/auth/sign-in/email 200 in 70ms (next.js: 3ms, application-code: 68ms)
 POST /api/workspaces 201 in 31ms (next.js: 1.8ms, application-code: 29ms)
 POST /api/onboarding 200 in 23ms (next.js: 2ms, application-code: 21ms)
 POST /api/workspaces/6d74fee4-b980-4a61-9be1-d5f30274a87f/flows 201 in 29ms (next.js: 2ms, application-code: 27ms)
 GET /w/e2e-9f0ebd/flows 200 in 66ms (next.js: 16ms, application-code: 50ms)
 GET /api/health 200 in 8ms (next.js: 2ms, application-code: 6ms)
 GET /api/workspaces/6d74fee4-b980-4a61-9be1-d5f30274a87f/overview 200 in 52ms (next.js: 16ms, application-code: 35ms)
 GET /api/workspaces/6d74fee4-b980-4a61-9be1-d5f30274a87f/usage 200 in 52ms (next.js: 34ms, application-code: 18ms)
 GET /api/workspaces/6d74fee4-b980-4a61-9be1-d5f30274a87f/flows 200 in 33ms (next.js: 20ms, application-code: 13ms)
 POST /api/auth/sign-up/email 200 in 101ms (next.js: 19ms, application-code: 82ms)
 GET /api/test/outbox?email=e2e-6b4a0db8%40flowline-e2e.test 200 in 9ms (next.js: 3ms, application-code: 6ms)
 POST /api/email 200 in 22ms (next.js: 1.9ms, application-code: 20ms)
 POST /api/auth/sign-in/email 200 in 70ms (next.js: 2ms, application-code: 68ms)
 POST /api/workspaces 201 in 30ms (next.js: 2ms, application-code: 27ms)
 POST /api/onboarding 200 in 23ms (next.js: 2ms, application-code: 21ms)
 POST /api/workspaces/a4eabe99-8210-4550-b2d1-64ac0697d642/flows 201 in 30ms (next.js: 15ms, application-code: 15ms)
 GET /w/e2e-1d49ec/flows 200 in 60ms (next.js: 16ms, application-code: 45ms)
 GET /api/health 200 in 12ms (next.js: 4ms, application-code: 8ms)
 GET /api/workspaces/a4eabe99-8210-4550-b2d1-64ac0697d642/flows 200 in 26ms (next.js: 12ms, application-code: 15ms)
 GET /api/workspaces/a4eabe99-8210-4550-b2d1-64ac0697d642/usage 200 in 27ms (next.js: 7ms, application-code: 20ms)
 GET /api/workspaces/a4eabe99-8210-4550-b2d1-64ac0697d642/overview 200 in 35ms (next.js: 3ms, application-code: 32ms)
 POST /api/auth/sign-up/email 200 in 89ms (next.js: 3ms, application-code: 87ms)
 GET /api/test/outbox?email=e2e-49e65287%40flowline-e2e.test 200 in 8ms (next.js: 2ms, application-code: 6ms)
 POST /api/email 200 in 25ms (next.js: 2ms, application-code: 23ms)
 POST /api/auth/sign-in/email 200 in 89ms (next.js: 18ms, application-code: 71ms)
 POST /api/workspaces 201 in 24ms (next.js: 1.9ms, application-code: 22ms)
 POST /api/onboarding 200 in 25ms (next.js: 3ms, application-code: 22ms)
 POST /api/workspaces/ad5b2499-bfd4-4d6e-b4e9-10d0f9ddc297/flows 201 in 30ms (next.js: 2ms, application-code: 28ms)
 GET /w/e2e-7d0773/flows 200 in 65ms (next.js: 16ms, application-code: 48ms)
 GET /api/health 200 in 7ms (next.js: 2ms, application-code: 5ms)
 GET /api/workspaces/ad5b2499-bfd4-4d6e-b4e9-10d0f9ddc297/usage 200 in 58ms (next.js: 33ms, application-code: 25ms)
 GET /api/workspaces/ad5b2499-bfd4-4d6e-b4e9-10d0f9ddc297/flows 200 in 58ms (next.js: 50ms, application-code: 8ms)
 GET /api/workspaces/ad5b2499-bfd4-4d6e-b4e9-10d0f9ddc297/overview 200 in 59ms (next.js: 17ms, application-code: 42ms)
 POST /api/auth/sign-up/email 200 in 89ms (next.js: 3ms, application-code: 86ms)
 GET /api/test/outbox?email=e2e-62005855%40flowline-e2e.test 200 in 8ms (next.js: 3ms, application-code: 6ms)
 POST /api/email 200 in 22ms (next.js: 2ms, application-code: 20ms)
 POST /api/auth/sign-in/email 200 in 72ms (next.js: 2ms, application-code: 70ms)
 POST /api/workspaces 201 in 30ms (next.js: 2ms, application-code: 28ms)
 POST /api/onboarding 200 in 24ms (next.js: 2ms, application-code: 22ms)
 POST /api/workspaces/0c466c9b-ca7f-4569-bba0-e9f43a04d74e/flows 201 in 30ms (next.js: 2ms, application-code: 28ms)
 GET /w/e2e-85e335/flows 200 in 59ms (next.js: 15ms, application-code: 44ms)
 GET /api/health 200 in 8ms (next.js: 3ms, application-code: 5ms)
 GET /api/workspaces/0c466c9b-ca7f-4569-bba0-e9f43a04d74e/usage 200 in 28ms (next.js: 7ms, application-code: 22ms)
 GET /api/workspaces/0c466c9b-ca7f-4569-bba0-e9f43a04d74e/flows 200 in 20ms (next.js: 3ms, application-code: 16ms)
 GET /api/workspaces/0c466c9b-ca7f-4569-bba0-e9f43a04d74e/overview 200 in 40ms (next.js: 3ms, application-code: 37ms)
 POST /api/auth/sign-up/email 200 in 98ms (next.js: 17ms, application-code: 81ms)
 GET /api/test/outbox?email=e2e-917afd04%40flowline-e2e.test 200 in 8ms (next.js: 2ms, application-code: 6ms)
 POST /api/email 200 in 19ms (next.js: 1.9ms, application-code: 17ms)
 POST /api/auth/sign-in/email 200 in 70ms (next.js: 1.9ms, application-code: 68ms)
 POST /api/workspaces 201 in 17ms (next.js: 1.9ms, application-code: 15ms)
 POST /api/onboarding 200 in 27ms (next.js: 1.8ms, application-code: 26ms)
 POST /api/workspaces/c5454a1f-8760-44b6-8411-0c12642b2878/flows 201 in 32ms (next.js: 14ms, application-code: 18ms)
 GET /w/e2e-b52d7c/flows 200 in 66ms (next.js: 16ms, application-code: 49ms)
 GET /api/health 200 in 8ms (next.js: 2ms, application-code: 5ms)
 GET /api/workspaces/c5454a1f-8760-44b6-8411-0c12642b2878/flows 200 in 25ms (next.js: 20ms, application-code: 6ms)
 GET /api/workspaces/c5454a1f-8760-44b6-8411-0c12642b2878/overview 200 in 45ms (next.js: 17ms, application-code: 28ms)
 GET /api/workspaces/c5454a1f-8760-44b6-8411-0c12642b2878/usage 200 in 26ms (next.js: 16ms, application-code: 10ms)
 POST /api/auth/sign-up/email 200 in 85ms (next.js: 3ms, application-code: 83ms)
 GET /api/test/outbox?email=e2e-fb61b72b%40flowline-e2e.test 200 in 8ms (next.js: 2ms, application-code: 5ms)
 POST /api/email 200 in 22ms (next.js: 2ms, application-code: 20ms)
 POST /api/auth/sign-in/email 200 in 85ms (next.js: 16ms, application-code: 69ms)
 POST /api/workspaces 201 in 30ms (next.js: 2.0ms, application-code: 28ms)
 POST /api/onboarding 200 in 22ms (next.js: 2ms, application-code: 20ms)
 POST /api/workspaces/7b31fcf0-3624-4010-9828-f41b5c1f2cb9/flows 201 in 33ms (next.js: 2ms, application-code: 31ms)
 GET /w/e2e-7888c8/flows/22b15d17-6600-417b-a0ee-3c7cd3bd5483 200 in 68ms (next.js: 15ms, application-code: 53ms)
 GET /api/health 200 in 8ms (next.js: 3ms, application-code: 5ms)
 GET /api/flows/22b15d17-6600-417b-a0ee-3c7cd3bd5483 200 in 43ms (next.js: 16ms, application-code: 27ms)
 GET /api/flows/22b15d17-6600-417b-a0ee-3c7cd3bd5483/publish 200 in 58ms (next.js: 17ms, application-code: 41ms)
 GET /api/flows/22b15d17-6600-417b-a0ee-3c7cd3bd5483/runs 200 in 39ms (next.js: 20ms, application-code: 20ms)
 GET /w/e2e-7888c8/flows/22b15d17-6600-417b-a0ee-3c7cd3bd5483 200 in 57ms (next.js: 5ms, application-code: 52ms)
 GET /api/health 200 in 6ms (next.js: 2ms, application-code: 4ms)
 GET /api/flows/22b15d17-6600-417b-a0ee-3c7cd3bd5483 200 in 19ms (next.js: 2ms, application-code: 17ms)
 GET /api/flows/22b15d17-6600-417b-a0ee-3c7cd3bd5483/publish 200 in 19ms (next.js: 2ms, application-code: 17ms)
 GET /api/flows/22b15d17-6600-417b-a0ee-3c7cd3bd5483/runs 200 in 14ms (next.js: 3ms, application-code: 11ms)
 GET /w/e2e-7888c8/flows/22b15d17-6600-417b-a0ee-3c7cd3bd5483 200 in 73ms (next.js: 18ms, application-code: 55ms)
 GET /api/health 200 in 13ms (next.js: 2ms, application-code: 11ms)
 GET /api/health 200 in 8ms (next.js: 3ms, application-code: 5ms)
 GET /api/flows/22b15d17-6600-417b-a0ee-3c7cd3bd5483 200 in 31ms (next.js: 15ms, application-code: 16ms)
 GET /api/flows/22b15d17-6600-417b-a0ee-3c7cd3bd5483/publish 200 in 71ms (next.js: 18ms, application-code: 53ms)
 GET /api/workspaces/80d791af-4a1c-4f78-95fb-40824e18f455/usage 200 in 50ms (next.js: 16ms, application-code: 34ms)
 GET /api/flows/22b15d17-6600-417b-a0ee-3c7cd3bd5483/runs 200 in 35ms (next.js: 17ms, application-code: 18ms)
 GET /api/workspaces/80d791af-4a1c-4f78-95fb-40824e18f455/overview 200 in 45ms (next.js: 17ms, application-code: 27ms)
 POST /api/auth/sign-up/email 200 in 103ms (next.js: 18ms, application-code: 84ms)
 GET /api/test/outbox?email=e2e-c61662a2%40flowline-e2e.test 200 in 9ms (next.js: 3ms, application-code: 6ms)
 POST /api/email 200 in 20ms (next.js: 2ms, application-code: 18ms)
 POST /api/auth/sign-in/email 200 in 73ms (next.js: 2ms, application-code: 71ms)
 POST /api/workspaces 201 in 27ms (next.js: 3ms, application-code: 24ms)
 POST /api/onboarding 200 in 23ms (next.js: 1.9ms, application-code: 21ms)
 POST /api/workspaces/533d6450-44e8-45a2-ac7a-654205993acd/flows 201 in 46ms (next.js: 15ms, application-code: 32ms)
 GET /w/e2e-b46ae3/flows/f75c2ec7-8c3b-4a57-994a-f547dcb8cacb 200 in 71ms (next.js: 18ms, application-code: 53ms)
 GET /api/health 200 in 11ms (next.js: 3ms, application-code: 8ms)
 GET /api/flows/f75c2ec7-8c3b-4a57-994a-f547dcb8cacb 200 in 34ms (next.js: 20ms, application-code: 13ms)
 GET /api/flows/f75c2ec7-8c3b-4a57-994a-f547dcb8cacb/publish 200 in 53ms (next.js: 17ms, application-code: 36ms)
 GET /api/flows/f75c2ec7-8c3b-4a57-994a-f547dcb8cacb/runs 200 in 32ms (next.js: 17ms, application-code: 15ms)
 GET /api/flows/f75c2ec7-8c3b-4a57-994a-f547dcb8cacb 200 in 19ms (next.js: 2ms, application-code: 17ms)
 POST /api/flows/f75c2ec7-8c3b-4a57-994a-f547dcb8cacb/runs 202 in 71ms (next.js: 2ms, application-code: 69ms)
2026-09-29T09:39:58.616Z [worker] run c5c055af-5617-4104-a681-6d1c898cf60f claimed
 GET /api/flows/f75c2ec7-8c3b-4a57-994a-f547dcb8cacb/runs 200 in 36ms (next.js: 3ms, application-code: 33ms)
 GET /api/runs/c5c055af-5617-4104-a681-6d1c898cf60f 200 in 37ms (next.js: 15ms, application-code: 22ms)
2026-09-29T09:39:58.673Z [worker] run c5c055af-5617-4104-a681-6d1c898cf60f done
 POST /api/auth/sign-up/email 200 in 94ms (next.js: 14ms, application-code: 80ms)
 GET /api/test/outbox?email=e2e-65849aae%40flowline-e2e.test 200 in 8ms (next.js: 1.8ms, application-code: 6ms)
 POST /api/email 200 in 18ms (next.js: 1.8ms, application-code: 17ms)
 POST /api/auth/sign-in/email 200 in 69ms (next.js: 1.9ms, application-code: 67ms)
 POST /api/workspaces 201 in 33ms (next.js: 2ms, application-code: 31ms)
 POST /api/onboarding 200 in 28ms (next.js: 2ms, application-code: 25ms)
 POST /api/workspaces/1f8775c4-d125-48d8-ac8f-7d14a03ea67c/flows 201 in 29ms (next.js: 15ms, application-code: 14ms)
 POST /api/flows/404fb3bc-9edd-43f7-8446-d074a33f7ea7/runs 202 in 69ms (next.js: 16ms, application-code: 53ms)
2026-09-29T09:39:59.627Z [worker] run c6313067-6c8c-441d-be4e-47f665140eca claimed
 GET /api/runs/c6313067-6c8c-441d-be4e-47f665140eca 200 in 33ms (next.js: 14ms, application-code: 19ms)
2026-09-29T09:39:59.674Z [worker] run c6313067-6c8c-441d-be4e-47f665140eca done
 GET /api/runs/c6313067-6c8c-441d-be4e-47f665140eca 200 in 27ms (next.js: 2ms, application-code: 25ms)
 POST /api/workspaces/1f8775c4-d125-48d8-ac8f-7d14a03ea67c/flows 201 in 21ms (next.js: 3ms, application-code: 18ms)
 GET /api/flows/ca06dd01-99a8-4fa4-9220-9fce2641cfa2 200 in 43ms (next.js: 16ms, application-code: 27ms)
 PUT /api/flows/ca06dd01-99a8-4fa4-9220-9fce2641cfa2 200 in 32ms (next.js: 1.9ms, application-code: 30ms)
 POST /api/flows/ca06dd01-99a8-4fa4-9220-9fce2641cfa2/runs 202 in 49ms (next.js: 2.0ms, application-code: 47ms)
2026-09-29T09:39:59.971Z [worker] run d5fb902c-7d63-48cc-8272-6e308d012a5c claimed
 GET /api/runs/d5fb902c-7d63-48cc-8272-6e308d012a5c 200 in 19ms (next.js: 2.0ms, application-code: 17ms)
2026-09-29T09:40:00.014Z [worker] run d5fb902c-7d63-48cc-8272-6e308d012a5c done
 GET /api/runs/d5fb902c-7d63-48cc-8272-6e308d012a5c 200 in 28ms (next.js: 2ms, application-code: 25ms)
 GET /w/acme-workspace-16/flows 200 in 70ms (next.js: 17ms, application-code: 53ms)
 GET /api/health 200 in 9ms (next.js: 2ms, application-code: 6ms)
 GET /api/workspaces/1f8775c4-d125-48d8-ac8f-7d14a03ea67c/usage 200 in 70ms (next.js: 38ms, application-code: 32ms)
 GET /api/workspaces/1f8775c4-d125-48d8-ac8f-7d14a03ea67c/flows 200 in 51ms (next.js: 35ms, application-code: 15ms)
 GET /api/workspaces/1f8775c4-d125-48d8-ac8f-7d14a03ea67c/overview 200 in 79ms (next.js: 20ms, application-code: 59ms)
 GET /w/acme-workspace-16/flows/404fb3bc-9edd-43f7-8446-d074a33f7ea7 200 in 67ms (next.js: 16ms, application-code: 51ms)
 GET /api/health 200 in 10ms (next.js: 4ms, application-code: 6ms)
 GET /api/flows/404fb3bc-9edd-43f7-8446-d074a33f7ea7 200 in 35ms (next.js: 17ms, application-code: 18ms)
 GET /api/flows/404fb3bc-9edd-43f7-8446-d074a33f7ea7/publish 200 in 53ms (next.js: 16ms, application-code: 36ms)
 GET /api/flows/404fb3bc-9edd-43f7-8446-d074a33f7ea7/runs 200 in 36ms (next.js: 16ms, application-code: 20ms)
 GET /api/runs/c6313067-6c8c-441d-be4e-47f665140eca 200 in 59ms (next.js: 17ms, application-code: 42ms)
 GET /w/acme-workspace-16/runs?run=d5fb902c-7d63-48cc-8272-6e308d012a5c 200 in 75ms (next.js: 23ms, application-code: 53ms)
 GET /api/health 200 in 17ms (next.js: 3ms, application-code: 15ms)
 GET /api/workspaces/1f8775c4-d125-48d8-ac8f-7d14a03ea67c/runs?limit=25 200 in 37ms (next.js: 19ms, application-code: 18ms)
 GET /api/runs/d5fb902c-7d63-48cc-8272-6e308d012a5c 200 in 45ms (next.js: 23ms, application-code: 23ms)
 GET /w/acme-workspace-16/integrations 200 in 64ms (next.js: 17ms, application-code: 47ms)
 GET /api/health 200 in 8ms (next.js: 2ms, application-code: 6ms)
 GET /api/workspaces/1f8775c4-d125-48d8-ac8f-7d14a03ea67c/connections 200 in 30ms (next.js: 17ms, application-code: 13ms)
 GET /api/integrations/catalog?workspaceId=1f8775c4-d125-48d8-ac8f-7d14a03ea67c 200 in 165ms (next.js: 3ms, application-code: 162ms)
 GET /w/acme-workspace-16/templates 200 in 72ms (next.js: 18ms, application-code: 54ms)
 GET /api/health 200 in 8ms (next.js: 3ms, application-code: 5ms)
 GET /api/workspaces/1f8775c4-d125-48d8-ac8f-7d14a03ea67c/connections 200 in 28ms (next.js: 18ms, application-code: 11ms)
 GET /api/workspaces/1f8775c4-d125-48d8-ac8f-7d14a03ea67c/ai 200 in 32ms (next.js: 14ms, application-code: 17ms)
 GET /w/acme-workspace-16/settings 200 in 68ms (next.js: 15ms, application-code: 52ms)
 GET /api/health 200 in 8ms (next.js: 2ms, application-code: 5ms)
 GET /api/workspaces/1f8775c4-d125-48d8-ac8f-7d14a03ea67c/members 200 in 45ms (next.js: 17ms, application-code: 28ms)
 GET /api/workspaces/1f8775c4-d125-48d8-ac8f-7d14a03ea67c/invites 200 in 46ms (next.js: 32ms, application-code: 14ms)
 GET /w/acme-workspace-16/flows 200 in 63ms (next.js: 15ms, application-code: 49ms)
 GET /api/health 200 in 9ms (next.js: 3ms, application-code: 6ms)
 GET /api/workspaces/1f8775c4-d125-48d8-ac8f-7d14a03ea67c/flows 200 in 51ms (next.js: 35ms, application-code: 16ms)
 GET /api/workspaces/1f8775c4-d125-48d8-ac8f-7d14a03ea67c/usage 200 in 53ms (next.js: 17ms, application-code: 36ms)
 GET /api/workspaces/1f8775c4-d125-48d8-ac8f-7d14a03ea67c/overview 200 in 84ms (next.js: 19ms, application-code: 65ms)
 GET /w/acme-workspace-16/flows/404fb3bc-9edd-43f7-8446-d074a33f7ea7 200 in 68ms (next.js: 18ms, application-code: 51ms)
 GET /api/health 200 in 9ms (next.js: 3ms, application-code: 6ms)
 GET /api/flows/404fb3bc-9edd-43f7-8446-d074a33f7ea7 200 in 38ms (next.js: 17ms, application-code: 21ms)
 GET /api/flows/404fb3bc-9edd-43f7-8446-d074a33f7ea7/publish 200 in 58ms (next.js: 19ms, application-code: 38ms)
 GET /api/flows/404fb3bc-9edd-43f7-8446-d074a33f7ea7/runs 200 in 39ms (next.js: 20ms, application-code: 19ms)
 GET /api/runs/c6313067-6c8c-441d-be4e-47f665140eca 200 in 49ms (next.js: 18ms, application-code: 31ms)
 GET /w/acme-workspace-16/runs?run=d5fb902c-7d63-48cc-8272-6e308d012a5c 200 in 77ms (next.js: 18ms, application-code: 60ms)
 GET /api/health 200 in 8ms (next.js: 2ms, application-code: 6ms)
 GET /api/workspaces/1f8775c4-d125-48d8-ac8f-7d14a03ea67c/runs?limit=25 200 in 34ms (next.js: 17ms, application-code: 17ms)
 GET /api/runs/d5fb902c-7d63-48cc-8272-6e308d012a5c 200 in 23ms (next.js: 2ms, application-code: 21ms)
 GET /w/acme-workspace-16/integrations 200 in 64ms (next.js: 16ms, application-code: 47ms)
 GET /api/health 200 in 7ms (next.js: 2.0ms, application-code: 5ms)
 GET /api/workspaces/1f8775c4-d125-48d8-ac8f-7d14a03ea67c/connections 200 in 29ms (next.js: 15ms, application-code: 14ms)
 GET /api/integrations/catalog?workspaceId=1f8775c4-d125-48d8-ac8f-7d14a03ea67c 200 in 41ms (next.js: 3ms, application-code: 38ms)
 GET /api/workspaces/80d791af-4a1c-4f78-95fb-40824e18f455/overview 200 in 51ms (next.js: 16ms, application-code: 35ms)
 GET /w/acme-workspace-16/templates 200 in 74ms (next.js: 15ms, application-code: 58ms)
 GET /api/health 200 in 9ms (next.js: 3ms, application-code: 6ms)
 GET /api/workspaces/1f8775c4-d125-48d8-ac8f-7d14a03ea67c/connections 200 in 41ms (next.js: 20ms, application-code: 21ms)
 GET /api/workspaces/1f8775c4-d125-48d8-ac8f-7d14a03ea67c/ai 200 in 45ms (next.js: 16ms, application-code: 29ms)
 GET /w/acme-workspace-16/settings 200 in 64ms (next.js: 16ms, application-code: 48ms)
 GET /api/health 200 in 7ms (next.js: 3ms, application-code: 5ms)
 GET /api/workspaces/1f8775c4-d125-48d8-ac8f-7d14a03ea67c/members 200 in 46ms (next.js: 17ms, application-code: 29ms)
 GET /api/workspaces/1f8775c4-d125-48d8-ac8f-7d14a03ea67c/invites 200 in 27ms (next.js: 16ms, application-code: 12ms)
 GET /w/acme-workspace-16/flows 200 in 64ms (next.js: 15ms, application-code: 49ms)
 GET /api/health 200 in 7ms (next.js: 2ms, application-code: 5ms)
 GET /api/workspaces/1f8775c4-d125-48d8-ac8f-7d14a03ea67c/flows 200 in 51ms (next.js: 36ms, application-code: 15ms)
 GET /api/workspaces/1f8775c4-d125-48d8-ac8f-7d14a03ea67c/usage 200 in 73ms (next.js: 38ms, application-code: 35ms)
 GET /api/workspaces/1f8775c4-d125-48d8-ac8f-7d14a03ea67c/overview 200 in 83ms (next.js: 19ms, application-code: 64ms)
 GET /w/acme-workspace-16/flows/404fb3bc-9edd-43f7-8446-d074a33f7ea7 200 in 69ms (next.js: 18ms, application-code: 52ms)
 GET /api/health 200 in 8ms (next.js: 3ms, application-code: 5ms)
 GET /api/flows/404fb3bc-9edd-43f7-8446-d074a33f7ea7 200 in 36ms (next.js: 17ms, application-code: 20ms)
 GET /api/flows/404fb3bc-9edd-43f7-8446-d074a33f7ea7/publish 200 in 53ms (next.js: 17ms, application-code: 36ms)
 GET /api/flows/404fb3bc-9edd-43f7-8446-d074a33f7ea7/runs 200 in 34ms (next.js: 18ms, application-code: 16ms)
 GET /api/runs/c6313067-6c8c-441d-be4e-47f665140eca 200 in 46ms (next.js: 17ms, application-code: 28ms)
 GET /w/acme-workspace-16/runs?run=d5fb902c-7d63-48cc-8272-6e308d012a5c 200 in 68ms (next.js: 17ms, application-code: 51ms)
 GET /api/health 200 in 8ms (next.js: 2ms, application-code: 6ms)
 GET /api/workspaces/1f8775c4-d125-48d8-ac8f-7d14a03ea67c/runs?limit=25 200 in 35ms (next.js: 17ms, application-code: 18ms)
 GET /api/runs/d5fb902c-7d63-48cc-8272-6e308d012a5c 200 in 23ms (next.js: 2ms, application-code: 21ms)
 GET /w/acme-workspace-16/integrations 200 in 72ms (next.js: 20ms, application-code: 52ms)
 GET /api/health 200 in 8ms (next.js: 3ms, application-code: 5ms)
 GET /api/workspaces/1f8775c4-d125-48d8-ac8f-7d14a03ea67c/connections 200 in 30ms (next.js: 16ms, application-code: 14ms)
 GET /api/integrations/catalog?workspaceId=1f8775c4-d125-48d8-ac8f-7d14a03ea67c 200 in 43ms (next.js: 3ms, application-code: 40ms)
 GET /w/acme-workspace-16/templates 200 in 80ms (next.js: 16ms, application-code: 65ms)
 GET /api/health 200 in 7ms (next.js: 2ms, application-code: 5ms)
 GET /api/workspaces/1f8775c4-d125-48d8-ac8f-7d14a03ea67c/connections 200 in 35ms (next.js: 21ms, application-code: 14ms)
 GET /api/workspaces/1f8775c4-d125-48d8-ac8f-7d14a03ea67c/ai 200 in 38ms (next.js: 17ms, application-code: 21ms)
 GET /w/acme-workspace-16/settings 200 in 70ms (next.js: 18ms, application-code: 53ms)
 GET /api/health 200 in 9ms (next.js: 3ms, application-code: 7ms)
 GET /api/workspaces/1f8775c4-d125-48d8-ac8f-7d14a03ea67c/members 200 in 46ms (next.js: 17ms, application-code: 29ms)
 GET /api/workspaces/1f8775c4-d125-48d8-ac8f-7d14a03ea67c/invites 200 in 28ms (next.js: 16ms, application-code: 11ms)
 GET /api/health 200 in 7ms (next.js: 3ms, application-code: 4ms)
 GET / 200 in 45ms (next.js: 3ms, application-code: 42ms)
 GET /sign-up 200 in 29ms (next.js: 3ms, application-code: 27ms)
 GET /api/auth-config 200 in 8ms (next.js: 2ms, application-code: 5ms)
 GET / 200 in 49ms (next.js: 3ms, application-code: 46ms)
 GET /sign-up 200 in 29ms (next.js: 3ms, application-code: 27ms)
 GET /api/auth-config 200 in 8ms (next.js: 3ms, application-code: 5ms)
 GET / 200 in 44ms (next.js: 2ms, application-code: 42ms)
 GET /sign-up 200 in 31ms (next.js: 3ms, application-code: 27ms)
 GET /api/auth-config 200 in 7ms (next.js: 2ms, application-code: 5ms)
 POST /api/auth/sign-up/email 200 in 92ms (next.js: 15ms, application-code: 77ms)
 GET /api/test/outbox?email=onb-4ac84011%40flowline-e2e.test 200 in 8ms (next.js: 2.0ms, application-code: 6ms)
 POST /api/email 200 in 19ms (next.js: 1.9ms, application-code: 17ms)
 POST /api/auth/sign-in/email 200 in 68ms (next.js: 2ms, application-code: 66ms)
 GET /onboarding 200 in 47ms (next.js: 3ms, application-code: 43ms)
 POST /api/workspaces 201 in 34ms (next.js: 3ms, application-code: 31ms)
 GET /w/acme-workspace-16/flows/404fb3bc-9edd-43f7-8446-d074a33f7ea7 200 in 64ms (next.js: 17ms, application-code: 47ms)
 GET /api/health 200 in 9ms (next.js: 3ms, application-code: 6ms)
 GET /api/workspaces/80d791af-4a1c-4f78-95fb-40824e18f455/overview 200 in 46ms (next.js: 15ms, application-code: 32ms)
 GET /api/flows/404fb3bc-9edd-43f7-8446-d074a33f7ea7 200 in 38ms (next.js: 15ms, application-code: 22ms)
 GET /api/flows/404fb3bc-9edd-43f7-8446-d074a33f7ea7/runs 200 in 22ms (next.js: 17ms, application-code: 5ms)
 GET /api/flows/404fb3bc-9edd-43f7-8446-d074a33f7ea7/publish 200 in 39ms (next.js: 15ms, application-code: 24ms)
 POST /api/test/faults 200 in 12ms (next.js: 3ms, application-code: 10ms)
 GET /w/acme-workspace-16/flows/404fb3bc-9edd-43f7-8446-d074a33f7ea7 200 in 70ms (next.js: 17ms, application-code: 53ms)
 GET /api/health 200 in 7ms (next.js: 3ms, application-code: 4ms)
 GET /api/flows/404fb3bc-9edd-43f7-8446-d074a33f7ea7 500 in 13ms (next.js: 2ms, application-code: 11ms)
 GET /api/flows/404fb3bc-9edd-43f7-8446-d074a33f7ea7 500 in 25ms (next.js: 15ms, application-code: 10ms)
 GET /api/flows/404fb3bc-9edd-43f7-8446-d074a33f7ea7 500 in 26ms (next.js: 17ms, application-code: 10ms)
 GET /api/flows/404fb3bc-9edd-43f7-8446-d074a33f7ea7 500 in 37ms (next.js: 16ms, application-code: 20ms)
 GET /api/health 200 in 6ms (next.js: 2ms, application-code: 4ms)
 GET /api/workspaces/80d791af-4a1c-4f78-95fb-40824e18f455/usage 200 in 37ms (next.js: 14ms, application-code: 22ms)
 GET /api/workspaces/80d791af-4a1c-4f78-95fb-40824e18f455/overview 200 in 47ms (next.js: 14ms, application-code: 32ms)
 POST /api/test/faults 200 in 17ms (next.js: 1.9ms, application-code: 15ms)
 GET /w/acme-workspace-16/flows/404fb3bc-9edd-43f7-8446-d074a33f7ea7 200 in 69ms (next.js: 16ms, application-code: 52ms)
 GET /api/health 200 in 7ms (next.js: 2ms, application-code: 5ms)
 GET /api/flows/404fb3bc-9edd-43f7-8446-d074a33f7ea7 200 in 28ms (next.js: 15ms, application-code: 13ms)
 GET /api/flows/404fb3bc-9edd-43f7-8446-d074a33f7ea7/publish 200 in 53ms (next.js: 15ms, application-code: 37ms)
 GET /api/flows/404fb3bc-9edd-43f7-8446-d074a33f7ea7/runs 200 in 36ms (next.js: 18ms, application-code: 17ms)
 GET /api/runs/c6313067-6c8c-441d-be4e-47f665140eca 200 in 42ms (next.js: 17ms, application-code: 25ms)
 PUT /api/flows/404fb3bc-9edd-43f7-8446-d074a33f7ea7 200 in 23ms (next.js: 3ms, application-code: 20ms)
 POST /api/auth/sign-up/email 200 in 107ms (next.js: 18ms, application-code: 89ms)
 GET /api/test/outbox?email=e2e-cf604d4e%40flowline-e2e.test 200 in 9ms (next.js: 3ms, application-code: 7ms)
 POST /api/email 200 in 24ms (next.js: 3ms, application-code: 22ms)
 POST /api/auth/sign-in/email 200 in 80ms (next.js: 3ms, application-code: 77ms)
 POST /api/workspaces 201 in 18ms (next.js: 2ms, application-code: 16ms)
 POST /api/onboarding 200 in 18ms (next.js: 1.9ms, application-code: 16ms)
 POST /api/workspaces/2ade374c-2bf9-4de1-bf3b-dac7dabe0897/flows 201 in 34ms (next.js: 16ms, application-code: 18ms)
 GET /w/e2e-854c33/flows/6ff008a3-4f0e-4b15-80b4-abf6eee76817 200 in 66ms (next.js: 16ms, application-code: 49ms)
 GET /api/health 200 in 7ms (next.js: 3ms, application-code: 5ms)
 GET /api/flows/6ff008a3-4f0e-4b15-80b4-abf6eee76817 200 in 36ms (next.js: 17ms, application-code: 19ms)
 GET /api/flows/6ff008a3-4f0e-4b15-80b4-abf6eee76817/publish 200 in 55ms (next.js: 16ms, application-code: 39ms)
 GET /api/flows/6ff008a3-4f0e-4b15-80b4-abf6eee76817/runs 200 in 34ms (next.js: 17ms, application-code: 17ms)
 GET /w/e2e-854c33/runs?q=zzz-no-match 200 in 62ms (next.js: 15ms, application-code: 47ms)
 GET /api/health 200 in 7ms (next.js: 2ms, application-code: 5ms)
 GET /api/workspaces/2ade374c-2bf9-4de1-bf3b-dac7dabe0897/runs?limit=25&q=zzz-no-match 200 in 34ms (next.js: 18ms, application-code: 16ms)
 POST /api/auth/sign-up/email 200 in 98ms (next.js: 14ms, application-code: 84ms)
 GET /api/test/outbox?email=e2e-9b4ba6ae%40flowline-e2e.test 200 in 8ms (next.js: 2ms, application-code: 5ms)
 POST /api/email 200 in 20ms (next.js: 1.9ms, application-code: 18ms)
 POST /api/auth/sign-in/email 200 in 71ms (next.js: 1.9ms, application-code: 69ms)
 POST /api/workspaces 201 in 46ms (next.js: 2ms, application-code: 44ms)
 POST /api/onboarding 200 in 23ms (next.js: 2ms, application-code: 21ms)
 POST /api/workspaces/1561e15c-271f-42bd-92e8-ee1e04f445a5/flows 201 in 31ms (next.js: 15ms, application-code: 16ms)
 GET /w/acme-workspace-17/agents 200 in 61ms (next.js: 15ms, application-code: 46ms)
 GET /api/health 200 in 9ms (next.js: 3ms, application-code: 6ms)
 GET /api/workspaces/1561e15c-271f-42bd-92e8-ee1e04f445a5/agents 200 in 38ms (next.js: 16ms, application-code: 22ms)
 GET /w/acme-workspace-17/knowledge 200 in 61ms (next.js: 15ms, application-code: 46ms)
 GET /api/health 200 in 8ms (next.js: 2ms, application-code: 5ms)
 GET /api/workspaces/1561e15c-271f-42bd-92e8-ee1e04f445a5/knowledge 200 in 43ms (next.js: 17ms, application-code: 26ms)
 GET /w/acme-workspace-17/agents 200 in 65ms (next.js: 17ms, application-code: 49ms)
 GET /api/health 200 in 8ms (next.js: 2ms, application-code: 6ms)
 GET /api/workspaces/1561e15c-271f-42bd-92e8-ee1e04f445a5/agents 200 in 37ms (next.js: 16ms, application-code: 21ms)
 GET /w/acme-workspace-17/knowledge 200 in 60ms (next.js: 15ms, application-code: 45ms)
 GET /api/health 200 in 8ms (next.js: 3ms, application-code: 5ms)
 GET /api/workspaces/1561e15c-271f-42bd-92e8-ee1e04f445a5/knowledge 200 in 36ms (next.js: 17ms, application-code: 20ms)
 GET /w/acme-workspace-17/agents 200 in 67ms (next.js: 15ms, application-code: 52ms)
 GET /api/health 200 in 7ms (next.js: 2ms, application-code: 5ms)
 GET /api/workspaces/1561e15c-271f-42bd-92e8-ee1e04f445a5/agents 200 in 29ms (next.js: 15ms, application-code: 15ms)
 GET /w/acme-workspace-17/knowledge 200 in 66ms (next.js: 16ms, application-code: 51ms)
 GET /api/health 200 in 8ms (next.js: 3ms, application-code: 5ms)
 GET /api/workspaces/1561e15c-271f-42bd-92e8-ee1e04f445a5/knowledge 200 in 39ms (next.js: 17ms, application-code: 22ms)
 POST /api/workspaces/1561e15c-271f-42bd-92e8-ee1e04f445a5/ai/connections 201 in 78ms (next.js: 17ms, application-code: 61ms)
 PUT /api/workspaces/1561e15c-271f-42bd-92e8-ee1e04f445a5/ai/default-route 200 in 42ms (next.js: 16ms, application-code: 26ms)
 PUT /api/workspaces/1561e15c-271f-42bd-92e8-ee1e04f445a5/ai/policy 200 in 45ms (next.js: 14ms, application-code: 31ms)
 POST /api/workspaces/1561e15c-271f-42bd-92e8-ee1e04f445a5/knowledge 201 in 31ms (next.js: 3ms, application-code: 27ms)
2026-09-29T09:40:33.954Z [worker] knowledge source indexed
 GET /api/workspaces/1561e15c-271f-42bd-92e8-ee1e04f445a5/knowledge 200 in 16ms (next.js: 3ms, application-code: 14ms)
 GET /api/workspaces/1561e15c-271f-42bd-92e8-ee1e04f445a5/knowledge 200 in 27ms (next.js: 3ms, application-code: 25ms)
 POST /api/workspaces/1561e15c-271f-42bd-92e8-ee1e04f445a5/agents 201 in 55ms (next.js: 19ms, application-code: 36ms)
 POST /api/workspaces/1561e15c-271f-42bd-92e8-ee1e04f445a5/invites 201 in 45ms (next.js: 17ms, application-code: 28ms)
 POST /api/workspaces/1561e15c-271f-42bd-92e8-ee1e04f445a5/api-keys 201 in 46ms (next.js: 16ms, application-code: 30ms)
 GET /w/acme-workspace-17/knowledge 200 in 73ms (next.js: 17ms, application-code: 56ms)
 GET /api/health 200 in 9ms (next.js: 3ms, application-code: 6ms)
 GET /api/workspaces/1561e15c-271f-42bd-92e8-ee1e04f445a5/knowledge 200 in 36ms (next.js: 20ms, application-code: 16ms)
 GET /w/acme-workspace-17/agents/8194cc9a-f345-4fce-bba4-c9d2ca0e3e06 200 in 69ms (next.js: 18ms, application-code: 51ms)
 GET /api/health 200 in 8ms (next.js: 2ms, application-code: 6ms)
 GET /api/agents/8194cc9a-f345-4fce-bba4-c9d2ca0e3e06 200 in 45ms (next.js: 16ms, application-code: 30ms)
 GET /api/agents/8194cc9a-f345-4fce-bba4-c9d2ca0e3e06/runs 200 in 35ms (next.js: 15ms, application-code: 20ms)
 POST /api/agents/8194cc9a-f345-4fce-bba4-c9d2ca0e3e06/runs 202 in 47ms (next.js: 3ms, application-code: 45ms)
2026-09-29T09:40:35.261Z [worker] agent run a37b560c-029a-4c3b-9677-166768405d22 claimed
 GET /api/agent-runs/a37b560c-029a-4c3b-9677-166768405d22 200 in 46ms (next.js: 16ms, application-code: 30ms)
2026-09-29T09:40:35.375Z [worker] agent run a37b560c-029a-4c3b-9677-166768405d22 succeeded
 GET /api/agent-runs/a37b560c-029a-4c3b-9677-166768405d22 200 in 40ms (next.js: 14ms, application-code: 26ms)
 GET /w/acme-workspace-17/settings?tab=members 200 in 60ms (next.js: 16ms, application-code: 44ms)
 GET /api/health 200 in 8ms (next.js: 2ms, application-code: 6ms)
 GET /api/workspaces/1561e15c-271f-42bd-92e8-ee1e04f445a5/members 200 in 44ms (next.js: 16ms, application-code: 28ms)
 GET /api/workspaces/1561e15c-271f-42bd-92e8-ee1e04f445a5/invites 200 in 28ms (next.js: 16ms, application-code: 12ms)
 GET /api/workspaces/80d791af-4a1c-4f78-95fb-40824e18f455/overview 200 in 53ms (next.js: 17ms, application-code: 36ms)
 GET /w/acme-workspace-17/settings?tab=keys 200 in 62ms (next.js: 16ms, application-code: 46ms)
 GET /api/health 200 in 7ms (next.js: 3ms, application-code: 5ms)
 GET /api/workspaces/1561e15c-271f-42bd-92e8-ee1e04f445a5/api-keys 200 in 38ms (next.js: 16ms, application-code: 21ms)
 GET /w/acme-workspace-17/settings?tab=plan 200 in 63ms (next.js: 16ms, application-code: 46ms)
 GET /api/health 200 in 7ms (next.js: 2ms, application-code: 5ms)
 GET /api/workspaces/1561e15c-271f-42bd-92e8-ee1e04f445a5/billing 200 in 44ms (next.js: 15ms, application-code: 29ms)
 GET /w/acme-workspace-17/settings?tab=audit 200 in 61ms (next.js: 15ms, application-code: 46ms)
 GET /api/health 200 in 7ms (next.js: 2ms, application-code: 5ms)
 GET /api/workspaces/1561e15c-271f-42bd-92e8-ee1e04f445a5/audit 200 in 28ms (next.js: 16ms, application-code: 12ms)
 GET /w/acme-workspace-17/settings?tab=sso 200 in 69ms (next.js: 16ms, application-code: 52ms)
 GET /api/health 200 in 7ms (next.js: 2ms, application-code: 5ms)
 GET /api/workspaces/1561e15c-271f-42bd-92e8-ee1e04f445a5/sso 200 in 42ms (next.js: 15ms, application-code: 27ms)
 GET /api/health 200 in 7ms (next.js: 2ms, application-code: 4ms)
2026-09-29T09:40:41.967Z [worker] platform notifications sent 15
 GET /w/acme-workspace-17/knowledge 200 in 66ms (next.js: 17ms, application-code: 49ms)
 GET /api/health 200 in 8ms (next.js: 3ms, application-code: 5ms)
 GET /api/workspaces/1561e15c-271f-42bd-92e8-ee1e04f445a5/knowledge 200 in 23ms (next.js: 15ms, application-code: 9ms)
 GET /w/acme-workspace-17/agents/8194cc9a-f345-4fce-bba4-c9d2ca0e3e06 200 in 67ms (next.js: 17ms, application-code: 50ms)
 GET /api/health 200 in 7ms (next.js: 2ms, application-code: 5ms)
 GET /api/agents/8194cc9a-f345-4fce-bba4-c9d2ca0e3e06 200 in 34ms (next.js: 18ms, application-code: 16ms)
 GET /api/agents/8194cc9a-f345-4fce-bba4-c9d2ca0e3e06/runs 200 in 36ms (next.js: 18ms, application-code: 17ms)
 POST /api/agents/8194cc9a-f345-4fce-bba4-c9d2ca0e3e06/runs 202 in 43ms (next.js: 2ms, application-code: 40ms)
2026-09-29T09:40:43.539Z [worker] agent run e0321700-0b9a-4034-8f98-80a73c8032dd claimed
 GET /api/agent-runs/e0321700-0b9a-4034-8f98-80a73c8032dd 200 in 36ms (next.js: 16ms, application-code: 20ms)
2026-09-29T09:40:43.647Z [worker] agent run e0321700-0b9a-4034-8f98-80a73c8032dd succeeded
 GET /api/agent-runs/e0321700-0b9a-4034-8f98-80a73c8032dd 200 in 37ms (next.js: 14ms, application-code: 23ms)
 GET /w/acme-workspace-17/settings?tab=members 200 in 61ms (next.js: 15ms, application-code: 46ms)
 GET /api/health 200 in 8ms (next.js: 2ms, application-code: 6ms)
 GET /api/workspaces/1561e15c-271f-42bd-92e8-ee1e04f445a5/invites 200 in 41ms (next.js: 30ms, application-code: 11ms)
 GET /api/workspaces/1561e15c-271f-42bd-92e8-ee1e04f445a5/members 200 in 42ms (next.js: 15ms, application-code: 27ms)
 GET /w/acme-workspace-17/settings?tab=keys 200 in 58ms (next.js: 15ms, application-code: 43ms)
 GET /api/health 200 in 7ms (next.js: 2ms, application-code: 5ms)
 GET /api/workspaces/1561e15c-271f-42bd-92e8-ee1e04f445a5/api-keys 200 in 28ms (next.js: 15ms, application-code: 14ms)
 GET /api/workspaces/80d791af-4a1c-4f78-95fb-40824e18f455/overview 200 in 43ms (next.js: 14ms, application-code: 29ms)
 GET /w/acme-workspace-17/settings?tab=plan 200 in 57ms (next.js: 15ms, application-code: 42ms)
 GET /api/health 200 in 12ms (next.js: 2ms, application-code: 10ms)
 GET /api/workspaces/1561e15c-271f-42bd-92e8-ee1e04f445a5/billing 200 in 49ms (next.js: 14ms, application-code: 34ms)
 GET /w/acme-workspace-17/settings?tab=audit 200 in 57ms (next.js: 14ms, application-code: 43ms)
 GET /api/health 200 in 7ms (next.js: 2ms, application-code: 5ms)
 GET /api/workspaces/1561e15c-271f-42bd-92e8-ee1e04f445a5/audit 200 in 25ms (next.js: 15ms, application-code: 10ms)
 GET /w/acme-workspace-17/settings?tab=sso 200 in 55ms (next.js: 14ms, application-code: 41ms)
 GET /api/health 200 in 8ms (next.js: 2ms, application-code: 5ms)
 GET /api/workspaces/1561e15c-271f-42bd-92e8-ee1e04f445a5/sso 200 in 40ms (next.js: 15ms, application-code: 26ms)
 GET /w/acme-workspace-17/knowledge 200 in 60ms (next.js: 15ms, application-code: 45ms)
 GET /api/health 200 in 7ms (next.js: 2ms, application-code: 5ms)
 GET /api/workspaces/1561e15c-271f-42bd-92e8-ee1e04f445a5/knowledge 200 in 31ms (next.js: 16ms, application-code: 15ms)
 GET /w/acme-workspace-17/agents/8194cc9a-f345-4fce-bba4-c9d2ca0e3e06 200 in 69ms (next.js: 15ms, application-code: 54ms)
 GET /api/health 200 in 7ms (next.js: 2ms, application-code: 5ms)
 GET /api/agents/8194cc9a-f345-4fce-bba4-c9d2ca0e3e06 200 in 39ms (next.js: 15ms, application-code: 24ms)
 GET /api/agents/8194cc9a-f345-4fce-bba4-c9d2ca0e3e06/runs 200 in 45ms (next.js: 15ms, application-code: 30ms)
 POST /api/agents/8194cc9a-f345-4fce-bba4-c9d2ca0e3e06/runs 202 in 42ms (next.js: 2ms, application-code: 39ms)
2026-09-29T09:40:51.872Z [worker] agent run 319ad82e-a5a0-4c92-973d-7c6744f9a66a claimed
 GET /api/agent-runs/319ad82e-a5a0-4c92-973d-7c6744f9a66a 200 in 40ms (next.js: 16ms, application-code: 24ms)
2026-09-29T09:40:51.980Z [worker] agent run 319ad82e-a5a0-4c92-973d-7c6744f9a66a succeeded
 GET /api/agent-runs/319ad82e-a5a0-4c92-973d-7c6744f9a66a 200 in 41ms (next.js: 15ms, application-code: 26ms)
 GET /w/acme-workspace-17/settings?tab=members 200 in 60ms (next.js: 15ms, application-code: 45ms)
 GET /api/health 200 in 8ms (next.js: 2ms, application-code: 5ms)
 GET /api/workspaces/1561e15c-271f-42bd-92e8-ee1e04f445a5/members 200 in 41ms (next.js: 16ms, application-code: 25ms)
 GET /api/workspaces/1561e15c-271f-42bd-92e8-ee1e04f445a5/invites 200 in 41ms (next.js: 30ms, application-code: 11ms)
 GET /w/acme-workspace-17/settings?tab=keys 200 in 59ms (next.js: 15ms, application-code: 45ms)
 GET /api/health 200 in 8ms (next.js: 3ms, application-code: 5ms)
 GET /api/workspaces/1561e15c-271f-42bd-92e8-ee1e04f445a5/api-keys 200 in 43ms (next.js: 16ms, application-code: 27ms)
 GET /w/acme-workspace-17/settings?tab=plan 200 in 59ms (next.js: 14ms, application-code: 44ms)
 GET /api/health 200 in 7ms (next.js: 2ms, application-code: 4ms)
 GET /api/workspaces/1561e15c-271f-42bd-92e8-ee1e04f445a5/billing 200 in 37ms (next.js: 15ms, application-code: 22ms)
 GET /api/health 200 in 6ms (next.js: 1.9ms, application-code: 4ms)
 GET /w/acme-workspace-17/settings?tab=audit 200 in 59ms (next.js: 15ms, application-code: 44ms)
 GET /api/workspaces/80d791af-4a1c-4f78-95fb-40824e18f455/usage 200 in 38ms (next.js: 16ms, application-code: 22ms)
 GET /api/health 200 in 7ms (next.js: 2ms, application-code: 5ms)
 GET /api/workspaces/1561e15c-271f-42bd-92e8-ee1e04f445a5/audit 200 in 26ms (next.js: 16ms, application-code: 10ms)
 GET /api/workspaces/80d791af-4a1c-4f78-95fb-40824e18f455/overview 200 in 43ms (next.js: 17ms, application-code: 27ms)
 GET /w/acme-workspace-17/settings?tab=sso 200 in 66ms (next.js: 16ms, application-code: 51ms)
 GET /api/health 200 in 8ms (next.js: 2ms, application-code: 6ms)
 GET /api/workspaces/1561e15c-271f-42bd-92e8-ee1e04f445a5/sso 200 in 27ms (next.js: 15ms, application-code: 12ms)
 GET /w/acme-workspace-17/flows/314c5a4e-3f77-4176-b6b3-dffaff7ca097 200 in 73ms (next.js: 14ms, application-code: 59ms)
 GET /api/health 200 in 7ms (next.js: 2ms, application-code: 5ms)
 GET /api/flows/314c5a4e-3f77-4176-b6b3-dffaff7ca097 200 in 28ms (next.js: 15ms, application-code: 13ms)
 GET /api/flows/314c5a4e-3f77-4176-b6b3-dffaff7ca097/publish 200 in 49ms (next.js: 15ms, application-code: 34ms)
 GET /api/flows/314c5a4e-3f77-4176-b6b3-dffaff7ca097/runs 200 in 31ms (next.js: 16ms, application-code: 15ms)
 POST /api/flows/314c5a4e-3f77-4176-b6b3-dffaff7ca097/copilot 201 in 154ms (next.js: 16ms, application-code: 138ms)
 POST /api/auth/sign-up/email 200 in 97ms (next.js: 16ms, application-code: 81ms)
 GET /api/test/outbox?email=e2e-23890a92%40flowline-e2e.test 200 in 7ms (next.js: 1.8ms, application-code: 5ms)
 POST /api/email 200 in 19ms (next.js: 1.9ms, application-code: 17ms)
 POST /api/auth/sign-in/email 200 in 67ms (next.js: 2ms, application-code: 65ms)
 POST /api/workspaces 201 in 44ms (next.js: 1.8ms, application-code: 42ms)
 POST /api/onboarding 200 in 25ms (next.js: 1.8ms, application-code: 24ms)
 POST /api/workspaces/c76704cf-b2ba-4dd2-a2ca-bf8418caf468/flows 201 in 31ms (next.js: 14ms, application-code: 17ms)
 POST /api/auth/sign-up/email 200 in 83ms (next.js: 2ms, application-code: 81ms)
 GET /api/test/outbox?email=e2e-76bb91fd%40flowline-e2e.test 200 in 8ms (next.js: 3ms, application-code: 6ms)
 POST /api/email 200 in 18ms (next.js: 1.7ms, application-code: 16ms)
 POST /api/auth/sign-in/email 200 in 68ms (next.js: 1.8ms, application-code: 67ms)
 POST /api/workspaces 201 in 39ms (next.js: 2ms, application-code: 37ms)
 POST /api/onboarding 200 in 24ms (next.js: 2.0ms, application-code: 22ms)
 POST /api/workspaces/6148dded-19f3-4ac3-b4ae-354343116283/flows 201 in 31ms (next.js: 2ms, application-code: 29ms)
 POST /api/flows/472aafc2-e90b-4a82-8f68-5b85dc5cac9e/runs 202 in 79ms (next.js: 15ms, application-code: 64ms)
2026-09-29T09:41:01.134Z [worker] run 0fa0f68a-5dd3-4380-bcac-63112c7baa5b claimed
 GET /api/runs/0fa0f68a-5dd3-4380-bcac-63112c7baa5b 200 in 37ms (next.js: 18ms, application-code: 20ms)
2026-09-29T09:41:01.193Z [worker] run 0fa0f68a-5dd3-4380-bcac-63112c7baa5b done
 GET /api/runs/0fa0f68a-5dd3-4380-bcac-63112c7baa5b 200 in 27ms (next.js: 2ms, application-code: 25ms)
 GET /w/tenant-b-17/flows 200 in 67ms (next.js: 17ms, application-code: 50ms)
 GET /api/health 200 in 9ms (next.js: 3ms, application-code: 6ms)
 GET /api/workspaces/6148dded-19f3-4ac3-b4ae-354343116283/usage 200 in 73ms (next.js: 35ms, application-code: 38ms)
 GET /api/workspaces/6148dded-19f3-4ac3-b4ae-354343116283/overview 200 in 84ms (next.js: 17ms, application-code: 68ms)
 GET /api/workspaces/6148dded-19f3-4ac3-b4ae-354343116283/flows 200 in 77ms (next.js: 35ms, application-code: 42ms)
 GET /w/tenant-b-17/runs 200 in 74ms (next.js: 18ms, application-code: 56ms)
 GET /api/health 200 in 7ms (next.js: 2ms, application-code: 5ms)
 GET /api/workspaces/6148dded-19f3-4ac3-b4ae-354343116283/runs?limit=25 200 in 35ms (next.js: 16ms, application-code: 19ms)
 GET /w/tenant-a-17/flows 404 in 78ms (next.js: 17ms, application-code: 61ms)
 GET /w/tenant-b-17/flows/472aafc2-e90b-4a82-8f68-5b85dc5cac9e 200 in 72ms (next.js: 18ms, application-code: 54ms)
 GET /api/health 200 in 10ms (next.js: 3ms, application-code: 7ms)
 GET /api/flows/472aafc2-e90b-4a82-8f68-5b85dc5cac9e 404 in 127ms (next.js: 23ms, application-code: 105ms)
 GET /api/flows/472aafc2-e90b-4a82-8f68-5b85dc5cac9e 404 in 16ms (next.js: 3ms, application-code: 13ms)
 GET /api/runs/0fa0f68a-5dd3-4380-bcac-63112c7baa5b 404 in 38ms (next.js: 16ms, application-code: 22ms)
 GET /api/workspaces/c76704cf-b2ba-4dd2-a2ca-bf8418caf468/runs 404 in 22ms (next.js: 3ms, application-code: 20ms)
 GET /api/workspaces/c76704cf-b2ba-4dd2-a2ca-bf8418caf468/flows 404 in 41ms (next.js: 17ms, application-code: 23ms)
 GET /api/flows/472aafc2-e90b-4a82-8f68-5b85dc5cac9e/versions 404 in 44ms (next.js: 17ms, application-code: 26ms)
 PUT /api/flows/472aafc2-e90b-4a82-8f68-5b85dc5cac9e 404 in 26ms (next.js: 3ms, application-code: 23ms)
 POST /api/flows/472aafc2-e90b-4a82-8f68-5b85dc5cac9e/runs 404 in 31ms (next.js: 18ms, application-code: 12ms)
 POST /api/runs/0fa0f68a-5dd3-4380-bcac-63112c7baa5b/rerun 404 in 51ms (next.js: 23ms, application-code: 28ms)
 GET /api/flows/472aafc2-e90b-4a82-8f68-5b85dc5cac9e 200 in 24ms (next.js: 3ms, application-code: 21ms)
 GET /api/me 401 in 13ms (next.js: 3ms, application-code: 10ms)
 GET /app 307 in 46ms (next.js: 3ms, application-code: 43ms)
 GET /sign-in 200 in 37ms (next.js: 3ms, application-code: 34ms)
 GET /api/auth-config 200 in 12ms (next.js: 3ms, application-code: 9ms)
 POST /api/auth/sign-up/email 200 in 101ms (next.js: 15ms, application-code: 86ms)
 GET /api/test/outbox?email=e2e-2be63f5c%40flowline-e2e.test 200 in 10ms (next.js: 2ms, application-code: 8ms)
 POST /api/email 200 in 22ms (next.js: 3ms, application-code: 20ms)
 POST /api/auth/sign-in/email 200 in 71ms (next.js: 1.8ms, application-code: 69ms)
 POST /api/workspaces 201 in 28ms (next.js: 2ms, application-code: 26ms)
 POST /api/onboarding 200 in 23ms (next.js: 1.8ms, application-code: 21ms)
 POST /api/workspaces/965a6ec5-7de3-4a79-bfe1-e875b1d6e6ec/flows 201 in 30ms (next.js: 15ms, application-code: 15ms)
 GET /w/e2e-f5fd03/flows/8a1e8d55-98bb-489c-a7cc-dad032c77e37 200 in 63ms (next.js: 16ms, application-code: 47ms)
 GET /api/health 200 in 18ms (next.js: 8ms, application-code: 10ms)
 GET /w/e2e-f5fd03/flows 200 in 105ms (next.js: 21ms, application-code: 85ms)
 GET /api/flows/8a1e8d55-98bb-489c-a7cc-dad032c77e37 200 in 41ms (next.js: 17ms, application-code: 25ms)
 GET /api/health 200 in 7ms (next.js: 2ms, application-code: 5ms)
 GET /api/workspaces/965a6ec5-7de3-4a79-bfe1-e875b1d6e6ec/flows 200 in 19ms (next.js: 5ms, application-code: 14ms)
 GET /api/workspaces/965a6ec5-7de3-4a79-bfe1-e875b1d6e6ec/usage 200 in 58ms (next.js: 34ms, application-code: 24ms)
 GET /api/workspaces/965a6ec5-7de3-4a79-bfe1-e875b1d6e6ec/overview 200 in 66ms (next.js: 18ms, application-code: 48ms)
 POST /api/auth/sign-out 200 in 43ms (next.js: 19ms, application-code: 24ms)
 GET /sign-in 200 in 38ms (next.js: 4ms, application-code: 34ms)
 GET /api/auth-config 200 in 9ms (next.js: 2ms, application-code: 6ms)
 GET /api/health?require=worker 200 in 6ms (next.js: 1.9ms, application-code: 4ms)
 GET /api/health?require=worker 200 in 5ms (next.js: 1.5ms, application-code: 3ms)
 POST /api/auth/sign-up/email 200 in 101ms (next.js: 16ms, application-code: 85ms)
 GET /api/test/outbox?email=e2e-7bd460ec%40flowline-e2e.test 200 in 8ms (next.js: 2ms, application-code: 6ms)
 POST /api/email 200 in 20ms (next.js: 2ms, application-code: 17ms)
 POST /api/auth/sign-in/email 200 in 69ms (next.js: 2ms, application-code: 66ms)
 POST /api/workspaces 201 in 21ms (next.js: 1.9ms, application-code: 19ms)
 POST /api/onboarding 200 in 18ms (next.js: 2ms, application-code: 16ms)
 GET /w/e2e-6d1441/settings?tab=ai 200 in 87ms (next.js: 30ms, application-code: 57ms)
 GET /api/health 200 in 8ms (next.js: 2ms, application-code: 5ms)
 GET /api/workspaces/ac5c07d1-f60f-4a6a-8735-9e1acb9d11ec/ai 200 in 43ms (next.js: 17ms, application-code: 25ms)
 GET /api/workspaces/ac5c07d1-f60f-4a6a-8735-9e1acb9d11ec/ai/models 200 in 30ms (next.js: 15ms, application-code: 15ms)
 POST /api/workspaces/ac5c07d1-f60f-4a6a-8735-9e1acb9d11ec/ai/connections 201 in 85ms (next.js: 20ms, application-code: 65ms)
 GET /api/workspaces/ac5c07d1-f60f-4a6a-8735-9e1acb9d11ec/ai 200 in 24ms (next.js: 3ms, application-code: 21ms)
 GET /api/workspaces/ac5c07d1-f60f-4a6a-8735-9e1acb9d11ec/ai/models 200 in 24ms (next.js: 6ms, application-code: 18ms)
 PUT /api/workspaces/ac5c07d1-f60f-4a6a-8735-9e1acb9d11ec/ai/default-route 200 in 50ms (next.js: 18ms, application-code: 32ms)
 GET /api/workspaces/ac5c07d1-f60f-4a6a-8735-9e1acb9d11ec/ai 200 in 45ms (next.js: 18ms, application-code: 27ms)
 PATCH /api/workspaces/ac5c07d1-f60f-4a6a-8735-9e1acb9d11ec 200 in 38ms (next.js: 18ms, application-code: 20ms)
 POST /api/workspaces/ac5c07d1-f60f-4a6a-8735-9e1acb9d11ec/flows 201 in 38ms (next.js: 18ms, application-code: 20ms)
 PUT /api/flows/791d1f1d-6fe2-4714-a521-d673f66e32df 200 in 47ms (next.js: 17ms, application-code: 30ms)
 GET /w/e2e-6d1441/flows/791d1f1d-6fe2-4714-a521-d673f66e32df 200 in 76ms (next.js: 21ms, application-code: 55ms)
 GET /api/health 200 in 10ms (next.js: 3ms, application-code: 7ms)
 GET /api/flows/791d1f1d-6fe2-4714-a521-d673f66e32df 200 in 34ms (next.js: 4ms, application-code: 30ms)
 GET /api/flows/791d1f1d-6fe2-4714-a521-d673f66e32df/publish 200 in 78ms (next.js: 25ms, application-code: 53ms)
 GET /api/flows/791d1f1d-6fe2-4714-a521-d673f66e32df/runs 200 in 46ms (next.js: 24ms, application-code: 22ms)
 GET /api/workspaces/ac5c07d1-f60f-4a6a-8735-9e1acb9d11ec/ai 200 in 40ms (next.js: 3ms, application-code: 37ms)
 GET /api/workspaces/ac5c07d1-f60f-4a6a-8735-9e1acb9d11ec/ai/models 200 in 39ms (next.js: 18ms, application-code: 22ms)
 PUT /api/flows/791d1f1d-6fe2-4714-a521-d673f66e32df 200 in 35ms (next.js: 13ms, application-code: 22ms)
2026-09-29T09:41:32.799Z [worker] run b07c5868-4da5-4a4f-8a28-50983b8d6b5c claimed
 POST /api/flows/791d1f1d-6fe2-4714-a521-d673f66e32df/runs 202 in 71ms (next.js: 14ms, application-code: 56ms)
 GET /api/flows/791d1f1d-6fe2-4714-a521-d673f66e32df/runs 200 in 39ms (next.js: 2ms, application-code: 36ms)
 GET /api/runs/b07c5868-4da5-4a4f-8a28-50983b8d6b5c 200 in 36ms (next.js: 16ms, application-code: 19ms)
2026-09-29T09:41:32.892Z [worker] run b07c5868-4da5-4a4f-8a28-50983b8d6b5c done
 GET /w/e2e-6d1441/runs?run=b07c5868-4da5-4a4f-8a28-50983b8d6b5c 200 in 32ms (next.js: 18ms, application-code: 14ms)
 GET /api/workspaces/ac5c07d1-f60f-4a6a-8735-9e1acb9d11ec/runs?limit=25 200 in 47ms (next.js: 17ms, application-code: 29ms)
 GET /api/runs/b07c5868-4da5-4a4f-8a28-50983b8d6b5c 200 in 32ms (next.js: 15ms, application-code: 17ms)
 GET /w/e2e-6d1441/settings?tab=ai 200 in 64ms (next.js: 15ms, application-code: 49ms)
 GET /api/health 200 in 8ms (next.js: 2ms, application-code: 5ms)
 GET /api/workspaces/ac5c07d1-f60f-4a6a-8735-9e1acb9d11ec/ai 200 in 54ms (next.js: 17ms, application-code: 37ms)
 GET /api/workspaces/ac5c07d1-f60f-4a6a-8735-9e1acb9d11ec/ai/models 200 in 33ms (next.js: 16ms, application-code: 17ms)
 POST /api/auth/sign-out 200 in 37ms (next.js: 16ms, application-code: 21ms)
 GET /sign-in 200 in 32ms (next.js: 3ms, application-code: 29ms)
 POST /api/auth/sign-in/email 200 in 73ms (next.js: 2ms, application-code: 71ms)
 GET /w/e2e-6d1441/settings?tab=ai 200 in 64ms (next.js: 16ms, application-code: 48ms)
 GET /api/health 200 in 8ms (next.js: 3ms, application-code: 6ms)
 GET /api/workspaces/ac5c07d1-f60f-4a6a-8735-9e1acb9d11ec/ai 200 in 43ms (next.js: 18ms, application-code: 25ms)
 GET /api/workspaces/ac5c07d1-f60f-4a6a-8735-9e1acb9d11ec/ai/models 200 in 33ms (next.js: 17ms, application-code: 16ms)
 POST /api/auth/sign-up/email 200 in 103ms (next.js: 18ms, application-code: 85ms)
 GET /api/test/outbox?email=ai-other-26064469%40flowline-e2e.test 200 in 8ms (next.js: 2ms, application-code: 6ms)
 POST /api/email 200 in 23ms (next.js: 2ms, application-code: 21ms)
 POST /api/auth/sign-in/email 200 in 76ms (next.js: 1.9ms, application-code: 74ms)
 POST /api/workspaces 201 in 49ms (next.js: 3ms, application-code: 47ms)
 GET /api/workspaces/ac5c07d1-f60f-4a6a-8735-9e1acb9d11ec/ai/connections 404 in 32ms (next.js: 15ms, application-code: 17ms)
 GET /api/workspaces/ac5c07d1-f60f-4a6a-8735-9e1acb9d11ec/ai/models 404 in 12ms (next.js: 3ms, application-code: 10ms)
 GET /w/other-ai-21/settings?tab=ai 200 in 74ms (next.js: 16ms, application-code: 58ms)
 GET /api/health 200 in 8ms (next.js: 2ms, application-code: 6ms)
 GET /api/workspaces/066259ca-7f6e-4b2d-922e-e6662c5c3724/ai 200 in 38ms (next.js: 20ms, application-code: 18ms)
 GET /api/workspaces/066259ca-7f6e-4b2d-922e-e6662c5c3724/ai/models 200 in 38ms (next.js: 16ms, application-code: 22ms)
 POST /api/workspaces/ac5c07d1-f60f-4a6a-8735-9e1acb9d11ec/invites 201 in 45ms (next.js: 16ms, application-code: 29ms)
 POST /api/auth/sign-up/email 200 in 103ms (next.js: 15ms, application-code: 88ms)
 GET /api/test/outbox?email=ai-editor-6af9635c%40flowline-e2e.test 200 in 10ms (next.js: 2ms, application-code: 8ms)
 POST /api/email 200 in 25ms (next.js: 2ms, application-code: 23ms)
 POST /api/auth/sign-in/email 200 in 73ms (next.js: 3ms, application-code: 71ms)
 POST /api/invites/oUsF0BnrjYBDgQsiXb1KdxbM8oj40PU_EDEbirYgRxs 200 in 42ms (next.js: 18ms, application-code: 25ms)
 GET /api/workspaces/ac5c07d1-f60f-4a6a-8735-9e1acb9d11ec/ai/models 200 in 16ms (next.js: 2ms, application-code: 14ms)
 GET /api/workspaces/ac5c07d1-f60f-4a6a-8735-9e1acb9d11ec/ai/connections 200 in 30ms (next.js: 16ms, application-code: 13ms)
 POST /api/workspaces/ac5c07d1-f60f-4a6a-8735-9e1acb9d11ec/ai/connections 403 in 20ms (next.js: 3ms, application-code: 16ms)
 GET /api/flows/791d1f1d-6fe2-4714-a521-d673f66e32df 200 in 45ms (next.js: 18ms, application-code: 28ms)
 PUT /api/flows/791d1f1d-6fe2-4714-a521-d673f66e32df 403 in 21ms (next.js: 3ms, application-code: 18ms)
 GET /w/e2e-6d1441/flows/791d1f1d-6fe2-4714-a521-d673f66e32df 200 in 69ms (next.js: 18ms, application-code: 51ms)
 GET /api/health 200 in 8ms (next.js: 2ms, application-code: 5ms)
 GET /api/flows/791d1f1d-6fe2-4714-a521-d673f66e32df 200 in 24ms (next.js: 5ms, application-code: 19ms)
 GET /api/flows/791d1f1d-6fe2-4714-a521-d673f66e32df/publish 200 in 56ms (next.js: 17ms, application-code: 39ms)
 GET /api/flows/791d1f1d-6fe2-4714-a521-d673f66e32df/runs 200 in 37ms (next.js: 17ms, application-code: 20ms)
 GET /api/runs/b07c5868-4da5-4a4f-8a28-50983b8d6b5c 200 in 66ms (next.js: 21ms, application-code: 45ms)
 GET /api/workspaces/ac5c07d1-f60f-4a6a-8735-9e1acb9d11ec/ai 200 in 44ms (next.js: 17ms, application-code: 27ms)
 GET /api/workspaces/ac5c07d1-f60f-4a6a-8735-9e1acb9d11ec/ai/models 200 in 46ms (next.js: 19ms, application-code: 27ms)
 GET / 200 in 64ms (next.js: 3ms, application-code: 61ms)
 GET /sign-up 200 in 17ms (next.js: 3ms, application-code: 14ms)
 GET /api/auth-config 200 in 8ms (next.js: 2ms, application-code: 6ms)
 POST /api/auth/sign-up/email 200 in 98ms (next.js: 15ms, application-code: 83ms)
 GET /api/test/outbox?email=arabic-9ffbfc4d%40flowline-e2e.test 200 in 7ms (next.js: 1.8ms, application-code: 6ms)
 GET /verify-email?token=jp5OWz8eOqiRMtveYbZNcftKtMNCmN5YMIf7yhHf6gg&callbackURL=%2Fsign-in 200 in 24ms (next.js: 3ms, application-code: 22ms)
 POST /api/email 200 in 23ms (next.js: 3ms, application-code: 20ms)
 GET /sign-in 200 in 18ms (next.js: 4ms, application-code: 14ms)
 GET /api/auth-config 200 in 8ms (next.js: 2ms, application-code: 6ms)
 POST /api/auth/sign-in/email 200 in 83ms (next.js: 15ms, application-code: 67ms)
 GET /app 200 in 29ms (next.js: 4ms, application-code: 25ms)
 GET /app 200 in 34ms (next.js: 3ms, application-code: 31ms)
 GET /onboarding 200 in 31ms (next.js: 3ms, application-code: 27ms)
 GET /onboarding 200 in 30ms (next.js: 4ms, application-code: 26ms)
 POST /api/workspaces 201 in 41ms (next.js: 3ms, application-code: 39ms)
 POST /api/workspaces/8b58e302-05fd-498d-ac75-8e3532e08790/flows 201 in 45ms (next.js: 16ms, application-code: 29ms)
 POST /api/onboarding 200 in 28ms (next.js: 2ms, application-code: 26ms)
 GET /w/arabic-co-19/flows/40b1c89f-8fbd-40d3-aeaa-95a3a904c28c 200 in 48ms (next.js: 16ms, application-code: 32ms)
 GET /api/health 200 in 8ms (next.js: 3ms, application-code: 6ms)
 GET /api/flows/40b1c89f-8fbd-40d3-aeaa-95a3a904c28c 200 in 41ms (next.js: 17ms, application-code: 24ms)
 GET /api/flows/40b1c89f-8fbd-40d3-aeaa-95a3a904c28c/publish 200 in 55ms (next.js: 18ms, application-code: 38ms)
 GET /api/flows/40b1c89f-8fbd-40d3-aeaa-95a3a904c28c/runs 200 in 33ms (next.js: 16ms, application-code: 16ms)
 GET /w/arabic-co-19/flows 200 in 68ms (next.js: 17ms, application-code: 51ms)
 GET /api/health 200 in 9ms (next.js: 3ms, application-code: 6ms)
 GET /api/workspaces/8b58e302-05fd-498d-ac75-8e3532e08790/usage 200 in 100ms (next.js: 39ms, application-code: 61ms)
 GET /api/workspaces/8b58e302-05fd-498d-ac75-8e3532e08790/overview 200 in 116ms (next.js: 18ms, application-code: 98ms)
 GET /api/workspaces/8b58e302-05fd-498d-ac75-8e3532e08790/flows 200 in 110ms (next.js: 60ms, application-code: 50ms)
 GET /w/arabic-co-19/flows 200 in 51ms (next.js: 15ms, application-code: 36ms)
 GET /w/arabic-co-19/flows 200 in 37ms (next.js: 3ms, application-code: 34ms)
 POST /api/auth/sign-out 200 in 37ms (next.js: 16ms, application-code: 21ms)
 GET /sign-in 200 in 36ms (next.js: 3ms, application-code: 33ms)
 GET /sign-in 200 in 45ms (next.js: 3ms, application-code: 42ms)
 GET /api/auth-config 200 in 10ms (next.js: 3ms, application-code: 7ms)
 GET /api/auth-config 200 in 8ms (next.js: 2ms, application-code: 6ms)
 POST /api/auth/sign-in/email 200 in 76ms (next.js: 3ms, application-code: 73ms)
 GET /app 200 in 27ms (next.js: 3ms, application-code: 24ms)
 GET /app 200 in 29ms (next.js: 3ms, application-code: 26ms)
 GET /w/arabic-co-19/flows 200 in 55ms (next.js: 17ms, application-code: 37ms)
 GET /w/arabic-co-19/flows 200 in 34ms (next.js: 4ms, application-code: 30ms)
 GET /api/health 200 in 10ms (next.js: 3ms, application-code: 8ms)
 GET /api/workspaces/8b58e302-05fd-498d-ac75-8e3532e08790/usage 200 in 44ms (next.js: 20ms, application-code: 25ms)
 GET /api/workspaces/8b58e302-05fd-498d-ac75-8e3532e08790/overview 200 in 67ms (next.js: 19ms, application-code: 47ms)
 GET /api/workspaces/8b58e302-05fd-498d-ac75-8e3532e08790/flows 200 in 44ms (next.js: 38ms, application-code: 7ms)
 GET /sign-in 200 in 35ms (next.js: 3ms, application-code: 32ms)
 GET /api/auth-config 200 in 9ms (next.js: 2ms, application-code: 7ms)
 GET /sign-in 200 in 26ms (next.js: 3ms, application-code: 22ms)
 GET /sign-up 200 in 34ms (next.js: 3ms, application-code: 31ms)
 GET /api/auth-config 200 in 7ms (next.js: 2ms, application-code: 5ms)
 GET /sign-up 200 in 19ms (next.js: 3ms, application-code: 16ms)
 GET /sign-in 200 in 32ms (next.js: 3ms, application-code: 30ms)
 GET /api/auth-config 200 in 8ms (next.js: 2ms, application-code: 6ms)
 POST /api/auth/sign-up/email 200 in 98ms (next.js: 15ms, application-code: 83ms)
 GET /api/test/outbox?email=arabic-rtl-82907d63%40flowline-e2e.test 200 in 9ms (next.js: 1.9ms, application-code: 7ms)
 POST /api/email 200 in 22ms (next.js: 1.8ms, application-code: 20ms)
 POST /api/auth/sign-in/email 200 in 68ms (next.js: 2ms, application-code: 66ms)
 POST /api/workspaces 201 in 46ms (next.js: 1.9ms, application-code: 44ms)
 POST /api/onboarding 200 in 23ms (next.js: 3ms, application-code: 20ms)
 POST /api/workspaces/fa949d60-fb6c-4cb7-9082-286f2d39bd3b/flows 201 in 29ms (next.js: 13ms, application-code: 16ms)
 GET / 200 in 50ms (next.js: 3ms, application-code: 47ms)
 GET /sign-in 200 in 33ms (next.js: 3ms, application-code: 30ms)
 GET /api/auth-config 200 in 10ms (next.js: 2ms, application-code: 8ms)
 GET /w/rtl-scroll-19/flows 200 in 68ms (next.js: 18ms, application-code: 50ms)
 GET /api/health 200 in 8ms (next.js: 3ms, application-code: 6ms)
 GET /api/workspaces/fa949d60-fb6c-4cb7-9082-286f2d39bd3b/usage 200 in 73ms (next.js: 17ms, application-code: 56ms)
 GET /api/workspaces/fa949d60-fb6c-4cb7-9082-286f2d39bd3b/overview 200 in 72ms (next.js: 57ms, application-code: 15ms)
 GET /api/workspaces/fa949d60-fb6c-4cb7-9082-286f2d39bd3b/flows 200 in 73ms (next.js: 37ms, application-code: 36ms)
 GET /w/rtl-scroll-19/flows/f978560f-2e4f-49df-95e5-c75078a85798 200 in 81ms (next.js: 21ms, application-code: 60ms)
 GET /api/health 200 in 8ms (next.js: 2ms, application-code: 5ms)
 GET /api/flows/f978560f-2e4f-49df-95e5-c75078a85798 200 in 35ms (next.js: 17ms, application-code: 18ms)
 GET /api/flows/f978560f-2e4f-49df-95e5-c75078a85798/publish 200 in 60ms (next.js: 17ms, application-code: 43ms)
 GET /api/flows/f978560f-2e4f-49df-95e5-c75078a85798/runs 200 in 36ms (next.js: 19ms, application-code: 17ms)
 GET /w/rtl-scroll-19/runs 200 in 78ms (next.js: 21ms, application-code: 58ms)
 GET /api/health 200 in 8ms (next.js: 3ms, application-code: 5ms)
 GET /api/workspaces/fa949d60-fb6c-4cb7-9082-286f2d39bd3b/runs?limit=25 200 in 23ms (next.js: 19ms, application-code: 4ms)
 GET /w/rtl-scroll-19/settings 200 in 75ms (next.js: 18ms, application-code: 57ms)
 GET /api/health 200 in 17ms (next.js: 3ms, application-code: 14ms)
 GET /api/workspaces/fa949d60-fb6c-4cb7-9082-286f2d39bd3b/members 200 in 52ms (next.js: 20ms, application-code: 33ms)
 GET /api/workspaces/fa949d60-fb6c-4cb7-9082-286f2d39bd3b/invites 200 in 52ms (next.js: 43ms, application-code: 9ms)
 GET / 200 in 66ms (next.js: 4ms, application-code: 61ms)
 GET /sign-in 200 in 35ms (next.js: 3ms, application-code: 32ms)
 GET /api/auth-config 200 in 9ms (next.js: 2ms, application-code: 7ms)
 GET /w/rtl-scroll-19/flows 200 in 68ms (next.js: 17ms, application-code: 51ms)
 GET /api/health 200 in 10ms (next.js: 4ms, application-code: 6ms)
 GET /api/workspaces/fa949d60-fb6c-4cb7-9082-286f2d39bd3b/usage 200 in 62ms (next.js: 38ms, application-code: 25ms)
 GET /api/workspaces/fa949d60-fb6c-4cb7-9082-286f2d39bd3b/overview 200 in 63ms (next.js: 19ms, application-code: 44ms)
 GET /api/workspaces/fa949d60-fb6c-4cb7-9082-286f2d39bd3b/flows 200 in 42ms (next.js: 38ms, application-code: 3ms)
 GET /w/rtl-scroll-19/flows/f978560f-2e4f-49df-95e5-c75078a85798 200 in 105ms (next.js: 23ms, application-code: 82ms)
 GET /api/health 200 in 8ms (next.js: 3ms, application-code: 5ms)
 GET /api/flows/f978560f-2e4f-49df-95e5-c75078a85798 200 in 35ms (next.js: 18ms, application-code: 16ms)
 GET /api/flows/f978560f-2e4f-49df-95e5-c75078a85798/publish 200 in 51ms (next.js: 17ms, application-code: 34ms)
 GET /api/flows/f978560f-2e4f-49df-95e5-c75078a85798/runs 200 in 31ms (next.js: 16ms, application-code: 15ms)
 GET /w/rtl-scroll-19/runs 200 in 78ms (next.js: 18ms, application-code: 59ms)
 GET /api/health 200 in 8ms (next.js: 3ms, application-code: 6ms)
 GET /api/workspaces/fa949d60-fb6c-4cb7-9082-286f2d39bd3b/runs?limit=25 200 in 27ms (next.js: 22ms, application-code: 5ms)
 GET /w/rtl-scroll-19/settings 200 in 85ms (next.js: 20ms, application-code: 65ms)
 GET /api/health 200 in 11ms (next.js: 5ms, application-code: 6ms)
 GET /api/workspaces/fa949d60-fb6c-4cb7-9082-286f2d39bd3b/members 200 in 51ms (next.js: 21ms, application-code: 30ms)
 GET /api/workspaces/fa949d60-fb6c-4cb7-9082-286f2d39bd3b/invites 200 in 27ms (next.js: 22ms, application-code: 5ms)
 GET / 200 in 93ms (next.js: 5ms, application-code: 88ms)
 GET /sign-in 200 in 39ms (next.js: 3ms, application-code: 36ms)
 GET /api/auth-config 200 in 9ms (next.js: 3ms, application-code: 6ms)
 GET /w/rtl-scroll-19/flows 200 in 72ms (next.js: 19ms, application-code: 54ms)
 GET /api/health 200 in 11ms (next.js: 4ms, application-code: 6ms)
 GET /api/workspaces/fa949d60-fb6c-4cb7-9082-286f2d39bd3b/overview 200 in 51ms (next.js: 22ms, application-code: 29ms)
 GET /api/workspaces/fa949d60-fb6c-4cb7-9082-286f2d39bd3b/flows 200 in 76ms (next.js: 45ms, application-code: 31ms)
 GET /api/workspaces/fa949d60-fb6c-4cb7-9082-286f2d39bd3b/usage 200 in 52ms (next.js: 47ms, application-code: 6ms)
 GET /w/rtl-scroll-19/flows/f978560f-2e4f-49df-95e5-c75078a85798 200 in 87ms (next.js: 21ms, application-code: 66ms)
 GET /api/health 200 in 8ms (next.js: 2ms, application-code: 5ms)
 GET /api/flows/f978560f-2e4f-49df-95e5-c75078a85798 200 in 31ms (next.js: 17ms, application-code: 14ms)
 GET /api/flows/f978560f-2e4f-49df-95e5-c75078a85798/publish 200 in 54ms (next.js: 16ms, application-code: 38ms)
 GET /api/flows/f978560f-2e4f-49df-95e5-c75078a85798/runs 200 in 35ms (next.js: 17ms, application-code: 18ms)
 GET /w/rtl-scroll-19/runs 200 in 93ms (next.js: 20ms, application-code: 73ms)
 GET /api/health 200 in 10ms (next.js: 4ms, application-code: 7ms)
 GET /api/workspaces/fa949d60-fb6c-4cb7-9082-286f2d39bd3b/runs?limit=25 200 in 26ms (next.js: 22ms, application-code: 4ms)
 GET /w/rtl-scroll-19/settings 200 in 87ms (next.js: 21ms, application-code: 66ms)
 GET /api/health 200 in 9ms (next.js: 3ms, application-code: 5ms)
 GET /api/workspaces/fa949d60-fb6c-4cb7-9082-286f2d39bd3b/members 200 in 52ms (next.js: 18ms, application-code: 33ms)
 GET /api/workspaces/fa949d60-fb6c-4cb7-9082-286f2d39bd3b/invites 200 in 52ms (next.js: 39ms, application-code: 14ms)
 POST /api/auth/sign-up/email 200 in 103ms (next.js: 18ms, application-code: 85ms)
 GET /api/test/outbox?email=e2e-1469557e%40flowline-e2e.test 200 in 9ms (next.js: 2ms, application-code: 6ms)
 POST /api/email 200 in 24ms (next.js: 2ms, application-code: 21ms)
 POST /api/auth/sign-in/email 200 in 71ms (next.js: 2.0ms, application-code: 69ms)
 POST /api/workspaces 201 in 29ms (next.js: 2ms, application-code: 27ms)
 POST /api/onboarding 200 in 24ms (next.js: 2.0ms, application-code: 22ms)
 POST /api/workspaces/57f8f01f-1b9c-40a4-a339-3bed28042c98/flows 201 in 29ms (next.js: 15ms, application-code: 14ms)
 GET /w/e2e-e55d0e/templates 200 in 87ms (next.js: 17ms, application-code: 70ms)
 GET /api/health 200 in 8ms (next.js: 2ms, application-code: 6ms)
 GET /api/workspaces/57f8f01f-1b9c-40a4-a339-3bed28042c98/connections 200 in 53ms (next.js: 36ms, application-code: 16ms)
 GET /api/workspaces/57f8f01f-1b9c-40a4-a339-3bed28042c98/ai 200 in 54ms (next.js: 18ms, application-code: 36ms)
 GET /w/e2e-e55d0e/flows/184108da-be29-4ad0-8243-db2601279af7 200 in 70ms (next.js: 16ms, application-code: 54ms)
 GET /api/health 200 in 8ms (next.js: 2ms, application-code: 5ms)
 GET /api/flows/184108da-be29-4ad0-8243-db2601279af7 200 in 40ms (next.js: 21ms, application-code: 18ms)
 GET /api/flows/184108da-be29-4ad0-8243-db2601279af7/publish 200 in 58ms (next.js: 18ms, application-code: 40ms)
 GET /api/flows/184108da-be29-4ad0-8243-db2601279af7/runs 200 in 35ms (next.js: 20ms, application-code: 16ms)
 GET /api/workspaces/57f8f01f-1b9c-40a4-a339-3bed28042c98/ai 200 in 43ms (next.js: 3ms, application-code: 39ms)
 GET /api/integrations/catalog 200 in 167ms (next.js: 4ms, application-code: 162ms)
2026-09-29T09:41:55.271Z [worker] run 427ddd5f-af88-462a-a1e5-4575b0d1705b claimed
 POST /api/flows/184108da-be29-4ad0-8243-db2601279af7/runs 202 in 71ms (next.js: 3ms, application-code: 68ms)
 GET /api/flows/184108da-be29-4ad0-8243-db2601279af7/runs 200 in 39ms (next.js: 2ms, application-code: 37ms)
2026-09-29T09:41:55.332Z [worker] run 427ddd5f-af88-462a-a1e5-4575b0d1705b done
 GET /api/runs/427ddd5f-af88-462a-a1e5-4575b0d1705b 200 in 40ms (next.js: 16ms, application-code: 24ms)
 GET /api/runs/427ddd5f-af88-462a-a1e5-4575b0d1705b 200 in 24ms (next.js: 2ms, application-code: 21ms)
 GET /api/flows/184108da-be29-4ad0-8243-db2601279af7/runs 200 in 28ms (next.js: 15ms, application-code: 14ms)
 GET /w/e2e-e55d0e/runs?run=427ddd5f-af88-462a-a1e5-4575b0d1705b 200 in 31ms (next.js: 15ms, application-code: 15ms)
 GET /api/workspaces/57f8f01f-1b9c-40a4-a339-3bed28042c98/runs?limit=25 200 in 45ms (next.js: 21ms, application-code: 25ms)
 GET /api/runs/427ddd5f-af88-462a-a1e5-4575b0d1705b/rerun-preview?fromNodeId=hot&revision=original 200 in 47ms (next.js: 17ms, application-code: 30ms)
 POST /api/auth/sign-up/email 200 in 102ms (next.js: 14ms, application-code: 88ms)
 GET /api/test/outbox?email=e2e-2ed1a2fe%40flowline-e2e.test 200 in 9ms (next.js: 1.9ms, application-code: 7ms)
 POST /api/email 200 in 23ms (next.js: 2ms, application-code: 21ms)
 POST /api/auth/sign-in/email 200 in 75ms (next.js: 2ms, application-code: 73ms)
 POST /api/workspaces 201 in 23ms (next.js: 2ms, application-code: 21ms)
 POST /api/onboarding 200 in 21ms (next.js: 2ms, application-code: 19ms)
 GET /w/e2e-b3237f/settings?tab=general 200 in 76ms (next.js: 16ms, application-code: 60ms)
 GET /api/health 200 in 7ms (next.js: 2ms, application-code: 5ms)
 GET /resend-verification 200 in 14ms (next.js: 3ms, application-code: 11ms)
 GET /w/e2e-b3237f/flows 200 in 70ms (next.js: 16ms, application-code: 53ms)
 GET /api/health 200 in 9ms (next.js: 3ms, application-code: 6ms)
 GET /api/workspaces/a97794a1-8bdd-440d-b1fa-fc6dd383174f/flows 200 in 80ms (next.js: 42ms, application-code: 38ms)
 GET /api/workspaces/a97794a1-8bdd-440d-b1fa-fc6dd383174f/usage 200 in 81ms (next.js: 61ms, application-code: 20ms)
 GET /api/workspaces/a97794a1-8bdd-440d-b1fa-fc6dd383174f/overview 200 in 93ms (next.js: 21ms, application-code: 73ms)
 GET /account/delete 200 in 23ms (next.js: 5ms, application-code: 18ms)
 POST /api/email 200 in 31ms (next.js: 2ms, application-code: 29ms)
 GET /api/test/outbox?email=e2e-2ed1a2fe%40flowline-e2e.test 200 in 9ms (next.js: 2ms, application-code: 7ms)
 GET /account/delete?token=GPecVxQuOW2JrU8OOm53g2gO1AifMALxwIjgMIzbS5o 200 in 30ms (next.js: 3ms, application-code: 27ms)
 POST /api/email 200 in 69ms (next.js: 2ms, application-code: 66ms)
 GET /api/me 401 in 25ms (next.js: 2ms, application-code: 23ms)
 POST /api/auth/sign-up/email 200 in 94ms (next.js: 15ms, application-code: 80ms)
 GET /api/test/outbox?email=e2e-7b2dc10a%40flowline-e2e.test 200 in 7ms (next.js: 1.9ms, application-code: 5ms)
 POST /api/email 200 in 20ms (next.js: 1.9ms, application-code: 18ms)
 POST /api/auth/sign-in/email 200 in 69ms (next.js: 2ms, application-code: 67ms)
 POST /api/workspaces 201 in 23ms (next.js: 2ms, application-code: 21ms)
 POST /api/onboarding 200 in 23ms (next.js: 1.9ms, application-code: 21ms)
 GET /w/e2e-5b0b27/settings 200 in 62ms (next.js: 16ms, application-code: 46ms)
 GET /api/health 200 in 19ms (next.js: 14ms, application-code: 6ms)
 GET /api/workspaces/4919b965-dd0f-4685-8d25-14f743393b3b/members 200 in 51ms (next.js: 18ms, application-code: 32ms)
 GET /api/workspaces/4919b965-dd0f-4685-8d25-14f743393b3b/invites 200 in 52ms (next.js: 39ms, application-code: 13ms)
 GET /api/workspaces/4919b965-dd0f-4685-8d25-14f743393b3b/ai 200 in 41ms (next.js: 16ms, application-code: 25ms)
 GET /api/workspaces/4919b965-dd0f-4685-8d25-14f743393b3b/ai/models 200 in 35ms (next.js: 17ms, application-code: 19ms)
 GET /api/workspaces/4919b965-dd0f-4685-8d25-14f743393b3b/api-keys 200 in 32ms (next.js: 18ms, application-code: 14ms)
 GET /api/workspaces/4919b965-dd0f-4685-8d25-14f743393b3b/billing 200 in 48ms (next.js: 18ms, application-code: 30ms)
 GET /api/workspaces/4919b965-dd0f-4685-8d25-14f743393b3b 200 in 54ms (next.js: 40ms, application-code: 14ms)
 GET /api/workspaces/4919b965-dd0f-4685-8d25-14f743393b3b/usage 200 in 58ms (next.js: 18ms, application-code: 40ms)
 GET /api/workspaces/4919b965-dd0f-4685-8d25-14f743393b3b/audit 200 in 37ms (next.js: 21ms, application-code: 16ms)
 GET /api/workspaces/4919b965-dd0f-4685-8d25-14f743393b3b/sso 200 in 48ms (next.js: 21ms, application-code: 27ms)
 GET /w/e2e-5b0b27/agents 200 in 76ms (next.js: 18ms, application-code: 58ms)
 GET /api/health 200 in 10ms (next.js: 3ms, application-code: 7ms)
 GET /api/workspaces/4919b965-dd0f-4685-8d25-14f743393b3b/agents 200 in 49ms (next.js: 23ms, application-code: 26ms)
 GET /w/e2e-5b0b27/agents/new 200 in 41ms (next.js: 23ms, application-code: 17ms)
 GET /api/workspaces/4919b965-dd0f-4685-8d25-14f743393b3b/knowledge 200 in 50ms (next.js: 18ms, application-code: 32ms)
 GET /api/workspaces/4919b965-dd0f-4685-8d25-14f743393b3b/flows 200 in 50ms (next.js: 44ms, application-code: 6ms)
 GET /api/workspaces/4919b965-dd0f-4685-8d25-14f743393b3b/ai 200 in 77ms (next.js: 19ms, application-code: 58ms)
 GET /w/e2e-5b0b27/knowledge 200 in 97ms (next.js: 21ms, application-code: 76ms)
 GET /api/health 200 in 12ms (next.js: 2ms, application-code: 9ms)
 GET /api/workspaces/4919b965-dd0f-4685-8d25-14f743393b3b/knowledge 200 in 17ms (next.js: 2ms, application-code: 15ms)
 GET /w/e2e-5b0b27/integrations 200 in 73ms (next.js: 17ms, application-code: 56ms)
 GET /api/health 200 in 8ms (next.js: 3ms, application-code: 6ms)
 GET /api/workspaces/4919b965-dd0f-4685-8d25-14f743393b3b/connections 200 in 35ms (next.js: 21ms, application-code: 14ms)
 GET /api/integrations/catalog?workspaceId=4919b965-dd0f-4685-8d25-14f743393b3b 200 in 54ms (next.js: 3ms, application-code: 51ms)
 GET /api/workspaces/4919b965-dd0f-4685-8d25-14f743393b3b/oauth-apps/provenance?provider=google_sheets 200 in 44ms (next.js: 18ms, application-code: 26ms)
 GET /w/e2e-5b0b27/settings?tab=keys 200 in 66ms (next.js: 16ms, application-code: 50ms)
 GET /api/health 200 in 8ms (next.js: 3ms, application-code: 5ms)
 GET /api/workspaces/4919b965-dd0f-4685-8d25-14f743393b3b/api-keys 200 in 22ms (next.js: 18ms, application-code: 3ms)
 GET /w/e2e-5b0b27/settings?tab=billing 200 in 68ms (next.js: 3ms, application-code: 65ms)
 GET /api/health 200 in 8ms (next.js: 3ms, application-code: 5ms)
 GET /api/workspaces/4919b965-dd0f-4685-8d25-14f743393b3b 200 in 39ms (next.js: 35ms, application-code: 4ms)
 GET /api/workspaces/4919b965-dd0f-4685-8d25-14f743393b3b/usage 200 in 39ms (next.js: 17ms, application-code: 22ms)
 GET /w/e2e-5b0b27/agents/new 200 in 74ms (next.js: 17ms, application-code: 57ms)
 GET /api/health 200 in 9ms (next.js: 3ms, application-code: 6ms)
 GET /api/workspaces/4919b965-dd0f-4685-8d25-14f743393b3b/flows 200 in 58ms (next.js: 37ms, application-code: 21ms)
 GET /api/workspaces/4919b965-dd0f-4685-8d25-14f743393b3b/ai 200 in 59ms (next.js: 19ms, application-code: 40ms)
 GET /api/workspaces/4919b965-dd0f-4685-8d25-14f743393b3b/knowledge 200 in 58ms (next.js: 54ms, application-code: 4ms)
 GET /w/e2e-5b0b27/knowledge 200 in 75ms (next.js: 18ms, application-code: 57ms)
 GET /api/health 200 in 8ms (next.js: 3ms, application-code: 5ms)
 GET /api/workspaces/4919b965-dd0f-4685-8d25-14f743393b3b/knowledge 200 in 15ms (next.js: 3ms, application-code: 12ms)
 GET /w/e2e-5b0b27/integrations 200 in 74ms (next.js: 19ms, application-code: 55ms)
 GET /api/health 200 in 8ms (next.js: 2ms, application-code: 6ms)
 GET /api/workspaces/4919b965-dd0f-4685-8d25-14f743393b3b/connections 200 in 45ms (next.js: 25ms, application-code: 20ms)
 GET /api/integrations/catalog?workspaceId=4919b965-dd0f-4685-8d25-14f743393b3b 200 in 61ms (next.js: 4ms, application-code: 57ms)
 POST /api/test/beta 200 in 11ms (next.js: 2ms, application-code: 9ms)
 GET /api/auth-config 200 in 7ms (next.js: 2.0ms, application-code: 5ms)
 GET /sign-up 200 in 32ms (next.js: 2ms, application-code: 29ms)
 GET /api/auth-config 200 in 8ms (next.js: 3ms, application-code: 5ms)
 POST /api/beta/check 200 in 12ms (next.js: 2ms, application-code: 10ms)
 GET /api/test/outbox?email=stranger-494cc381%40flowline-e2e.test 200 in 8ms (next.js: 3ms, application-code: 6ms)
 POST /api/beta/check 200 in 13ms (next.js: 1.9ms, application-code: 11ms)
 POST /api/beta/check 200 in 11ms (next.js: 2ms, application-code: 9ms)
 POST /api/auth/sign-up/email 200 in 96ms (next.js: 14ms, application-code: 82ms)
 GET /api/test/outbox?email=stranger-494cc381%40flowline-e2e.test 200 in 7ms (next.js: 1.8ms, application-code: 6ms)
 POST /api/beta/check 200 in 10ms (next.js: 1.7ms, application-code: 8ms)
 POST /api/email 200 in 507ms (next.js: 3ms, application-code: 504ms)
 POST /api/auth/sign-up/email 200 in 96ms (next.js: 15ms, application-code: 81ms)
 GET /api/test/outbox?email=e2e-54ea4600%40flowline-e2e.test 200 in 7ms (next.js: 1.9ms, application-code: 5ms)
 POST /api/email 200 in 19ms (next.js: 1.9ms, application-code: 17ms)
 POST /api/auth/sign-in/email 200 in 68ms (next.js: 1.8ms, application-code: 66ms)
 POST /api/workspaces 201 in 43ms (next.js: 2ms, application-code: 41ms)
 POST /api/onboarding 200 in 21ms (next.js: 2ms, application-code: 19ms)
 POST /api/workspaces/f262544c-d9e1-41f9-9d46-3bc647f7e151/invites 201 in 40ms (next.js: 15ms, application-code: 25ms)
 POST /api/test/beta 200 in 5ms (next.js: 2ms, application-code: 3ms)
 GET /invite/MhIcc_ceoRzpmZcav1JOczgq-qes5-P-vP5KmTu_eVM 307 in 62ms (next.js: 18ms, application-code: 44ms)
 GET /sign-in?next=invite%3AMhIcc_ceoRzpmZcav1JOczgq-qes5-P-vP5KmTu_eVM 200 in 46ms (next.js: 3ms, application-code: 42ms)
 GET /api/auth-config 200 in 8ms (next.js: 2ms, application-code: 6ms)
 GET /sign-up?next=invite%3AMhIcc_ceoRzpmZcav1JOczgq-qes5-P-vP5KmTu_eVM 200 in 17ms (next.js: 3ms, application-code: 14ms)
 POST /api/beta/check 200 in 10ms (next.js: 3ms, application-code: 7ms)
 POST /api/auth/sign-up/email 200 in 95ms (next.js: 15ms, application-code: 79ms)
 GET /api/test/outbox?email=beta-invitee-82ab2845%40flowline-e2e.test 200 in 7ms (next.js: 2ms, application-code: 5ms)
 GET /verify-email?token=X68VXKeWRiUpCNGs5xzN2OB2OS3dfEdlOnjJagKeGqA&callbackURL=%2Fsign-in%3Fnext%3Dinvite%253AMhIcc_ceoRzpmZcav1JOczgq-qes5-P-vP5KmTu_eVM 200 in 24ms (next.js: 2ms, application-code: 22ms)
 POST /api/email 200 in 21ms (next.js: 3ms, application-code: 18ms)
 GET /sign-in?next=invite%3AMhIcc_ceoRzpmZcav1JOczgq-qes5-P-vP5KmTu_eVM 200 in 17ms (next.js: 3ms, application-code: 14ms)
 GET /api/auth-config 200 in 7ms (next.js: 1.9ms, application-code: 5ms)
 POST /api/auth/sign-in/email 200 in 85ms (next.js: 16ms, application-code: 69ms)
 GET /app?next=invite%3AMhIcc_ceoRzpmZcav1JOczgq-qes5-P-vP5KmTu_eVM 200 in 25ms (next.js: 3ms, application-code: 22ms)
 GET /app?next=invite%3AMhIcc_ceoRzpmZcav1JOczgq-qes5-P-vP5KmTu_eVM 200 in 26ms (next.js: 3ms, application-code: 23ms)
 GET /invite/MhIcc_ceoRzpmZcav1JOczgq-qes5-P-vP5KmTu_eVM 200 in 40ms (next.js: 16ms, application-code: 25ms)
 GET /invite/MhIcc_ceoRzpmZcav1JOczgq-qes5-P-vP5KmTu_eVM 200 in 34ms (next.js: 3ms, application-code: 31ms)
 GET /api/invites/MhIcc_ceoRzpmZcav1JOczgq-qes5-P-vP5KmTu_eVM 200 in 34ms (next.js: 15ms, application-code: 19ms)
 POST /api/invites/MhIcc_ceoRzpmZcav1JOczgq-qes5-P-vP5KmTu_eVM 200 in 30ms (next.js: 2ms, application-code: 28ms)
 GET /w/beta-invite-co-18/flows 200 in 50ms (next.js: 17ms, application-code: 33ms)
 GET /api/health 200 in 9ms (next.js: 3ms, application-code: 5ms)
 GET /api/workspaces/f262544c-d9e1-41f9-9d46-3bc647f7e151/flows 200 in 72ms (next.js: 56ms, application-code: 16ms)
 GET /api/workspaces/f262544c-d9e1-41f9-9d46-3bc647f7e151/usage 200 in 76ms (next.js: 38ms, application-code: 38ms)
 GET /api/workspaces/f262544c-d9e1-41f9-9d46-3bc647f7e151/overview 200 in 87ms (next.js: 18ms, application-code: 68ms)
 POST /api/auth/sign-up/email 200 in 102ms (next.js: 21ms, application-code: 82ms)
 GET /api/test/outbox?email=e2e-4d110627%40flowline-e2e.test 200 in 8ms (next.js: 1.9ms, application-code: 6ms)
 POST /api/email 200 in 25ms (next.js: 2ms, application-code: 22ms)
 POST /api/auth/sign-in/email 200 in 80ms (next.js: 3ms, application-code: 78ms)
 POST /api/workspaces 201 in 36ms (next.js: 2ms, application-code: 34ms)
 POST /api/onboarding 200 in 21ms (next.js: 2ms, application-code: 19ms)
 POST /api/workspaces/98e796ab-3a29-46dc-81dc-6466113a22a4/flows 201 in 31ms (next.js: 3ms, application-code: 28ms)
 GET /w/e2e-6aad6f/flows/4526e45a-b19a-4928-b878-3678dbf16d19 200 in 77ms (next.js: 18ms, application-code: 59ms)
 GET /api/health 200 in 8ms (next.js: 3ms, application-code: 5ms)
 GET /api/flows/4526e45a-b19a-4928-b878-3678dbf16d19 200 in 34ms (next.js: 22ms, application-code: 12ms)
 GET /api/flows/4526e45a-b19a-4928-b878-3678dbf16d19/publish 200 in 64ms (next.js: 18ms, application-code: 46ms)
 GET /api/flows/4526e45a-b19a-4928-b878-3678dbf16d19/runs 200 in 32ms (next.js: 18ms, application-code: 14ms)
 GET /api/integrations/catalog 200 in 35ms (next.js: 3ms, application-code: 32ms)
 GET /api/workspaces/98e796ab-3a29-46dc-81dc-6466113a22a4/ai 200 in 34ms (next.js: 16ms, application-code: 18ms)
 PUT /api/flows/4526e45a-b19a-4928-b878-3678dbf16d19 200 in 35ms (next.js: 13ms, application-code: 22ms)
 GET /api/flows/4526e45a-b19a-4928-b878-3678dbf16d19 200 in 14ms (next.js: 2ms, application-code: 12ms)
 POST /api/auth/sign-up/email 200 in 95ms (next.js: 15ms, application-code: 80ms)
 GET /api/test/outbox?email=e2e-80ef3e5f%40flowline-e2e.test 200 in 8ms (next.js: 2ms, application-code: 6ms)
 POST /api/email 200 in 21ms (next.js: 2.0ms, application-code: 19ms)
 POST /api/auth/sign-in/email 200 in 71ms (next.js: 2ms, application-code: 68ms)
 POST /api/workspaces 201 in 33ms (next.js: 2ms, application-code: 31ms)
 POST /api/onboarding 200 in 21ms (next.js: 3ms, application-code: 18ms)
 POST /api/workspaces/edd8c5f1-7a44-4341-89a5-4d55b9341bdf/flows 201 in 44ms (next.js: 17ms, application-code: 27ms)
 GET /w/e2e-e6923c/flows 200 in 71ms (next.js: 19ms, application-code: 51ms)
 GET /api/health 200 in 11ms (next.js: 3ms, application-code: 8ms)
 GET /api/workspaces/edd8c5f1-7a44-4341-89a5-4d55b9341bdf/flows 200 in 64ms (next.js: 24ms, application-code: 41ms)
 GET /api/workspaces/edd8c5f1-7a44-4341-89a5-4d55b9341bdf/usage 200 in 67ms (next.js: 45ms, application-code: 22ms)
 GET /api/workspaces/edd8c5f1-7a44-4341-89a5-4d55b9341bdf/overview 200 in 78ms (next.js: 20ms, application-code: 58ms)
 GET /w/e2e-e6923c/templates 200 in 89ms (next.js: 16ms, application-code: 73ms)
 GET /api/health 200 in 8ms (next.js: 3ms, application-code: 5ms)
 GET /api/workspaces/edd8c5f1-7a44-4341-89a5-4d55b9341bdf/connections 200 in 47ms (next.js: 32ms, application-code: 14ms)
 GET /api/workspaces/edd8c5f1-7a44-4341-89a5-4d55b9341bdf/ai 200 in 50ms (next.js: 17ms, application-code: 33ms)
 GET /w/e2e-e6923c/runs 200 in 69ms (next.js: 17ms, application-code: 52ms)
 GET /api/health 200 in 7ms (next.js: 2ms, application-code: 5ms)
 GET /api/workspaces/edd8c5f1-7a44-4341-89a5-4d55b9341bdf/runs?limit=25 200 in 35ms (next.js: 17ms, application-code: 18ms)
 GET /w/e2e-e6923c/integrations 200 in 69ms (next.js: 15ms, application-code: 54ms)
 GET /api/health 200 in 9ms (next.js: 4ms, application-code: 5ms)
 GET /api/workspaces/edd8c5f1-7a44-4341-89a5-4d55b9341bdf/connections 200 in 29ms (next.js: 17ms, application-code: 12ms)
 GET /api/integrations/catalog?workspaceId=edd8c5f1-7a44-4341-89a5-4d55b9341bdf 200 in 43ms (next.js: 3ms, application-code: 40ms)
 GET /w/e2e-e6923c/agents 200 in 69ms (next.js: 16ms, application-code: 52ms)
 GET /api/health 200 in 7ms (next.js: 2.0ms, application-code: 5ms)
 GET /api/workspaces/edd8c5f1-7a44-4341-89a5-4d55b9341bdf/agents 200 in 32ms (next.js: 19ms, application-code: 13ms)
 GET /w/e2e-e6923c/knowledge 200 in 70ms (next.js: 16ms, application-code: 54ms)
 GET /api/health 200 in 9ms (next.js: 3ms, application-code: 6ms)
 GET /api/workspaces/edd8c5f1-7a44-4341-89a5-4d55b9341bdf/knowledge 200 in 34ms (next.js: 21ms, application-code: 14ms)
 GET /w/e2e-e6923c/settings 200 in 68ms (next.js: 19ms, application-code: 50ms)
 GET /api/health 200 in 8ms (next.js: 3ms, application-code: 5ms)
 GET /api/workspaces/edd8c5f1-7a44-4341-89a5-4d55b9341bdf/members 200 in 45ms (next.js: 17ms, application-code: 29ms)
 GET /api/workspaces/edd8c5f1-7a44-4341-89a5-4d55b9341bdf/invites 200 in 46ms (next.js: 33ms, application-code: 13ms)
 GET /w/e2e-e6923c/canvas 307 in 84ms (next.js: 17ms, application-code: 67ms)
 GET /w/e2e-e6923c/flows/d90d56b8-fdde-40de-b9b7-d57b97e2eac6 200 in 68ms (next.js: 16ms, application-code: 52ms)
 GET /api/health 200 in 8ms (next.js: 3ms, application-code: 5ms)
 GET /api/flows/d90d56b8-fdde-40de-b9b7-d57b97e2eac6 200 in 36ms (next.js: 22ms, application-code: 14ms)
 GET /api/flows/d90d56b8-fdde-40de-b9b7-d57b97e2eac6/publish 200 in 59ms (next.js: 18ms, application-code: 41ms)
 GET /api/flows/d90d56b8-fdde-40de-b9b7-d57b97e2eac6/runs 200 in 36ms (next.js: 20ms, application-code: 16ms)
 POST /api/auth/sign-up/email 200 in 94ms (next.js: 15ms, application-code: 80ms)
 GET /api/test/outbox?email=e2e-653fb63e%40flowline-e2e.test 200 in 7ms (next.js: 2ms, application-code: 5ms)
 POST /api/email 200 in 21ms (next.js: 3ms, application-code: 18ms)
 POST /api/auth/sign-in/email 200 in 67ms (next.js: 2.0ms, application-code: 65ms)
 POST /api/workspaces 201 in 23ms (next.js: 2ms, application-code: 21ms)
 POST /api/onboarding 200 in 22ms (next.js: 2ms, application-code: 20ms)
 POST /api/workspaces/39809bcf-6aa8-420b-a4c9-0a72fb0fce1f/flows 201 in 30ms (next.js: 17ms, application-code: 13ms)
 GET /w/e2e-aaae50/flows 200 in 70ms (next.js: 16ms, application-code: 54ms)
 GET /api/health 200 in 9ms (next.js: 3ms, application-code: 6ms)
 GET /api/workspaces/39809bcf-6aa8-420b-a4c9-0a72fb0fce1f/flows 200 in 57ms (next.js: 41ms, application-code: 16ms)
 GET /api/workspaces/39809bcf-6aa8-420b-a4c9-0a72fb0fce1f/usage 200 in 58ms (next.js: 37ms, application-code: 21ms)
 GET /api/workspaces/39809bcf-6aa8-420b-a4c9-0a72fb0fce1f/overview 200 in 68ms (next.js: 19ms, application-code: 49ms)
 GET /w/e2e-aaae50/templates 200 in 85ms (next.js: 17ms, application-code: 68ms)
 GET /api/health 200 in 9ms (next.js: 3ms, application-code: 6ms)
 GET /api/workspaces/39809bcf-6aa8-420b-a4c9-0a72fb0fce1f/connections 200 in 49ms (next.js: 36ms, application-code: 13ms)
 GET /api/workspaces/39809bcf-6aa8-420b-a4c9-0a72fb0fce1f/ai 200 in 53ms (next.js: 18ms, application-code: 35ms)
 GET /w/e2e-aaae50/runs 200 in 65ms (next.js: 17ms, application-code: 48ms)
 GET /api/health 200 in 8ms (next.js: 2ms, application-code: 6ms)
 GET /api/workspaces/39809bcf-6aa8-420b-a4c9-0a72fb0fce1f/runs?limit=25 200 in 32ms (next.js: 15ms, application-code: 16ms)
 GET /w/e2e-aaae50/integrations 200 in 67ms (next.js: 16ms, application-code: 50ms)
 GET /api/health 200 in 12ms (next.js: 2ms, application-code: 9ms)
 GET /api/workspaces/39809bcf-6aa8-420b-a4c9-0a72fb0fce1f/connections 200 in 32ms (next.js: 17ms, application-code: 15ms)
 GET /api/integrations/catalog?workspaceId=39809bcf-6aa8-420b-a4c9-0a72fb0fce1f 200 in 44ms (next.js: 2ms, application-code: 42ms)
 GET /w/e2e-aaae50/agents 200 in 63ms (next.js: 15ms, application-code: 48ms)
 GET /api/health 200 in 7ms (next.js: 3ms, application-code: 5ms)
 GET /api/workspaces/39809bcf-6aa8-420b-a4c9-0a72fb0fce1f/agents 200 in 45ms (next.js: 17ms, application-code: 28ms)
 GET /w/e2e-aaae50/knowledge 200 in 65ms (next.js: 16ms, application-code: 49ms)
 GET /api/health 200 in 9ms (next.js: 3ms, application-code: 6ms)
 GET /api/workspaces/39809bcf-6aa8-420b-a4c9-0a72fb0fce1f/knowledge 200 in 39ms (next.js: 19ms, application-code: 21ms)
 GET /w/e2e-aaae50/settings 200 in 61ms (next.js: 15ms, application-code: 46ms)
 GET /api/health 200 in 7ms (next.js: 2ms, application-code: 4ms)
 GET /api/workspaces/39809bcf-6aa8-420b-a4c9-0a72fb0fce1f/invites 200 in 45ms (next.js: 17ms, application-code: 28ms)
 GET /api/workspaces/39809bcf-6aa8-420b-a4c9-0a72fb0fce1f/members 200 in 45ms (next.js: 33ms, application-code: 12ms)
 GET /w/e2e-aaae50/canvas 307 in 80ms (next.js: 15ms, application-code: 65ms)
 GET /w/e2e-aaae50/flows/325bc0ef-98a3-4bae-91bf-2c50084ddde7 200 in 79ms (next.js: 17ms, application-code: 62ms)
 GET /api/health 200 in 8ms (next.js: 3ms, application-code: 6ms)
 GET /api/flows/325bc0ef-98a3-4bae-91bf-2c50084ddde7 200 in 49ms (next.js: 20ms, application-code: 29ms)
 GET /api/flows/325bc0ef-98a3-4bae-91bf-2c50084ddde7/publish 200 in 56ms (next.js: 20ms, application-code: 36ms)
 GET /api/flows/325bc0ef-98a3-4bae-91bf-2c50084ddde7/runs 200 in 31ms (next.js: 17ms, application-code: 14ms)
 POST /api/auth/sign-up/email 200 in 106ms (next.js: 16ms, application-code: 91ms)
 GET /api/test/outbox?email=e2e-ab99fe0b%40flowline-e2e.test 200 in 11ms (next.js: 3ms, application-code: 8ms)
 POST /api/email 200 in 21ms (next.js: 3ms, application-code: 19ms)
 POST /api/auth/sign-in/email 200 in 73ms (next.js: 2ms, application-code: 71ms)
 POST /api/workspaces 201 in 32ms (next.js: 2ms, application-code: 29ms)
 POST /api/onboarding 200 in 20ms (next.js: 2ms, application-code: 18ms)
 POST /api/workspaces/e264b379-eeea-4e5f-85ec-674458ac235e/flows 201 in 30ms (next.js: 15ms, application-code: 15ms)
 GET /w/e2e-c61959/flows 200 in 74ms (next.js: 17ms, application-code: 57ms)
 GET /api/health 200 in 9ms (next.js: 3ms, application-code: 6ms)
 GET /api/workspaces/e264b379-eeea-4e5f-85ec-674458ac235e/usage 200 in 54ms (next.js: 35ms, application-code: 19ms)
 GET /api/workspaces/e264b379-eeea-4e5f-85ec-674458ac235e/flows 200 in 55ms (next.js: 39ms, application-code: 16ms)
 GET /api/workspaces/e264b379-eeea-4e5f-85ec-674458ac235e/overview 200 in 66ms (next.js: 18ms, application-code: 48ms)
 GET /w/e2e-c61959/templates 200 in 85ms (next.js: 16ms, application-code: 69ms)
 GET /api/health 200 in 8ms (next.js: 3ms, application-code: 5ms)
 GET /api/workspaces/e264b379-eeea-4e5f-85ec-674458ac235e/connections 200 in 29ms (next.js: 17ms, application-code: 12ms)
 GET /api/workspaces/e264b379-eeea-4e5f-85ec-674458ac235e/ai 200 in 50ms (next.js: 16ms, application-code: 34ms)
 GET /w/e2e-c61959/runs 200 in 65ms (next.js: 16ms, application-code: 49ms)
 GET /api/health 200 in 8ms (next.js: 2ms, application-code: 5ms)
 GET /api/workspaces/e264b379-eeea-4e5f-85ec-674458ac235e/runs?limit=25 200 in 37ms (next.js: 17ms, application-code: 20ms)
 GET /w/e2e-c61959/integrations 200 in 63ms (next.js: 15ms, application-code: 48ms)
 GET /api/health 200 in 6ms (next.js: 2.0ms, application-code: 4ms)
 GET /api/workspaces/e264b379-eeea-4e5f-85ec-674458ac235e/connections 200 in 26ms (next.js: 15ms, application-code: 11ms)
 GET /api/integrations/catalog?workspaceId=e264b379-eeea-4e5f-85ec-674458ac235e 200 in 39ms (next.js: 3ms, application-code: 36ms)
 GET /w/e2e-c61959/agents 200 in 73ms (next.js: 15ms, application-code: 58ms)
 GET /api/health 200 in 7ms (next.js: 2ms, application-code: 5ms)
 GET /api/workspaces/e264b379-eeea-4e5f-85ec-674458ac235e/agents 200 in 29ms (next.js: 16ms, application-code: 13ms)
 GET /w/e2e-c61959/knowledge 200 in 65ms (next.js: 16ms, application-code: 49ms)
 GET /api/health 200 in 7ms (next.js: 2ms, application-code: 5ms)
 GET /api/workspaces/e264b379-eeea-4e5f-85ec-674458ac235e/knowledge 200 in 29ms (next.js: 19ms, application-code: 10ms)
 GET /w/e2e-c61959/settings 200 in 63ms (next.js: 15ms, application-code: 49ms)
 GET /api/health 200 in 9ms (next.js: 3ms, application-code: 6ms)
 GET /api/workspaces/e264b379-eeea-4e5f-85ec-674458ac235e/members 200 in 52ms (next.js: 21ms, application-code: 31ms)
 GET /api/workspaces/e264b379-eeea-4e5f-85ec-674458ac235e/invites 200 in 29ms (next.js: 16ms, application-code: 13ms)
 GET /w/e2e-c61959/canvas 307 in 96ms (next.js: 16ms, application-code: 80ms)
 GET /w/e2e-c61959/flows/14ebacc1-e44f-4507-b276-c645953af748 200 in 72ms (next.js: 17ms, application-code: 55ms)
 GET /api/health 200 in 8ms (next.js: 3ms, application-code: 5ms)
 GET /api/flows/14ebacc1-e44f-4507-b276-c645953af748 200 in 29ms (next.js: 16ms, application-code: 13ms)
 GET /api/flows/14ebacc1-e44f-4507-b276-c645953af748/publish 200 in 52ms (next.js: 16ms, application-code: 36ms)
 GET /api/flows/14ebacc1-e44f-4507-b276-c645953af748/runs 200 in 30ms (next.js: 16ms, application-code: 14ms)
 GET / 200 in 45ms (next.js: 3ms, application-code: 42ms)
 GET /sign-up 200 in 21ms (next.js: 3ms, application-code: 18ms)
 GET /api/auth-config 200 in 9ms (next.js: 2.0ms, application-code: 7ms)
 POST /api/auth/sign-up/email 200 in 100ms (next.js: 17ms, application-code: 83ms)
 GET /api/me 401 in 11ms (next.js: 2ms, application-code: 8ms)
 GET /api/test/outbox?email=journey-1f00a596%40flowline-e2e.test 200 in 8ms (next.js: 1.8ms, application-code: 6ms)
 GET /verify-email?token=vfKA9tkTM294d5XbRcvxAXkg1XVDXBXiDoSBzPw7TYI&callbackURL=%2Fsign-in 200 in 26ms (next.js: 3ms, application-code: 23ms)
 POST /api/email 200 in 22ms (next.js: 2ms, application-code: 19ms)
 GET /sign-in 200 in 20ms (next.js: 3ms, application-code: 17ms)
 GET /api/auth-config 200 in 8ms (next.js: 3ms, application-code: 6ms)
 POST /api/auth/sign-in/email 200 in 83ms (next.js: 14ms, application-code: 68ms)
 GET /app 200 in 27ms (next.js: 3ms, application-code: 24ms)
 GET /app 200 in 29ms (next.js: 3ms, application-code: 26ms)
 GET /onboarding 200 in 32ms (next.js: 4ms, application-code: 28ms)
 GET /onboarding 200 in 32ms (next.js: 3ms, application-code: 29ms)
 POST /api/workspaces 201 in 39ms (next.js: 3ms, application-code: 36ms)
 POST /api/workspaces/dac5e557-5c46-47df-bd38-b6d82d5614e3/flows 201 in 44ms (next.js: 15ms, application-code: 29ms)
 POST /api/onboarding 200 in 26ms (next.js: 2ms, application-code: 24ms)
 GET /w/journey-co-18/flows/35133a50-2644-46c0-b8ae-1546d7714b9b 200 in 52ms (next.js: 16ms, application-code: 36ms)
 GET /api/health 200 in 8ms (next.js: 3ms, application-code: 5ms)
 GET /api/flows/35133a50-2644-46c0-b8ae-1546d7714b9b 200 in 38ms (next.js: 18ms, application-code: 20ms)
 GET /api/flows/35133a50-2644-46c0-b8ae-1546d7714b9b/publish 200 in 51ms (next.js: 16ms, application-code: 35ms)
 GET /api/flows/35133a50-2644-46c0-b8ae-1546d7714b9b/runs 200 in 30ms (next.js: 16ms, application-code: 14ms)
 GET /api/integrations/catalog 200 in 52ms (next.js: 3ms, application-code: 49ms)
 GET /api/workspaces/dac5e557-5c46-47df-bd38-b6d82d5614e3/ai 200 in 41ms (next.js: 21ms, application-code: 20ms)
 PUT /api/flows/35133a50-2644-46c0-b8ae-1546d7714b9b 200 in 39ms (next.js: 19ms, application-code: 20ms)
 GET /w/journey-co-18/flows/35133a50-2644-46c0-b8ae-1546d7714b9b 200 in 72ms (next.js: 22ms, application-code: 50ms)
 GET /api/health 200 in 12ms (next.js: 5ms, application-code: 7ms)
 GET /api/flows/35133a50-2644-46c0-b8ae-1546d7714b9b 200 in 18ms (next.js: 6ms, application-code: 12ms)
 GET /api/flows/35133a50-2644-46c0-b8ae-1546d7714b9b/publish 200 in 54ms (next.js: 19ms, application-code: 35ms)
 GET /api/flows/35133a50-2644-46c0-b8ae-1546d7714b9b/runs 200 in 35ms (next.js: 20ms, application-code: 15ms)
2026-09-29T09:42:47.658Z [worker] run 8a2583f8-ce73-4178-850f-c1ebe4aa1462 claimed
 POST /api/flows/35133a50-2644-46c0-b8ae-1546d7714b9b/runs 202 in 61ms (next.js: 3ms, application-code: 59ms)
2026-09-29T09:42:47.707Z [worker] run 8a2583f8-ce73-4178-850f-c1ebe4aa1462 done
 GET /api/flows/35133a50-2644-46c0-b8ae-1546d7714b9b/runs 200 in 38ms (next.js: 3ms, application-code: 35ms)
 GET /api/runs/8a2583f8-ce73-4178-850f-c1ebe4aa1462 200 in 41ms (next.js: 21ms, application-code: 19ms)
 GET /w/journey-co-18/runs?run=8a2583f8-ce73-4178-850f-c1ebe4aa1462 200 in 34ms (next.js: 21ms, application-code: 13ms)
 GET /api/workspaces/dac5e557-5c46-47df-bd38-b6d82d5614e3/runs?limit=25 200 in 33ms (next.js: 18ms, application-code: 15ms)
 GET /api/flows/35133a50-2644-46c0-b8ae-1546d7714b9b 200 in 40ms (next.js: 17ms, application-code: 22ms)
 GET /api/flows/35133a50-2644-46c0-b8ae-1546d7714b9b/runs 200 in 32ms (next.js: 16ms, application-code: 15ms)
 GET /api/runs/8a2583f8-ce73-4178-850f-c1ebe4aa1462 200 in 22ms (next.js: 2ms, application-code: 20ms)
 GET /api/flows/35133a50-2644-46c0-b8ae-1546d7714b9b/versions 200 in 38ms (next.js: 17ms, application-code: 21ms)
 POST /api/auth/sign-up/email 200 in 116ms (next.js: 19ms, application-code: 97ms)
 GET /api/test/outbox?email=e2e-f88d9e18%40flowline-e2e.test 200 in 9ms (next.js: 3ms, application-code: 6ms)
 POST /api/email 200 in 29ms (next.js: 4ms, application-code: 24ms)
 POST /api/auth/sign-in/email 200 in 113ms (next.js: 2ms, application-code: 111ms)
 POST /api/workspaces 201 in 32ms (next.js: 5ms, application-code: 27ms)
 POST /api/onboarding 200 in 25ms (next.js: 5ms, application-code: 20ms)
 POST /api/workspaces/b13f448b-0160-4e4e-a86d-4ac7202f3a3b/flows 201 in 33ms (next.js: 18ms, application-code: 15ms)
 POST /api/workspaces/b13f448b-0160-4e4e-a86d-4ac7202f3a3b/connections 201 in 50ms (next.js: 20ms, application-code: 30ms)
 PUT /api/flows/84d970db-7d01-4ce2-9133-547824050fd2 200 in 23ms (next.js: 2ms, application-code: 21ms)
 GET /w/e2e-c48e45/flows/84d970db-7d01-4ce2-9133-547824050fd2 200 in 77ms (next.js: 17ms, application-code: 60ms)
 GET /api/health 200 in 8ms (next.js: 3ms, application-code: 5ms)
 GET /api/flows/84d970db-7d01-4ce2-9133-547824050fd2 200 in 36ms (next.js: 19ms, application-code: 18ms)
 GET /api/flows/84d970db-7d01-4ce2-9133-547824050fd2/publish 200 in 60ms (next.js: 17ms, application-code: 43ms)
 GET /api/flows/84d970db-7d01-4ce2-9133-547824050fd2/runs 200 in 37ms (next.js: 18ms, application-code: 19ms)
 POST /api/flows/84d970db-7d01-4ce2-9133-547824050fd2/runs 202 in 53ms (next.js: 3ms, application-code: 50ms)
2026-09-29T09:42:50.125Z [worker] run 6a03d378-6043-4ea6-a5b6-5195d654d320 claimed
2026-09-29T09:42:50.168Z [worker] run 6a03d378-6043-4ea6-a5b6-5195d654d320 done
 GET /api/flows/84d970db-7d01-4ce2-9133-547824050fd2/runs 200 in 41ms (next.js: 2ms, application-code: 38ms)
 GET /api/runs/6a03d378-6043-4ea6-a5b6-5195d654d320 200 in 42ms (next.js: 18ms, application-code: 23ms)
 GET /w/e2e-c48e45/runs?run=6a03d378-6043-4ea6-a5b6-5195d654d320 200 in 31ms (next.js: 18ms, application-code: 13ms)
 GET /api/workspaces/b13f448b-0160-4e4e-a86d-4ac7202f3a3b/runs?limit=25 200 in 48ms (next.js: 18ms, application-code: 30ms)
 GET /api/flows/84d970db-7d01-4ce2-9133-547824050fd2/runs 200 in 46ms (next.js: 15ms, application-code: 30ms)
 POST /api/approvals/c7fbadd5-80df-47fe-a251-5099c23c7e59/decide 200 in 61ms (next.js: 34ms, application-code: 27ms)
2026-09-29T09:42:51.275Z [worker] run 6a03d378-6043-4ea6-a5b6-5195d654d320 claimed
 GET /api/runs/6a03d378-6043-4ea6-a5b6-5195d654d320 200 in 48ms (next.js: 16ms, application-code: 32ms)
2026-09-29T09:42:51.348Z [worker] run 6a03d378-6043-4ea6-a5b6-5195d654d320 done
 GET /api/flows/84d970db-7d01-4ce2-9133-547824050fd2/runs 200 in 23ms (next.js: 3ms, application-code: 21ms)
 POST /api/auth/sign-up/email 200 in 100ms (next.js: 14ms, application-code: 85ms)
 GET /api/test/outbox?email=e2e-5f1c7721%40flowline-e2e.test 200 in 8ms (next.js: 2ms, application-code: 6ms)
 POST /api/email 200 in 23ms (next.js: 2.0ms, application-code: 21ms)
 POST /api/auth/sign-in/email 200 in 73ms (next.js: 2.0ms, application-code: 71ms)
 POST /api/workspaces 201 in 25ms (next.js: 2ms, application-code: 23ms)
 POST /api/onboarding 200 in 22ms (next.js: 2ms, application-code: 20ms)
 GET /w/e2e-5f4f78/settings 200 in 71ms (next.js: 18ms, application-code: 53ms)
 GET /api/health 200 in 8ms (next.js: 3ms, application-code: 4ms)
 GET /api/workspaces/7b800ca2-56a1-4edb-9f35-ab53d4025e9a/members 200 in 54ms (next.js: 19ms, application-code: 35ms)
 GET /api/workspaces/7b800ca2-56a1-4edb-9f35-ab53d4025e9a/invites 200 in 54ms (next.js: 41ms, application-code: 14ms)
 POST /api/workspaces/7b800ca2-56a1-4edb-9f35-ab53d4025e9a/invites 201 in 36ms (next.js: 3ms, application-code: 33ms)
 GET /api/workspaces/7b800ca2-56a1-4edb-9f35-ab53d4025e9a/members 200 in 17ms (next.js: 2ms, application-code: 14ms)
 GET /api/workspaces/7b800ca2-56a1-4edb-9f35-ab53d4025e9a/invites 200 in 13ms (next.js: 3ms, application-code: 11ms)
 POST /api/auth/sign-up/email 200 in 96ms (next.js: 15ms, application-code: 81ms)
 GET /api/test/outbox?email=viewer-3f20b58e%40flowline-e2e.test 200 in 9ms (next.js: 2ms, application-code: 7ms)
 POST /api/email 200 in 22ms (next.js: 2ms, application-code: 19ms)
 POST /api/auth/sign-in/email 200 in 76ms (next.js: 2.0ms, application-code: 74ms)
 GET /invite/g7x0rrKxRDqTpRvtUCYVen4VDcMVPTM-RJeHiZ3-8vg 200 in 65ms (next.js: 26ms, application-code: 39ms)
 GET /api/invites/g7x0rrKxRDqTpRvtUCYVen4VDcMVPTM-RJeHiZ3-8vg 200 in 41ms (next.js: 20ms, application-code: 21ms)
 POST /api/invites/g7x0rrKxRDqTpRvtUCYVen4VDcMVPTM-RJeHiZ3-8vg 200 in 40ms (next.js: 2ms, application-code: 37ms)
 GET /w/e2e-5f4f78/flows 200 in 56ms (next.js: 22ms, application-code: 34ms)
 GET /api/health 200 in 9ms (next.js: 3ms, application-code: 6ms)
 GET /api/workspaces/7b800ca2-56a1-4edb-9f35-ab53d4025e9a/flows 200 in 90ms (next.js: 15ms, application-code: 74ms)
 GET /api/workspaces/7b800ca2-56a1-4edb-9f35-ab53d4025e9a/usage 200 in 93ms (next.js: 70ms, application-code: 23ms)
 GET /api/workspaces/7b800ca2-56a1-4edb-9f35-ab53d4025e9a/overview 200 in 109ms (next.js: 54ms, application-code: 55ms)
 POST /api/workspaces/7b800ca2-56a1-4edb-9f35-ab53d4025e9a/connections 201 in 115ms (next.js: 32ms, application-code: 83ms)
 POST /api/workspaces/7b800ca2-56a1-4edb-9f35-ab53d4025e9a/flows 201 in 29ms (next.js: 3ms, application-code: 26ms)
 PUT /api/flows/99540e93-70b0-4272-8368-11135c0d650c 200 in 45ms (next.js: 17ms, application-code: 28ms)
 POST /api/flows/99540e93-70b0-4272-8368-11135c0d650c/runs 202 in 94ms (next.js: 18ms, application-code: 76ms)
2026-09-29T09:42:54.157Z [worker] run 9f747f41-807b-45d5-ac80-68aff2db2692 claimed
2026-09-29T09:42:54.200Z [worker] run 9f747f41-807b-45d5-ac80-68aff2db2692 done
 GET /api/runs/9f747f41-807b-45d5-ac80-68aff2db2692 200 in 56ms (next.js: 18ms, application-code: 39ms)
 GET /api/runs/9f747f41-807b-45d5-ac80-68aff2db2692 200 in 21ms (next.js: 3ms, application-code: 18ms)
 GET /w/e2e-5f4f78/runs?run=9f747f41-807b-45d5-ac80-68aff2db2692 200 in 66ms (next.js: 16ms, application-code: 50ms)
 GET /api/health 200 in 10ms (next.js: 3ms, application-code: 7ms)
 GET /api/workspaces/7b800ca2-56a1-4edb-9f35-ab53d4025e9a/runs?limit=25 200 in 67ms (next.js: 30ms, application-code: 37ms)
 GET /api/runs/9f747f41-807b-45d5-ac80-68aff2db2692 200 in 79ms (next.js: 37ms, application-code: 41ms)
 GET /api/workspaces/7b800ca2-56a1-4edb-9f35-ab53d4025e9a/approvals 200 in 36ms (next.js: 18ms, application-code: 19ms)
 POST /api/approvals/f76430e9-18bc-445a-ae92-697d7042d212/decide 403 in 27ms (next.js: 16ms, application-code: 11ms)
 GET /api/runs/9f747f41-807b-45d5-ac80-68aff2db2692 200 in 27ms (next.js: 3ms, application-code: 24ms)
 GET /w/e2e-5f4f78/settings 200 in 75ms (next.js: 20ms, application-code: 56ms)
 GET /api/health 200 in 8ms (next.js: 2ms, application-code: 6ms)
 GET /api/workspaces/7b800ca2-56a1-4edb-9f35-ab53d4025e9a/invites 200 in 46ms (next.js: 34ms, application-code: 13ms)
 GET /api/workspaces/7b800ca2-56a1-4edb-9f35-ab53d4025e9a/members 200 in 48ms (next.js: 17ms, application-code: 31ms)
 PATCH /api/workspaces/7b800ca2-56a1-4edb-9f35-ab53d4025e9a/members/8363d5e6-4035-4807-b94a-3b0a2f8f2fa2 200 in 46ms (next.js: 23ms, application-code: 23ms)
 GET /api/workspaces/7b800ca2-56a1-4edb-9f35-ab53d4025e9a/members 200 in 22ms (next.js: 4ms, application-code: 19ms)
 GET /api/workspaces/7b800ca2-56a1-4edb-9f35-ab53d4025e9a/invites 200 in 23ms (next.js: 8ms, application-code: 14ms)
 GET /w/e2e-5f4f78/runs?run=9f747f41-807b-45d5-ac80-68aff2db2692 200 in 79ms (next.js: 21ms, application-code: 58ms)
 GET /api/health 200 in 9ms (next.js: 3ms, application-code: 6ms)
 GET /api/workspaces/7b800ca2-56a1-4edb-9f35-ab53d4025e9a/runs?limit=25 200 in 59ms (next.js: 19ms, application-code: 40ms)
 GET /api/runs/9f747f41-807b-45d5-ac80-68aff2db2692 200 in 67ms (next.js: 40ms, application-code: 27ms)
 GET /api/runs/9f747f41-807b-45d5-ac80-68aff2db2692 200 in 33ms (next.js: 2ms, application-code: 30ms)
 POST /api/approvals/f76430e9-18bc-445a-ae92-697d7042d212/decide 200 in 62ms (next.js: 19ms, application-code: 43ms)
2026-09-29T09:42:56.155Z [worker] run 9f747f41-807b-45d5-ac80-68aff2db2692 claimed
 GET /api/runs/9f747f41-807b-45d5-ac80-68aff2db2692 200 in 28ms (next.js: 3ms, application-code: 25ms)
2026-09-29T09:42:56.222Z [worker] run 9f747f41-807b-45d5-ac80-68aff2db2692 done
 GET /api/runs/9f747f41-807b-45d5-ac80-68aff2db2692 200 in 21ms (next.js: 2ms, application-code: 18ms)
 DELETE /api/workspaces/7b800ca2-56a1-4edb-9f35-ab53d4025e9a/members/8363d5e6-4035-4807-b94a-3b0a2f8f2fa2 200 in 48ms (next.js: 19ms, application-code: 30ms)
 GET /api/workspaces/7b800ca2-56a1-4edb-9f35-ab53d4025e9a/members 200 in 54ms (next.js: 18ms, application-code: 36ms)
 GET /api/workspaces/7b800ca2-56a1-4edb-9f35-ab53d4025e9a/invites 200 in 33ms (next.js: 19ms, application-code: 14ms)
 GET /api/workspaces/7b800ca2-56a1-4edb-9f35-ab53d4025e9a/flows 404 in 28ms (next.js: 18ms, application-code: 11ms)
 GET /api/workspaces/7b800ca2-56a1-4edb-9f35-ab53d4025e9a/audit 200 in 34ms (next.js: 19ms, application-code: 16ms)
 POST /api/auth/sign-up/email 200 in 93ms (next.js: 15ms, application-code: 78ms)
 GET /api/test/outbox?email=e2e-8d77f95d%40flowline-e2e.test 200 in 7ms (next.js: 2.0ms, application-code: 5ms)
 POST /api/email 200 in 20ms (next.js: 1.9ms, application-code: 18ms)
 POST /api/auth/sign-in/email 200 in 69ms (next.js: 2ms, application-code: 67ms)
 POST /api/workspaces 201 in 29ms (next.js: 2ms, application-code: 27ms)
 POST /api/onboarding 200 in 21ms (next.js: 2ms, application-code: 19ms)
 POST /api/workspaces/c9aca17c-eab5-49b0-8cc9-e78c1fc04c6b/flows 201 in 28ms (next.js: 15ms, application-code: 13ms)
 GET /w/e2e-5eb779/settings?tab=keys 200 in 66ms (next.js: 17ms, application-code: 49ms)
 GET /api/health 200 in 8ms (next.js: 3ms, application-code: 5ms)
 GET /api/workspaces/c9aca17c-eab5-49b0-8cc9-e78c1fc04c6b/api-keys 200 in 33ms (next.js: 18ms, application-code: 14ms)
 POST /api/workspaces/c9aca17c-eab5-49b0-8cc9-e78c1fc04c6b/api-keys 201 in 29ms (next.js: 3ms, application-code: 27ms)
 GET /api/workspaces/c9aca17c-eab5-49b0-8cc9-e78c1fc04c6b/api-keys 200 in 16ms (next.js: 3ms, application-code: 14ms)
 GET /api/v1/flows 403 in 12ms (next.js: 4ms, application-code: 8ms)
 GET /api/workspaces/c9aca17c-eab5-49b0-8cc9-e78c1fc04c6b/flows 200 in 21ms (next.js: 2ms, application-code: 19ms)
 POST /api/v1/flows/618e56e0-3445-42e2-b37e-617c4bfeaab2/runs 202 in 62ms (next.js: 16ms, application-code: 46ms)
2026-09-29T09:42:58.657Z [worker] run 1cf3f468-0ebb-4fae-a36d-f29efc328ffb claimed
2026-09-29T09:42:58.707Z [worker] run 1cf3f468-0ebb-4fae-a36d-f29efc328ffb done
 GET /w/e2e-5eb779/settings?tab=keys 200 in 64ms (next.js: 17ms, application-code: 47ms)
 GET /api/health 200 in 8ms (next.js: 3ms, application-code: 5ms)
 GET /api/workspaces/c9aca17c-eab5-49b0-8cc9-e78c1fc04c6b/api-keys 200 in 24ms (next.js: 2ms, application-code: 22ms)
 DELETE /api/workspaces/c9aca17c-eab5-49b0-8cc9-e78c1fc04c6b/api-keys/62b28428-1d46-42cd-94f0-a4257c6101fd 200 in 40ms (next.js: 19ms, application-code: 21ms)
 GET /api/workspaces/c9aca17c-eab5-49b0-8cc9-e78c1fc04c6b/api-keys 200 in 29ms (next.js: 2ms, application-code: 27ms)
 GET /api/workspaces/c9aca17c-eab5-49b0-8cc9-e78c1fc04c6b/flows 200 in 34ms (next.js: 19ms, application-code: 16ms)
 POST /api/v1/flows/618e56e0-3445-42e2-b37e-617c4bfeaab2/runs 401 in 8ms (next.js: 3ms, application-code: 5ms)
 POST /api/auth/sign-up/email 200 in 99ms (next.js: 16ms, application-code: 83ms)
 GET /api/test/outbox?email=e2e-bfa455bc%40flowline-e2e.test 200 in 8ms (next.js: 2ms, application-code: 5ms)
 POST /api/email 200 in 20ms (next.js: 2ms, application-code: 18ms)
 POST /api/auth/sign-in/email 200 in 73ms (next.js: 1.9ms, application-code: 71ms)
 POST /api/workspaces 201 in 34ms (next.js: 2ms, application-code: 32ms)
 POST /api/onboarding 200 in 21ms (next.js: 3ms, application-code: 19ms)
 POST /api/workspaces/033258ac-d18b-4f8f-a406-b8dcd6ba4c0c/ai/connections 201 in 65ms (next.js: 19ms, application-code: 45ms)
 PUT /api/workspaces/033258ac-d18b-4f8f-a406-b8dcd6ba4c0c/ai/default-route 200 in 44ms (next.js: 18ms, application-code: 26ms)
 PUT /api/workspaces/033258ac-d18b-4f8f-a406-b8dcd6ba4c0c/ai/policy 200 in 39ms (next.js: 18ms, application-code: 21ms)
 POST /api/workspaces/033258ac-d18b-4f8f-a406-b8dcd6ba4c0c/flows 201 in 17ms (next.js: 2ms, application-code: 14ms)
 PUT /api/flows/594fca7d-2d06-48b9-9118-42a7f5beb93e 200 in 41ms (next.js: 18ms, application-code: 23ms)
 POST /api/flows/594fca7d-2d06-48b9-9118-42a7f5beb93e/publish 201 in 58ms (next.js: 16ms, application-code: 42ms)
 GET /w/e2e-53ebeb/knowledge 200 in 79ms (next.js: 24ms, application-code: 56ms)
 GET /api/health 200 in 10ms (next.js: 4ms, application-code: 6ms)
 GET /api/workspaces/033258ac-d18b-4f8f-a406-b8dcd6ba4c0c/knowledge 200 in 37ms (next.js: 21ms, application-code: 16ms)
 POST /api/workspaces/033258ac-d18b-4f8f-a406-b8dcd6ba4c0c/knowledge 201 in 33ms (next.js: 3ms, application-code: 31ms)
2026-09-29T09:43:00.793Z [worker] knowledge source indexed
 GET /api/workspaces/033258ac-d18b-4f8f-a406-b8dcd6ba4c0c/knowledge 200 in 21ms (next.js: 2ms, application-code: 19ms)
 GET /w/e2e-53ebeb/agents 200 in 70ms (next.js: 21ms, application-code: 49ms)
 GET /api/health 200 in 10ms (next.js: 5ms, application-code: 5ms)
 GET /api/workspaces/033258ac-d18b-4f8f-a406-b8dcd6ba4c0c/agents 200 in 41ms (next.js: 23ms, application-code: 17ms)
 GET /w/e2e-53ebeb/agents/new 200 in 39ms (next.js: 25ms, application-code: 14ms)
 GET /api/workspaces/033258ac-d18b-4f8f-a406-b8dcd6ba4c0c/flows 200 in 58ms (next.js: 17ms, application-code: 41ms)
 GET /api/workspaces/033258ac-d18b-4f8f-a406-b8dcd6ba4c0c/knowledge 200 in 21ms (next.js: 5ms, application-code: 16ms)
 GET /api/workspaces/033258ac-d18b-4f8f-a406-b8dcd6ba4c0c/ai 200 in 72ms (next.js: 37ms, application-code: 36ms)
 GET /api/workspaces/033258ac-d18b-4f8f-a406-b8dcd6ba4c0c/ai/models 200 in 48ms (next.js: 23ms, application-code: 25ms)
 POST /api/workspaces/033258ac-d18b-4f8f-a406-b8dcd6ba4c0c/agents 201 in 34ms (next.js: 3ms, application-code: 32ms)
 GET /w/e2e-53ebeb/agents/87471881-e13e-4f27-a3a5-0e800604a6c7 200 in 34ms (next.js: 21ms, application-code: 14ms)
 GET /api/agents/87471881-e13e-4f27-a3a5-0e800604a6c7 200 in 44ms (next.js: 19ms, application-code: 25ms)
 GET /api/agents/87471881-e13e-4f27-a3a5-0e800604a6c7/runs 200 in 32ms (next.js: 19ms, application-code: 14ms)
 POST /api/agents/87471881-e13e-4f27-a3a5-0e800604a6c7/runs 202 in 52ms (next.js: 2ms, application-code: 49ms)
2026-09-29T09:43:01.909Z [worker] agent run 82c5ba89-dec2-4fab-97b4-8cd8bd001c7a claimed
 GET /api/agent-runs/82c5ba89-dec2-4fab-97b4-8cd8bd001c7a 200 in 60ms (next.js: 26ms, application-code: 33ms)
2026-09-29T09:43:02.057Z [worker] agent run 82c5ba89-dec2-4fab-97b4-8cd8bd001c7a succeeded
 GET /api/agent-runs/82c5ba89-dec2-4fab-97b4-8cd8bd001c7a 200 in 40ms (next.js: 14ms, application-code: 26ms)
 POST /api/agents/87471881-e13e-4f27-a3a5-0e800604a6c7/runs 202 in 54ms (next.js: 14ms, application-code: 40ms)
2026-09-29T09:43:03.357Z [worker] agent run 10d57107-f36f-4711-8fe7-90c822ae8585 claimed
 GET /api/agent-runs/10d57107-f36f-4711-8fe7-90c822ae8585 200 in 23ms (next.js: 2ms, application-code: 20ms)
2026-09-29T09:43:03.422Z [worker] agent run 10d57107-f36f-4711-8fe7-90c822ae8585 waiting for approval
 GET /api/agent-runs/10d57107-f36f-4711-8fe7-90c822ae8585 200 in 39ms (next.js: 14ms, application-code: 25ms)
 POST /api/approvals/b64f2053-031a-47eb-a2cd-1cf5900f50e6/decide 200 in 55ms (next.js: 15ms, application-code: 40ms)
2026-09-29T09:43:04.772Z [worker] agent run 10d57107-f36f-4711-8fe7-90c822ae8585 claimed
 GET /api/agents/87471881-e13e-4f27-a3a5-0e800604a6c7/runs 200 in 27ms (next.js: 16ms, application-code: 11ms)
 GET /api/agent-runs/10d57107-f36f-4711-8fe7-90c822ae8585 200 in 38ms (next.js: 3ms, application-code: 35ms)
2026-09-29T09:43:04.832Z [worker] run 6a7a30a3-1b80-47ab-bb38-e7a4d2ec693a claimed
2026-09-29T09:43:04.873Z [worker] run 6a7a30a3-1b80-47ab-bb38-e7a4d2ec693a done
2026-09-29T09:43:05.394Z [worker] agent run 10d57107-f36f-4711-8fe7-90c822ae8585 succeeded
 GET /api/agent-runs/10d57107-f36f-4711-8fe7-90c822ae8585 200 in 38ms (next.js: 13ms, application-code: 25ms)
 GET /api/flows/594fca7d-2d06-48b9-9118-42a7f5beb93e/runs 200 in 28ms (next.js: 14ms, application-code: 15ms)
 POST /api/auth/sign-up/email 200 in 100ms (next.js: 15ms, application-code: 85ms)
 GET /api/test/outbox?email=e2e-0c4a84c9%40flowline-e2e.test 200 in 7ms (next.js: 1.9ms, application-code: 6ms)
 POST /api/email 200 in 22ms (next.js: 1.8ms, application-code: 20ms)
 POST /api/auth/sign-in/email 200 in 71ms (next.js: 2ms, application-code: 69ms)
 POST /api/workspaces 201 in 20ms (next.js: 1.9ms, application-code: 18ms)
 POST /api/onboarding 200 in 26ms (next.js: 2ms, application-code: 24ms)
 POST /api/workspaces/0fda433c-6bcd-4c21-994d-8d39cd03b69d/ai/connections 201 in 71ms (next.js: 18ms, application-code: 54ms)
 PUT /api/workspaces/0fda433c-6bcd-4c21-994d-8d39cd03b69d/ai/default-route 200 in 56ms (next.js: 16ms, application-code: 40ms)
 PUT /api/workspaces/0fda433c-6bcd-4c21-994d-8d39cd03b69d/ai/policy 200 in 33ms (next.js: 17ms, application-code: 16ms)
 GET /w/e2e-464950/flows 200 in 163ms (next.js: 26ms, application-code: 137ms)
 GET /api/health 200 in 9ms (next.js: 4ms, application-code: 6ms)
 GET /api/workspaces/0fda433c-6bcd-4c21-994d-8d39cd03b69d/usage 200 in 89ms (next.js: 42ms, application-code: 46ms)
 GET /api/workspaces/0fda433c-6bcd-4c21-994d-8d39cd03b69d/flows 200 in 44ms (next.js: 24ms, application-code: 20ms)
 GET /api/workspaces/0fda433c-6bcd-4c21-994d-8d39cd03b69d/overview 200 in 101ms (next.js: 21ms, application-code: 80ms)
 POST /api/workspaces/0fda433c-6bcd-4c21-994d-8d39cd03b69d/copilot 201 in 148ms (next.js: 19ms, application-code: 130ms)
 POST /api/workspaces/0fda433c-6bcd-4c21-994d-8d39cd03b69d/copilot/56ea8685-823a-4823-adbe-4ca457f888d5 200 in 48ms (next.js: 16ms, application-code: 31ms)
 GET /api/workspaces/0fda433c-6bcd-4c21-994d-8d39cd03b69d/flows 200 in 32ms (next.js: 3ms, application-code: 30ms)
 POST /api/workspaces/0fda433c-6bcd-4c21-994d-8d39cd03b69d/copilot 201 in 120ms (next.js: 3ms, application-code: 118ms)
 POST /api/workspaces/0fda433c-6bcd-4c21-994d-8d39cd03b69d/copilot/3b4bbb16-8456-4ef9-b0b6-c9a843dbdb13 200 in 38ms (next.js: 3ms, application-code: 36ms)
 GET /w/e2e-464950/flows/ff6694ef-6f46-47df-99b6-b32d3c93110f 200 in 31ms (next.js: 16ms, application-code: 15ms)
 GET /api/flows/ff6694ef-6f46-47df-99b6-b32d3c93110f 200 in 42ms (next.js: 18ms, application-code: 24ms)
 GET /api/flows/ff6694ef-6f46-47df-99b6-b32d3c93110f/publish 200 in 59ms (next.js: 23ms, application-code: 37ms)
 GET /api/flows/ff6694ef-6f46-47df-99b6-b32d3c93110f/runs 200 in 35ms (next.js: 19ms, application-code: 16ms)
 GET /api/workspaces/0fda433c-6bcd-4c21-994d-8d39cd03b69d/flows 200 in 32ms (next.js: 17ms, application-code: 14ms)
 GET /api/flows/ff6694ef-6f46-47df-99b6-b32d3c93110f/runs 200 in 25ms (next.js: 2ms, application-code: 22ms)
 POST /api/auth/sign-up/email 200 in 103ms (next.js: 16ms, application-code: 87ms)
 GET /api/test/outbox?email=e2e-c0a15f28%40flowline-e2e.test 200 in 10ms (next.js: 2ms, application-code: 8ms)
 POST /api/email 200 in 23ms (next.js: 3ms, application-code: 20ms)
 POST /api/auth/sign-in/email 200 in 79ms (next.js: 2ms, application-code: 77ms)
 POST /api/workspaces 201 in 32ms (next.js: 3ms, application-code: 30ms)
 POST /api/onboarding 200 in 21ms (next.js: 2ms, application-code: 19ms)
 POST /api/workspaces/50315d66-28a5-47d2-bd83-6ab93354ab3a/ai/connections 201 in 81ms (next.js: 17ms, application-code: 64ms)
 PUT /api/workspaces/50315d66-28a5-47d2-bd83-6ab93354ab3a/ai/default-route 200 in 53ms (next.js: 19ms, application-code: 34ms)
 PUT /api/workspaces/50315d66-28a5-47d2-bd83-6ab93354ab3a/ai/policy 200 in 39ms (next.js: 18ms, application-code: 21ms)
 POST /api/workspaces/50315d66-28a5-47d2-bd83-6ab93354ab3a/flows 201 in 18ms (next.js: 3ms, application-code: 15ms)
 PUT /api/flows/cd7f188c-4a4b-4033-a012-0ddda11409ec 200 in 51ms (next.js: 16ms, application-code: 35ms)
 POST /api/flows/cd7f188c-4a4b-4033-a012-0ddda11409ec/publish 201 in 48ms (next.js: 17ms, application-code: 31ms)
 POST /api/workspaces/50315d66-28a5-47d2-bd83-6ab93354ab3a/agents 201 in 55ms (next.js: 17ms, application-code: 38ms)
 POST /api/workspaces/50315d66-28a5-47d2-bd83-6ab93354ab3a/invites 201 in 47ms (next.js: 16ms, application-code: 31ms)
 POST /api/auth/sign-up/email 200 in 107ms (next.js: 17ms, application-code: 90ms)
 GET /api/test/outbox?email=vw-bf89270e%40flowline-e2e.test 200 in 9ms (next.js: 2ms, application-code: 7ms)
 POST /api/email 200 in 27ms (next.js: 3ms, application-code: 25ms)
 POST /api/auth/sign-in/email 200 in 77ms (next.js: 3ms, application-code: 74ms)
 POST /api/invites/uC6fiT0ljj6_L3EDD-KwkxdsnvuvJHrBj5Py9uIFRBQ 200 in 46ms (next.js: 17ms, application-code: 29ms)
 GET /w/e2e-7973ce/agents/4029e4c9-c4d4-44b8-afed-9b65d48d09eb 200 in 71ms (next.js: 19ms, application-code: 52ms)
 GET /api/health 200 in 8ms (next.js: 2ms, application-code: 6ms)
 GET /api/agents/4029e4c9-c4d4-44b8-afed-9b65d48d09eb 200 in 56ms (next.js: 19ms, application-code: 37ms)
 GET /api/agents/4029e4c9-c4d4-44b8-afed-9b65d48d09eb/runs 200 in 34ms (next.js: 17ms, application-code: 17ms)
 POST /api/agents/4029e4c9-c4d4-44b8-afed-9b65d48d09eb/runs 202 in 45ms (next.js: 3ms, application-code: 42ms)
2026-09-29T09:43:11.112Z [worker] agent run cd60be92-16af-4091-b8d5-8431eb3579ad claimed
 GET /api/agent-runs/cd60be92-16af-4091-b8d5-8431eb3579ad 200 in 42ms (next.js: 16ms, application-code: 26ms)
2026-09-29T09:43:11.181Z [worker] agent run cd60be92-16af-4091-b8d5-8431eb3579ad waiting for approval
 GET /api/agent-runs/cd60be92-16af-4091-b8d5-8431eb3579ad 200 in 38ms (next.js: 14ms, application-code: 24ms)
 GET /w/e2e-7973ce/flows 200 in 63ms (next.js: 15ms, application-code: 48ms)
 GET /api/health 200 in 8ms (next.js: 3ms, application-code: 5ms)
 GET /api/workspaces/50315d66-28a5-47d2-bd83-6ab93354ab3a/flows 200 in 71ms (next.js: 38ms, application-code: 32ms)
 GET /api/workspaces/50315d66-28a5-47d2-bd83-6ab93354ab3a/usage 200 in 72ms (next.js: 55ms, application-code: 17ms)
 GET /api/workspaces/50315d66-28a5-47d2-bd83-6ab93354ab3a/overview 200 in 88ms (next.js: 21ms, application-code: 67ms)
 GET /w/e2e-7973ce/agents/4029e4c9-c4d4-44b8-afed-9b65d48d09eb?tab=runs&run=cd60be92-16af-4091-b8d5-8431eb3579ad 200 in 32ms (next.js: 17ms, application-code: 15ms)
 GET /api/agents/4029e4c9-c4d4-44b8-afed-9b65d48d09eb 200 in 38ms (next.js: 17ms, application-code: 21ms)
 GET /api/agents/4029e4c9-c4d4-44b8-afed-9b65d48d09eb/runs 200 in 33ms (next.js: 17ms, application-code: 16ms)
 GET /api/agent-runs/cd60be92-16af-4091-b8d5-8431eb3579ad 200 in 51ms (next.js: 17ms, application-code: 35ms)
 GET /w/e2e-7973ce/agents/4029e4c9-c4d4-44b8-afed-9b65d48d09eb 200 in 60ms (next.js: 3ms, application-code: 56ms)
 GET /api/health 200 in 8ms (next.js: 2ms, application-code: 5ms)
 GET /api/agents/4029e4c9-c4d4-44b8-afed-9b65d48d09eb 200 in 18ms (next.js: 3ms, application-code: 15ms)
 GET /api/agents/4029e4c9-c4d4-44b8-afed-9b65d48d09eb/runs 200 in 15ms (next.js: 3ms, application-code: 11ms)
 GET /api/agent-runs/cd60be92-16af-4091-b8d5-8431eb3579ad 200 in 28ms (next.js: 3ms, application-code: 26ms)
 POST /api/approvals/1dc1c9e3-280f-4921-af4c-6c844941c0e0/decide 200 in 57ms (next.js: 19ms, application-code: 38ms)
2026-09-29T09:43:14.348Z [worker] agent run cd60be92-16af-4091-b8d5-8431eb3579ad claimed
2026-09-29T09:43:14.410Z [worker] run ff8b0307-29eb-42f3-aa24-f2e2534ceb6a claimed
 GET /api/agents/4029e4c9-c4d4-44b8-afed-9b65d48d09eb/runs 200 in 50ms (next.js: 38ms, application-code: 13ms)
 GET /api/agent-runs/cd60be92-16af-4091-b8d5-8431eb3579ad 200 in 55ms (next.js: 18ms, application-code: 38ms)
2026-09-29T09:43:14.455Z [worker] run ff8b0307-29eb-42f3-aa24-f2e2534ceb6a done
2026-09-29T09:43:14.954Z [worker] agent run cd60be92-16af-4091-b8d5-8431eb3579ad succeeded
 GET /api/agent-runs/cd60be92-16af-4091-b8d5-8431eb3579ad 200 in 39ms (next.js: 16ms, application-code: 22ms)
 GET /api/flows/cd7f188c-4a4b-4033-a012-0ddda11409ec/runs 200 in 35ms (next.js: 14ms, application-code: 21ms)
 POST /api/auth/sign-up/email 200 in 95ms (next.js: 15ms, application-code: 80ms)
 GET /api/test/outbox?email=e2e-cc857473%40flowline-e2e.test 200 in 8ms (next.js: 2ms, application-code: 6ms)
 POST /api/email 200 in 22ms (next.js: 2ms, application-code: 20ms)
 POST /api/auth/sign-in/email 200 in 74ms (next.js: 2.0ms, application-code: 72ms)
 POST /api/workspaces 201 in 35ms (next.js: 2ms, application-code: 32ms)
 POST /api/onboarding 200 in 13ms (next.js: 3ms, application-code: 11ms)
 GET /w/e2e-8d1584/knowledge 200 in 63ms (next.js: 15ms, application-code: 48ms)
 GET /api/health 200 in 7ms (next.js: 2ms, application-code: 4ms)
 GET /api/workspaces/46615683-c948-4314-ba10-070b748c0f6b/knowledge 200 in 41ms (next.js: 21ms, application-code: 20ms)
 GET /sign-in 200 in 37ms (next.js: 5ms, application-code: 31ms)
 GET /api/auth-config 200 in 11ms (next.js: 4ms, application-code: 7ms)
 GET /api/sso/start?workspace=no-such-workspace-xyz 307 in 17ms (next.js: 4ms, application-code: 13ms)
 GET /sign-in?sso_error=SSO%20isn%27t%20set%20up%20for%20that%20workspace 200 in 33ms (next.js: 3ms, application-code: 30ms)
 GET /api/auth-config 200 in 8ms (next.js: 2ms, application-code: 6ms)
 GET /sign-in 200 in 31ms (next.js: 2ms, application-code: 29ms)
 GET /api/auth-config 200 in 8ms (next.js: 2ms, application-code: 5ms)
[auth] User not found
 POST /api/auth/sign-in/email 401 in 80ms (next.js: 17ms, application-code: 63ms)
 POST /api/auth/sign-up/email 200 in 101ms (next.js: 17ms, application-code: 84ms)
 GET /api/test/outbox?email=e2e-35f80153%40flowline-e2e.test 200 in 8ms (next.js: 2ms, application-code: 6ms)
 POST /api/email 200 in 23ms (next.js: 2ms, application-code: 21ms)
 POST /api/auth/sign-in/email 200 in 70ms (next.js: 2ms, application-code: 68ms)
 POST /api/workspaces 201 in 44ms (next.js: 2ms, application-code: 42ms)
 POST /api/onboarding 200 in 20ms (next.js: 1.8ms, application-code: 18ms)
 POST /api/workspaces/0a285c05-5e04-47ba-bc0f-cf6d55532531/flows 201 in 29ms (next.js: 15ms, application-code: 14ms)
 POST /api/auth/sign-up/email 200 in 77ms (next.js: 2ms, application-code: 75ms)
 GET /api/test/outbox?email=e2e-a9e6c847%40flowline-e2e.test 200 in 7ms (next.js: 1.9ms, application-code: 5ms)
 POST /api/email 200 in 18ms (next.js: 1.9ms, application-code: 16ms)
 POST /api/auth/sign-in/email 200 in 72ms (next.js: 2ms, application-code: 70ms)
 POST /api/workspaces 201 in 36ms (next.js: 2ms, application-code: 34ms)
 POST /api/onboarding 200 in 26ms (next.js: 3ms, application-code: 24ms)
 POST /api/workspaces/6f5bd9f7-f0b9-47dc-b8d2-acdcc43afb84/flows 201 in 30ms (next.js: 2ms, application-code: 28ms)
 POST /api/flows/7d2d547a-d32a-45a2-aa6c-9981c4614088/runs 202 in 54ms (next.js: 15ms, application-code: 39ms)
2026-09-29T09:43:33.791Z [worker] run d783860a-a69c-4bff-b64d-74d27e74c10e claimed
 GET /api/runs/d783860a-a69c-4bff-b64d-74d27e74c10e 200 in 51ms (next.js: 15ms, application-code: 36ms)
2026-09-29T09:43:33.841Z [worker] run d783860a-a69c-4bff-b64d-74d27e74c10e done
 GET /api/runs/d783860a-a69c-4bff-b64d-74d27e74c10e 200 in 28ms (next.js: 2ms, application-code: 26ms)
 GET /w/tenant-b-18/flows 200 in 68ms (next.js: 16ms, application-code: 52ms)
 GET /api/health 200 in 10ms (next.js: 3ms, application-code: 6ms)
 GET /api/workspaces/6f5bd9f7-f0b9-47dc-b8d2-acdcc43afb84/usage 200 in 95ms (next.js: 44ms, application-code: 51ms)
 GET /api/workspaces/6f5bd9f7-f0b9-47dc-b8d2-acdcc43afb84/flows 200 in 47ms (next.js: 26ms, application-code: 21ms)
 GET /api/workspaces/6f5bd9f7-f0b9-47dc-b8d2-acdcc43afb84/overview 200 in 108ms (next.js: 23ms, application-code: 85ms)
 GET /w/tenant-b-18/runs 200 in 68ms (next.js: 16ms, application-code: 52ms)
 GET /api/health 200 in 8ms (next.js: 3ms, application-code: 5ms)
 GET /api/workspaces/6f5bd9f7-f0b9-47dc-b8d2-acdcc43afb84/runs?limit=25 200 in 46ms (next.js: 19ms, application-code: 27ms)
 GET /w/tenant-a-18/flows 404 in 73ms (next.js: 19ms, application-code: 54ms)
 GET /w/tenant-b-18/flows/7d2d547a-d32a-45a2-aa6c-9981c4614088 200 in 80ms (next.js: 18ms, application-code: 62ms)
 GET /api/health 200 in 7ms (next.js: 2ms, application-code: 5ms)
 GET /api/flows/7d2d547a-d32a-45a2-aa6c-9981c4614088 404 in 39ms (next.js: 20ms, application-code: 19ms)
 GET /api/flows/7d2d547a-d32a-45a2-aa6c-9981c4614088 404 in 14ms (next.js: 2ms, application-code: 12ms)
 GET /api/runs/d783860a-a69c-4bff-b64d-74d27e74c10e 404 in 25ms (next.js: 15ms, application-code: 10ms)
 GET /api/workspaces/0a285c05-5e04-47ba-bc0f-cf6d55532531/runs 404 in 17ms (next.js: 2ms, application-code: 15ms)
 GET /api/workspaces/0a285c05-5e04-47ba-bc0f-cf6d55532531/flows 404 in 36ms (next.js: 16ms, application-code: 20ms)
 GET /api/flows/7d2d547a-d32a-45a2-aa6c-9981c4614088/versions 404 in 42ms (next.js: 15ms, application-code: 27ms)
 PUT /api/flows/7d2d547a-d32a-45a2-aa6c-9981c4614088 404 in 19ms (next.js: 2ms, application-code: 16ms)
 POST /api/flows/7d2d547a-d32a-45a2-aa6c-9981c4614088/runs 404 in 28ms (next.js: 17ms, application-code: 11ms)
 POST /api/runs/d783860a-a69c-4bff-b64d-74d27e74c10e/rerun 404 in 31ms (next.js: 18ms, application-code: 13ms)
 GET /api/flows/7d2d547a-d32a-45a2-aa6c-9981c4614088 200 in 28ms (next.js: 2ms, application-code: 26ms)
 GET /api/health?require=worker 200 in 7ms (next.js: 3ms, application-code: 4ms)
 GET /api/health?require=worker 200 in 6ms (next.js: 3ms, application-code: 4ms)
 POST /api/auth/sign-up/email 200 in 94ms (next.js: 15ms, application-code: 79ms)
 GET /api/test/outbox?email=e2e-55d4e748%40flowline-e2e.test 200 in 8ms (next.js: 1.8ms, application-code: 6ms)
 POST /api/email 200 in 19ms (next.js: 1.9ms, application-code: 17ms)
 POST /api/auth/sign-in/email 200 in 68ms (next.js: 2ms, application-code: 66ms)
 POST /api/workspaces 201 in 32ms (next.js: 2ms, application-code: 30ms)
 POST /api/onboarding 200 in 20ms (next.js: 1.9ms, application-code: 18ms)
 GET /w/e2e-9d08b6/settings?tab=ai 200 in 60ms (next.js: 15ms, application-code: 45ms)
 GET /api/health 200 in 8ms (next.js: 2ms, application-code: 6ms)
 GET /api/workspaces/d999eaa4-27ef-4a6e-97e4-38db7200fc5d/ai 200 in 44ms (next.js: 17ms, application-code: 27ms)
 GET /api/workspaces/d999eaa4-27ef-4a6e-97e4-38db7200fc5d/ai/models 200 in 34ms (next.js: 16ms, application-code: 17ms)
 POST /api/workspaces/d999eaa4-27ef-4a6e-97e4-38db7200fc5d/ai/connections 201 in 68ms (next.js: 16ms, application-code: 52ms)
 GET /api/workspaces/d999eaa4-27ef-4a6e-97e4-38db7200fc5d/ai/models 200 in 20ms (next.js: 6ms, application-code: 13ms)
 GET /api/workspaces/d999eaa4-27ef-4a6e-97e4-38db7200fc5d/ai 200 in 23ms (next.js: 2ms, application-code: 21ms)
[?25h
 ELIFECYCLE  Command failed with exit code 1.
