
> flowline@0.1.0 dev:test C:\Users\Abdelrahman\Desktop\Personal_Project\FL-wt-aihub
> node scripts/dev-test.mjs

npm warn Unknown env config "npm-globalconfig". This will stop working in the next major version of npm.
npm warn Unknown env config "verify-deps-before-run". This will stop working in the next major version of npm.
npm warn Unknown env config "_jsr-registry". This will stop working in the next major version of npm.
[seed-platform] test platform credentials ready
npm warn Unknown env config "npm-globalconfig". This will stop working in the next major version of npm.
npm warn Unknown env config "verify-deps-before-run". This will stop working in the next major version of npm.
npm warn Unknown env config "_jsr-registry". This will stop working in the next major version of npm.
npm warn Unknown env config "npm-globalconfig". This will stop working in the next major version of npm.
npm warn Unknown env config "verify-deps-before-run". This will stop working in the next major version of npm.
npm warn Unknown env config "_jsr-registry". This will stop working in the next major version of npm.
npm warn Unknown env config "npm-globalconfig". This will stop working in the next major version of npm.
npm warn Unknown env config "verify-deps-before-run". This will stop working in the next major version of npm.
npm warn Unknown env config "_jsr-registry". This will stop working in the next major version of npm.
npm warn Unknown env config "npm-globalconfig". This will stop working in the next major version of npm.
npm warn Unknown env config "verify-deps-before-run". This will stop working in the next major version of npm.
npm warn Unknown env config "_jsr-registry". This will stop working in the next major version of npm.
[fake-ai] listening on http://127.0.0.1:4021
Fake provider server listening on http://127.0.0.1:4020
Control API: POST http://127.0.0.1:4020/__fake/reset | GET http://127.0.0.1:4020/__fake/requests?provider=slack | GET http://127.0.0.1:4020/__fake/state/slack | POST http://127.0.0.1:4020/__fake/fault
▲ Next.js 16.3.6 (Turbopack)
- Local:         http://localhost:3100
- Network:       http://100.73.156.121:3100
- Environments: .env
✓ Ready in 760ms
✓ Running next.config.ts took 152ms
2026-09-29T02:00:13.104Z [worker] starting LAPTOP-AGGSOJ7U-57028-f667d1

 GET /api/health?require=worker 200 in 464ms (next.js: 355ms, application-code: 109ms)
 GET /api/health 200 in 8ms (next.js: 3ms, application-code: 6ms)
[auth] [better-auth] Cookie integration plugin "next-cookies" should be placed last in the plugins array. Plugins with `hooks.after` running after it may set cookies that are not forwarded to the framework cookie store. Move your cookie integration plugin to the end of the `plugins` array to avoid missing `Set-Cookie` headers.
 GET / 200 in 662ms (next.js: 348ms, application-code: 315ms)
 GET /sign-in 200 in 278ms (next.js: 239ms, application-code: 39ms)
 GET /sign-up 200 in 50ms (next.js: 18ms, application-code: 32ms)
 GET /w 404 in 236ms (next.js: 209ms, application-code: 27ms)
 GET /admin 404 in 603ms (next.js: 519ms, application-code: 85ms)
 GET /admin/setup 200 in 45ms (next.js: 17ms, application-code: 28ms)
2026-09-29T02:00:23.260Z [worker] run 31608e9b-6669-4255-a54e-7fd1e008dea3 claimed
2026-09-29T02:00:23.266Z [worker] run 671a91af-f678-47ca-aef0-a33029c1ff89 claimed
2026-09-29T02:00:23.311Z [worker] run 3b3de34c-c149-430c-bdaa-6b2c00745f32 claimed
2026-09-29T02:00:23.316Z [worker] run e2a7da5a-4351-4fe3-aa6d-baefa97b0ca6 claimed
2026-09-29T02:00:23.362Z [worker] run 31608e9b-6669-4255-a54e-7fd1e008dea3 done
2026-09-29T02:00:23.363Z [worker] run 671a91af-f678-47ca-aef0-a33029c1ff89 done
2026-09-29T02:00:23.363Z [worker] run 3b3de34c-c149-430c-bdaa-6b2c00745f32 done
2026-09-29T02:00:23.366Z [worker] run e2a7da5a-4351-4fe3-aa6d-baefa97b0ca6 done
2026-09-29T02:00:23.384Z [worker] run 4a378677-cae8-4930-bc9e-43540052f432 claimed
2026-09-29T02:00:23.389Z [worker] run 7c6ebb0f-df88-4aed-a869-e16b963c42a5 claimed
2026-09-29T02:00:23.394Z [worker] run bd079a64-c6d2-4540-aab7-801d67313d9c claimed
2026-09-29T02:00:23.412Z [worker] run 371e0791-f7e3-4e3b-bc8b-866c2c5391f8 claimed
2026-09-29T02:00:23.423Z [worker] run 4a378677-cae8-4930-bc9e-43540052f432 done
2026-09-29T02:00:23.426Z [worker] run 7c6ebb0f-df88-4aed-a869-e16b963c42a5 done
2026-09-29T02:00:23.429Z [worker] run bd079a64-c6d2-4540-aab7-801d67313d9c done
2026-09-29T02:00:23.430Z [worker] run 50fd057b-51c6-49bc-bfa9-aba4c86faf1c claimed
2026-09-29T02:00:23.434Z [worker] run 9a422c2f-38b1-4c23-9c10-917cce11d53d claimed
2026-09-29T02:00:23.448Z [worker] run 371e0791-f7e3-4e3b-bc8b-866c2c5391f8 done
2026-09-29T02:00:23.463Z [worker] run 50fd057b-51c6-49bc-bfa9-aba4c86faf1c done
2026-09-29T02:00:23.468Z [worker] run 9a422c2f-38b1-4c23-9c10-917cce11d53d done
2026-09-29T02:00:23.478Z [worker] run 4364deb0-5dea-41fe-9581-545551e7a9ca claimed
2026-09-29T02:00:23.483Z [worker] run be1c3e4f-6b36-4608-8c69-11826711239f claimed
2026-09-29T02:00:23.505Z [worker] run 4364deb0-5dea-41fe-9581-545551e7a9ca done
2026-09-29T02:00:23.510Z [worker] run be1c3e4f-6b36-4608-8c69-11826711239f done
2026-09-29T02:00:23.517Z [worker] run ffb86e2c-dd78-4047-8d1c-93c19f62ecbf claimed
2026-09-29T02:00:23.521Z [worker] run 8f2fd3a7-1df1-49ac-98c0-89e026b48809 claimed
2026-09-29T02:00:23.540Z [worker] run 7247364d-71af-44ac-bfd6-9b9d76fe11ab claimed
2026-09-29T02:00:23.549Z [worker] run ffb86e2c-dd78-4047-8d1c-93c19f62ecbf done
2026-09-29T02:00:23.553Z [worker] run 8f2fd3a7-1df1-49ac-98c0-89e026b48809 done
2026-09-29T02:00:23.567Z [worker] run 7247364d-71af-44ac-bfd6-9b9d76fe11ab done
2026-09-29T02:00:23.574Z [worker] run 1b2018de-0317-48a3-ab00-6cf9cc320e62 claimed
2026-09-29T02:00:23.578Z [worker] run fddf2165-48ef-4d5c-a4ee-74f3cacb33b7 claimed
2026-09-29T02:00:23.600Z [worker] run 1b2018de-0317-48a3-ab00-6cf9cc320e62 done
2026-09-29T02:00:23.601Z [worker] run 295ee4cf-92ea-40ec-8b5e-442feea330e2 claimed
2026-09-29T02:00:23.607Z [worker] run fddf2165-48ef-4d5c-a4ee-74f3cacb33b7 done
2026-09-29T02:00:23.625Z [worker] run 295ee4cf-92ea-40ec-8b5e-442feea330e2 done
2026-09-29T02:00:23.637Z [worker] run 692deabd-0f5f-45b1-adb9-b31c2ffedd11 claimed
2026-09-29T02:00:23.642Z [worker] run ab36f4b9-1e75-49f4-b5e4-e4b9a01bffa0 claimed
2026-09-29T02:00:23.662Z [worker] run 692deabd-0f5f-45b1-adb9-b31c2ffedd11 done
2026-09-29T02:00:23.667Z [worker] run ab36f4b9-1e75-49f4-b5e4-e4b9a01bffa0 done
2026-09-29T02:00:23.694Z [worker] run 08e3c95f-0641-4da0-91b7-3157628c5203 claimed
2026-09-29T02:00:23.699Z [worker] run 223805ee-19e2-4e58-b141-9e0be43d98ad claimed
2026-09-29T02:00:23.704Z [worker] run 32eb8296-fe70-4b4a-99e9-9f17edbd35da claimed
2026-09-29T02:00:23.720Z [worker] run 745300c3-447e-42eb-bd0d-a04c5eab3d60 claimed
2026-09-29T02:00:23.723Z [worker] run 08e3c95f-0641-4da0-91b7-3157628c5203 done
2026-09-29T02:00:23.727Z [worker] run 223805ee-19e2-4e58-b141-9e0be43d98ad done
2026-09-29T02:00:23.734Z [worker] run 32eb8296-fe70-4b4a-99e9-9f17edbd35da done
2026-09-29T02:00:23.747Z [worker] run 745300c3-447e-42eb-bd0d-a04c5eab3d60 done
2026-09-29T02:00:23.778Z [worker] run bd95cb98-1051-449f-83dd-e1bd6613fcb1 claimed
2026-09-29T02:00:23.783Z [worker] run 6a3a96ae-fef2-4bea-968c-1e7beea5edd1 claimed
2026-09-29T02:00:23.788Z [worker] run 226003cf-30cd-4297-b9e8-286a8dab6868 claimed
2026-09-29T02:00:23.805Z [worker] run bd95cb98-1051-449f-83dd-e1bd6613fcb1 done
2026-09-29T02:00:23.811Z [worker] run 6a3a96ae-fef2-4bea-968c-1e7beea5edd1 done
2026-09-29T02:00:23.812Z [worker] run d07b13a3-b2e8-4f62-b834-bb998129e5c2 claimed
2026-09-29T02:00:23.816Z [worker] run 26417cd4-9531-4007-96b7-f29c935e0ca6 claimed
2026-09-29T02:00:23.818Z [worker] run 226003cf-30cd-4297-b9e8-286a8dab6868 done
2026-09-29T02:00:23.838Z [worker] run d07b13a3-b2e8-4f62-b834-bb998129e5c2 done
2026-09-29T02:00:23.842Z [worker] run 26417cd4-9531-4007-96b7-f29c935e0ca6 done
2026-09-29T02:00:23.851Z [worker] run f07b0f25-333e-4e6e-ac94-f0da3cc50d74 claimed
2026-09-29T02:00:23.856Z [worker] run 7ec70cbb-157b-4ac8-ae11-3ce7672f69fa claimed
2026-09-29T02:00:23.877Z [worker] run f07b0f25-333e-4e6e-ac94-f0da3cc50d74 done
2026-09-29T02:00:23.878Z [worker] run e683856d-d1da-4dd5-b7bf-1162cf82cbee claimed
2026-09-29T02:00:23.882Z [worker] run 7ec70cbb-157b-4ac8-ae11-3ce7672f69fa done
2026-09-29T02:00:23.904Z [worker] run e683856d-d1da-4dd5-b7bf-1162cf82cbee done
2026-09-29T02:00:23.906Z [worker] run 348e885f-9233-4a0e-a113-a01790060214 claimed
2026-09-29T02:00:23.911Z [worker] run 804100d6-5b2a-4f4b-a995-c9f7ab6949a1 claimed
2026-09-29T02:00:23.931Z [worker] run 348e885f-9233-4a0e-a113-a01790060214 done
2026-09-29T02:00:23.935Z [worker] run 804100d6-5b2a-4f4b-a995-c9f7ab6949a1 done
2026-09-29T02:00:23.961Z [worker] run 0023b402-4fa4-4de3-802f-ec56d75e0b40 claimed
2026-09-29T02:00:23.966Z [worker] run ce3033ec-9e76-424f-9dab-4baede2babff claimed
2026-09-29T02:00:23.971Z [worker] run 086f37d4-c6ca-4f99-b061-31422d04580a claimed
2026-09-29T02:00:23.986Z [worker] run 0023b402-4fa4-4de3-802f-ec56d75e0b40 done
2026-09-29T02:00:23.995Z [worker] run ce3033ec-9e76-424f-9dab-4baede2babff done
2026-09-29T02:00:24.001Z [worker] run 30220d92-78d9-4706-87e5-d6418ef97705 claimed
2026-09-29T02:00:24.002Z [worker] run 086f37d4-c6ca-4f99-b061-31422d04580a done
2026-09-29T02:00:24.005Z [worker] run 006e8de7-4fd1-469b-8aa9-80178ab0f0c9 claimed
2026-09-29T02:00:24.018Z [worker] scheduler fired 40
2026-09-29T02:00:24.024Z [worker] run 7dda5dea-a070-44ec-96c7-5ff45f6c3644 claimed
2026-09-29T02:00:24.026Z [worker] run 30220d92-78d9-4706-87e5-d6418ef97705 done
2026-09-29T02:00:24.030Z [worker] run 006e8de7-4fd1-469b-8aa9-80178ab0f0c9 done
2026-09-29T02:00:24.049Z [worker] run 7dda5dea-a070-44ec-96c7-5ff45f6c3644 done
 GET /api/health?require=worker 200 in 10ms (next.js: 5ms, application-code: 5ms)
 GET /api/health?require=worker 200 in 5ms (next.js: 1.4ms, application-code: 4ms)
 GET /admin/setup 200 in 32ms (next.js: 8ms, application-code: 24ms)
 GET /api/platform/setup 404 in 138ms (next.js: 112ms, application-code: 25ms)
 POST /api/platform/setup/redeem 400 in 69ms (next.js: 61ms, application-code: 8ms)
 POST /api/auth/sign-up/email 200 in 898ms (next.js: 797ms, application-code: 101ms)
 GET /api/test/outbox?email=e2e-6d8f7d64%40flowline-e2e.test 200 in 46ms (next.js: 36ms, application-code: 9ms)
 POST /api/email 200 in 74ms (next.js: 41ms, application-code: 33ms)
 POST /api/auth/sign-in/email 200 in 90ms (next.js: 16ms, application-code: 74ms)
[auth] [better-auth] Cookie integration plugin "next-cookies" should be placed last in the plugins array. Plugins with `hooks.after` running after it may set cookies that are not forwarded to the framework cookie store. Move your cookie integration plugin to the end of the `plugins` array to avoid missing `Set-Cookie` headers.
 POST /api/workspaces 201 in 61ms (next.js: 31ms, application-code: 30ms)
 POST /api/onboarding 200 in 43ms (next.js: 30ms, application-code: 12ms)
 GET /admin 404 in 73ms (next.js: 7ms, application-code: 67ms)
 POST /api/auth/sign-up/email 200 in 83ms (next.js: 2ms, application-code: 81ms)
 GET /api/test/outbox?email=e2e-a50e9249%40flowline-e2e.test 200 in 7ms (next.js: 1.7ms, application-code: 5ms)
 POST /api/email 200 in 20ms (next.js: 1.5ms, application-code: 18ms)
 POST /api/auth/sign-in/email 200 in 72ms (next.js: 1.6ms, application-code: 70ms)
 POST /api/workspaces 201 in 26ms (next.js: 1.5ms, application-code: 25ms)
 POST /api/onboarding 200 in 23ms (next.js: 1.6ms, application-code: 22ms)
 GET /w/e2e-9a4fe2/settings?tab=oauthApps 200 in 654ms (next.js: 578ms, application-code: 75ms)
 GET /api/health 200 in 7ms (next.js: 2ms, application-code: 4ms)
 GET /api/workspaces/f4266c94-d827-4770-be15-f88fb0469eb2/oauth-apps 200 in 1342ms (next.js: 1309ms, application-code: 33ms)
 PUT /api/workspaces/f4266c94-d827-4770-be15-f88fb0469eb2/oauth-apps/google 400 in 1111ms (next.js: 1087ms, application-code: 24ms)
2026-09-29T02:01:13.335Z [worker] platform notifications sent 20
2026-09-29T02:02:13.288Z [worker] platform notifications sent 20
 GET /admin/setup 200 in 31ms (next.js: 7ms, application-code: 24ms)
 GET /w 404 in 24ms (next.js: 4ms, application-code: 20ms)
 GET /api/health?require=worker 200 in 140ms (next.js: 126ms, application-code: 14ms)
 GET /api/health?require=worker 200 in 5ms (next.js: 1.6ms, application-code: 4ms)
 GET /admin/setup 200 in 32ms (next.js: 10ms, application-code: 22ms)
 GET /api/platform/setup 404 in 9ms (next.js: 5ms, application-code: 3ms)
 POST /api/platform/setup/redeem 200 in 36ms (next.js: 5ms, application-code: 31ms)
 GET /api/platform/setup 200 in 22ms (next.js: 1.6ms, application-code: 20ms)
 POST /api/auth/sign-up/email 200 in 105ms (next.js: 21ms, application-code: 84ms)
 GET /api/test/outbox?email=platform-admin-613a3eab%40flowline-e2e.test 200 in 10ms (next.js: 3ms, application-code: 7ms)
 POST /api/email 200 in 23ms (next.js: 4ms, application-code: 19ms)
 POST /api/auth/sign-in/email 200 in 69ms (next.js: 1.5ms, application-code: 67ms)
 GET /admin/setup 200 in 23ms (next.js: 1.9ms, application-code: 21ms)
 GET /api/platform/setup 200 in 21ms (next.js: 1.7ms, application-code: 19ms)
 POST /api/auth/two-factor/enable 200 in 77ms (next.js: 1.8ms, application-code: 76ms)
 POST /api/auth/two-factor/verify-totp 200 in 30ms (next.js: 2.0ms, application-code: 28ms)
 GET /api/platform/setup 200 in 26ms (next.js: 2ms, application-code: 24ms)
 POST /api/platform/setup/complete 200 in 542ms (next.js: 480ms, application-code: 62ms)
 GET /admin 200 in 35ms (next.js: 8ms, application-code: 27ms)
 GET /api/platform/me 200 in 295ms (next.js: 260ms, application-code: 35ms)
 GET /api/platform/credentials 200 in 314ms (next.js: 224ms, application-code: 90ms)
 GET /api/platform/audit 200 in 355ms (next.js: 240ms, application-code: 115ms)
 GET /api/platform/admins 200 in 360ms (next.js: 275ms, application-code: 86ms)
 POST /api/platform/step-up 200 in 370ms (next.js: 238ms, application-code: 132ms)
 GET /api/platform/me 200 in 29ms (next.js: 1.7ms, application-code: 27ms)
 PUT /api/platform/credentials/integration.github 200 in 1173ms (next.js: 1133ms, application-code: 40ms)
 GET /api/platform/credentials 200 in 35ms (next.js: 1.8ms, application-code: 33ms)
 GET /admin 200 in 43ms (next.js: 2ms, application-code: 40ms)
 GET /api/platform/me 200 in 19ms (next.js: 2.0ms, application-code: 17ms)
 GET /api/platform/credentials 200 in 26ms (next.js: 5ms, application-code: 21ms)
 GET /api/platform/admins 200 in 17ms (next.js: 2ms, application-code: 15ms)
 GET /api/platform/audit 200 in 19ms (next.js: 5ms, application-code: 14ms)
 GET /api/platform/credentials/integration.github/impact 200 in 1151ms (next.js: 1126ms, application-code: 25ms)
 POST /api/platform/credentials/integration.github/revoke 200 in 1156ms (next.js: 1109ms, application-code: 47ms)
 GET /api/platform/credentials 200 in 19ms (next.js: 1.7ms, application-code: 17ms)
 GET /api/platform/credentials/integration.github/impact 200 in 38ms (next.js: 16ms, application-code: 22ms)
 POST /api/auth/sign-up/email 200 in 151ms (next.js: 14ms, application-code: 136ms)
 GET /api/test/outbox?email=e2e-e431ad61%40flowline-e2e.test 200 in 15ms (next.js: 2ms, application-code: 12ms)
 POST /api/email 200 in 39ms (next.js: 6ms, application-code: 33ms)
 POST /api/auth/sign-in/email 200 in 173ms (next.js: 30ms, application-code: 143ms)
 POST /api/workspaces 201 in 40ms (next.js: 3ms, application-code: 37ms)
 POST /api/onboarding 200 in 33ms (next.js: 4ms, application-code: 29ms)
 GET /admin 404 in 50ms (next.js: 3ms, application-code: 48ms)
 POST /api/auth/sign-up/email 200 in 86ms (next.js: 2.0ms, application-code: 84ms)
 GET /api/test/outbox?email=e2e-49740de8%40flowline-e2e.test 200 in 7ms (next.js: 2ms, application-code: 5ms)
 POST /api/email 200 in 21ms (next.js: 1.5ms, application-code: 19ms)
 POST /api/auth/sign-in/email 200 in 93ms (next.js: 13ms, application-code: 80ms)
 POST /api/workspaces 201 in 30ms (next.js: 3ms, application-code: 28ms)
 POST /api/onboarding 200 in 23ms (next.js: 2ms, application-code: 20ms)
 GET /w/e2e-c3b5aa/settings?tab=oauthApps 200 in 111ms (next.js: 28ms, application-code: 83ms)
 GET /api/health 200 in 9ms (next.js: 3ms, application-code: 6ms)
 GET /api/workspaces/defbcbb4-f4f9-4c98-a889-62f82aba2f6d/oauth-apps 200 in 34ms (next.js: 17ms, application-code: 17ms)
 PUT /api/workspaces/defbcbb4-f4f9-4c98-a889-62f82aba2f6d/oauth-apps/google 200 in 56ms (next.js: 16ms, application-code: 41ms)
 GET /api/workspaces/defbcbb4-f4f9-4c98-a889-62f82aba2f6d/oauth-apps 200 in 25ms (next.js: 1.9ms, application-code: 23ms)
 POST /api/workspaces/defbcbb4-f4f9-4c98-a889-62f82aba2f6d/invites 201 in 861ms (next.js: 821ms, application-code: 41ms)
 POST /api/auth/sign-up/email 200 in 93ms (next.js: 13ms, application-code: 80ms)
 GET /api/test/outbox?email=oauth-editor-20d19bd3%40flowline-e2e.test 200 in 6ms (next.js: 1.6ms, application-code: 5ms)
 POST /api/email 200 in 19ms (next.js: 1.6ms, application-code: 18ms)
 POST /api/auth/sign-in/email 200 in 71ms (next.js: 1.7ms, application-code: 69ms)
 POST /api/invites/UOmDQTPeHBeHPFNQvHkdUO_6ZGI8ldM9toht-mRFGW8 200 in 798ms (next.js: 775ms, application-code: 23ms)
 GET /w/e2e-c3b5aa/integrations 200 in 642ms (next.js: 576ms, application-code: 65ms)
 GET /api/health 200 in 7ms (next.js: 2ms, application-code: 5ms)
 GET /api/integrations/catalog?workspaceId=defbcbb4-f4f9-4c98-a889-62f82aba2f6d 200 in 215ms (next.js: 47ms, application-code: 169ms)
 GET /api/workspaces/defbcbb4-f4f9-4c98-a889-62f82aba2f6d/connections 200 in 1020ms (next.js: 996ms, application-code: 24ms)
 GET /api/workspaces/defbcbb4-f4f9-4c98-a889-62f82aba2f6d/oauth-apps/provenance?provider=google_sheets 200 in 1110ms (next.js: 1093ms, application-code: 17ms)
2026-09-29T02:03:13.356Z [worker] platform notifications sent 20
 GET /api/workspaces/defbcbb4-f4f9-4c98-a889-62f82aba2f6d/oauth-apps/google/impact 200 in 1162ms (next.js: 1145ms, application-code: 17ms)
 DELETE /api/workspaces/defbcbb4-f4f9-4c98-a889-62f82aba2f6d/oauth-apps/google 200 in 45ms (next.js: 14ms, application-code: 32ms)
 GET /api/workspaces/defbcbb4-f4f9-4c98-a889-62f82aba2f6d/oauth-apps 200 in 35ms (next.js: 15ms, application-code: 20ms)
 GET /api/health?require=worker 200 in 20ms (next.js: 5ms, application-code: 15ms)
 GET /api/health?require=worker 200 in 6ms (next.js: 1.4ms, application-code: 4ms)
 GET /admin/setup 200 in 32ms (next.js: 7ms, application-code: 25ms)
2026-09-29T02:04:13.322Z [worker] platform notifications sent 20
 GET /api/platform/setup 404 in 7ms (next.js: 4ms, application-code: 3ms)
 POST /api/platform/setup/redeem 200 in 32ms (next.js: 4ms, application-code: 28ms)
 GET /api/platform/setup 200 in 10ms (next.js: 1.8ms, application-code: 9ms)
 POST /api/auth/sign-up/email 200 in 100ms (next.js: 16ms, application-code: 85ms)
 GET /api/test/outbox?email=platform-admin-48de25c5%40flowline-e2e.test 200 in 10ms (next.js: 3ms, application-code: 7ms)
 POST /api/email 200 in 24ms (next.js: 4ms, application-code: 21ms)
 POST /api/auth/sign-in/email 200 in 69ms (next.js: 1.8ms, application-code: 67ms)
 GET /admin/setup 200 in 23ms (next.js: 2ms, application-code: 21ms)
 GET /api/platform/setup 200 in 20ms (next.js: 2ms, application-code: 18ms)
 POST /api/auth/two-factor/enable 200 in 86ms (next.js: 2ms, application-code: 83ms)
 POST /api/auth/two-factor/verify-totp 200 in 28ms (next.js: 3ms, application-code: 25ms)
 GET /api/platform/setup 200 in 29ms (next.js: 3ms, application-code: 26ms)
 POST /api/platform/setup/complete 200 in 59ms (next.js: 5ms, application-code: 54ms)
 GET /admin 200 in 35ms (next.js: 8ms, application-code: 27ms)
 GET /api/platform/me 200 in 27ms (next.js: 8ms, application-code: 19ms)
 GET /api/platform/credentials 200 in 41ms (next.js: 4ms, application-code: 36ms)
 GET /api/platform/admins 200 in 23ms (next.js: 5ms, application-code: 19ms)
 GET /api/platform/audit 200 in 26ms (next.js: 8ms, application-code: 19ms)
 POST /api/platform/step-up 200 in 42ms (next.js: 5ms, application-code: 37ms)
 GET /api/platform/me 200 in 23ms (next.js: 1.8ms, application-code: 21ms)
 PUT /api/platform/credentials/integration.github 200 in 59ms (next.js: 16ms, application-code: 43ms)
 GET /api/platform/credentials 200 in 27ms (next.js: 1.8ms, application-code: 25ms)
 GET /admin 200 in 36ms (next.js: 2ms, application-code: 34ms)
 GET /api/platform/me 200 in 16ms (next.js: 1.8ms, application-code: 14ms)
 GET /api/platform/credentials 200 in 22ms (next.js: 5ms, application-code: 17ms)
 GET /api/platform/admins 200 in 19ms (next.js: 2ms, application-code: 17ms)
 GET /api/platform/audit 200 in 23ms (next.js: 5ms, application-code: 18ms)
 GET /api/platform/credentials/integration.github/impact 200 in 38ms (next.js: 17ms, application-code: 21ms)
 POST /api/platform/credentials/integration.github/revoke 200 in 67ms (next.js: 17ms, application-code: 50ms)
 GET /api/platform/credentials 200 in 23ms (next.js: 2.0ms, application-code: 21ms)
 GET /api/platform/credentials/integration.github/impact 200 in 19ms (next.js: 2ms, application-code: 17ms)
 POST /api/platform/credentials/integration.github/clear 200 in 22ms (next.js: 17ms, application-code: 5ms)
[api] unhandled request=52406069-431f-4f63-ba3f-1545b6461a4f Error: aborted
 POST /api/auth/sign-up/email 200 in 99ms (next.js: 14ms, application-code: 84ms)
 GET /api/test/outbox?email=e2e-6769da14%40flowline-e2e.test 200 in 9ms (next.js: 2ms, application-code: 7ms)
 POST /api/email 200 in 22ms (next.js: 1.6ms, application-code: 20ms)
 POST /api/auth/sign-in/email 200 in 72ms (next.js: 2ms, application-code: 69ms)
 POST /api/workspaces 201 in 35ms (next.js: 3ms, application-code: 31ms)
 POST /api/onboarding 200 in 20ms (next.js: 4ms, application-code: 16ms)
 GET /admin 404 in 50ms (next.js: 3ms, application-code: 47ms)
 POST /api/auth/sign-up/email 200 in 89ms (next.js: 1.7ms, application-code: 87ms)
 GET /api/test/outbox?email=e2e-c0647884%40flowline-e2e.test 200 in 7ms (next.js: 1.7ms, application-code: 5ms)
 POST /api/email 200 in 22ms (next.js: 1.7ms, application-code: 20ms)
 POST /api/auth/sign-in/email 200 in 76ms (next.js: 1.6ms, application-code: 74ms)
 POST /api/workspaces 201 in 20ms (next.js: 1.8ms, application-code: 19ms)
 POST /api/onboarding 200 in 24ms (next.js: 1.6ms, application-code: 23ms)
 GET /w/e2e-2f9210/settings?tab=oauthApps 200 in 57ms (next.js: 15ms, application-code: 42ms)
 GET /api/health 200 in 7ms (next.js: 1.7ms, application-code: 5ms)
 GET /api/workspaces/15cb6bbe-22ad-44fb-b5c6-560ef2cce0d5/oauth-apps 200 in 40ms (next.js: 17ms, application-code: 23ms)
 PUT /api/workspaces/15cb6bbe-22ad-44fb-b5c6-560ef2cce0d5/oauth-apps/google 200 in 54ms (next.js: 17ms, application-code: 37ms)
 GET /api/workspaces/15cb6bbe-22ad-44fb-b5c6-560ef2cce0d5/oauth-apps 200 in 30ms (next.js: 1.8ms, application-code: 28ms)
 POST /api/workspaces/15cb6bbe-22ad-44fb-b5c6-560ef2cce0d5/invites 201 in 48ms (next.js: 16ms, application-code: 32ms)
 POST /api/auth/sign-up/email 200 in 102ms (next.js: 14ms, application-code: 88ms)
 GET /api/test/outbox?email=oauth-editor-3f319f0e%40flowline-e2e.test 200 in 9ms (next.js: 2ms, application-code: 7ms)
 POST /api/email 200 in 22ms (next.js: 1.7ms, application-code: 21ms)
 POST /api/auth/sign-in/email 200 in 72ms (next.js: 1.6ms, application-code: 70ms)
 POST /api/invites/VFl0v83u5FihtaeE7Jn_hsDv3KLcvncI2qcBt2LJP1A 200 in 42ms (next.js: 17ms, application-code: 26ms)
 GET /w/e2e-2f9210/integrations 200 in 71ms (next.js: 20ms, application-code: 52ms)
 GET /api/health 200 in 8ms (next.js: 2ms, application-code: 6ms)
 GET /api/workspaces/15cb6bbe-22ad-44fb-b5c6-560ef2cce0d5/connections 200 in 37ms (next.js: 19ms, application-code: 18ms)
 GET /api/integrations/catalog?workspaceId=15cb6bbe-22ad-44fb-b5c6-560ef2cce0d5 200 in 168ms (next.js: 4ms, application-code: 163ms)
 GET /api/workspaces/15cb6bbe-22ad-44fb-b5c6-560ef2cce0d5/oauth-apps/provenance?provider=google_sheets 200 in 31ms (next.js: 18ms, application-code: 13ms)
 GET /api/workspaces/15cb6bbe-22ad-44fb-b5c6-560ef2cce0d5/oauth-apps/google/impact 200 in 34ms (next.js: 18ms, application-code: 16ms)
 DELETE /api/workspaces/15cb6bbe-22ad-44fb-b5c6-560ef2cce0d5/oauth-apps/google 200 in 50ms (next.js: 17ms, application-code: 33ms)
 GET /api/workspaces/15cb6bbe-22ad-44fb-b5c6-560ef2cce0d5/oauth-apps 200 in 43ms (next.js: 15ms, application-code: 28ms)
 POST /api/auth/sign-up/email 200 in 104ms (next.js: 16ms, application-code: 88ms)
 GET /api/test/outbox?email=e2e-cba0a15d%40flowline-e2e.test 200 in 8ms (next.js: 1.9ms, application-code: 6ms)
 POST /api/email 200 in 21ms (next.js: 1.7ms, application-code: 19ms)
 POST /api/auth/sign-in/email 200 in 84ms (next.js: 1.7ms, application-code: 82ms)
 POST /api/workspaces 201 in 32ms (next.js: 1.7ms, application-code: 30ms)
 POST /api/onboarding 200 in 22ms (next.js: 1.7ms, application-code: 21ms)
 GET /w/e2e-dc9708/settings?tab=ai 200 in 56ms (next.js: 16ms, application-code: 40ms)
 GET /api/health 200 in 8ms (next.js: 3ms, application-code: 6ms)
 GET /api/workspaces/332d6b26-cf65-47bd-b9dc-2f029bae0547/ai 200 in 878ms (next.js: 849ms, application-code: 29ms)
 GET /api/workspaces/332d6b26-cf65-47bd-b9dc-2f029bae0547/ai/models 200 in 837ms (next.js: 819ms, application-code: 18ms)
 POST /api/workspaces/332d6b26-cf65-47bd-b9dc-2f029bae0547/ai/connections 201 in 904ms (next.js: 839ms, application-code: 65ms)
 GET /api/workspaces/332d6b26-cf65-47bd-b9dc-2f029bae0547/ai 200 in 49ms (next.js: 16ms, application-code: 34ms)
 GET /api/workspaces/332d6b26-cf65-47bd-b9dc-2f029bae0547/ai/models 200 in 51ms (next.js: 32ms, application-code: 18ms)
 POST /api/auth/sign-up/email 200 in 96ms (next.js: 15ms, application-code: 81ms)
 GET /api/test/outbox?email=e2e-d67396be%40flowline-e2e.test 200 in 7ms (next.js: 1.9ms, application-code: 5ms)
 POST /api/email 200 in 21ms (next.js: 1.7ms, application-code: 20ms)
 POST /api/auth/sign-in/email 200 in 70ms (next.js: 1.7ms, application-code: 68ms)
 POST /api/workspaces 201 in 19ms (next.js: 2ms, application-code: 17ms)
 POST /api/onboarding 200 in 11ms (next.js: 1.6ms, application-code: 10ms)
 GET /w/e2e-e71bd1/settings?tab=ai 200 in 56ms (next.js: 15ms, application-code: 41ms)
 GET /api/health 200 in 8ms (next.js: 2ms, application-code: 6ms)
 GET /api/workspaces/0394f3b9-7cb1-4e91-adc6-a6fb0eeb4114/ai 200 in 40ms (next.js: 14ms, application-code: 26ms)
 GET /api/workspaces/0394f3b9-7cb1-4e91-adc6-a6fb0eeb4114/ai/models 200 in 41ms (next.js: 17ms, application-code: 24ms)
 POST /api/workspaces/0394f3b9-7cb1-4e91-adc6-a6fb0eeb4114/ai/connections 201 in 70ms (next.js: 15ms, application-code: 55ms)
 GET /api/workspaces/0394f3b9-7cb1-4e91-adc6-a6fb0eeb4114/ai/models 200 in 19ms (next.js: 5ms, application-code: 15ms)
 GET /api/workspaces/0394f3b9-7cb1-4e91-adc6-a6fb0eeb4114/ai 200 in 21ms (next.js: 1.9ms, application-code: 19ms)
 POST /api/auth/sign-up/email 200 in 97ms (next.js: 14ms, application-code: 82ms)
 GET /api/test/outbox?email=e2e-9532f425%40flowline-e2e.test 200 in 7ms (next.js: 1.9ms, application-code: 5ms)
 POST /api/email 200 in 21ms (next.js: 1.7ms, application-code: 19ms)
 POST /api/auth/sign-in/email 200 in 71ms (next.js: 1.7ms, application-code: 69ms)
 POST /api/workspaces 201 in 22ms (next.js: 2ms, application-code: 20ms)
 POST /api/onboarding 200 in 20ms (next.js: 1.7ms, application-code: 18ms)
 POST /api/workspaces/7ed3a35b-3ebb-49e0-be46-0cbb7798b2c5/ai/connections 201 in 72ms (next.js: 1.7ms, application-code: 71ms)
 PUT /api/workspaces/7ed3a35b-3ebb-49e0-be46-0cbb7798b2c5/ai/default-route 200 in 850ms (next.js: 825ms, application-code: 25ms)
 PUT /api/workspaces/7ed3a35b-3ebb-49e0-be46-0cbb7798b2c5/ai/policy 200 in 852ms (next.js: 826ms, application-code: 25ms)
 POST /api/workspaces/7ed3a35b-3ebb-49e0-be46-0cbb7798b2c5/ai/connections 201 in 82ms (next.js: 14ms, application-code: 68ms)
 GET /w/e2e-632e03/settings?tab=ai 200 in 59ms (next.js: 14ms, application-code: 44ms)
 GET /api/health 200 in 7ms (next.js: 2ms, application-code: 4ms)
 GET /api/workspaces/7ed3a35b-3ebb-49e0-be46-0cbb7798b2c5/ai 200 in 47ms (next.js: 15ms, application-code: 32ms)
 GET /api/workspaces/7ed3a35b-3ebb-49e0-be46-0cbb7798b2c5/ai/models 200 in 33ms (next.js: 16ms, application-code: 17ms)
 PUT /api/workspaces/7ed3a35b-3ebb-49e0-be46-0cbb7798b2c5/ai/policy 200 in 34ms (next.js: 15ms, application-code: 19ms)
 GET /api/workspaces/7ed3a35b-3ebb-49e0-be46-0cbb7798b2c5/ai 200 in 39ms (next.js: 2ms, application-code: 37ms)
 GET /w/e2e-632e03/settings?tab=ai 200 in 65ms (next.js: 17ms, application-code: 48ms)
 GET /api/health 200 in 10ms (next.js: 3ms, application-code: 7ms)
 GET /api/workspaces/7ed3a35b-3ebb-49e0-be46-0cbb7798b2c5/ai 200 in 25ms (next.js: 2ms, application-code: 23ms)
 GET /api/workspaces/7ed3a35b-3ebb-49e0-be46-0cbb7798b2c5/ai/models 200 in 26ms (next.js: 2ms, application-code: 24ms)
 GET /w/e2e-632e03/agents/new 200 in 683ms (next.js: 612ms, application-code: 71ms)
 GET /api/health 200 in 8ms (next.js: 2ms, application-code: 6ms)
 GET /api/workspaces/7ed3a35b-3ebb-49e0-be46-0cbb7798b2c5/ai 200 in 180ms (next.js: 14ms, application-code: 165ms)
 GET /api/workspaces/7ed3a35b-3ebb-49e0-be46-0cbb7798b2c5/ai/models 200 in 38ms (next.js: 16ms, application-code: 22ms)
 GET /api/workspaces/7ed3a35b-3ebb-49e0-be46-0cbb7798b2c5/knowledge 200 in 948ms (next.js: 933ms, application-code: 15ms)
 GET /api/workspaces/7ed3a35b-3ebb-49e0-be46-0cbb7798b2c5/flows 200 in 950ms (next.js: 920ms, application-code: 30ms)
 POST /api/workspaces/7ed3a35b-3ebb-49e0-be46-0cbb7798b2c5/agents 201 in 895ms (next.js: 863ms, application-code: 32ms)
 GET /w/e2e-632e03/agents/31750ce1-317b-42d9-bae9-8df2cbe40535 200 in 594ms (next.js: 580ms, application-code: 14ms)
 GET /api/agents/31750ce1-317b-42d9-bae9-8df2cbe40535 200 in 853ms (next.js: 832ms, application-code: 21ms)
 POST /api/auth/sign-up/email 200 in 91ms (next.js: 15ms, application-code: 76ms)
 GET /api/test/outbox?email=e2e-f32f9c46%40flowline-e2e.test 200 in 6ms (next.js: 1.6ms, application-code: 4ms)
 POST /api/email 200 in 19ms (next.js: 1.7ms, application-code: 17ms)
 POST /api/auth/sign-in/email 200 in 68ms (next.js: 1.6ms, application-code: 66ms)
 POST /api/workspaces 201 in 25ms (next.js: 2ms, application-code: 23ms)
 POST /api/onboarding 200 in 30ms (next.js: 1.8ms, application-code: 28ms)
 GET /w/e2e-acb17b/settings?tab=ai 200 in 82ms (next.js: 20ms, application-code: 62ms)
 GET /api/health 200 in 8ms (next.js: 2ms, application-code: 5ms)
 GET /api/workspaces/262c1c22-f8eb-42b7-8733-a5876ee4c56c/ai 200 in 34ms (next.js: 16ms, application-code: 18ms)
 GET /api/workspaces/262c1c22-f8eb-42b7-8733-a5876ee4c56c/ai/models 200 in 35ms (next.js: 15ms, application-code: 20ms)
 POST /api/workspaces/262c1c22-f8eb-42b7-8733-a5876ee4c56c/ai/connections 201 in 75ms (next.js: 16ms, application-code: 58ms)
 GET /api/workspaces/262c1c22-f8eb-42b7-8733-a5876ee4c56c/ai/models 200 in 17ms (next.js: 5ms, application-code: 12ms)
 GET /api/workspaces/262c1c22-f8eb-42b7-8733-a5876ee4c56c/ai 200 in 20ms (next.js: 1.9ms, application-code: 18ms)
 PUT /api/workspaces/262c1c22-f8eb-42b7-8733-a5876ee4c56c/ai/default-route 200 in 35ms (next.js: 14ms, application-code: 20ms)
 GET /api/workspaces/262c1c22-f8eb-42b7-8733-a5876ee4c56c/ai 200 in 95ms (next.js: 3ms, application-code: 92ms)
 PATCH /api/workspaces/262c1c22-f8eb-42b7-8733-a5876ee4c56c 200 in 864ms (next.js: 843ms, application-code: 21ms)
 POST /api/workspaces/262c1c22-f8eb-42b7-8733-a5876ee4c56c/flows 201 in 45ms (next.js: 21ms, application-code: 24ms)
 PUT /api/flows/5c4c7247-855b-4768-9081-1504dfb5bd84 200 in 851ms (next.js: 825ms, application-code: 26ms)
 GET /w/e2e-acb17b/flows/5c4c7247-855b-4768-9081-1504dfb5bd84 200 in 679ms (next.js: 588ms, application-code: 91ms)
 GET /api/health 200 in 6ms (next.js: 1.8ms, application-code: 5ms)
 GET /api/flows/5c4c7247-855b-4768-9081-1504dfb5bd84 200 in 26ms (next.js: 14ms, application-code: 12ms)
 GET /api/workspaces/262c1c22-f8eb-42b7-8733-a5876ee4c56c/ai 200 in 48ms (next.js: 14ms, application-code: 34ms)
 GET /api/workspaces/262c1c22-f8eb-42b7-8733-a5876ee4c56c/ai/models 200 in 50ms (next.js: 18ms, application-code: 31ms)
 GET /api/flows/5c4c7247-855b-4768-9081-1504dfb5bd84/publish 200 in 946ms (next.js: 925ms, application-code: 21ms)
 GET /api/flows/5c4c7247-855b-4768-9081-1504dfb5bd84/runs 200 in 922ms (next.js: 905ms, application-code: 17ms)
 PUT /api/flows/5c4c7247-855b-4768-9081-1504dfb5bd84 200 in 45ms (next.js: 15ms, application-code: 30ms)
2026-09-29T02:04:37.987Z [worker] run f7595237-8538-4d85-b9fd-d6dd122694d8 claimed
 POST /api/flows/5c4c7247-855b-4768-9081-1504dfb5bd84/runs 202 in 87ms (next.js: 16ms, application-code: 71ms)
 GET /api/flows/5c4c7247-855b-4768-9081-1504dfb5bd84/runs 200 in 71ms (next.js: 2ms, application-code: 69ms)
2026-09-29T02:04:38.100Z [worker] run f7595237-8538-4d85-b9fd-d6dd122694d8 done
 GET /api/runs/f7595237-8538-4d85-b9fd-d6dd122694d8 200 in 881ms (next.js: 855ms, application-code: 26ms)
 GET /api/flows/5c4c7247-855b-4768-9081-1504dfb5bd84/runs 200 in 40ms (next.js: 16ms, application-code: 24ms)
 GET /w/e2e-acb17b/runs?run=f7595237-8538-4d85-b9fd-d6dd122694d8 200 in 613ms (next.js: 599ms, application-code: 14ms)
 GET /api/workspaces/262c1c22-f8eb-42b7-8733-a5876ee4c56c/runs?limit=25 200 in 896ms (next.js: 879ms, application-code: 17ms)
 GET /w/e2e-acb17b/settings?tab=ai 200 in 53ms (next.js: 14ms, application-code: 39ms)
 GET /api/health 200 in 7ms (next.js: 3ms, application-code: 5ms)
 GET /api/workspaces/262c1c22-f8eb-42b7-8733-a5876ee4c56c/ai 200 in 43ms (next.js: 15ms, application-code: 27ms)
 GET /api/workspaces/262c1c22-f8eb-42b7-8733-a5876ee4c56c/ai/models 200 in 31ms (next.js: 15ms, application-code: 15ms)
 POST /api/auth/sign-out 200 in 36ms (next.js: 15ms, application-code: 20ms)
 GET /sign-in 200 in 37ms (next.js: 6ms, application-code: 31ms)
 GET /api/auth-config 200 in 93ms (next.js: 85ms, application-code: 8ms)
 POST /api/auth/sign-in/email 200 in 127ms (next.js: 2.0ms, application-code: 125ms)
 GET /w/e2e-acb17b/settings?tab=ai 200 in 67ms (next.js: 16ms, application-code: 51ms)
 GET /api/health 200 in 7ms (next.js: 2ms, application-code: 5ms)
 GET /api/workspaces/262c1c22-f8eb-42b7-8733-a5876ee4c56c/ai 200 in 30ms (next.js: 2ms, application-code: 28ms)
 GET /api/workspaces/262c1c22-f8eb-42b7-8733-a5876ee4c56c/ai/models 200 in 30ms (next.js: 2ms, application-code: 28ms)
 POST /api/auth/sign-up/email 200 in 87ms (next.js: 3ms, application-code: 84ms)
 GET /api/test/outbox?email=ai-other-222c778e%40flowline-e2e.test 200 in 6ms (next.js: 1.7ms, application-code: 5ms)
 POST /api/email 200 in 20ms (next.js: 1.9ms, application-code: 18ms)
 POST /api/auth/sign-in/email 200 in 70ms (next.js: 2ms, application-code: 68ms)
 POST /api/workspaces 201 in 28ms (next.js: 1.7ms, application-code: 26ms)
 GET /api/workspaces/262c1c22-f8eb-42b7-8733-a5876ee4c56c/ai/connections 404 in 31ms (next.js: 14ms, application-code: 17ms)
 GET /api/workspaces/262c1c22-f8eb-42b7-8733-a5876ee4c56c/ai/models 404 in 42ms (next.js: 20ms, application-code: 22ms)
 GET /w/other-ai-8/settings?tab=ai 200 in 59ms (next.js: 15ms, application-code: 44ms)
 GET /api/health 200 in 7ms (next.js: 2ms, application-code: 5ms)
 GET /api/workspaces/9371a6ff-979a-417a-9af1-34bdf5d04b3f/ai 200 in 36ms (next.js: 16ms, application-code: 20ms)
 GET /api/workspaces/9371a6ff-979a-417a-9af1-34bdf5d04b3f/ai/models 200 in 28ms (next.js: 2.0ms, application-code: 26ms)
 POST /api/workspaces/262c1c22-f8eb-42b7-8733-a5876ee4c56c/invites 201 in 53ms (next.js: 19ms, application-code: 34ms)
 POST /api/auth/sign-up/email 200 in 95ms (next.js: 15ms, application-code: 79ms)
 GET /api/test/outbox?email=ai-editor-94c722f3%40flowline-e2e.test 200 in 8ms (next.js: 2ms, application-code: 6ms)
 POST /api/email 200 in 22ms (next.js: 1.7ms, application-code: 20ms)
 POST /api/auth/sign-in/email 200 in 74ms (next.js: 2ms, application-code: 72ms)
 POST /api/invites/VSLOgiqbTXwzVO1Wp_BXaKANmPqmUuZDOL2iTkg-f4g 200 in 44ms (next.js: 15ms, application-code: 29ms)
 GET /api/workspaces/262c1c22-f8eb-42b7-8733-a5876ee4c56c/ai/models 200 in 33ms (next.js: 15ms, application-code: 19ms)
 GET /api/workspaces/262c1c22-f8eb-42b7-8733-a5876ee4c56c/ai/connections 200 in 42ms (next.js: 14ms, application-code: 27ms)
 POST /api/workspaces/262c1c22-f8eb-42b7-8733-a5876ee4c56c/ai/connections 403 in 24ms (next.js: 2ms, application-code: 21ms)
 GET /api/flows/5c4c7247-855b-4768-9081-1504dfb5bd84 200 in 32ms (next.js: 17ms, application-code: 15ms)
 PUT /api/flows/5c4c7247-855b-4768-9081-1504dfb5bd84 403 in 36ms (next.js: 3ms, application-code: 33ms)
 GET /w/e2e-acb17b/flows/5c4c7247-855b-4768-9081-1504dfb5bd84 200 in 67ms (next.js: 18ms, application-code: 49ms)
 GET /api/health 200 in 8ms (next.js: 2ms, application-code: 6ms)
 GET /api/flows/5c4c7247-855b-4768-9081-1504dfb5bd84 200 in 22ms (next.js: 3ms, application-code: 20ms)
 GET /api/flows/5c4c7247-855b-4768-9081-1504dfb5bd84/publish 200 in 55ms (next.js: 16ms, application-code: 38ms)
 GET /api/flows/5c4c7247-855b-4768-9081-1504dfb5bd84/runs 200 in 44ms (next.js: 18ms, application-code: 26ms)
 GET /api/runs/f7595237-8538-4d85-b9fd-d6dd122694d8 200 in 79ms (next.js: 19ms, application-code: 60ms)
 GET /api/workspaces/262c1c22-f8eb-42b7-8733-a5876ee4c56c/ai 200 in 56ms (next.js: 24ms, application-code: 32ms)
 GET /api/workspaces/262c1c22-f8eb-42b7-8733-a5876ee4c56c/ai/models 200 in 65ms (next.js: 3ms, application-code: 62ms)
 GET / 200 in 49ms (next.js: 6ms, application-code: 43ms)
 GET /sign-up 200 in 25ms (next.js: 9ms, application-code: 16ms)
 GET /api/auth-config 200 in 8ms (next.js: 1.8ms, application-code: 6ms)
 POST /api/auth/sign-up/email 200 in 96ms (next.js: 15ms, application-code: 80ms)
 GET /api/test/outbox?email=arabic-d8a15b76%40flowline-e2e.test 200 in 7ms (next.js: 1.9ms, application-code: 5ms)
 GET /verify-email?token=n9yybJh6420rN1zItefBpj-oZcvUZjbGC4mz9aD4OGw&callbackURL=%2Fsign-in 200 in 46ms (next.js: 22ms, application-code: 24ms)
 POST /api/email 200 in 22ms (next.js: 1.8ms, application-code: 20ms)
 GET /sign-in 200 in 15ms (next.js: 3ms, application-code: 12ms)
 GET /api/auth-config 200 in 7ms (next.js: 1.9ms, application-code: 5ms)
 POST /api/auth/sign-in/email 200 in 81ms (next.js: 15ms, application-code: 66ms)
 GET /app 200 in 98ms (next.js: 51ms, application-code: 46ms)
 GET /app 200 in 27ms (next.js: 4ms, application-code: 23ms)
 GET /onboarding 200 in 91ms (next.js: 39ms, application-code: 52ms)
 GET /onboarding 200 in 37ms (next.js: 4ms, application-code: 33ms)
 POST /api/workspaces 201 in 35ms (next.js: 2ms, application-code: 32ms)
 POST /api/workspaces/ec5839f2-c9a9-4089-af5e-b5aec59e7fb8/flows 201 in 36ms (next.js: 14ms, application-code: 22ms)
 POST /api/onboarding 200 in 18ms (next.js: 2ms, application-code: 16ms)
 GET /w/arabic-co-7/flows/9cc0b40c-6f16-433b-b1b5-3a50003f184d 200 in 51ms (next.js: 15ms, application-code: 36ms)
 GET /api/health 200 in 8ms (next.js: 3ms, application-code: 6ms)
 GET /api/flows/9cc0b40c-6f16-433b-b1b5-3a50003f184d 200 in 34ms (next.js: 15ms, application-code: 19ms)
 GET /api/flows/9cc0b40c-6f16-433b-b1b5-3a50003f184d/publish 200 in 46ms (next.js: 15ms, application-code: 31ms)
 GET /api/flows/9cc0b40c-6f16-433b-b1b5-3a50003f184d/runs 200 in 31ms (next.js: 15ms, application-code: 17ms)
 GET /w/arabic-co-7/flows 200 in 700ms (next.js: 644ms, application-code: 56ms)
 GET /api/health 200 in 8ms (next.js: 2ms, application-code: 5ms)
 GET /api/workspaces/ec5839f2-c9a9-4089-af5e-b5aec59e7fb8/flows 200 in 153ms (next.js: 15ms, application-code: 137ms)
 GET /w/arabic-co-7/flows 200 in 48ms (next.js: 15ms, application-code: 32ms)
 GET /w/arabic-co-7/flows 200 in 37ms (next.js: 3ms, application-code: 33ms)
 POST /api/auth/sign-out 200 in 39ms (next.js: 17ms, application-code: 23ms)
 GET /sign-in 200 in 35ms (next.js: 3ms, application-code: 32ms)
 GET /api/workspaces/ec5839f2-c9a9-4089-af5e-b5aec59e7fb8/overview 200 in 766ms
 GET /api/workspaces/ec5839f2-c9a9-4089-af5e-b5aec59e7fb8/usage 200 in 766ms
 GET /sign-in 200 in 38ms (next.js: 3ms, application-code: 35ms)
 GET /api/auth-config 200 in 8ms (next.js: 2ms, application-code: 6ms)
 GET /api/auth-config 200 in 8ms (next.js: 2.0ms, application-code: 7ms)
 POST /api/auth/sign-in/email 200 in 78ms (next.js: 1.9ms, application-code: 76ms)
 GET /app 200 in 51ms (next.js: 3ms, application-code: 48ms)
 GET /app 200 in 38ms (next.js: 6ms, application-code: 31ms)
 GET /w/arabic-co-7/flows 200 in 70ms (next.js: 17ms, application-code: 53ms)
 GET /w/arabic-co-7/flows 200 in 38ms (next.js: 9ms, application-code: 29ms)
 GET /api/health 200 in 7ms (next.js: 3ms, application-code: 5ms)
 GET /api/workspaces/ec5839f2-c9a9-4089-af5e-b5aec59e7fb8/overview 200 in 60ms (next.js: 16ms, application-code: 44ms)
 GET /api/workspaces/ec5839f2-c9a9-4089-af5e-b5aec59e7fb8/usage 200 in 43ms (next.js: 16ms, application-code: 27ms)
 GET /api/workspaces/ec5839f2-c9a9-4089-af5e-b5aec59e7fb8/flows 200 in 43ms (next.js: 34ms, application-code: 9ms)
 GET /sign-in 200 in 31ms (next.js: 3ms, application-code: 29ms)
 GET /api/auth-config 200 in 7ms (next.js: 1.9ms, application-code: 6ms)
 GET /sign-in 200 in 20ms (next.js: 3ms, application-code: 16ms)
 GET /sign-up 200 in 31ms (next.js: 2ms, application-code: 29ms)
 GET /api/auth-config 200 in 9ms (next.js: 2ms, application-code: 6ms)
 GET /sign-up 200 in 20ms (next.js: 3ms, application-code: 16ms)
 GET /sign-in 200 in 30ms (next.js: 3ms, application-code: 27ms)
 GET /api/auth-config 200 in 8ms (next.js: 2ms, application-code: 6ms)
 POST /api/auth/sign-up/email 200 in 91ms (next.js: 14ms, application-code: 77ms)
 GET /api/test/outbox?email=arabic-rtl-953100af%40flowline-e2e.test 200 in 7ms (next.js: 2ms, application-code: 4ms)
 POST /api/email 200 in 17ms (next.js: 1.6ms, application-code: 16ms)
 POST /api/auth/sign-in/email 200 in 67ms (next.js: 1.8ms, application-code: 65ms)
 POST /api/workspaces 201 in 29ms (next.js: 1.7ms, application-code: 27ms)
 POST /api/onboarding 200 in 18ms (next.js: 2ms, application-code: 16ms)
 POST /api/workspaces/4c788551-0b13-498d-abe7-6d06ebe08c88/flows 201 in 29ms (next.js: 14ms, application-code: 16ms)
 GET / 200 in 48ms (next.js: 3ms, application-code: 45ms)
 GET /sign-in 200 in 35ms (next.js: 2ms, application-code: 33ms)
 GET /api/auth-config 200 in 9ms (next.js: 2ms, application-code: 7ms)
 GET /w/rtl-scroll-7/flows 200 in 65ms (next.js: 15ms, application-code: 50ms)
 GET /api/health 200 in 8ms (next.js: 3ms, application-code: 5ms)
 GET /api/workspaces/4c788551-0b13-498d-abe7-6d06ebe08c88/flows 200 in 53ms (next.js: 20ms, application-code: 34ms)
 GET /api/workspaces/4c788551-0b13-498d-abe7-6d06ebe08c88/usage 200 in 77ms (next.js: 17ms, application-code: 60ms)
 GET /api/workspaces/4c788551-0b13-498d-abe7-6d06ebe08c88/overview 200 in 117ms (next.js: 17ms, application-code: 100ms)
 GET /w/rtl-scroll-7/flows/3da2db20-ad6d-4d83-9e1e-f281acb22c26 200 in 74ms (next.js: 18ms, application-code: 56ms)
 GET /api/health 200 in 9ms (next.js: 3ms, application-code: 6ms)
 GET /api/flows/3da2db20-ad6d-4d83-9e1e-f281acb22c26 200 in 37ms (next.js: 21ms, application-code: 15ms)
 GET /api/flows/3da2db20-ad6d-4d83-9e1e-f281acb22c26/publish 200 in 59ms (next.js: 17ms, application-code: 42ms)
 GET /api/flows/3da2db20-ad6d-4d83-9e1e-f281acb22c26/runs 200 in 38ms (next.js: 19ms, application-code: 19ms)
 GET /w/rtl-scroll-7/runs 200 in 109ms (next.js: 19ms, application-code: 90ms)
 GET /api/health 200 in 10ms (next.js: 3ms, application-code: 7ms)
 GET /api/workspaces/4c788551-0b13-498d-abe7-6d06ebe08c88/runs?limit=25 200 in 32ms (next.js: 17ms, application-code: 15ms)
 GET /w/rtl-scroll-7/settings 200 in 70ms (next.js: 18ms, application-code: 53ms)
 GET /api/health 200 in 12ms (next.js: 4ms, application-code: 9ms)
(node:75336) MaxListenersExceededWarning: Possible EventEmitter memory leak detected. 11 unpipe listeners added to [SyncWriteStream]. MaxListeners is 10. Use emitter.setMaxListeners() to increase limit
(Use `node --trace-warnings ...` to show where the warning was created)
(node:75336) MaxListenersExceededWarning: Possible EventEmitter memory leak detected. 11 error listeners added to [SyncWriteStream]. MaxListeners is 10. Use emitter.setMaxListeners() to increase limit
(node:75336) MaxListenersExceededWarning: Possible EventEmitter memory leak detected. 11 close listeners added to [SyncWriteStream]. MaxListeners is 10. Use emitter.setMaxListeners() to increase limit
(node:75336) MaxListenersExceededWarning: Possible EventEmitter memory leak detected. 11 finish listeners added to [SyncWriteStream]. MaxListeners is 10. Use emitter.setMaxListeners() to increase limit
(node:75336) MaxListenersExceededWarning: Possible EventEmitter memory leak detected. 11 unpipe listeners added to [SyncWriteStream]. MaxListeners is 10. Use emitter.setMaxListeners() to increase limit
(node:75336) MaxListenersExceededWarning: Possible EventEmitter memory leak detected. 11 error listeners added to [SyncWriteStream]. MaxListeners is 10. Use emitter.setMaxListeners() to increase limit
(node:75336) MaxListenersExceededWarning: Possible EventEmitter memory leak detected. 11 close listeners added to [SyncWriteStream]. MaxListeners is 10. Use emitter.setMaxListeners() to increase limit
(node:75336) MaxListenersExceededWarning: Possible EventEmitter memory leak detected. 11 finish listeners added to [SyncWriteStream]. MaxListeners is 10. Use emitter.setMaxListeners() to increase limit
 GET /api/workspaces/4c788551-0b13-498d-abe7-6d06ebe08c88/invites 200 in 128ms (next.js: 21ms, application-code: 107ms)
 GET / 200 in 67ms (next.js: 4ms, application-code: 63ms)
 GET /api/workspaces/4c788551-0b13-498d-abe7-6d06ebe08c88/members 200 in 168ms
 GET /sign-in 200 in 34ms (next.js: 3ms, application-code: 31ms)
 GET /api/auth-config 200 in 11ms (next.js: 3ms, application-code: 8ms)
 GET /w/rtl-scroll-7/flows 200 in 73ms (next.js: 17ms, application-code: 56ms)
 GET /api/health 200 in 8ms (next.js: 2ms, application-code: 6ms)
 GET /api/workspaces/4c788551-0b13-498d-abe7-6d06ebe08c88/usage 200 in 128ms (next.js: 39ms, application-code: 89ms)
 GET /api/workspaces/4c788551-0b13-498d-abe7-6d06ebe08c88/flows 200 in 86ms (next.js: 18ms, application-code: 68ms)
 GET /api/workspaces/4c788551-0b13-498d-abe7-6d06ebe08c88/overview 200 in 152ms (next.js: 19ms, application-code: 133ms)
 GET /w/rtl-scroll-7/flows/3da2db20-ad6d-4d83-9e1e-f281acb22c26 200 in 89ms (next.js: 22ms, application-code: 68ms)
 GET /api/health 200 in 9ms (next.js: 3ms, application-code: 6ms)
 GET /api/flows/3da2db20-ad6d-4d83-9e1e-f281acb22c26 200 in 39ms (next.js: 17ms, application-code: 21ms)
 GET /api/flows/3da2db20-ad6d-4d83-9e1e-f281acb22c26/publish 200 in 59ms (next.js: 20ms, application-code: 39ms)
 GET /api/flows/3da2db20-ad6d-4d83-9e1e-f281acb22c26/runs 200 in 54ms (next.js: 19ms, application-code: 35ms)
 GET /w/rtl-scroll-7/runs 200 in 75ms (next.js: 19ms, application-code: 55ms)
 GET /api/health 200 in 8ms (next.js: 3ms, application-code: 5ms)
 GET /api/workspaces/4c788551-0b13-498d-abe7-6d06ebe08c88/runs?limit=25 200 in 94ms (next.js: 21ms, application-code: 73ms)
 GET /w/rtl-scroll-7/settings 200 in 83ms (next.js: 27ms, application-code: 57ms)
 GET /api/health 200 in 18ms (next.js: 7ms, application-code: 11ms)
 GET /api/workspaces/4c788551-0b13-498d-abe7-6d06ebe08c88/members 200 in 99ms (next.js: 21ms, application-code: 78ms)
 GET /api/workspaces/4c788551-0b13-498d-abe7-6d06ebe08c88/invites 200 in 107ms (next.js: 45ms, application-code: 62ms)
 GET / 200 in 84ms (next.js: 5ms, application-code: 79ms)
 GET /sign-in 200 in 33ms (next.js: 3ms, application-code: 30ms)
 GET /api/auth-config 200 in 10ms (next.js: 2ms, application-code: 8ms)
 GET /w/rtl-scroll-7/flows 200 in 70ms (next.js: 18ms, application-code: 52ms)
 GET /api/health 200 in 8ms (next.js: 3ms, application-code: 5ms)
 GET /api/workspaces/4c788551-0b13-498d-abe7-6d06ebe08c88/usage 200 in 93ms (next.js: 16ms, application-code: 77ms)
 GET /api/workspaces/4c788551-0b13-498d-abe7-6d06ebe08c88/flows 200 in 76ms (next.js: 17ms, application-code: 59ms)
 GET /api/workspaces/4c788551-0b13-498d-abe7-6d06ebe08c88/overview 200 in 149ms (next.js: 30ms, application-code: 119ms)
 GET /w/rtl-scroll-7/flows/3da2db20-ad6d-4d83-9e1e-f281acb22c26 200 in 83ms (next.js: 20ms, application-code: 63ms)
 GET /api/health 200 in 8ms (next.js: 3ms, application-code: 6ms)
 GET /api/flows/3da2db20-ad6d-4d83-9e1e-f281acb22c26 200 in 33ms (next.js: 19ms, application-code: 15ms)
 GET /api/flows/3da2db20-ad6d-4d83-9e1e-f281acb22c26/publish 200 in 60ms (next.js: 18ms, application-code: 41ms)
 GET /api/flows/3da2db20-ad6d-4d83-9e1e-f281acb22c26/runs 200 in 58ms (next.js: 18ms, application-code: 40ms)
 GET /w/rtl-scroll-7/runs 200 in 78ms (next.js: 23ms, application-code: 55ms)
 GET /api/health 200 in 9ms (next.js: 3ms, application-code: 6ms)
 GET /api/workspaces/4c788551-0b13-498d-abe7-6d06ebe08c88/runs?limit=25 200 in 86ms (next.js: 22ms, application-code: 64ms)
 GET /w/rtl-scroll-7/settings 200 in 84ms (next.js: 19ms, application-code: 65ms)
 GET /api/health 200 in 11ms (next.js: 4ms, application-code: 7ms)
 GET /api/workspaces/4c788551-0b13-498d-abe7-6d06ebe08c88/members 200 in 55ms (next.js: 22ms, application-code: 34ms)
 GET /api/workspaces/4c788551-0b13-498d-abe7-6d06ebe08c88/invites 200 in 55ms (next.js: 41ms, application-code: 15ms)
 POST /api/auth/sign-up/email 200 in 127ms (next.js: 22ms, application-code: 105ms)
 GET /api/test/outbox?email=e2e-1e305f8d%40flowline-e2e.test 200 in 9ms (next.js: 2ms, application-code: 7ms)
 POST /api/email 200 in 27ms (next.js: 3ms, application-code: 24ms)
 POST /api/auth/sign-in/email 200 in 79ms (next.js: 2ms, application-code: 77ms)
 POST /api/workspaces 201 in 20ms (next.js: 3ms, application-code: 17ms)
 POST /api/onboarding 200 in 14ms (next.js: 2ms, application-code: 12ms)
 POST /api/workspaces/3dabe1a8-f17f-4c38-8149-a6c22136f2e0/flows 201 in 36ms (next.js: 20ms, application-code: 16ms)
 GET /w/e2e-52bd85/templates 200 in 727ms (next.js: 641ms, application-code: 86ms)
 GET /api/health 200 in 7ms (next.js: 2ms, application-code: 5ms)
 GET /api/workspaces/3dabe1a8-f17f-4c38-8149-a6c22136f2e0/connections 200 in 79ms (next.js: 30ms, application-code: 49ms)
 GET /api/workspaces/3dabe1a8-f17f-4c38-8149-a6c22136f2e0/ai 200 in 90ms (next.js: 15ms, application-code: 76ms)
 GET /w/e2e-52bd85/flows/8aa44fbc-44de-4731-a1ac-9a80c002a78a 200 in 67ms (next.js: 16ms, application-code: 51ms)
 GET /api/health 200 in 8ms (next.js: 2ms, application-code: 6ms)
 GET /api/flows/8aa44fbc-44de-4731-a1ac-9a80c002a78a 200 in 28ms (next.js: 16ms, application-code: 12ms)
 GET /api/flows/8aa44fbc-44de-4731-a1ac-9a80c002a78a/publish 200 in 51ms (next.js: 16ms, application-code: 35ms)
 GET /api/flows/8aa44fbc-44de-4731-a1ac-9a80c002a78a/runs 200 in 31ms (next.js: 18ms, application-code: 13ms)
 GET /api/integrations/catalog 200 in 20ms (next.js: 3ms, application-code: 18ms)
 GET /api/workspaces/3dabe1a8-f17f-4c38-8149-a6c22136f2e0/ai 200 in 19ms (next.js: 2ms, application-code: 17ms)
 POST /api/flows/8aa44fbc-44de-4731-a1ac-9a80c002a78a/runs 202 in 64ms (next.js: 2ms, application-code: 62ms)
2026-09-29T02:04:58.683Z [worker] run 56072690-013b-4a3f-b52a-5211bffbb239 claimed
 GET /api/flows/8aa44fbc-44de-4731-a1ac-9a80c002a78a/runs 200 in 38ms (next.js: 2ms, application-code: 36ms)
 GET /api/runs/56072690-013b-4a3f-b52a-5211bffbb239 200 in 42ms (next.js: 17ms, application-code: 25ms)
2026-09-29T02:04:58.755Z [worker] run 56072690-013b-4a3f-b52a-5211bffbb239 done
 GET /api/runs/56072690-013b-4a3f-b52a-5211bffbb239 200 in 32ms (next.js: 2ms, application-code: 29ms)
 GET /api/flows/8aa44fbc-44de-4731-a1ac-9a80c002a78a/runs 200 in 28ms (next.js: 15ms, application-code: 13ms)
 GET /w/e2e-52bd85/runs?run=56072690-013b-4a3f-b52a-5211bffbb239 200 in 32ms (next.js: 19ms, application-code: 14ms)
 GET /api/workspaces/3dabe1a8-f17f-4c38-8149-a6c22136f2e0/runs?limit=25 200 in 48ms (next.js: 19ms, application-code: 29ms)
 GET /api/runs/56072690-013b-4a3f-b52a-5211bffbb239/rerun-preview?fromNodeId=hot&revision=original 200 in 908ms (next.js: 879ms, application-code: 30ms)
 POST /api/auth/sign-up/email 200 in 94ms (next.js: 16ms, application-code: 78ms)
 GET /api/test/outbox?email=e2e-aa24b8bd%40flowline-e2e.test 200 in 6ms (next.js: 1.6ms, application-code: 5ms)
 POST /api/email 200 in 18ms (next.js: 1.5ms, application-code: 16ms)
 POST /api/auth/sign-in/email 200 in 67ms (next.js: 2ms, application-code: 65ms)
 POST /api/workspaces 201 in 33ms (next.js: 1.9ms, application-code: 31ms)
 POST /api/onboarding 200 in 31ms (next.js: 2ms, application-code: 29ms)
 GET /w/e2e-230193/settings?tab=general 200 in 121ms (next.js: 15ms, application-code: 106ms)
 GET /api/health 200 in 7ms (next.js: 3ms, application-code: 5ms)
 GET /resend-verification 200 in 42ms (next.js: 28ms, application-code: 14ms)
 GET /w/e2e-230193/flows 200 in 63ms (next.js: 14ms, application-code: 49ms)
 GET /api/health 200 in 8ms (next.js: 2ms, application-code: 6ms)
 GET /api/workspaces/909dad98-be0e-42c0-abfd-7e58b6037eb8/usage 200 in 51ms (next.js: 17ms, application-code: 34ms)
 GET /api/workspaces/909dad98-be0e-42c0-abfd-7e58b6037eb8/flows 200 in 33ms (next.js: 19ms, application-code: 14ms)
 GET /api/workspaces/909dad98-be0e-42c0-abfd-7e58b6037eb8/overview 200 in 79ms (next.js: 17ms, application-code: 63ms)
 GET /account/delete 200 in 45ms (next.js: 29ms, application-code: 17ms)
 POST /api/email 200 in 28ms (next.js: 2ms, application-code: 26ms)
 GET /api/test/outbox?email=e2e-aa24b8bd%40flowline-e2e.test 200 in 6ms (next.js: 1.6ms, application-code: 4ms)
 GET /account/delete?token=Jz5qybg51KBWZnvGI8LvoI-7PiJL8TuheX1nLHmPtlA 200 in 25ms (next.js: 3ms, application-code: 23ms)
 POST /api/email 200 in 59ms (next.js: 1.8ms, application-code: 57ms)
 GET /api/me 401 in 76ms (next.js: 40ms, application-code: 36ms)
 POST /api/auth/sign-up/email 200 in 87ms (next.js: 13ms, application-code: 74ms)
 GET /api/test/outbox?email=e2e-0172dce8%40flowline-e2e.test 200 in 10ms (next.js: 1.7ms, application-code: 8ms)
 POST /api/email 200 in 19ms (next.js: 1.7ms, application-code: 17ms)
 POST /api/auth/sign-in/email 200 in 68ms (next.js: 1.8ms, application-code: 67ms)
 POST /api/workspaces 201 in 26ms (next.js: 1.9ms, application-code: 24ms)
 POST /api/onboarding 200 in 23ms (next.js: 2ms, application-code: 21ms)
 GET /w/e2e-f43f05/settings 200 in 58ms (next.js: 15ms, application-code: 43ms)
 GET /api/health 200 in 8ms (next.js: 3ms, application-code: 5ms)
 GET /api/workspaces/45e8f632-4abf-4029-99c3-892d81da8e20/members 200 in 47ms (next.js: 19ms, application-code: 28ms)
 GET /api/workspaces/45e8f632-4abf-4029-99c3-892d81da8e20/invites 200 in 26ms (next.js: 14ms, application-code: 12ms)
 GET /api/workspaces/45e8f632-4abf-4029-99c3-892d81da8e20/ai 200 in 36ms (next.js: 17ms, application-code: 19ms)
 GET /api/workspaces/45e8f632-4abf-4029-99c3-892d81da8e20/ai/models 200 in 31ms (next.js: 17ms, application-code: 13ms)
 GET /api/workspaces/45e8f632-4abf-4029-99c3-892d81da8e20/api-keys 200 in 835ms (next.js: 821ms, application-code: 14ms)
 GET /api/workspaces/45e8f632-4abf-4029-99c3-892d81da8e20/billing 200 in 889ms (next.js: 864ms, application-code: 25ms)
 GET /api/workspaces/45e8f632-4abf-4029-99c3-892d81da8e20 200 in 53ms (next.js: 31ms, application-code: 22ms)
 GET /api/workspaces/45e8f632-4abf-4029-99c3-892d81da8e20/usage 200 in 54ms (next.js: 15ms, application-code: 39ms)
 GET /api/workspaces/45e8f632-4abf-4029-99c3-892d81da8e20/audit 200 in 884ms (next.js: 863ms, application-code: 21ms)
 GET /api/workspaces/45e8f632-4abf-4029-99c3-892d81da8e20/sso 200 in 869ms (next.js: 854ms, application-code: 16ms)
 GET /w/e2e-f43f05/agents 200 in 644ms (next.js: 579ms, application-code: 65ms)
 GET /api/health 200 in 7ms (next.js: 2ms, application-code: 5ms)
 GET /api/workspaces/45e8f632-4abf-4029-99c3-892d81da8e20/agents 200 in 29ms (next.js: 15ms, application-code: 14ms)
 GET /w/e2e-f43f05/agents/new 200 in 32ms (next.js: 16ms, application-code: 16ms)
 GET /api/workspaces/45e8f632-4abf-4029-99c3-892d81da8e20/flows 200 in 65ms (next.js: 34ms, application-code: 32ms)
 GET /api/workspaces/45e8f632-4abf-4029-99c3-892d81da8e20/knowledge 200 in 68ms (next.js: 15ms, application-code: 53ms)
 GET /api/workspaces/45e8f632-4abf-4029-99c3-892d81da8e20/ai 200 in 111ms (next.js: 17ms, application-code: 94ms)
 GET /api/workspaces/45e8f632-4abf-4029-99c3-892d81da8e20/ai/models 200 in 35ms (next.js: 16ms, application-code: 19ms)
 GET /w/e2e-f43f05/knowledge 200 in 698ms (next.js: 638ms, application-code: 60ms)
 GET /api/health 200 in 9ms (next.js: 3ms, application-code: 6ms)
 GET /api/workspaces/45e8f632-4abf-4029-99c3-892d81da8e20/knowledge 200 in 28ms (next.js: 17ms, application-code: 11ms)
 GET /w/e2e-f43f05/integrations 200 in 62ms (next.js: 16ms, application-code: 46ms)
 GET /api/health 200 in 7ms (next.js: 1.8ms, application-code: 5ms)
 GET /api/workspaces/45e8f632-4abf-4029-99c3-892d81da8e20/connections 200 in 28ms (next.js: 15ms, application-code: 13ms)
 GET /api/integrations/catalog?workspaceId=45e8f632-4abf-4029-99c3-892d81da8e20 200 in 40ms (next.js: 2ms, application-code: 38ms)
 GET /api/workspaces/45e8f632-4abf-4029-99c3-892d81da8e20/oauth-apps/provenance?provider=google_sheets 200 in 35ms (next.js: 18ms, application-code: 16ms)
 GET /w/e2e-f43f05/settings?tab=keys 200 in 74ms (next.js: 18ms, application-code: 56ms)
 GET /api/health 200 in 8ms (next.js: 2ms, application-code: 5ms)
 GET /api/workspaces/45e8f632-4abf-4029-99c3-892d81da8e20/api-keys 200 in 51ms (next.js: 15ms, application-code: 36ms)
 GET /w/e2e-f43f05/settings?tab=billing 200 in 55ms (next.js: 5ms, application-code: 50ms)
 GET /api/health 200 in 9ms (next.js: 3ms, application-code: 6ms)
 GET /api/workspaces/45e8f632-4abf-4029-99c3-892d81da8e20 200 in 49ms (next.js: 18ms, application-code: 30ms)
 GET /api/workspaces/45e8f632-4abf-4029-99c3-892d81da8e20/usage 200 in 95ms (next.js: 18ms, application-code: 78ms)
 GET /w/e2e-f43f05/agents/new 200 in 73ms (next.js: 18ms, application-code: 55ms)
 GET /api/health 200 in 8ms (next.js: 2ms, application-code: 6ms)
 GET /api/workspaces/45e8f632-4abf-4029-99c3-892d81da8e20/knowledge 200 in 69ms (next.js: 34ms, application-code: 34ms)
 GET /api/workspaces/45e8f632-4abf-4029-99c3-892d81da8e20/flows 200 in 70ms (next.js: 18ms, application-code: 52ms)
 GET /api/workspaces/45e8f632-4abf-4029-99c3-892d81da8e20/ai 200 in 120ms (next.js: 17ms, application-code: 102ms)
 GET /api/workspaces/45e8f632-4abf-4029-99c3-892d81da8e20/ai/models 200 in 26ms (next.js: 19ms, application-code: 7ms)
 GET /w/e2e-f43f05/knowledge 200 in 102ms (next.js: 20ms, application-code: 82ms)
 GET /api/health 200 in 9ms (next.js: 4ms, application-code: 5ms)
 GET /api/workspaces/45e8f632-4abf-4029-99c3-892d81da8e20/knowledge 200 in 72ms (next.js: 3ms, application-code: 69ms)
 GET /w/e2e-f43f05/integrations 200 in 76ms (next.js: 20ms, application-code: 56ms)
 GET /api/health 200 in 8ms (next.js: 3ms, application-code: 5ms)
(node:75336) MaxListenersExceededWarning: Possible EventEmitter memory leak detected. 11 unpipe listeners added to [SyncWriteStream]. MaxListeners is 10. Use emitter.setMaxListeners() to increase limit
(node:75336) MaxListenersExceededWarning: Possible EventEmitter memory leak detected. 11 error listeners added to [SyncWriteStream]. MaxListeners is 10. Use emitter.setMaxListeners() to increase limit
(node:75336) MaxListenersExceededWarning: Possible EventEmitter memory leak detected. 11 close listeners added to [SyncWriteStream]. MaxListeners is 10. Use emitter.setMaxListeners() to increase limit
(node:75336) MaxListenersExceededWarning: Possible EventEmitter memory leak detected. 11 finish listeners added to [SyncWriteStream]. MaxListeners is 10. Use emitter.setMaxListeners() to increase limit
(node:75336) MaxListenersExceededWarning: Possible EventEmitter memory leak detected. 11 unpipe listeners added to [SyncWriteStream]. MaxListeners is 10. Use emitter.setMaxListeners() to increase limit
(node:75336) MaxListenersExceededWarning: Possible EventEmitter memory leak detected. 11 error listeners added to [SyncWriteStream]. MaxListeners is 10. Use emitter.setMaxListeners() to increase limit
(node:75336) MaxListenersExceededWarning: Possible EventEmitter memory leak detected. 11 close listeners added to [SyncWriteStream]. MaxListeners is 10. Use emitter.setMaxListeners() to increase limit
(node:75336) MaxListenersExceededWarning: Possible EventEmitter memory leak detected. 11 finish listeners added to [SyncWriteStream]. MaxListeners is 10. Use emitter.setMaxListeners() to increase limit
 GET /api/workspaces/45e8f632-4abf-4029-99c3-892d81da8e20/connections 200 in 33ms (next.js: 20ms, application-code: 14ms)
 GET /api/integrations/catalog?workspaceId=45e8f632-4abf-4029-99c3-892d81da8e20 200 in 52ms (next.js: 4ms, application-code: 48ms)
 POST /api/test/beta 200 in 70ms (next.js: 59ms, application-code: 10ms)
 GET /api/auth-config 200 in 12ms (next.js: 3ms, application-code: 9ms)
 GET /sign-up 200 in 37ms (next.js: 3ms, application-code: 34ms)
 GET /api/auth-config 200 in 9ms (next.js: 2ms, application-code: 7ms)
 POST /api/beta/check 200 in 56ms (next.js: 44ms, application-code: 13ms)
 GET /api/test/outbox?email=stranger-3081bbc0%40flowline-e2e.test 200 in 7ms (next.js: 2ms, application-code: 5ms)
 POST /api/beta/check 200 in 22ms (next.js: 3ms, application-code: 19ms)
 POST /api/beta/check 200 in 18ms (next.js: 3ms, application-code: 16ms)
 POST /api/auth/sign-up/email 200 in 101ms (next.js: 15ms, application-code: 86ms)
 GET /api/test/outbox?email=stranger-3081bbc0%40flowline-e2e.test 200 in 7ms (next.js: 2ms, application-code: 4ms)
 POST /api/beta/check 200 in 17ms (next.js: 1.9ms, application-code: 15ms)
2026-09-29T02:05:13.324Z [worker] platform notifications sent 19
 POST /api/email 200 in 518ms (next.js: 3ms, application-code: 516ms)
 POST /api/auth/sign-up/email 200 in 104ms (next.js: 15ms, application-code: 89ms)
 GET /api/test/outbox?email=e2e-0cb6bd81%40flowline-e2e.test 200 in 8ms (next.js: 1.9ms, application-code: 6ms)
 POST /api/email 200 in 21ms (next.js: 1.9ms, application-code: 19ms)
 POST /api/auth/sign-in/email 200 in 75ms (next.js: 2ms, application-code: 73ms)
 POST /api/workspaces 201 in 26ms (next.js: 3ms, application-code: 23ms)
 POST /api/onboarding 200 in 17ms (next.js: 2ms, application-code: 15ms)
 POST /api/workspaces/f63abc1c-97a3-49ae-bc5b-55bc7dc07770/invites 201 in 56ms (next.js: 19ms, application-code: 38ms)
 POST /api/test/beta 200 in 5ms (next.js: 1.9ms, application-code: 3ms)
 GET /invite/njh8YJBe5Zax_xgLPKFDfpwnH464rK2PIti_wT8-J_c 307 in 660ms (next.js: 613ms, application-code: 47ms)
 GET /sign-in?next=invite%3Anjh8YJBe5Zax_xgLPKFDfpwnH464rK2PIti_wT8-J_c 200 in 31ms (next.js: 2ms, application-code: 28ms)
 GET /api/auth-config 200 in 7ms (next.js: 2ms, application-code: 5ms)
 GET /sign-up?next=invite%3Anjh8YJBe5Zax_xgLPKFDfpwnH464rK2PIti_wT8-J_c 200 in 15ms (next.js: 3ms, application-code: 13ms)
 POST /api/beta/check 200 in 9ms (next.js: 2ms, application-code: 7ms)
 POST /api/auth/sign-up/email 200 in 101ms (next.js: 15ms, application-code: 86ms)
 GET /api/test/outbox?email=beta-invitee-8b836730%40flowline-e2e.test 200 in 7ms (next.js: 2ms, application-code: 4ms)
 GET /verify-email?token=HCfY2Mz3ZBSAtnGAwPViNdeE0dYi9qHKUpJrDL5021U&callbackURL=%2Fsign-in%3Fnext%3Dinvite%253Anjh8YJBe5Zax_xgLPKFDfpwnH464rK2PIti_wT8-J_c 200 in 25ms (next.js: 3ms, application-code: 22ms)
 POST /api/email 200 in 18ms (next.js: 2.0ms, application-code: 16ms)
 GET /sign-in?next=invite%3Anjh8YJBe5Zax_xgLPKFDfpwnH464rK2PIti_wT8-J_c 200 in 17ms (next.js: 2ms, application-code: 15ms)
 GET /api/auth-config 200 in 8ms (next.js: 2ms, application-code: 6ms)
 POST /api/auth/sign-in/email 200 in 83ms (next.js: 14ms, application-code: 70ms)
 GET /app?next=invite%3Anjh8YJBe5Zax_xgLPKFDfpwnH464rK2PIti_wT8-J_c 200 in 29ms (next.js: 3ms, application-code: 25ms)
 GET /app?next=invite%3Anjh8YJBe5Zax_xgLPKFDfpwnH464rK2PIti_wT8-J_c 200 in 27ms (next.js: 3ms, application-code: 23ms)
 GET /invite/njh8YJBe5Zax_xgLPKFDfpwnH464rK2PIti_wT8-J_c 200 in 40ms (next.js: 16ms, application-code: 25ms)
 GET /invite/njh8YJBe5Zax_xgLPKFDfpwnH464rK2PIti_wT8-J_c 200 in 27ms (next.js: 3ms, application-code: 24ms)
 GET /api/invites/njh8YJBe5Zax_xgLPKFDfpwnH464rK2PIti_wT8-J_c 200 in 27ms (next.js: 16ms, application-code: 11ms)
 POST /api/invites/njh8YJBe5Zax_xgLPKFDfpwnH464rK2PIti_wT8-J_c 200 in 36ms (next.js: 2ms, application-code: 33ms)
 GET /w/beta-invite-co-6/flows 200 in 52ms (next.js: 17ms, application-code: 35ms)
 GET /api/health 200 in 9ms (next.js: 3ms, application-code: 6ms)
 GET /api/workspaces/f63abc1c-97a3-49ae-bc5b-55bc7dc07770/flows 200 in 47ms (next.js: 33ms, application-code: 13ms)
 GET /api/workspaces/f63abc1c-97a3-49ae-bc5b-55bc7dc07770/usage 200 in 48ms (next.js: 15ms, application-code: 34ms)
 GET /api/workspaces/f63abc1c-97a3-49ae-bc5b-55bc7dc07770/overview 200 in 82ms (next.js: 16ms, application-code: 66ms)
 POST /api/auth/sign-up/email 200 in 96ms (next.js: 2ms, application-code: 93ms)
 GET /api/test/outbox?email=e2e-815773ef%40flowline-e2e.test 200 in 6ms (next.js: 2ms, application-code: 4ms)
 POST /api/email 200 in 20ms (next.js: 1.9ms, application-code: 18ms)
 POST /api/auth/sign-in/email 200 in 84ms (next.js: 16ms, application-code: 68ms)
 POST /api/workspaces 201 in 20ms (next.js: 2ms, application-code: 18ms)
 POST /api/onboarding 200 in 22ms (next.js: 3ms, application-code: 20ms)
 POST /api/workspaces/9d15b740-3b0a-4ab0-be74-f698789a0f34/flows 201 in 21ms (next.js: 2ms, application-code: 19ms)
 GET /w/e2e-f87818/flows/966b4b75-fe15-4f17-9404-9d50085be547 200 in 74ms (next.js: 17ms, application-code: 57ms)
 GET /api/health 200 in 10ms (next.js: 4ms, application-code: 6ms)
 GET /api/flows/966b4b75-fe15-4f17-9404-9d50085be547 200 in 30ms (next.js: 17ms, application-code: 13ms)
 GET /api/flows/966b4b75-fe15-4f17-9404-9d50085be547/publish 200 in 55ms (next.js: 16ms, application-code: 39ms)
 GET /api/flows/966b4b75-fe15-4f17-9404-9d50085be547/runs 200 in 35ms (next.js: 17ms, application-code: 18ms)
 GET /api/workspaces/9d15b740-3b0a-4ab0-be74-f698789a0f34/ai 200 in 42ms (next.js: 13ms, application-code: 29ms)
 GET /api/integrations/catalog 200 in 142ms (next.js: 2ms, application-code: 139ms)
 PUT /api/flows/966b4b75-fe15-4f17-9404-9d50085be547 200 in 40ms (next.js: 14ms, application-code: 26ms)
 GET /api/flows/966b4b75-fe15-4f17-9404-9d50085be547 200 in 17ms (next.js: 2ms, application-code: 15ms)
 POST /api/auth/sign-up/email 200 in 95ms (next.js: 13ms, application-code: 82ms)
 GET /api/test/outbox?email=e2e-3f2fefa6%40flowline-e2e.test 200 in 6ms (next.js: 1.9ms, application-code: 4ms)
 POST /api/email 200 in 20ms (next.js: 3ms, application-code: 17ms)
 POST /api/auth/sign-in/email 200 in 71ms (next.js: 2ms, application-code: 68ms)
 POST /api/workspaces 201 in 32ms (next.js: 2ms, application-code: 30ms)
 POST /api/onboarding 200 in 23ms (next.js: 1.7ms, application-code: 21ms)
 POST /api/workspaces/6f7c6c62-7a27-44e3-9685-6bce35c21128/flows 201 in 30ms (next.js: 14ms, application-code: 16ms)
 GET /w/e2e-9c19b7/flows/bd775ba7-93a7-45da-b07a-974101ff4341 200 in 125ms (next.js: 16ms, application-code: 110ms)
 GET /api/health 200 in 8ms (next.js: 3ms, application-code: 6ms)
 GET /api/flows/bd775ba7-93a7-45da-b07a-974101ff4341 200 in 26ms (next.js: 15ms, application-code: 11ms)
 GET /api/flows/bd775ba7-93a7-45da-b07a-974101ff4341/publish 200 in 54ms (next.js: 16ms, application-code: 38ms)
 GET /api/flows/bd775ba7-93a7-45da-b07a-974101ff4341/runs 200 in 33ms (next.js: 17ms, application-code: 16ms)
 GET /api/flows/bd775ba7-93a7-45da-b07a-974101ff4341 200 in 21ms (next.js: 2ms, application-code: 19ms)
 PUT /api/flows/bd775ba7-93a7-45da-b07a-974101ff4341 200 in 32ms (next.js: 15ms, application-code: 17ms)
 GET /api/flows/bd775ba7-93a7-45da-b07a-974101ff4341 200 in 16ms (next.js: 1.9ms, application-code: 14ms)
 PUT /api/flows/bd775ba7-93a7-45da-b07a-974101ff4341 200 in 141ms (next.js: 11ms, application-code: 129ms)
 GET /api/flows/bd775ba7-93a7-45da-b07a-974101ff4341 200 in 16ms (next.js: 2ms, application-code: 14ms)
 POST /api/auth/sign-up/email 200 in 93ms (next.js: 14ms, application-code: 79ms)
 GET /api/test/outbox?email=e2e-e588a155%40flowline-e2e.test 200 in 6ms (next.js: 1.7ms, application-code: 4ms)
 POST /api/email 200 in 19ms (next.js: 1.9ms, application-code: 17ms)
 POST /api/auth/sign-in/email 200 in 69ms (next.js: 2.0ms, application-code: 67ms)
 POST /api/workspaces 201 in 27ms (next.js: 2ms, application-code: 25ms)
 POST /api/onboarding 200 in 21ms (next.js: 2ms, application-code: 18ms)
 POST /api/workspaces/a537db36-27df-458c-a740-b90f795c647c/flows 201 in 43ms (next.js: 16ms, application-code: 27ms)
 GET /w/e2e-30c5b4/flows/07d7b4f9-d251-4ee7-ba3a-12535630abc1 200 in 61ms (next.js: 17ms, application-code: 44ms)
 GET /api/health 200 in 7ms (next.js: 2ms, application-code: 5ms)
 GET /api/flows/07d7b4f9-d251-4ee7-ba3a-12535630abc1 200 in 30ms (next.js: 16ms, application-code: 14ms)
 GET /api/flows/07d7b4f9-d251-4ee7-ba3a-12535630abc1/publish 200 in 56ms (next.js: 16ms, application-code: 40ms)
 GET /api/flows/07d7b4f9-d251-4ee7-ba3a-12535630abc1/runs 200 in 38ms (next.js: 21ms, application-code: 17ms)
 GET /api/flows/07d7b4f9-d251-4ee7-ba3a-12535630abc1 200 in 49ms (next.js: 20ms, application-code: 29ms)
 POST /api/auth/sign-up/email 200 in 104ms (next.js: 20ms, application-code: 84ms)
 GET /api/test/outbox?email=e2e-153602e8%40flowline-e2e.test 200 in 8ms (next.js: 3ms, application-code: 5ms)
 POST /api/email 200 in 26ms (next.js: 5ms, application-code: 21ms)
 POST /api/auth/sign-in/email 200 in 73ms (next.js: 2ms, application-code: 71ms)
 POST /api/workspaces 201 in 27ms (next.js: 5ms, application-code: 22ms)
 POST /api/onboarding 200 in 24ms (next.js: 5ms, application-code: 20ms)
 POST /api/workspaces/40d3fe08-bd99-440c-988c-dcfa6e526a88/flows 201 in 45ms (next.js: 19ms, application-code: 26ms)
 GET /w/e2e-06f08a/flows/b666b020-a217-422c-b462-98b67dc91d46 200 in 77ms (next.js: 24ms, application-code: 53ms)
 GET /api/health 200 in 17ms (next.js: 5ms, application-code: 12ms)
 GET /api/flows/b666b020-a217-422c-b462-98b67dc91d46 200 in 18ms (next.js: 3ms, application-code: 15ms)
 GET /api/flows/b666b020-a217-422c-b462-98b67dc91d46/publish 200 in 67ms (next.js: 20ms, application-code: 46ms)
 GET /api/flows/b666b020-a217-422c-b462-98b67dc91d46/runs 200 in 48ms (next.js: 26ms, application-code: 22ms)
 GET /api/flows/b666b020-a217-422c-b462-98b67dc91d46 200 in 43ms (next.js: 19ms, application-code: 24ms)
 POST /api/auth/sign-up/email 200 in 154ms (next.js: 18ms, application-code: 136ms)
 GET /api/test/outbox?email=e2e-96c45a6b%40flowline-e2e.test 200 in 8ms (next.js: 2ms, application-code: 6ms)
 POST /api/email 200 in 22ms (next.js: 1.9ms, application-code: 21ms)
 POST /api/auth/sign-in/email 200 in 73ms (next.js: 1.8ms, application-code: 71ms)
 POST /api/workspaces 201 in 20ms (next.js: 2ms, application-code: 17ms)
 POST /api/onboarding 200 in 16ms (next.js: 2ms, application-code: 13ms)
 POST /api/workspaces/12187f12-9b64-45d9-9e90-baa16333f0b0/flows 201 in 34ms (next.js: 16ms, application-code: 18ms)
 GET /w/e2e-1beba2/flows/ed4fdae6-afc3-4e58-ae37-24aad70c1cbd 200 in 74ms (next.js: 17ms, application-code: 58ms)
 GET /api/health 200 in 9ms (next.js: 3ms, application-code: 7ms)
 GET /api/flows/ed4fdae6-afc3-4e58-ae37-24aad70c1cbd 200 in 33ms (next.js: 18ms, application-code: 15ms)
 GET /api/flows/ed4fdae6-afc3-4e58-ae37-24aad70c1cbd/publish 200 in 51ms (next.js: 15ms, application-code: 37ms)
 GET /api/flows/ed4fdae6-afc3-4e58-ae37-24aad70c1cbd/runs 200 in 36ms (next.js: 17ms, application-code: 19ms)
 POST /api/auth/sign-up/email 200 in 98ms (next.js: 16ms, application-code: 82ms)
 GET /api/test/outbox?email=e2e-db5e8283%40flowline-e2e.test 200 in 7ms (next.js: 2ms, application-code: 5ms)
 POST /api/email 200 in 24ms (next.js: 2ms, application-code: 21ms)
 POST /api/auth/sign-in/email 200 in 78ms (next.js: 3ms, application-code: 75ms)
 POST /api/workspaces 201 in 25ms (next.js: 2ms, application-code: 23ms)
 POST /api/onboarding 200 in 22ms (next.js: 2ms, application-code: 19ms)
 POST /api/workspaces/639a9d68-3355-4ddc-b953-17a0108558a6/flows 201 in 29ms (next.js: 15ms, application-code: 14ms)
 GET /w/e2e-f46e09/flows/d536c622-ce54-4a19-98de-d69b13ed610a 200 in 70ms (next.js: 18ms, application-code: 52ms)
 GET /api/health 200 in 8ms (next.js: 3ms, application-code: 5ms)
 GET /api/flows/d536c622-ce54-4a19-98de-d69b13ed610a 200 in 41ms (next.js: 16ms, application-code: 25ms)
 GET /api/flows/d536c622-ce54-4a19-98de-d69b13ed610a/publish 200 in 57ms (next.js: 17ms, application-code: 40ms)
 GET /api/flows/d536c622-ce54-4a19-98de-d69b13ed610a/runs 200 in 38ms (next.js: 17ms, application-code: 21ms)
2026-09-29T02:05:31.169Z [worker] run f84c356e-ba5e-4692-941f-20127df4c505 claimed
 POST /api/flows/d536c622-ce54-4a19-98de-d69b13ed610a/runs 202 in 64ms (next.js: 3ms, application-code: 61ms)
 GET /api/flows/d536c622-ce54-4a19-98de-d69b13ed610a/runs 200 in 41ms (next.js: 3ms, application-code: 38ms)
 GET /api/runs/f84c356e-ba5e-4692-941f-20127df4c505 200 in 45ms (next.js: 21ms, application-code: 24ms)
2026-09-29T02:05:31.235Z [worker] run f84c356e-ba5e-4692-941f-20127df4c505 done
 GET /w/e2e-f46e09/runs?run=f84c356e-ba5e-4692-941f-20127df4c505 200 in 41ms (next.js: 24ms, application-code: 18ms)
 GET /api/workspaces/639a9d68-3355-4ddc-b953-17a0108558a6/runs?limit=25 200 in 40ms (next.js: 24ms, application-code: 16ms)
 GET /api/runs/f84c356e-ba5e-4692-941f-20127df4c505 200 in 42ms (next.js: 16ms, application-code: 26ms)
 GET /api/runs/f84c356e-ba5e-4692-941f-20127df4c505/rerun-preview?fromNodeId=is-hot&revision=original 200 in 43ms (next.js: 20ms, application-code: 23ms)
 POST /api/runs/f84c356e-ba5e-4692-941f-20127df4c505/rerun 202 in 940ms (next.js: 886ms, application-code: 54ms)
2026-09-29T02:05:33.813Z [worker] run 3ed6d530-0e43-49fd-b4c2-28597e555300 claimed
2026-09-29T02:05:33.869Z [worker] run 3ed6d530-0e43-49fd-b4c2-28597e555300 done
 GET /w/e2e-f46e09/runs?run=3ed6d530-0e43-49fd-b4c2-28597e555300 200 in 35ms (next.js: 20ms, application-code: 15ms)
 GET /api/workspaces/639a9d68-3355-4ddc-b953-17a0108558a6/runs?limit=25 200 in 61ms (next.js: 18ms, application-code: 44ms)
 GET /api/runs/3ed6d530-0e43-49fd-b4c2-28597e555300 200 in 50ms (next.js: 17ms, application-code: 33ms)
 GET /api/flows/d536c622-ce54-4a19-98de-d69b13ed610a/runs 200 in 46ms (next.js: 18ms, application-code: 27ms)
 GET /api/flows/d536c622-ce54-4a19-98de-d69b13ed610a/runs 200 in 27ms (next.js: 2ms, application-code: 24ms)
 GET /api/runs/3ed6d530-0e43-49fd-b4c2-28597e555300 200 in 31ms (next.js: 3ms, application-code: 28ms)
 POST /api/auth/sign-up/email 200 in 112ms (next.js: 19ms, application-code: 93ms)
 GET /api/test/outbox?email=e2e-e14446f5%40flowline-e2e.test 200 in 7ms (next.js: 1.9ms, application-code: 5ms)
 POST /api/email 200 in 28ms (next.js: 2ms, application-code: 25ms)
 POST /api/auth/sign-in/email 200 in 77ms (next.js: 3ms, application-code: 74ms)
 POST /api/workspaces 201 in 34ms (next.js: 2ms, application-code: 32ms)
 POST /api/onboarding 200 in 21ms (next.js: 2ms, application-code: 18ms)
 POST /api/workspaces/e83604ae-73b2-42b3-8eaa-6b66732af272/flows 201 in 30ms (next.js: 15ms, application-code: 15ms)
 GET /w/e2e-df64aa/flows/670be1a8-0be7-467d-a865-e4558cf327af 200 in 70ms (next.js: 16ms, application-code: 55ms)
 GET /api/health 200 in 9ms (next.js: 3ms, application-code: 6ms)
 GET /api/flows/670be1a8-0be7-467d-a865-e4558cf327af 200 in 45ms (next.js: 16ms, application-code: 29ms)
 GET /api/flows/670be1a8-0be7-467d-a865-e4558cf327af/publish 200 in 56ms (next.js: 18ms, application-code: 38ms)
 GET /api/flows/670be1a8-0be7-467d-a865-e4558cf327af/runs 200 in 36ms (next.js: 19ms, application-code: 17ms)
 PUT /api/flows/670be1a8-0be7-467d-a865-e4558cf327af 200 in 40ms (next.js: 16ms, application-code: 24ms)
 POST /api/flows/670be1a8-0be7-467d-a865-e4558cf327af/runs 422 in 56ms (next.js: 16ms, application-code: 40ms)
 POST /api/test/faults 200 in 68ms (next.js: 44ms, application-code: 24ms)
 POST /api/auth/sign-up/email 200 in 103ms (next.js: 16ms, application-code: 87ms)
 GET /api/test/outbox?email=e2e-e92ec3e7%40flowline-e2e.test 200 in 7ms (next.js: 1.9ms, application-code: 5ms)
 POST /api/email 200 in 22ms (next.js: 3ms, application-code: 19ms)
 POST /api/auth/sign-in/email 200 in 76ms (next.js: 2ms, application-code: 73ms)
 POST /api/workspaces 201 in 29ms (next.js: 3ms, application-code: 26ms)
 POST /api/onboarding 200 in 20ms (next.js: 2.0ms, application-code: 18ms)
 POST /api/workspaces/da99e070-ece3-4242-8fa9-24e1c5bdf364/flows 201 in 41ms (next.js: 16ms, application-code: 25ms)
 GET /w/e2e-abbb75/flows/e1052bf8-45fe-4193-8fe6-db235e970b5d 200 in 69ms (next.js: 17ms, application-code: 52ms)
 GET /api/health 200 in 9ms (next.js: 3ms, application-code: 7ms)
 GET /api/flows/e1052bf8-45fe-4193-8fe6-db235e970b5d 200 in 32ms (next.js: 18ms, application-code: 14ms)
 GET /api/flows/e1052bf8-45fe-4193-8fe6-db235e970b5d/publish 200 in 69ms (next.js: 19ms, application-code: 50ms)
 GET /api/flows/e1052bf8-45fe-4193-8fe6-db235e970b5d/runs 200 in 43ms (next.js: 20ms, application-code: 23ms)
 POST /api/test/faults 200 in 14ms (next.js: 3ms, application-code: 12ms)
 PUT /api/flows/e1052bf8-45fe-4193-8fe6-db235e970b5d 500 in 32ms (next.js: 16ms, application-code: 17ms)
 PUT /api/flows/e1052bf8-45fe-4193-8fe6-db235e970b5d 500 in 33ms (next.js: 14ms, application-code: 19ms)
 PUT /api/flows/e1052bf8-45fe-4193-8fe6-db235e970b5d 200 in 38ms (next.js: 14ms, application-code: 24ms)
 POST /api/test/faults 200 in 16ms (next.js: 1.9ms, application-code: 14ms)
 PUT /api/flows/e1052bf8-45fe-4193-8fe6-db235e970b5d 500 in 35ms (next.js: 13ms, application-code: 22ms)
 PUT /api/flows/e1052bf8-45fe-4193-8fe6-db235e970b5d 500 in 32ms (next.js: 14ms, application-code: 17ms)
 PUT /api/flows/e1052bf8-45fe-4193-8fe6-db235e970b5d 500 in 35ms (next.js: 14ms, application-code: 21ms)
 PUT /api/flows/e1052bf8-45fe-4193-8fe6-db235e970b5d 500 in 32ms (next.js: 15ms, application-code: 17ms)
 POST /api/test/faults 200 in 15ms (next.js: 1.8ms, application-code: 13ms)
 PUT /api/flows/e1052bf8-45fe-4193-8fe6-db235e970b5d 200 in 22ms (next.js: 2ms, application-code: 20ms)
 GET /api/flows/e1052bf8-45fe-4193-8fe6-db235e970b5d 200 in 13ms (next.js: 3ms, application-code: 10ms)
 POST /api/test/faults 200 in 9ms (next.js: 1.6ms, application-code: 7ms)
 POST /api/auth/sign-up/email 200 in 95ms (next.js: 14ms, application-code: 81ms)
 GET /api/test/outbox?email=e2e-b63ce666%40flowline-e2e.test 200 in 7ms (next.js: 1.9ms, application-code: 5ms)
 POST /api/email 200 in 22ms (next.js: 3ms, application-code: 19ms)
 POST /api/auth/sign-in/email 200 in 70ms (next.js: 2ms, application-code: 68ms)
 POST /api/workspaces 201 in 20ms (next.js: 3ms, application-code: 17ms)
 POST /api/onboarding 200 in 22ms (next.js: 2ms, application-code: 20ms)
 POST /api/workspaces/9863e646-da01-4292-8c4c-5bc1c6d44324/flows 201 in 29ms (next.js: 14ms, application-code: 15ms)
 POST /api/test/faults 200 in 9ms (next.js: 2ms, application-code: 7ms)
 GET /w/e2e-cd86cf/flows/e896df1e-4b68-4283-8945-44cbab84a6b7 200 in 65ms (next.js: 15ms, application-code: 50ms)
 GET /api/health 200 in 6ms (next.js: 1.9ms, application-code: 5ms)
 GET /api/flows/e896df1e-4b68-4283-8945-44cbab84a6b7 500 in 27ms (next.js: 17ms, application-code: 9ms)
 GET /api/flows/e896df1e-4b68-4283-8945-44cbab84a6b7 500 in 26ms (next.js: 14ms, application-code: 12ms)
 GET /api/flows/e896df1e-4b68-4283-8945-44cbab84a6b7 500 in 24ms (next.js: 14ms, application-code: 10ms)
 GET /api/flows/e896df1e-4b68-4283-8945-44cbab84a6b7 500 in 24ms (next.js: 15ms, application-code: 9ms)
 GET /api/flows/e896df1e-4b68-4283-8945-44cbab84a6b7 200 in 18ms (next.js: 3ms, application-code: 15ms)
 GET /api/flows/e896df1e-4b68-4283-8945-44cbab84a6b7/publish 200 in 47ms (next.js: 14ms, application-code: 32ms)
 GET /api/flows/e896df1e-4b68-4283-8945-44cbab84a6b7/runs 200 in 29ms (next.js: 15ms, application-code: 14ms)
 POST /api/test/faults 200 in 10ms (next.js: 2ms, application-code: 8ms)
 POST /api/auth/sign-up/email 200 in 97ms (next.js: 16ms, application-code: 80ms)
 GET /api/test/outbox?email=e2e-a963f995%40flowline-e2e.test 200 in 7ms (next.js: 2ms, application-code: 5ms)
 POST /api/email 200 in 22ms (next.js: 1.9ms, application-code: 20ms)
 POST /api/auth/sign-in/email 200 in 69ms (next.js: 2ms, application-code: 66ms)
 POST /api/workspaces 201 in 27ms (next.js: 1.8ms, application-code: 25ms)
 POST /api/onboarding 200 in 22ms (next.js: 1.9ms, application-code: 21ms)
 POST /api/workspaces/40dd83c3-ff6b-4f94-842a-b5308559928c/flows 201 in 30ms (next.js: 14ms, application-code: 16ms)
 GET /w/e2e-739d76/flows/14ba02d5-ca39-4b4d-add7-d2f586b049dc 200 in 63ms (next.js: 14ms, application-code: 48ms)
 GET /api/health 200 in 8ms (next.js: 3ms, application-code: 5ms)
 GET /api/flows/14ba02d5-ca39-4b4d-add7-d2f586b049dc 200 in 45ms (next.js: 16ms, application-code: 29ms)
 GET /api/flows/14ba02d5-ca39-4b4d-add7-d2f586b049dc/publish 200 in 58ms (next.js: 20ms, application-code: 38ms)
 GET /api/flows/14ba02d5-ca39-4b4d-add7-d2f586b049dc/runs 200 in 34ms (next.js: 16ms, application-code: 18ms)
 PUT /api/flows/14ba02d5-ca39-4b4d-add7-d2f586b049dc 200 in 26ms (next.js: 3ms, application-code: 24ms)
 GET /api/flows/14ba02d5-ca39-4b4d-add7-d2f586b049dc 200 in 24ms (next.js: 3ms, application-code: 21ms)
 POST /api/test/faults 200 in 27ms (next.js: 3ms, application-code: 24ms)
 POST /api/auth/sign-up/email 200 in 91ms (next.js: 15ms, application-code: 76ms)
 GET /api/test/outbox?email=e2e-9c2ae34b%40flowline-e2e.test 200 in 6ms (next.js: 2ms, application-code: 4ms)
 POST /api/email 200 in 19ms (next.js: 1.7ms, application-code: 17ms)
 POST /api/auth/sign-in/email 200 in 69ms (next.js: 2ms, application-code: 67ms)
 POST /api/workspaces 201 in 32ms (next.js: 3ms, application-code: 29ms)
 POST /api/onboarding 200 in 16ms (next.js: 2ms, application-code: 14ms)
 POST /api/workspaces/8b6da2ff-4115-4729-9ed3-b287fadcd9e9/flows 201 in 35ms (next.js: 15ms, application-code: 20ms)
 GET /w/e2e-dfe68a/flows/15f597d8-ce0e-4eea-bc87-36dc48654444 200 in 64ms (next.js: 17ms, application-code: 48ms)
 GET /api/health 200 in 8ms (next.js: 2ms, application-code: 6ms)
 GET /api/flows/15f597d8-ce0e-4eea-bc87-36dc48654444 200 in 40ms (next.js: 16ms, application-code: 24ms)
 GET /api/flows/15f597d8-ce0e-4eea-bc87-36dc48654444/publish 200 in 51ms (next.js: 16ms, application-code: 35ms)
 GET /api/flows/15f597d8-ce0e-4eea-bc87-36dc48654444/runs 200 in 33ms (next.js: 18ms, application-code: 15ms)
 GET /api/flows/15f597d8-ce0e-4eea-bc87-36dc48654444 200 in 19ms (next.js: 2ms, application-code: 17ms)
 PUT /api/flows/15f597d8-ce0e-4eea-bc87-36dc48654444 200 in 26ms (next.js: 3ms, application-code: 23ms)
 PUT /api/flows/15f597d8-ce0e-4eea-bc87-36dc48654444 409 in 26ms (next.js: 3ms, application-code: 24ms)
 GET /api/flows/15f597d8-ce0e-4eea-bc87-36dc48654444 200 in 15ms (next.js: 2ms, application-code: 13ms)
 PUT /api/flows/15f597d8-ce0e-4eea-bc87-36dc48654444 200 in 24ms (next.js: 2ms, application-code: 22ms)
 GET /api/flows/15f597d8-ce0e-4eea-bc87-36dc48654444 200 in 15ms (next.js: 1.9ms, application-code: 13ms)
 GET /api/flows/15f597d8-ce0e-4eea-bc87-36dc48654444/versions 200 in 868ms (next.js: 853ms, application-code: 14ms)
 POST /api/test/faults 200 in 12ms (next.js: 3ms, application-code: 9ms)
 POST /api/auth/sign-up/email 200 in 93ms (next.js: 14ms, application-code: 79ms)
 GET /api/test/outbox?email=e2e-0b267550%40flowline-e2e.test 200 in 6ms (next.js: 1.8ms, application-code: 4ms)
 POST /api/email 200 in 18ms (next.js: 1.7ms, application-code: 17ms)
 POST /api/auth/sign-in/email 200 in 66ms (next.js: 1.7ms, application-code: 65ms)
 POST /api/workspaces 201 in 24ms (next.js: 2ms, application-code: 22ms)
 POST /api/onboarding 200 in 14ms (next.js: 1.8ms, application-code: 12ms)
 POST /api/workspaces/71bf6b8e-da63-4fe3-a5a8-fd02243f8f22/flows 201 in 31ms (next.js: 16ms, application-code: 16ms)
 GET /w/e2e-7a35e7/flows 200 in 63ms (next.js: 20ms, application-code: 44ms)
 GET /api/health 200 in 9ms (next.js: 3ms, application-code: 6ms)
 GET /api/workspaces/71bf6b8e-da63-4fe3-a5a8-fd02243f8f22/flows 200 in 53ms (next.js: 3ms, application-code: 50ms)
 GET /api/workspaces/71bf6b8e-da63-4fe3-a5a8-fd02243f8f22/overview 200 in 68ms (next.js: 22ms, application-code: 45ms)
 GET /api/workspaces/71bf6b8e-da63-4fe3-a5a8-fd02243f8f22/usage 200 in 79ms (next.js: 38ms, application-code: 41ms)
 GET /w/e2e-7a35e7/templates 200 in 81ms (next.js: 21ms, application-code: 60ms)
 GET /api/health 200 in 7ms (next.js: 2ms, application-code: 5ms)
 GET /api/workspaces/71bf6b8e-da63-4fe3-a5a8-fd02243f8f22/connections 200 in 54ms (next.js: 34ms, application-code: 20ms)
 GET /api/workspaces/71bf6b8e-da63-4fe3-a5a8-fd02243f8f22/ai 200 in 60ms (next.js: 17ms, application-code: 43ms)
 GET /w/e2e-7a35e7/runs 200 in 62ms (next.js: 17ms, application-code: 45ms)
 GET /api/health 200 in 8ms (next.js: 3ms, application-code: 5ms)
 GET /api/workspaces/71bf6b8e-da63-4fe3-a5a8-fd02243f8f22/runs?limit=25 200 in 31ms (next.js: 16ms, application-code: 14ms)
 GET /w/e2e-7a35e7/integrations 200 in 70ms (next.js: 21ms, application-code: 49ms)
 GET /api/health 200 in 8ms (next.js: 2ms, application-code: 5ms)
 GET /api/workspaces/71bf6b8e-da63-4fe3-a5a8-fd02243f8f22/connections 200 in 30ms (next.js: 17ms, application-code: 12ms)
 GET /api/integrations/catalog?workspaceId=71bf6b8e-da63-4fe3-a5a8-fd02243f8f22 200 in 44ms (next.js: 4ms, application-code: 40ms)
 GET /w/e2e-7a35e7/agents 200 in 64ms (next.js: 19ms, application-code: 45ms)
 GET /api/health 200 in 8ms (next.js: 2ms, application-code: 6ms)
 GET /api/workspaces/71bf6b8e-da63-4fe3-a5a8-fd02243f8f22/agents 200 in 42ms (next.js: 18ms, application-code: 25ms)
 GET /w/e2e-7a35e7/knowledge 200 in 76ms (next.js: 21ms, application-code: 55ms)
 GET /api/health 200 in 8ms (next.js: 2ms, application-code: 6ms)
 GET /api/workspaces/71bf6b8e-da63-4fe3-a5a8-fd02243f8f22/knowledge 200 in 33ms (next.js: 17ms, application-code: 16ms)
 GET /w/e2e-7a35e7/settings 200 in 62ms (next.js: 16ms, application-code: 46ms)
 GET /api/health 200 in 9ms (next.js: 2ms, application-code: 6ms)
 GET /api/workspaces/71bf6b8e-da63-4fe3-a5a8-fd02243f8f22/members 200 in 52ms (next.js: 17ms, application-code: 35ms)
 GET /api/workspaces/71bf6b8e-da63-4fe3-a5a8-fd02243f8f22/invites 200 in 53ms (next.js: 33ms, application-code: 20ms)
 GET /w/e2e-7a35e7/canvas 307 in 677ms (next.js: 614ms, application-code: 62ms)
 GET /w/e2e-7a35e7/flows/1b2d4e21-86e6-4d72-ba15-c2c1936df027 200 in 59ms (next.js: 15ms, application-code: 44ms)
 GET /api/health 200 in 8ms (next.js: 3ms, application-code: 5ms)
 GET /api/flows/1b2d4e21-86e6-4d72-ba15-c2c1936df027 200 in 34ms (next.js: 15ms, application-code: 20ms)
 GET /api/flows/1b2d4e21-86e6-4d72-ba15-c2c1936df027/publish 200 in 57ms (next.js: 17ms, application-code: 39ms)
 GET /api/flows/1b2d4e21-86e6-4d72-ba15-c2c1936df027/runs 200 in 35ms (next.js: 16ms, application-code: 19ms)
 POST /api/auth/sign-up/email 200 in 94ms (next.js: 16ms, application-code: 78ms)
 GET /api/test/outbox?email=e2e-ecbedba9%40flowline-e2e.test 200 in 6ms (next.js: 1.8ms, application-code: 5ms)
 POST /api/email 200 in 18ms (next.js: 2ms, application-code: 16ms)
 POST /api/auth/sign-in/email 200 in 67ms (next.js: 1.8ms, application-code: 65ms)
 POST /api/workspaces 201 in 18ms (next.js: 2ms, application-code: 16ms)
 POST /api/onboarding 200 in 26ms (next.js: 2ms, application-code: 23ms)
 POST /api/workspaces/5cbe1fda-fecd-40f4-8e12-bab6dd6de8fd/flows 201 in 29ms (next.js: 14ms, application-code: 15ms)
 GET /w/e2e-505725/flows 200 in 60ms (next.js: 15ms, application-code: 45ms)
 GET /api/health 200 in 9ms (next.js: 3ms, application-code: 6ms)
 GET /api/workspaces/5cbe1fda-fecd-40f4-8e12-bab6dd6de8fd/usage 200 in 36ms (next.js: 17ms, application-code: 20ms)
 GET /api/workspaces/5cbe1fda-fecd-40f4-8e12-bab6dd6de8fd/flows 200 in 47ms (next.js: 20ms, application-code: 27ms)
 GET /api/workspaces/5cbe1fda-fecd-40f4-8e12-bab6dd6de8fd/overview 200 in 76ms (next.js: 19ms, application-code: 57ms)
 GET /w/e2e-505725/templates 200 in 71ms (next.js: 17ms, application-code: 54ms)
 GET /api/health 200 in 8ms (next.js: 2ms, application-code: 5ms)
 GET /api/workspaces/5cbe1fda-fecd-40f4-8e12-bab6dd6de8fd/connections 200 in 46ms (next.js: 32ms, application-code: 14ms)
 GET /api/workspaces/5cbe1fda-fecd-40f4-8e12-bab6dd6de8fd/ai 200 in 53ms (next.js: 16ms, application-code: 37ms)
 GET /w/e2e-505725/runs 200 in 65ms (next.js: 16ms, application-code: 49ms)
 GET /api/health 200 in 7ms (next.js: 2ms, application-code: 5ms)
 GET /api/workspaces/5cbe1fda-fecd-40f4-8e12-bab6dd6de8fd/runs?limit=25 200 in 40ms (next.js: 17ms, application-code: 23ms)
 GET /w/e2e-505725/integrations 200 in 69ms (next.js: 16ms, application-code: 52ms)
 GET /api/health 200 in 8ms (next.js: 3ms, application-code: 5ms)
 GET /api/workspaces/5cbe1fda-fecd-40f4-8e12-bab6dd6de8fd/connections 200 in 30ms (next.js: 17ms, application-code: 13ms)
 GET /api/integrations/catalog?workspaceId=5cbe1fda-fecd-40f4-8e12-bab6dd6de8fd 200 in 44ms (next.js: 4ms, application-code: 41ms)
 GET /w/e2e-505725/agents 200 in 59ms (next.js: 16ms, application-code: 43ms)
 GET /api/health 200 in 8ms (next.js: 2ms, application-code: 5ms)
 GET /api/workspaces/5cbe1fda-fecd-40f4-8e12-bab6dd6de8fd/agents 200 in 34ms (next.js: 16ms, application-code: 18ms)
 GET /w/e2e-505725/knowledge 200 in 58ms (next.js: 14ms, application-code: 44ms)
 GET /api/health 200 in 7ms (next.js: 3ms, application-code: 5ms)
 GET /api/workspaces/5cbe1fda-fecd-40f4-8e12-bab6dd6de8fd/knowledge 200 in 35ms (next.js: 16ms, application-code: 19ms)
 GET /w/e2e-505725/settings 200 in 58ms (next.js: 15ms, application-code: 44ms)
 GET /api/health 200 in 8ms (next.js: 3ms, application-code: 5ms)
 GET /api/workspaces/5cbe1fda-fecd-40f4-8e12-bab6dd6de8fd/invites 200 in 26ms (next.js: 15ms, application-code: 11ms)
 GET /api/workspaces/5cbe1fda-fecd-40f4-8e12-bab6dd6de8fd/members 200 in 49ms (next.js: 20ms, application-code: 29ms)
 GET /w/e2e-505725/canvas 307 in 84ms (next.js: 18ms, application-code: 66ms)
 GET /w/e2e-505725/flows/66eec03a-3a17-4fb8-99b9-3d0e54cecf49 200 in 72ms (next.js: 18ms, application-code: 54ms)
 GET /api/health 200 in 8ms (next.js: 3ms, application-code: 6ms)
 GET /api/flows/66eec03a-3a17-4fb8-99b9-3d0e54cecf49 200 in 29ms (next.js: 16ms, application-code: 13ms)
 GET /api/flows/66eec03a-3a17-4fb8-99b9-3d0e54cecf49/publish 200 in 61ms (next.js: 17ms, application-code: 45ms)
 GET /api/flows/66eec03a-3a17-4fb8-99b9-3d0e54cecf49/runs 200 in 40ms (next.js: 16ms, application-code: 24ms)
 POST /api/auth/sign-up/email 200 in 95ms (next.js: 16ms, application-code: 79ms)
 GET /api/test/outbox?email=e2e-11c7170b%40flowline-e2e.test 200 in 7ms (next.js: 1.8ms, application-code: 5ms)
 POST /api/email 200 in 19ms (next.js: 1.8ms, application-code: 17ms)
 POST /api/auth/sign-in/email 200 in 67ms (next.js: 1.9ms, application-code: 65ms)
 POST /api/workspaces 201 in 27ms (next.js: 1.9ms, application-code: 25ms)
 POST /api/onboarding 200 in 22ms (next.js: 2ms, application-code: 20ms)
 POST /api/workspaces/140c7893-d9b8-44e2-a648-48b743d7154c/flows 201 in 29ms (next.js: 14ms, application-code: 15ms)
 GET /w/e2e-b8c6c2/flows 200 in 60ms (next.js: 14ms, application-code: 47ms)
 GET /api/health 200 in 7ms (next.js: 2ms, application-code: 5ms)
 GET /api/workspaces/140c7893-d9b8-44e2-a648-48b743d7154c/flows 200 in 37ms (next.js: 22ms, application-code: 15ms)
 GET /api/workspaces/140c7893-d9b8-44e2-a648-48b743d7154c/usage 200 in 39ms (next.js: 17ms, application-code: 22ms)
 GET /api/workspaces/140c7893-d9b8-44e2-a648-48b743d7154c/overview 200 in 66ms (next.js: 18ms, application-code: 48ms)
 GET /w/e2e-b8c6c2/templates 200 in 72ms (next.js: 18ms, application-code: 54ms)
 GET /api/health 200 in 8ms (next.js: 3ms, application-code: 6ms)
 GET /api/workspaces/140c7893-d9b8-44e2-a648-48b743d7154c/connections 200 in 34ms (next.js: 14ms, application-code: 20ms)
 GET /api/workspaces/140c7893-d9b8-44e2-a648-48b743d7154c/ai 200 in 53ms (next.js: 14ms, application-code: 38ms)
 GET /w/e2e-b8c6c2/runs 200 in 64ms (next.js: 16ms, application-code: 48ms)
 GET /api/health 200 in 8ms (next.js: 3ms, application-code: 6ms)
 GET /api/workspaces/140c7893-d9b8-44e2-a648-48b743d7154c/runs?limit=25 200 in 30ms (next.js: 16ms, application-code: 15ms)
 GET /w/e2e-b8c6c2/integrations 200 in 63ms (next.js: 16ms, application-code: 48ms)
 GET /api/health 200 in 11ms (next.js: 2ms, application-code: 9ms)
 GET /api/workspaces/140c7893-d9b8-44e2-a648-48b743d7154c/connections 200 in 43ms (next.js: 16ms, application-code: 27ms)
 GET /api/integrations/catalog?workspaceId=140c7893-d9b8-44e2-a648-48b743d7154c 200 in 164ms (next.js: 2ms, application-code: 161ms)
 GET /w/e2e-b8c6c2/agents 200 in 60ms (next.js: 16ms, application-code: 44ms)
 GET /api/health 200 in 8ms (next.js: 3ms, application-code: 5ms)
 GET /api/workspaces/140c7893-d9b8-44e2-a648-48b743d7154c/agents 200 in 39ms (next.js: 15ms, application-code: 24ms)
 GET /w/e2e-b8c6c2/knowledge 200 in 67ms (next.js: 15ms, application-code: 52ms)
 GET /api/health 200 in 7ms (next.js: 1.9ms, application-code: 5ms)
 GET /api/workspaces/140c7893-d9b8-44e2-a648-48b743d7154c/knowledge 200 in 33ms (next.js: 15ms, application-code: 19ms)
 GET /w/e2e-b8c6c2/settings 200 in 61ms (next.js: 16ms, application-code: 45ms)
 GET /api/health 200 in 7ms (next.js: 3ms, application-code: 5ms)
 GET /api/workspaces/140c7893-d9b8-44e2-a648-48b743d7154c/members 200 in 45ms (next.js: 16ms, application-code: 29ms)
 GET /api/workspaces/140c7893-d9b8-44e2-a648-48b743d7154c/invites 200 in 45ms (next.js: 34ms, application-code: 12ms)
 GET /w/e2e-b8c6c2/canvas 307 in 82ms (next.js: 16ms, application-code: 66ms)
 GET /w/e2e-b8c6c2/flows/b07f5393-b571-44c1-ad12-ffcb3776dab1 200 in 74ms (next.js: 17ms, application-code: 57ms)
 GET /api/health 200 in 7ms (next.js: 2ms, application-code: 5ms)
 GET /api/flows/b07f5393-b571-44c1-ad12-ffcb3776dab1 200 in 44ms (next.js: 16ms, application-code: 28ms)
 GET /api/flows/b07f5393-b571-44c1-ad12-ffcb3776dab1/publish 200 in 56ms (next.js: 16ms, application-code: 39ms)
 GET /api/flows/b07f5393-b571-44c1-ad12-ffcb3776dab1/runs 200 in 32ms (next.js: 17ms, application-code: 16ms)
 GET / 200 in 50ms (next.js: 6ms, application-code: 44ms)
 GET /sign-up 200 in 19ms (next.js: 5ms, application-code: 14ms)
 GET /api/auth-config 200 in 10ms (next.js: 3ms, application-code: 7ms)
 POST /api/auth/sign-up/email 200 in 95ms (next.js: 15ms, application-code: 81ms)
 GET /api/me 401 in 15ms (next.js: 4ms, application-code: 11ms)
 GET /api/test/outbox?email=journey-ba93e7de%40flowline-e2e.test 200 in 7ms (next.js: 1.7ms, application-code: 5ms)
 GET /verify-email?token=TXOuU4J0MijTn9FL8c3_dASOumNzW_Fqo8loSTCoyfo&callbackURL=%2Fsign-in 200 in 25ms (next.js: 5ms, application-code: 20ms)
 POST /api/email 200 in 20ms (next.js: 2ms, application-code: 18ms)
 GET /sign-in 200 in 18ms (next.js: 5ms, application-code: 13ms)
 GET /api/auth-config 200 in 8ms (next.js: 2ms, application-code: 6ms)
 POST /api/auth/sign-in/email 200 in 88ms (next.js: 16ms, application-code: 72ms)
 GET /app 200 in 64ms (next.js: 6ms, application-code: 58ms)
 GET /app 200 in 37ms (next.js: 6ms, application-code: 30ms)
 GET /onboarding 200 in 50ms (next.js: 7ms, application-code: 43ms)
 GET /onboarding 200 in 36ms (next.js: 7ms, application-code: 29ms)
 POST /api/workspaces 201 in 28ms (next.js: 2ms, application-code: 26ms)
 POST /api/workspaces/eaca4e5c-f0f6-4705-a4d6-d5f0247404db/flows 201 in 35ms (next.js: 14ms, application-code: 21ms)
 POST /api/onboarding 200 in 28ms (next.js: 2ms, application-code: 26ms)
 GET /w/journey-co-6/flows/85e6b5ee-f8cd-44e5-b48f-f73a4e243a56 200 in 59ms (next.js: 17ms, application-code: 42ms)
 GET /api/health 200 in 8ms (next.js: 2ms, application-code: 6ms)
 GET /api/flows/85e6b5ee-f8cd-44e5-b48f-f73a4e243a56 200 in 30ms (next.js: 16ms, application-code: 14ms)
 GET /api/flows/85e6b5ee-f8cd-44e5-b48f-f73a4e243a56/publish 200 in 50ms (next.js: 16ms, application-code: 34ms)
 GET /api/flows/85e6b5ee-f8cd-44e5-b48f-f73a4e243a56/runs 200 in 31ms (next.js: 18ms, application-code: 13ms)
 GET /api/integrations/catalog 200 in 38ms (next.js: 3ms, application-code: 35ms)
 GET /api/workspaces/eaca4e5c-f0f6-4705-a4d6-d5f0247404db/ai 200 in 40ms (next.js: 17ms, application-code: 23ms)
 PUT /api/flows/85e6b5ee-f8cd-44e5-b48f-f73a4e243a56 200 in 38ms (next.js: 16ms, application-code: 23ms)
 GET /w/journey-co-6/flows/85e6b5ee-f8cd-44e5-b48f-f73a4e243a56 200 in 60ms (next.js: 15ms, application-code: 45ms)
 GET /api/health 200 in 7ms (next.js: 2ms, application-code: 5ms)
 GET /api/flows/85e6b5ee-f8cd-44e5-b48f-f73a4e243a56 200 in 19ms (next.js: 2ms, application-code: 17ms)
 GET /api/flows/85e6b5ee-f8cd-44e5-b48f-f73a4e243a56/publish 200 in 56ms (next.js: 15ms, application-code: 41ms)
 GET /api/flows/85e6b5ee-f8cd-44e5-b48f-f73a4e243a56/runs 200 in 37ms (next.js: 16ms, application-code: 21ms)
2026-09-29T02:06:31.643Z [worker] run e33baf6f-0326-441d-bb22-fba09c6d5b2a claimed
 POST /api/flows/85e6b5ee-f8cd-44e5-b48f-f73a4e243a56/runs 202 in 71ms (next.js: 3ms, application-code: 68ms)
 GET /api/flows/85e6b5ee-f8cd-44e5-b48f-f73a4e243a56/runs 200 in 40ms (next.js: 2ms, application-code: 37ms)
2026-09-29T02:06:31.703Z [worker] run e33baf6f-0326-441d-bb22-fba09c6d5b2a done
 GET /api/runs/e33baf6f-0326-441d-bb22-fba09c6d5b2a 200 in 44ms (next.js: 17ms, application-code: 27ms)
 GET /w/journey-co-6/runs?run=e33baf6f-0326-441d-bb22-fba09c6d5b2a 200 in 32ms (next.js: 18ms, application-code: 14ms)
 GET /api/workspaces/eaca4e5c-f0f6-4705-a4d6-d5f0247404db/runs?limit=25 200 in 46ms (next.js: 17ms, application-code: 28ms)
 GET /api/flows/85e6b5ee-f8cd-44e5-b48f-f73a4e243a56 200 in 44ms (next.js: 16ms, application-code: 28ms)
 GET /api/flows/85e6b5ee-f8cd-44e5-b48f-f73a4e243a56/runs 200 in 36ms (next.js: 16ms, application-code: 20ms)
 GET /api/runs/e33baf6f-0326-441d-bb22-fba09c6d5b2a 200 in 31ms (next.js: 5ms, application-code: 26ms)
 GET /api/flows/85e6b5ee-f8cd-44e5-b48f-f73a4e243a56/versions 200 in 36ms (next.js: 16ms, application-code: 20ms)
 POST /api/auth/sign-up/email 200 in 96ms (next.js: 15ms, application-code: 81ms)
 GET /api/test/outbox?email=e2e-0bc542e6%40flowline-e2e.test 200 in 6ms (next.js: 2.0ms, application-code: 4ms)
 POST /api/email 200 in 20ms (next.js: 2ms, application-code: 18ms)
 POST /api/auth/sign-in/email 200 in 73ms (next.js: 1.8ms, application-code: 72ms)
 POST /api/workspaces 201 in 36ms (next.js: 2ms, application-code: 34ms)
 POST /api/onboarding 200 in 22ms (next.js: 1.9ms, application-code: 20ms)
 GET /w/e2e-08c270/templates 200 in 71ms (next.js: 16ms, application-code: 55ms)
 GET /api/health 200 in 16ms (next.js: 11ms, application-code: 5ms)
 GET /api/workspaces/abff844b-6117-4b89-898f-f18130338ee6/connections 200 in 50ms (next.js: 33ms, application-code: 17ms)
 GET /api/workspaces/abff844b-6117-4b89-898f-f18130338ee6/ai 200 in 54ms (next.js: 16ms, application-code: 38ms)
 POST /api/workspaces/abff844b-6117-4b89-898f-f18130338ee6/ai/connections 201 in 84ms (next.js: 17ms, application-code: 67ms)
 PUT /api/workspaces/abff844b-6117-4b89-898f-f18130338ee6/ai/default-route 200 in 37ms (next.js: 19ms, application-code: 18ms)
 PUT /api/workspaces/abff844b-6117-4b89-898f-f18130338ee6/ai/policy 200 in 40ms (next.js: 17ms, application-code: 23ms)
 GET /w/e2e-08c270/templates 200 in 79ms (next.js: 17ms, application-code: 62ms)
 GET /api/health 200 in 8ms (next.js: 3ms, application-code: 5ms)
 GET /api/workspaces/abff844b-6117-4b89-898f-f18130338ee6/connections 200 in 18ms (next.js: 5ms, application-code: 13ms)
 GET /api/workspaces/abff844b-6117-4b89-898f-f18130338ee6/ai 200 in 30ms (next.js: 2ms, application-code: 27ms)
 POST /api/workspaces/abff844b-6117-4b89-898f-f18130338ee6/flows 201 in 51ms (next.js: 23ms, application-code: 29ms)
 GET /w/e2e-08c270/flows/01fb4b1c-2300-4a63-bc5b-2e1c359afdd4 200 in 40ms (next.js: 21ms, application-code: 19ms)
 GET /api/flows/01fb4b1c-2300-4a63-bc5b-2e1c359afdd4 200 in 46ms (next.js: 25ms, application-code: 21ms)
 GET /api/flows/01fb4b1c-2300-4a63-bc5b-2e1c359afdd4/publish 200 in 63ms (next.js: 18ms, application-code: 45ms)
 GET /api/flows/01fb4b1c-2300-4a63-bc5b-2e1c359afdd4/runs 200 in 41ms (next.js: 22ms, application-code: 19ms)
 POST /api/auth/sign-up/email 200 in 103ms (next.js: 18ms, application-code: 85ms)
 GET /api/test/outbox?email=e2e-acc44b6c%40flowline-e2e.test 200 in 7ms (next.js: 2ms, application-code: 5ms)
 POST /api/email 200 in 34ms (next.js: 2ms, application-code: 32ms)
 POST /api/auth/sign-in/email 200 in 73ms (next.js: 3ms, application-code: 70ms)
 POST /api/workspaces 201 in 33ms (next.js: 2.0ms, application-code: 31ms)
 POST /api/onboarding 200 in 23ms (next.js: 2.0ms, application-code: 21ms)
 GET /w/e2e-06ba05/settings 200 in 70ms (next.js: 19ms, application-code: 51ms)
 GET /api/health 200 in 12ms (next.js: 3ms, application-code: 8ms)
 GET /api/workspaces/205e1c30-cb85-4f32-8c65-6bd3c81e0fba/invites 200 in 50ms (next.js: 36ms, application-code: 14ms)
 GET /api/workspaces/205e1c30-cb85-4f32-8c65-6bd3c81e0fba/members 200 in 52ms (next.js: 18ms, application-code: 33ms)
 PATCH /api/workspaces/205e1c30-cb85-4f32-8c65-6bd3c81e0fba 200 in 43ms (next.js: 16ms, application-code: 26ms)
 GET /w/e2e-06ba05/settings 200 in 79ms (next.js: 16ms, application-code: 63ms)
 GET /w/e2e-06ba05/settings 200 in 61ms (next.js: 4ms, application-code: 57ms)
 GET /api/health 200 in 9ms (next.js: 3ms, application-code: 6ms)
 GET /api/workspaces/205e1c30-cb85-4f32-8c65-6bd3c81e0fba/members 200 in 19ms (next.js: 3ms, application-code: 16ms)
 GET /api/workspaces/205e1c30-cb85-4f32-8c65-6bd3c81e0fba/invites 200 in 19ms (next.js: 6ms, application-code: 13ms)
 GET /api/workspaces/205e1c30-cb85-4f32-8c65-6bd3c81e0fba 200 in 42ms (next.js: 22ms, application-code: 20ms)
 GET /api/workspaces/205e1c30-cb85-4f32-8c65-6bd3c81e0fba/usage 200 in 47ms (next.js: 18ms, application-code: 29ms)
 POST /api/auth/sign-up/email 200 in 101ms (next.js: 16ms, application-code: 85ms)
 GET /api/test/outbox?email=e2e-7a269d2b%40flowline-e2e.test 200 in 7ms (next.js: 1.8ms, application-code: 5ms)
 POST /api/email 200 in 20ms (next.js: 2ms, application-code: 18ms)
 POST /api/auth/sign-in/email 200 in 68ms (next.js: 1.9ms, application-code: 66ms)
 POST /api/workspaces 201 in 28ms (next.js: 1.9ms, application-code: 26ms)
 POST /api/onboarding 200 in 13ms (next.js: 2ms, application-code: 10ms)
 POST /api/workspaces/8986b54d-1d5e-44c7-8070-85cc85568d76/ai/connections 201 in 72ms (next.js: 15ms, application-code: 57ms)
 PUT /api/workspaces/8986b54d-1d5e-44c7-8070-85cc85568d76/ai/default-route 200 in 35ms (next.js: 16ms, application-code: 19ms)
 PUT /api/workspaces/8986b54d-1d5e-44c7-8070-85cc85568d76/ai/policy 200 in 42ms (next.js: 16ms, application-code: 26ms)
 GET /w/e2e-791f27/integrations 200 in 69ms (next.js: 19ms, application-code: 50ms)
 GET /api/health 200 in 7ms (next.js: 2ms, application-code: 5ms)
 GET /api/workspaces/8986b54d-1d5e-44c7-8070-85cc85568d76/connections 200 in 30ms (next.js: 17ms, application-code: 13ms)
 GET /api/integrations/catalog?workspaceId=8986b54d-1d5e-44c7-8070-85cc85568d76 200 in 44ms (next.js: 2ms, application-code: 42ms)
 GET /api/workspaces/8986b54d-1d5e-44c7-8070-85cc85568d76/oauth-apps/provenance?provider=google_sheets 200 in 41ms (next.js: 24ms, application-code: 17ms)
 POST /api/oauth/start 200 in 80ms (next.js: 55ms, application-code: 25ms)
 GET /api/oauth/callback?code=fake-code-0888f7977743&state=3xKgno5zZkRm9JZL4UYGCsvcjYaw4V_A6Zk46-HW5QM 307 in 110ms (next.js: 53ms, application-code: 57ms)
 GET /w/e2e-791f27/integrations?oauth=connected&connection=5eea6fcb-e322-423e-82aa-b532d3c72ef5 200 in 71ms (next.js: 16ms, application-code: 54ms)
 GET /api/health 200 in 8ms (next.js: 2ms, application-code: 6ms)
 GET /w/e2e-791f27/integrations 200 in 12ms (next.js: 6ms, application-code: 6ms)
 GET /api/workspaces/8986b54d-1d5e-44c7-8070-85cc85568d76/connections 200 in 23ms (next.js: 2ms, application-code: 21ms)
 GET /api/integrations/catalog?workspaceId=8986b54d-1d5e-44c7-8070-85cc85568d76 200 in 47ms (next.js: 4ms, application-code: 43ms)
 GET /w/e2e-791f27/integrations 200 in 12ms (next.js: 5ms, application-code: 7ms)
 GET /w/e2e-791f27/integrations 200 in 20ms (next.js: 3ms, application-code: 17ms)
 GET /w/e2e-791f27/integrations 200 in 19ms (next.js: 7ms, application-code: 13ms)
 GET /w/e2e-791f27/integrations 200 in 56ms (next.js: 4ms, application-code: 52ms)
 GET /api/health 200 in 8ms (next.js: 2ms, application-code: 6ms)
 GET /api/workspaces/8986b54d-1d5e-44c7-8070-85cc85568d76/connections 200 in 26ms (next.js: 15ms, application-code: 11ms)
 GET /api/integrations/catalog?workspaceId=8986b54d-1d5e-44c7-8070-85cc85568d76 200 in 39ms (next.js: 3ms, application-code: 36ms)
 GET /api/workspaces/8986b54d-1d5e-44c7-8070-85cc85568d76/oauth-apps/provenance?provider=slack 200 in 19ms (next.js: 2ms, application-code: 16ms)
 POST /api/oauth/start 200 in 23ms (next.js: 3ms, application-code: 20ms)
 GET /api/oauth/callback?code=fake-code-8bb0e5db4651&state=9LkNEAihTeJKgLhB0makW5D2y9LV_HNZ5PZwBQxvvtg 307 in 44ms (next.js: 2ms, application-code: 42ms)
 GET /w/e2e-791f27/integrations?oauth=connected&connection=dd94326d-c2d8-45fc-9288-3c7da5ccc09b 200 in 65ms (next.js: 17ms, application-code: 48ms)
 GET /api/health 200 in 7ms (next.js: 2ms, application-code: 5ms)
 GET /w/e2e-791f27/integrations 200 in 9ms (next.js: 4ms, application-code: 5ms)
 GET /api/workspaces/8986b54d-1d5e-44c7-8070-85cc85568d76/connections 200 in 21ms (next.js: 2ms, application-code: 19ms)
 GET /w/e2e-791f27/integrations 200 in 10ms (next.js: 5ms, application-code: 5ms)
 GET /api/integrations/catalog?workspaceId=8986b54d-1d5e-44c7-8070-85cc85568d76 200 in 55ms (next.js: 3ms, application-code: 51ms)
 GET /w/e2e-791f27/integrations 200 in 26ms (next.js: 4ms, application-code: 23ms)
 GET /w/e2e-791f27/integrations 200 in 16ms (next.js: 3ms, application-code: 13ms)
 GET /w/e2e-791f27/templates 200 in 73ms (next.js: 16ms, application-code: 56ms)
 GET /api/health 200 in 8ms (next.js: 2ms, application-code: 5ms)
 GET /api/workspaces/8986b54d-1d5e-44c7-8070-85cc85568d76/connections 200 in 70ms (next.js: 19ms, application-code: 51ms)
 GET /api/workspaces/8986b54d-1d5e-44c7-8070-85cc85568d76/ai 200 in 102ms (next.js: 16ms, application-code: 86ms)
 POST /api/workspaces/8986b54d-1d5e-44c7-8070-85cc85568d76/flows 201 in 32ms (next.js: 16ms, application-code: 15ms)
 GET /w/e2e-791f27/flows/ec82b458-15f3-4ba4-9002-46bbc89bc0ec 200 in 38ms (next.js: 21ms, application-code: 17ms)
 GET /api/flows/ec82b458-15f3-4ba4-9002-46bbc89bc0ec 200 in 30ms (next.js: 17ms, application-code: 13ms)
 GET /api/flows/ec82b458-15f3-4ba4-9002-46bbc89bc0ec/publish 200 in 53ms (next.js: 17ms, application-code: 36ms)
 GET /api/flows/ec82b458-15f3-4ba4-9002-46bbc89bc0ec/runs 200 in 34ms (next.js: 17ms, application-code: 16ms)
 GET /api/integrations/catalog 200 in 26ms (next.js: 3ms, application-code: 23ms)
 PUT /api/flows/ec82b458-15f3-4ba4-9002-46bbc89bc0ec 200 in 37ms (next.js: 15ms, application-code: 22ms)
 POST /api/flows/ec82b458-15f3-4ba4-9002-46bbc89bc0ec/runs 202 in 56ms (next.js: 15ms, application-code: 41ms)
2026-09-29T02:06:40.718Z [worker] run b98aa1a6-6674-44f8-b338-d371e6e1166f claimed
 GET /api/flows/ec82b458-15f3-4ba4-9002-46bbc89bc0ec/runs 200 in 44ms (next.js: 2ms, application-code: 42ms)
 GET /api/runs/b98aa1a6-6674-44f8-b338-d371e6e1166f 200 in 45ms (next.js: 16ms, application-code: 29ms)
 GET /api/runs/b98aa1a6-6674-44f8-b338-d371e6e1166f 200 in 20ms (next.js: 2.0ms, application-code: 18ms)
2026-09-29T02:06:41.723Z [worker] run b98aa1a6-6674-44f8-b338-d371e6e1166f done
 GET /api/runs/b98aa1a6-6674-44f8-b338-d371e6e1166f 200 in 35ms (next.js: 15ms, application-code: 20ms)
 GET /api/flows/ec82b458-15f3-4ba4-9002-46bbc89bc0ec/runs 200 in 37ms (next.js: 16ms, application-code: 20ms)
 GET /api/flows/ec82b458-15f3-4ba4-9002-46bbc89bc0ec/runs 200 in 18ms (next.js: 2ms, application-code: 16ms)
 GET /api/runs/b98aa1a6-6674-44f8-b338-d371e6e1166f 200 in 30ms (next.js: 2ms, application-code: 27ms)
 GET /w/e2e-791f27/runs?run=b98aa1a6-6674-44f8-b338-d371e6e1166f 200 in 30ms (next.js: 16ms, application-code: 14ms)
 GET /api/workspaces/8986b54d-1d5e-44c7-8070-85cc85568d76/runs?limit=25 200 in 47ms (next.js: 17ms, application-code: 30ms)
 GET /api/runs/b98aa1a6-6674-44f8-b338-d371e6e1166f/rerun-preview?fromNodeId=sheet&revision=original 200 in 40ms (next.js: 16ms, application-code: 24ms)
 POST /api/runs/b98aa1a6-6674-44f8-b338-d371e6e1166f/rerun 202 in 72ms (next.js: 16ms, application-code: 56ms)
2026-09-29T02:06:43.643Z [worker] run 21b40f65-ef0c-4dbf-8330-3e1d41f3c4d3 claimed
 GET /api/workspaces/8986b54d-1d5e-44c7-8070-85cc85568d76/runs?limit=25 200 in 46ms (next.js: 3ms, application-code: 43ms)
 GET /w/e2e-791f27/runs?run=21b40f65-ef0c-4dbf-8330-3e1d41f3c4d3 200 in 37ms (next.js: 21ms, application-code: 16ms)
 GET /api/flows/ec82b458-15f3-4ba4-9002-46bbc89bc0ec/runs 200 in 54ms (next.js: 18ms, application-code: 36ms)
 GET /api/runs/21b40f65-ef0c-4dbf-8330-3e1d41f3c4d3 200 in 44ms (next.js: 20ms, application-code: 24ms)
2026-09-29T02:06:43.757Z [worker] run 21b40f65-ef0c-4dbf-8330-3e1d41f3c4d3 done
 GET /api/flows/ec82b458-15f3-4ba4-9002-46bbc89bc0ec/runs 200 in 24ms (next.js: 2ms, application-code: 22ms)
 GET /api/flows/ec82b458-15f3-4ba4-9002-46bbc89bc0ec/runs 200 in 25ms (next.js: 2ms, application-code: 23ms)
 GET /api/runs/21b40f65-ef0c-4dbf-8330-3e1d41f3c4d3 200 in 30ms (next.js: 2ms, application-code: 28ms)
 GET /api/workspaces/8986b54d-1d5e-44c7-8070-85cc85568d76/usage 200 in 33ms (next.js: 16ms, application-code: 16ms)
 POST /api/auth/sign-up/email 200 in 105ms (next.js: 19ms, application-code: 86ms)
 GET /api/test/outbox?email=e2e-199f1ef5%40flowline-e2e.test 200 in 17ms (next.js: 3ms, application-code: 14ms)
 POST /api/email 200 in 25ms (next.js: 2ms, application-code: 22ms)
 POST /api/auth/sign-in/email 200 in 76ms (next.js: 3ms, application-code: 73ms)
 POST /api/workspaces 201 in 33ms (next.js: 2ms, application-code: 30ms)
 POST /api/onboarding 200 in 23ms (next.js: 3ms, application-code: 21ms)
 POST /api/workspaces/75c75fb9-7744-453b-91c7-d8c8fa8e91fc/flows 201 in 46ms (next.js: 16ms, application-code: 30ms)
 POST /api/workspaces/75c75fb9-7744-453b-91c7-d8c8fa8e91fc/connections 201 in 47ms (next.js: 18ms, application-code: 30ms)
 PUT /api/flows/8703d38f-e877-4e2a-aa0f-285bbf226dbe 200 in 40ms (next.js: 16ms, application-code: 24ms)
 GET /w/e2e-bf544b/flows/8703d38f-e877-4e2a-aa0f-285bbf226dbe 200 in 75ms (next.js: 18ms, application-code: 57ms)
 GET /api/health 200 in 9ms (next.js: 3ms, application-code: 6ms)
 GET /api/flows/8703d38f-e877-4e2a-aa0f-285bbf226dbe 200 in 21ms (next.js: 3ms, application-code: 18ms)
 GET /api/flows/8703d38f-e877-4e2a-aa0f-285bbf226dbe/publish 200 in 63ms (next.js: 21ms, application-code: 43ms)
 GET /api/flows/8703d38f-e877-4e2a-aa0f-285bbf226dbe/runs 200 in 38ms (next.js: 19ms, application-code: 19ms)
2026-09-29T02:06:45.131Z [worker] run d608d8dc-3fc4-4874-a52e-c4deebf0458b claimed
 POST /api/flows/8703d38f-e877-4e2a-aa0f-285bbf226dbe/runs 202 in 61ms (next.js: 3ms, application-code: 58ms)
 GET /api/flows/8703d38f-e877-4e2a-aa0f-285bbf226dbe/runs 200 in 43ms (next.js: 4ms, application-code: 39ms)
 GET /api/runs/d608d8dc-3fc4-4874-a52e-c4deebf0458b 200 in 41ms (next.js: 19ms, application-code: 23ms)
 GET /api/flows/8703d38f-e877-4e2a-aa0f-285bbf226dbe/runs 200 in 20ms (next.js: 3ms, application-code: 17ms)
 GET /api/runs/d608d8dc-3fc4-4874-a52e-c4deebf0458b 200 in 27ms (next.js: 3ms, application-code: 25ms)
 GET /api/runs/d608d8dc-3fc4-4874-a52e-c4deebf0458b 200 in 53ms (next.js: 14ms, application-code: 39ms)
 GET /api/flows/8703d38f-e877-4e2a-aa0f-285bbf226dbe/runs 200 in 40ms (next.js: 16ms, application-code: 24ms)
 GET /api/runs/d608d8dc-3fc4-4874-a52e-c4deebf0458b 200 in 36ms (next.js: 2ms, application-code: 34ms)
 GET /api/runs/d608d8dc-3fc4-4874-a52e-c4deebf0458b 200 in 32ms (next.js: 15ms, application-code: 17ms)
 GET /api/flows/8703d38f-e877-4e2a-aa0f-285bbf226dbe/runs 200 in 36ms (next.js: 15ms, application-code: 21ms)
 GET /api/runs/d608d8dc-3fc4-4874-a52e-c4deebf0458b 200 in 27ms (next.js: 2ms, application-code: 24ms)
 GET /api/runs/d608d8dc-3fc4-4874-a52e-c4deebf0458b 200 in 44ms (next.js: 15ms, application-code: 29ms)
 GET /api/flows/8703d38f-e877-4e2a-aa0f-285bbf226dbe/runs 200 in 28ms (next.js: 15ms, application-code: 13ms)
 GET /api/runs/d608d8dc-3fc4-4874-a52e-c4deebf0458b 200 in 28ms (next.js: 2ms, application-code: 25ms)
 GET /api/runs/d608d8dc-3fc4-4874-a52e-c4deebf0458b 200 in 41ms (next.js: 14ms, application-code: 27ms)
 GET /api/flows/8703d38f-e877-4e2a-aa0f-285bbf226dbe/runs 200 in 29ms (next.js: 15ms, application-code: 14ms)
 GET /api/runs/d608d8dc-3fc4-4874-a52e-c4deebf0458b 200 in 30ms (next.js: 3ms, application-code: 27ms)
 GET /api/runs/d608d8dc-3fc4-4874-a52e-c4deebf0458b 200 in 30ms (next.js: 15ms, application-code: 15ms)
 GET /api/flows/8703d38f-e877-4e2a-aa0f-285bbf226dbe/runs 200 in 41ms (next.js: 14ms, application-code: 27ms)
 GET /api/runs/d608d8dc-3fc4-4874-a52e-c4deebf0458b 200 in 33ms (next.js: 3ms, application-code: 31ms)
 GET /api/runs/d608d8dc-3fc4-4874-a52e-c4deebf0458b 200 in 43ms (next.js: 15ms, application-code: 28ms)
 GET /api/flows/8703d38f-e877-4e2a-aa0f-285bbf226dbe/runs 200 in 31ms (next.js: 17ms, application-code: 14ms)
 POST /api/runs/d608d8dc-3fc4-4874-a52e-c4deebf0458b/cancel 200 in 912ms (next.js: 883ms, application-code: 29ms)
 GET /api/runs/d608d8dc-3fc4-4874-a52e-c4deebf0458b 200 in 23ms (next.js: 2ms, application-code: 21ms)
2026-09-29T02:06:55.235Z [worker] run d608d8dc-3fc4-4874-a52e-c4deebf0458b done
 GET /api/runs/d608d8dc-3fc4-4874-a52e-c4deebf0458b 200 in 34ms (next.js: 15ms, application-code: 19ms)
 GET /api/flows/8703d38f-e877-4e2a-aa0f-285bbf226dbe/runs 200 in 36ms (next.js: 15ms, application-code: 21ms)
 GET /api/flows/8703d38f-e877-4e2a-aa0f-285bbf226dbe/runs 200 in 30ms (next.js: 3ms, application-code: 27ms)
 GET /api/runs/d608d8dc-3fc4-4874-a52e-c4deebf0458b 200 in 29ms (next.js: 2ms, application-code: 27ms)
 POST /api/auth/sign-up/email 200 in 90ms (next.js: 14ms, application-code: 76ms)
 GET /api/test/outbox?email=e2e-ae936c50%40flowline-e2e.test 200 in 7ms (next.js: 2ms, application-code: 5ms)
 POST /api/email 200 in 21ms (next.js: 1.9ms, application-code: 19ms)
 POST /api/auth/sign-in/email 200 in 69ms (next.js: 2ms, application-code: 67ms)
 POST /api/workspaces 201 in 31ms (next.js: 2ms, application-code: 29ms)
 POST /api/onboarding 200 in 23ms (next.js: 3ms, application-code: 20ms)
 POST /api/workspaces/b3346d55-129b-47d1-bf97-32446d042f1d/flows 201 in 29ms (next.js: 15ms, application-code: 13ms)
 POST /api/workspaces/b3346d55-129b-47d1-bf97-32446d042f1d/connections 201 in 50ms (next.js: 15ms, application-code: 35ms)
 PUT /api/flows/2885d949-4836-455a-96e0-dba19f8b79d4 200 in 40ms (next.js: 17ms, application-code: 23ms)
 GET /w/e2e-93b891/flows/2885d949-4836-455a-96e0-dba19f8b79d4 200 in 71ms (next.js: 17ms, application-code: 54ms)
 GET /api/health 200 in 8ms (next.js: 2ms, application-code: 6ms)
 GET /api/flows/2885d949-4836-455a-96e0-dba19f8b79d4 200 in 21ms (next.js: 2ms, application-code: 19ms)
 GET /api/flows/2885d949-4836-455a-96e0-dba19f8b79d4/publish 200 in 58ms (next.js: 17ms, application-code: 41ms)
 GET /api/flows/2885d949-4836-455a-96e0-dba19f8b79d4/runs 200 in 37ms (next.js: 19ms, application-code: 18ms)
2026-09-29T02:06:56.716Z [worker] run 915d0d1f-75e2-48be-93d9-b9c7d881d11e claimed
 POST /api/flows/2885d949-4836-455a-96e0-dba19f8b79d4/runs 202 in 66ms (next.js: 3ms, application-code: 63ms)
 GET /api/flows/2885d949-4836-455a-96e0-dba19f8b79d4/runs 200 in 42ms (next.js: 3ms, application-code: 40ms)
2026-09-29T02:06:56.771Z [worker] run 915d0d1f-75e2-48be-93d9-b9c7d881d11e done
 GET /api/runs/915d0d1f-75e2-48be-93d9-b9c7d881d11e 200 in 42ms (next.js: 18ms, application-code: 24ms)
 GET /w/e2e-93b891/runs?run=915d0d1f-75e2-48be-93d9-b9c7d881d11e 200 in 36ms (next.js: 19ms, application-code: 17ms)
 GET /api/workspaces/b3346d55-129b-47d1-bf97-32446d042f1d/runs?limit=25 200 in 44ms (next.js: 17ms, application-code: 27ms)
 GET /api/flows/2885d949-4836-455a-96e0-dba19f8b79d4/runs 200 in 37ms (next.js: 18ms, application-code: 19ms)
 GET /api/flows/2885d949-4836-455a-96e0-dba19f8b79d4/runs 200 in 26ms (next.js: 3ms, application-code: 23ms)
 GET /api/runs/915d0d1f-75e2-48be-93d9-b9c7d881d11e 200 in 45ms (next.js: 17ms, application-code: 28ms)
 GET /api/flows/2885d949-4836-455a-96e0-dba19f8b79d4/runs 200 in 23ms (next.js: 2ms, application-code: 21ms)
 POST /api/approvals/c7d8c1db-1a36-4430-9fb9-7ad26dfafc25/decide 200 in 903ms (next.js: 875ms, application-code: 29ms)
2026-09-29T02:06:58.704Z [worker] run 915d0d1f-75e2-48be-93d9-b9c7d881d11e claimed
 GET /api/runs/915d0d1f-75e2-48be-93d9-b9c7d881d11e 200 in 25ms (next.js: 2ms, application-code: 23ms)
2026-09-29T02:06:58.759Z [worker] run 915d0d1f-75e2-48be-93d9-b9c7d881d11e done
 GET /api/flows/2885d949-4836-455a-96e0-dba19f8b79d4/runs 200 in 29ms (next.js: 14ms, application-code: 14ms)
 POST /api/auth/sign-up/email 200 in 96ms (next.js: 15ms, application-code: 81ms)
 GET /api/test/outbox?email=e2e-7c84213e%40flowline-e2e.test 200 in 7ms (next.js: 2ms, application-code: 5ms)
 POST /api/email 200 in 20ms (next.js: 3ms, application-code: 17ms)
 POST /api/auth/sign-in/email 200 in 68ms (next.js: 2.0ms, application-code: 66ms)
 POST /api/workspaces 201 in 19ms (next.js: 3ms, application-code: 17ms)
 POST /api/onboarding 200 in 26ms (next.js: 1.8ms, application-code: 24ms)
 POST /api/workspaces/52a8756a-4f0f-478d-a3dc-980bd0637c45/connections 201 in 46ms (next.js: 14ms, application-code: 32ms)
 POST /api/workspaces/52a8756a-4f0f-478d-a3dc-980bd0637c45/flows 201 in 37ms (next.js: 15ms, application-code: 22ms)
 PUT /api/flows/17f0b867-6d75-4bbc-820f-a5d82eb140f0 200 in 50ms (next.js: 15ms, application-code: 35ms)
 POST /api/workspaces/52a8756a-4f0f-478d-a3dc-980bd0637c45/flows 201 in 16ms (next.js: 3ms, application-code: 13ms)
 PUT /api/flows/b78bfc2e-0883-48f3-8fe7-473b72d08a0a 200 in 34ms (next.js: 2ms, application-code: 31ms)
 GET /w/e2e-a7fbc2/flows/17f0b867-6d75-4bbc-820f-a5d82eb140f0 200 in 76ms (next.js: 19ms, application-code: 57ms)
 GET /api/health 200 in 8ms (next.js: 3ms, application-code: 6ms)
 GET /api/flows/17f0b867-6d75-4bbc-820f-a5d82eb140f0 200 in 24ms (next.js: 2ms, application-code: 22ms)
 GET /api/flows/17f0b867-6d75-4bbc-820f-a5d82eb140f0/publish 200 in 60ms (next.js: 18ms, application-code: 42ms)
 GET /api/flows/17f0b867-6d75-4bbc-820f-a5d82eb140f0/runs 200 in 38ms (next.js: 20ms, application-code: 18ms)
2026-09-29T02:06:59.996Z [worker] run c81f5bd1-71ca-4e71-9eb0-c25c575392b8 claimed
 POST /api/flows/17f0b867-6d75-4bbc-820f-a5d82eb140f0/runs 202 in 63ms (next.js: 3ms, application-code: 60ms)
 GET /api/flows/17f0b867-6d75-4bbc-820f-a5d82eb140f0/runs 200 in 42ms (next.js: 3ms, application-code: 39ms)
 GET /api/runs/c81f5bd1-71ca-4e71-9eb0-c25c575392b8 200 in 45ms (next.js: 19ms, application-code: 25ms)
2026-09-29T02:07:00.105Z [worker] run c81f5bd1-71ca-4e71-9eb0-c25c575392b8 done
 GET /api/runs/c81f5bd1-71ca-4e71-9eb0-c25c575392b8 200 in 30ms (next.js: 2ms, application-code: 28ms)
 GET /api/flows/17f0b867-6d75-4bbc-820f-a5d82eb140f0/runs 200 in 31ms (next.js: 15ms, application-code: 16ms)
 GET /w/e2e-a7fbc2/flows 200 in 62ms (next.js: 15ms, application-code: 47ms)
 GET /api/health 200 in 8ms (next.js: 2ms, application-code: 6ms)
 GET /api/workspaces/52a8756a-4f0f-478d-a3dc-980bd0637c45/usage 200 in 69ms (next.js: 33ms, application-code: 35ms)
 GET /api/workspaces/52a8756a-4f0f-478d-a3dc-980bd0637c45/overview 200 in 82ms (next.js: 18ms, application-code: 65ms)
 GET /api/workspaces/52a8756a-4f0f-478d-a3dc-980bd0637c45/flows 200 in 56ms (next.js: 16ms, application-code: 39ms)
 POST /api/flows/b78bfc2e-0883-48f3-8fe7-473b72d08a0a/runs 202 in 70ms (next.js: 17ms, application-code: 53ms)
2026-09-29T02:07:01.740Z [worker] run fa000587-9510-48bc-be0b-983a06890ffb claimed
 GET /api/flows/b78bfc2e-0883-48f3-8fe7-473b72d08a0a/runs 200 in 23ms (next.js: 3ms, application-code: 21ms)
2026-09-29T02:07:01.778Z [worker] run fa000587-9510-48bc-be0b-983a06890ffb done
 GET /api/flows/b78bfc2e-0883-48f3-8fe7-473b72d08a0a/runs 200 in 23ms (next.js: 3ms, application-code: 21ms)
 GET /api/flows/17f0b867-6d75-4bbc-820f-a5d82eb140f0/runs 200 in 26ms (next.js: 3ms, application-code: 24ms)
 GET /w/e2e-a7fbc2/integrations 200 in 72ms (next.js: 17ms, application-code: 55ms)
 GET /api/health 200 in 9ms (next.js: 3ms, application-code: 6ms)
 GET /api/workspaces/52a8756a-4f0f-478d-a3dc-980bd0637c45/connections 200 in 33ms (next.js: 18ms, application-code: 14ms)
 GET /api/integrations/catalog?workspaceId=52a8756a-4f0f-478d-a3dc-980bd0637c45 200 in 47ms (next.js: 2ms, application-code: 45ms)
 GET /api/workspaces/52a8756a-4f0f-478d-a3dc-980bd0637c45/oauth-apps/provenance?provider=google_sheets 200 in 44ms (next.js: 20ms, application-code: 23ms)
 POST /api/oauth/start 200 in 35ms (next.js: 3ms, application-code: 32ms)
 GET /api/oauth/callback?code=fake-code-0a04eebaadb2&state=AttV1w0ykcot24ktH8cLOtQP-BRSpHG38DNz93dbhTU 307 in 57ms (next.js: 2ms, application-code: 55ms)
 GET /w/e2e-a7fbc2/integrations?oauth=reconnected&connection=a6b23125-67c2-4dba-8c9f-b4eafe67cb74 200 in 56ms (next.js: 3ms, application-code: 53ms)
 GET /api/health 200 in 18ms (next.js: 7ms, application-code: 11ms)
 GET /w/e2e-a7fbc2/integrations 200 in 44ms (next.js: 34ms, application-code: 10ms)
 GET /api/integrations/catalog?workspaceId=52a8756a-4f0f-478d-a3dc-980bd0637c45 200 in 62ms (next.js: 5ms, application-code: 57ms)
 GET /api/workspaces/52a8756a-4f0f-478d-a3dc-980bd0637c45/connections 200 in 49ms (next.js: 3ms, application-code: 47ms)
 GET /w/e2e-a7fbc2/flows 200 in 129ms (next.js: 19ms, application-code: 110ms)
 GET /api/health 200 in 10ms (next.js: 3ms, application-code: 7ms)
 GET /api/workspaces/52a8756a-4f0f-478d-a3dc-980bd0637c45/usage 200 in 71ms (next.js: 35ms, application-code: 35ms)
 GET /api/workspaces/52a8756a-4f0f-478d-a3dc-980bd0637c45/flows 200 in 34ms (next.js: 18ms, application-code: 15ms)
 GET /api/workspaces/52a8756a-4f0f-478d-a3dc-980bd0637c45/overview 200 in 94ms (next.js: 18ms, application-code: 76ms)
 GET /api/flows/17f0b867-6d75-4bbc-820f-a5d82eb140f0/runs 200 in 38ms (next.js: 18ms, application-code: 19ms)
 POST /api/auth/sign-up/email 200 in 111ms (next.js: 16ms, application-code: 95ms)
 GET /api/test/outbox?email=e2e-bcd755e3%40flowline-e2e.test 200 in 8ms (next.js: 1.8ms, application-code: 6ms)
 POST /api/email 200 in 24ms (next.js: 2ms, application-code: 22ms)
 POST /api/auth/sign-in/email 200 in 72ms (next.js: 3ms, application-code: 70ms)
 POST /api/workspaces 201 in 31ms (next.js: 2ms, application-code: 29ms)
 POST /api/onboarding 200 in 21ms (next.js: 2.0ms, application-code: 19ms)
 GET /w/e2e-7810cc/integrations 200 in 63ms (next.js: 15ms, application-code: 47ms)
 GET /api/health 200 in 8ms (next.js: 3ms, application-code: 5ms)
 GET /api/workspaces/c19c1205-f105-4f3c-9a6d-8035eb557c79/connections 200 in 86ms (next.js: 17ms, application-code: 69ms)
 GET /api/integrations/catalog?workspaceId=c19c1205-f105-4f3c-9a6d-8035eb557c79 200 in 121ms (next.js: 3ms, application-code: 118ms)
 GET /w/e2e-7810cc/templates 200 in 116ms (next.js: 38ms, application-code: 78ms)
 GET /api/health 200 in 8ms (next.js: 3ms, application-code: 6ms)
 GET /api/workspaces/c19c1205-f105-4f3c-9a6d-8035eb557c79/connections 200 in 64ms (next.js: 12ms, application-code: 52ms)
 GET /api/workspaces/c19c1205-f105-4f3c-9a6d-8035eb557c79/ai 200 in 95ms (next.js: 19ms, application-code: 76ms)
 GET /w/e2e-7810cc/runs 200 in 70ms (next.js: 18ms, application-code: 52ms)
 GET /api/health 200 in 7ms (next.js: 2ms, application-code: 5ms)
 GET /api/workspaces/c19c1205-f105-4f3c-9a6d-8035eb557c79/runs?limit=25 200 in 71ms (next.js: 18ms, application-code: 54ms)
 GET /w/e2e-7810cc/settings 200 in 75ms (next.js: 19ms, application-code: 56ms)
 GET /api/health 200 in 8ms (next.js: 2ms, application-code: 6ms)
 GET /api/workspaces/c19c1205-f105-4f3c-9a6d-8035eb557c79/invites 200 in 43ms (next.js: 36ms, application-code: 7ms)
 GET /api/workspaces/c19c1205-f105-4f3c-9a6d-8035eb557c79/members 200 in 44ms (next.js: 17ms, application-code: 26ms)
 POST /api/auth/sign-up/email 200 in 107ms (next.js: 18ms, application-code: 89ms)
 GET /api/test/outbox?email=e2e-b677369d%40flowline-e2e.test 200 in 7ms (next.js: 2.0ms, application-code: 5ms)
 POST /api/email 200 in 23ms (next.js: 2ms, application-code: 21ms)
 POST /api/auth/sign-in/email 200 in 76ms (next.js: 2ms, application-code: 73ms)
 POST /api/workspaces 201 in 32ms (next.js: 2ms, application-code: 29ms)
 POST /api/onboarding 200 in 22ms (next.js: 2ms, application-code: 20ms)
 GET /w/e2e-667464/settings 200 in 61ms (next.js: 3ms, application-code: 59ms)
 GET /api/health 200 in 8ms (next.js: 3ms, application-code: 5ms)
 GET /api/workspaces/b7330efc-4c82-4b77-b7cc-8175614f3482/members 200 in 19ms (next.js: 2ms, application-code: 17ms)
 GET /api/workspaces/b7330efc-4c82-4b77-b7cc-8175614f3482/invites 200 in 16ms (next.js: 3ms, application-code: 13ms)
 POST /api/workspaces/b7330efc-4c82-4b77-b7cc-8175614f3482/invites 201 in 42ms (next.js: 3ms, application-code: 39ms)
 GET /api/workspaces/b7330efc-4c82-4b77-b7cc-8175614f3482/invites 200 in 34ms (next.js: 20ms, application-code: 13ms)
 GET /api/workspaces/b7330efc-4c82-4b77-b7cc-8175614f3482/members 200 in 35ms (next.js: 17ms, application-code: 18ms)
 POST /api/auth/sign-up/email 200 in 97ms (next.js: 16ms, application-code: 81ms)
 GET /api/test/outbox?email=viewer-a76c398d%40flowline-e2e.test 200 in 6ms (next.js: 1.8ms, application-code: 4ms)
 POST /api/email 200 in 22ms (next.js: 2ms, application-code: 20ms)
 POST /api/auth/sign-in/email 200 in 69ms (next.js: 1.8ms, application-code: 67ms)
 GET /invite/Tj0DuXZe9FfAbuTwVlfnCZKSv47w-S5QWQrAZFoaNro 200 in 55ms (next.js: 18ms, application-code: 38ms)
 GET /api/invites/Tj0DuXZe9FfAbuTwVlfnCZKSv47w-S5QWQrAZFoaNro 200 in 32ms (next.js: 19ms, application-code: 13ms)
 POST /api/invites/Tj0DuXZe9FfAbuTwVlfnCZKSv47w-S5QWQrAZFoaNro 200 in 31ms (next.js: 3ms, application-code: 28ms)
 GET /w/e2e-667464/flows 200 in 54ms (next.js: 20ms, application-code: 34ms)
 GET /api/health 200 in 11ms (next.js: 3ms, application-code: 8ms)
 GET /api/workspaces/b7330efc-4c82-4b77-b7cc-8175614f3482/usage 200 in 115ms (next.js: 36ms, application-code: 79ms)
 GET /api/workspaces/b7330efc-4c82-4b77-b7cc-8175614f3482/flows 200 in 97ms (next.js: 39ms, application-code: 59ms)
 GET /api/workspaces/b7330efc-4c82-4b77-b7cc-8175614f3482/overview 200 in 129ms (next.js: 17ms, application-code: 112ms)
 POST /api/workspaces/b7330efc-4c82-4b77-b7cc-8175614f3482/connections 201 in 53ms (next.js: 22ms, application-code: 30ms)
 POST /api/workspaces/b7330efc-4c82-4b77-b7cc-8175614f3482/flows 201 in 22ms (next.js: 3ms, application-code: 19ms)
 PUT /api/flows/71296162-2cf7-4bf3-b585-368f173a2791 200 in 47ms (next.js: 16ms, application-code: 30ms)
 POST /api/flows/71296162-2cf7-4bf3-b585-368f173a2791/runs 202 in 82ms (next.js: 18ms, application-code: 64ms)
2026-09-29T02:07:06.460Z [worker] run 83a26ebb-17fd-4a69-9753-aae5f14e6c65 claimed
2026-09-29T02:07:06.500Z [worker] run 83a26ebb-17fd-4a69-9753-aae5f14e6c65 done
 GET /api/runs/83a26ebb-17fd-4a69-9753-aae5f14e6c65 200 in 55ms (next.js: 18ms, application-code: 37ms)
 GET /w/e2e-667464/runs?run=83a26ebb-17fd-4a69-9753-aae5f14e6c65 200 in 68ms (next.js: 19ms, application-code: 49ms)
 GET /api/health 200 in 8ms (next.js: 3ms, application-code: 5ms)
(node:75336) MaxListenersExceededWarning: Possible EventEmitter memory leak detected. 11 unpipe listeners added to [SyncWriteStream]. MaxListeners is 10. Use emitter.setMaxListeners() to increase limit
(node:75336) MaxListenersExceededWarning: Possible EventEmitter memory leak detected. 11 error listeners added to [SyncWriteStream]. MaxListeners is 10. Use emitter.setMaxListeners() to increase limit
(node:75336) MaxListenersExceededWarning: Possible EventEmitter memory leak detected. 11 close listeners added to [SyncWriteStream]. MaxListeners is 10. Use emitter.setMaxListeners() to increase limit
(node:75336) MaxListenersExceededWarning: Possible EventEmitter memory leak detected. 11 finish listeners added to [SyncWriteStream]. MaxListeners is 10. Use emitter.setMaxListeners() to increase limit
(node:75336) MaxListenersExceededWarning: Possible EventEmitter memory leak detected. 11 unpipe listeners added to [SyncWriteStream]. MaxListeners is 10. Use emitter.setMaxListeners() to increase limit
(node:75336) MaxListenersExceededWarning: Possible EventEmitter memory leak detected. 11 error listeners added to [SyncWriteStream]. MaxListeners is 10. Use emitter.setMaxListeners() to increase limit
(node:75336) MaxListenersExceededWarning: Possible EventEmitter memory leak detected. 11 close listeners added to [SyncWriteStream]. MaxListeners is 10. Use emitter.setMaxListeners() to increase limit
(node:75336) MaxListenersExceededWarning: Possible EventEmitter memory leak detected. 11 finish listeners added to [SyncWriteStream]. MaxListeners is 10. Use emitter.setMaxListeners() to increase limit
 GET /api/workspaces/b7330efc-4c82-4b77-b7cc-8175614f3482/runs?limit=25 200 in 41ms (next.js: 19ms, application-code: 22ms)
 GET /api/runs/83a26ebb-17fd-4a69-9753-aae5f14e6c65 200 in 52ms (next.js: 26ms, application-code: 26ms)
 GET /api/workspaces/b7330efc-4c82-4b77-b7cc-8175614f3482/approvals 200 in 892ms (next.js: 873ms, application-code: 19ms)
 POST /api/approvals/f979a83a-9095-47d5-bbf2-57b3195ac695/decide 403 in 26ms (next.js: 14ms, application-code: 11ms)
 GET /api/runs/83a26ebb-17fd-4a69-9753-aae5f14e6c65 200 in 33ms (next.js: 13ms, application-code: 20ms)
 GET /w/e2e-667464/settings 200 in 74ms (next.js: 15ms, application-code: 59ms)
 GET /api/health 200 in 8ms (next.js: 2ms, application-code: 6ms)
 GET /api/workspaces/b7330efc-4c82-4b77-b7cc-8175614f3482/members 200 in 44ms (next.js: 17ms, application-code: 28ms)
 GET /api/workspaces/b7330efc-4c82-4b77-b7cc-8175614f3482/invites 200 in 45ms (next.js: 34ms, application-code: 11ms)
 PATCH /api/workspaces/b7330efc-4c82-4b77-b7cc-8175614f3482/members/23aa600b-8173-45b0-ab7a-ed85a94de230 200 in 855ms (next.js: 833ms, application-code: 22ms)
 GET /api/workspaces/b7330efc-4c82-4b77-b7cc-8175614f3482/members 200 in 43ms (next.js: 16ms, application-code: 27ms)
 GET /api/workspaces/b7330efc-4c82-4b77-b7cc-8175614f3482/invites 200 in 44ms (next.js: 32ms, application-code: 12ms)
 GET /w/e2e-667464/runs?run=83a26ebb-17fd-4a69-9753-aae5f14e6c65 200 in 64ms (next.js: 17ms, application-code: 47ms)
 GET /api/health 200 in 7ms (next.js: 2ms, application-code: 4ms)
 GET /api/workspaces/b7330efc-4c82-4b77-b7cc-8175614f3482/runs?limit=25 200 in 49ms (next.js: 16ms, application-code: 33ms)
 GET /api/runs/83a26ebb-17fd-4a69-9753-aae5f14e6c65 200 in 40ms (next.js: 16ms, application-code: 23ms)
 GET /api/runs/83a26ebb-17fd-4a69-9753-aae5f14e6c65 200 in 25ms (next.js: 3ms, application-code: 23ms)
 POST /api/approvals/f979a83a-9095-47d5-bbf2-57b3195ac695/decide 200 in 52ms (next.js: 17ms, application-code: 35ms)
2026-09-29T02:07:09.788Z [worker] run 83a26ebb-17fd-4a69-9753-aae5f14e6c65 claimed
 GET /api/runs/83a26ebb-17fd-4a69-9753-aae5f14e6c65 200 in 23ms (next.js: 3ms, application-code: 20ms)
2026-09-29T02:07:09.847Z [worker] run 83a26ebb-17fd-4a69-9753-aae5f14e6c65 done
 GET /api/runs/83a26ebb-17fd-4a69-9753-aae5f14e6c65 200 in 27ms (next.js: 2.0ms, application-code: 25ms)
 DELETE /api/workspaces/b7330efc-4c82-4b77-b7cc-8175614f3482/members/23aa600b-8173-45b0-ab7a-ed85a94de230 200 in 45ms (next.js: 16ms, application-code: 30ms)
 GET /api/workspaces/b7330efc-4c82-4b77-b7cc-8175614f3482/members 200 in 49ms (next.js: 17ms, application-code: 32ms)
 GET /api/workspaces/b7330efc-4c82-4b77-b7cc-8175614f3482/invites 200 in 49ms (next.js: 35ms, application-code: 14ms)
 GET /api/workspaces/b7330efc-4c82-4b77-b7cc-8175614f3482/flows 404 in 30ms (next.js: 18ms, application-code: 12ms)
 GET /api/workspaces/b7330efc-4c82-4b77-b7cc-8175614f3482/audit 200 in 32ms (next.js: 18ms, application-code: 14ms)
 POST /api/auth/sign-up/email 200 in 102ms (next.js: 16ms, application-code: 86ms)
 GET /api/test/outbox?email=e2e-c5794a43%40flowline-e2e.test 200 in 7ms (next.js: 2ms, application-code: 5ms)
 POST /api/email 200 in 24ms (next.js: 2ms, application-code: 22ms)
 POST /api/auth/sign-in/email 200 in 74ms (next.js: 2.0ms, application-code: 72ms)
 POST /api/workspaces 201 in 20ms (next.js: 3ms, application-code: 17ms)
 POST /api/onboarding 200 in 25ms (next.js: 1.9ms, application-code: 23ms)
 POST /api/workspaces/f1f3f385-516e-4960-a4e1-6589d8ea7743/flows 201 in 22ms (next.js: 2ms, application-code: 20ms)
 GET /w/e2e-61f991/settings?tab=keys 200 in 65ms (next.js: 16ms, application-code: 49ms)
 GET /api/health 200 in 8ms (next.js: 2ms, application-code: 6ms)
 GET /api/workspaces/f1f3f385-516e-4960-a4e1-6589d8ea7743/api-keys 200 in 34ms (next.js: 19ms, application-code: 15ms)
 POST /api/workspaces/f1f3f385-516e-4960-a4e1-6589d8ea7743/api-keys 201 in 23ms (next.js: 2ms, application-code: 20ms)
 GET /api/workspaces/f1f3f385-516e-4960-a4e1-6589d8ea7743/api-keys 200 in 20ms (next.js: 2ms, application-code: 17ms)
 GET /api/v1/flows 403 in 77ms (next.js: 59ms, application-code: 18ms)
 GET /api/workspaces/f1f3f385-516e-4960-a4e1-6589d8ea7743/flows 200 in 28ms (next.js: 17ms, application-code: 11ms)
 POST /api/v1/flows/b3cb4ba3-f1cf-41ea-a811-6981323f4a66/runs 202 in 885ms (next.js: 850ms, application-code: 35ms)
2026-09-29T02:07:12.459Z [worker] run b551794c-5179-4005-b374-16a505100462 claimed
2026-09-29T02:07:12.504Z [worker] run b551794c-5179-4005-b374-16a505100462 done
 GET /w/e2e-61f991/settings?tab=keys 200 in 59ms (next.js: 15ms, application-code: 44ms)
 GET /api/health 200 in 7ms (next.js: 2ms, application-code: 5ms)
 GET /api/workspaces/f1f3f385-516e-4960-a4e1-6589d8ea7743/api-keys 200 in 27ms (next.js: 15ms, application-code: 12ms)
 DELETE /api/workspaces/f1f3f385-516e-4960-a4e1-6589d8ea7743/api-keys/ab1bf864-6cd8-4f13-a3de-5a350bea3a54 200 in 877ms (next.js: 858ms, application-code: 19ms)
 GET /api/workspaces/f1f3f385-516e-4960-a4e1-6589d8ea7743/api-keys 200 in 40ms (next.js: 14ms, application-code: 26ms)
 GET /api/workspaces/f1f3f385-516e-4960-a4e1-6589d8ea7743/flows 200 in 23ms (next.js: 14ms, application-code: 9ms)
 POST /api/v1/flows/b3cb4ba3-f1cf-41ea-a811-6981323f4a66/runs 401 in 20ms (next.js: 15ms, application-code: 5ms)
 POST /api/auth/sign-up/email 200 in 99ms (next.js: 16ms, application-code: 83ms)
 GET /api/test/outbox?email=e2e-d9db18e7%40flowline-e2e.test 200 in 8ms (next.js: 1.9ms, application-code: 6ms)
 POST /api/email 200 in 22ms (next.js: 2ms, application-code: 20ms)
 POST /api/auth/sign-in/email 200 in 72ms (next.js: 2ms, application-code: 70ms)
 POST /api/workspaces 201 in 25ms (next.js: 2.0ms, application-code: 23ms)
 POST /api/onboarding 200 in 29ms (next.js: 1.9ms, application-code: 27ms)
 POST /api/workspaces/4be9c1d3-1d29-4c36-a3b7-49cfde787d3a/ai/connections 201 in 129ms (next.js: 16ms, application-code: 113ms)
 PUT /api/workspaces/4be9c1d3-1d29-4c36-a3b7-49cfde787d3a/ai/default-route 200 in 47ms (next.js: 17ms, application-code: 30ms)
 PUT /api/workspaces/4be9c1d3-1d29-4c36-a3b7-49cfde787d3a/ai/policy 200 in 40ms (next.js: 16ms, application-code: 24ms)
 POST /api/workspaces/4be9c1d3-1d29-4c36-a3b7-49cfde787d3a/flows 201 in 25ms (next.js: 4ms, application-code: 21ms)
 PUT /api/flows/bad8031e-546d-45ba-b6d6-9c8f3d7d6be9 200 in 45ms (next.js: 16ms, application-code: 29ms)
 POST /api/flows/bad8031e-546d-45ba-b6d6-9c8f3d7d6be9/publish 201 in 53ms (next.js: 18ms, application-code: 35ms)
 GET /w/e2e-0c6cf2/knowledge 200 in 70ms (next.js: 19ms, application-code: 51ms)
 GET /api/health 200 in 9ms (next.js: 3ms, application-code: 6ms)
 GET /api/workspaces/4be9c1d3-1d29-4c36-a3b7-49cfde787d3a/knowledge 200 in 33ms (next.js: 18ms, application-code: 14ms)
 POST /api/workspaces/4be9c1d3-1d29-4c36-a3b7-49cfde787d3a/knowledge 201 in 30ms (next.js: 3ms, application-code: 27ms)
2026-09-29T02:07:15.432Z [worker] knowledge source indexed
 GET /api/workspaces/4be9c1d3-1d29-4c36-a3b7-49cfde787d3a/knowledge 200 in 29ms (next.js: 3ms, application-code: 26ms)
 GET /w/e2e-0c6cf2/agents 200 in 69ms (next.js: 19ms, application-code: 50ms)
 GET /api/health 200 in 9ms (next.js: 3ms, application-code: 6ms)
 GET /api/workspaces/4be9c1d3-1d29-4c36-a3b7-49cfde787d3a/agents 200 in 40ms (next.js: 20ms, application-code: 20ms)
 GET /w/e2e-0c6cf2/agents/new 200 in 35ms (next.js: 21ms, application-code: 13ms)
 GET /api/workspaces/4be9c1d3-1d29-4c36-a3b7-49cfde787d3a/flows 200 in 60ms (next.js: 41ms, application-code: 19ms)
 GET /api/workspaces/4be9c1d3-1d29-4c36-a3b7-49cfde787d3a/knowledge 200 in 17ms (next.js: 3ms, application-code: 14ms)
 GET /api/workspaces/4be9c1d3-1d29-4c36-a3b7-49cfde787d3a/ai 200 in 78ms (next.js: 21ms, application-code: 57ms)
 GET /api/workspaces/4be9c1d3-1d29-4c36-a3b7-49cfde787d3a/ai/models 200 in 55ms (next.js: 23ms, application-code: 32ms)
 POST /api/workspaces/4be9c1d3-1d29-4c36-a3b7-49cfde787d3a/agents 201 in 46ms (next.js: 3ms, application-code: 43ms)
 GET /w/e2e-0c6cf2/agents/f90f967d-2801-4d39-adf2-e66a936b7d4c 200 in 37ms (next.js: 24ms, application-code: 14ms)
 GET /api/agents/f90f967d-2801-4d39-adf2-e66a936b7d4c 200 in 39ms (next.js: 22ms, application-code: 17ms)
 GET /api/agents/f90f967d-2801-4d39-adf2-e66a936b7d4c/runs 200 in 920ms (next.js: 903ms, application-code: 18ms)
 POST /api/agents/f90f967d-2801-4d39-adf2-e66a936b7d4c/runs 202 in 831ms (next.js: 792ms, application-code: 39ms)
2026-09-29T02:07:17.179Z [worker] agent run 37fd4bfb-19e5-40fc-a7b7-ab87a6ee9a80 claimed
2026-09-29T02:07:17.273Z [worker] agent run 37fd4bfb-19e5-40fc-a7b7-ab87a6ee9a80 succeeded
 GET /api/agent-runs/37fd4bfb-19e5-40fc-a7b7-ab87a6ee9a80 200 in 889ms (next.js: 863ms, application-code: 26ms)
 POST /api/agents/f90f967d-2801-4d39-adf2-e66a936b7d4c/runs 202 in 63ms (next.js: 15ms, application-code: 48ms)
2026-09-29T02:07:18.309Z [worker] agent run 2e896f4d-53c9-420d-ab3e-f6057a1b5bd6 claimed
 GET /api/agent-runs/2e896f4d-53c9-420d-ab3e-f6057a1b5bd6 200 in 38ms (next.js: 15ms, application-code: 23ms)
2026-09-29T02:07:18.362Z [worker] agent run 2e896f4d-53c9-420d-ab3e-f6057a1b5bd6 waiting for approval
 GET /api/agent-runs/2e896f4d-53c9-420d-ab3e-f6057a1b5bd6 200 in 39ms (next.js: 14ms, application-code: 25ms)
 POST /api/approvals/da46c413-a468-47a6-892f-b7b72a7ba844/decide 200 in 41ms (next.js: 15ms, application-code: 26ms)
2026-09-29T02:07:19.635Z [worker] agent run 2e896f4d-53c9-420d-ab3e-f6057a1b5bd6 claimed
 GET /api/agents/f90f967d-2801-4d39-adf2-e66a936b7d4c/runs 200 in 32ms (next.js: 19ms, application-code: 13ms)
 GET /api/agent-runs/2e896f4d-53c9-420d-ab3e-f6057a1b5bd6 200 in 36ms (next.js: 2ms, application-code: 34ms)
2026-09-29T02:07:19.692Z [worker] run e9f66cfd-e0e9-4519-9248-6170f0cf32d5 claimed
2026-09-29T02:07:19.732Z [worker] run e9f66cfd-e0e9-4519-9248-6170f0cf32d5 done
2026-09-29T02:07:20.225Z [worker] agent run 2e896f4d-53c9-420d-ab3e-f6057a1b5bd6 succeeded
 GET /api/agent-runs/2e896f4d-53c9-420d-ab3e-f6057a1b5bd6 200 in 41ms (next.js: 16ms, application-code: 25ms)
 GET /api/flows/bad8031e-546d-45ba-b6d6-9c8f3d7d6be9/runs 200 in 32ms (next.js: 14ms, application-code: 18ms)
 POST /api/auth/sign-up/email 200 in 96ms (next.js: 16ms, application-code: 80ms)
 GET /api/test/outbox?email=e2e-8a5270c6%40flowline-e2e.test 200 in 7ms (next.js: 2ms, application-code: 5ms)
 POST /api/email 200 in 20ms (next.js: 2.0ms, application-code: 18ms)
 POST /api/auth/sign-in/email 200 in 69ms (next.js: 3ms, application-code: 67ms)
 POST /api/workspaces 201 in 19ms (next.js: 2ms, application-code: 17ms)
 POST /api/onboarding 200 in 24ms (next.js: 1.9ms, application-code: 22ms)
 POST /api/workspaces/acf85160-2287-4af3-a7e3-64f527447cc7/ai/connections 201 in 55ms (next.js: 15ms, application-code: 41ms)
 PUT /api/workspaces/acf85160-2287-4af3-a7e3-64f527447cc7/ai/default-route 200 in 35ms (next.js: 14ms, application-code: 21ms)
 PUT /api/workspaces/acf85160-2287-4af3-a7e3-64f527447cc7/ai/policy 200 in 40ms (next.js: 15ms, application-code: 25ms)
 GET /w/e2e-5f60d8/flows 200 in 69ms (next.js: 18ms, application-code: 52ms)
 GET /api/health 200 in 8ms (next.js: 3ms, application-code: 5ms)
 GET /api/workspaces/acf85160-2287-4af3-a7e3-64f527447cc7/usage 200 in 73ms (next.js: 37ms, application-code: 36ms)
 GET /api/workspaces/acf85160-2287-4af3-a7e3-64f527447cc7/flows 200 in 54ms (next.js: 36ms, application-code: 18ms)
 GET /api/workspaces/acf85160-2287-4af3-a7e3-64f527447cc7/overview 200 in 85ms (next.js: 17ms, application-code: 68ms)
 POST /api/workspaces/acf85160-2287-4af3-a7e3-64f527447cc7/copilot 201 in 1109ms (next.js: 981ms, application-code: 128ms)
 POST /api/workspaces/acf85160-2287-4af3-a7e3-64f527447cc7/copilot/1080b243-e14f-434a-922f-e9e0c776fe11 200 in 908ms (next.js: 883ms, application-code: 25ms)
 GET /api/workspaces/acf85160-2287-4af3-a7e3-64f527447cc7/flows 200 in 33ms (next.js: 15ms, application-code: 18ms)
 POST /api/workspaces/acf85160-2287-4af3-a7e3-64f527447cc7/copilot 201 in 113ms (next.js: 17ms, application-code: 96ms)
 POST /api/workspaces/acf85160-2287-4af3-a7e3-64f527447cc7/copilot/5f862ba6-4ac6-4ee5-a8e1-887c15982fc7 200 in 38ms (next.js: 15ms, application-code: 23ms)
 GET /w/e2e-5f60d8/flows/1e92761a-ab75-445f-a43b-96bf84f6933f 200 in 31ms (next.js: 17ms, application-code: 14ms)
 GET /api/flows/1e92761a-ab75-445f-a43b-96bf84f6933f 200 in 36ms (next.js: 19ms, application-code: 17ms)
 GET /api/flows/1e92761a-ab75-445f-a43b-96bf84f6933f/publish 200 in 55ms (next.js: 17ms, application-code: 38ms)
 GET /api/flows/1e92761a-ab75-445f-a43b-96bf84f6933f/runs 200 in 35ms (next.js: 18ms, application-code: 17ms)
 GET /api/workspaces/acf85160-2287-4af3-a7e3-64f527447cc7/flows 200 in 34ms (next.js: 4ms, application-code: 30ms)
 GET /api/flows/1e92761a-ab75-445f-a43b-96bf84f6933f/runs 200 in 31ms (next.js: 3ms, application-code: 28ms)
 POST /api/auth/sign-up/email 200 in 103ms (next.js: 18ms, application-code: 85ms)
 GET /api/test/outbox?email=e2e-fa346cac%40flowline-e2e.test 200 in 7ms (next.js: 1.9ms, application-code: 5ms)
 POST /api/email 200 in 23ms (next.js: 3ms, application-code: 20ms)
 POST /api/auth/sign-in/email 200 in 74ms (next.js: 2ms, application-code: 72ms)
 POST /api/workspaces 201 in 40ms (next.js: 2ms, application-code: 38ms)
 POST /api/onboarding 200 in 16ms (next.js: 2ms, application-code: 13ms)
 POST /api/workspaces/ad61ca8e-678d-42c7-9f2a-9a900a3594a6/flows 201 in 36ms (next.js: 18ms, application-code: 18ms)
 POST /api/workspaces/ad61ca8e-678d-42c7-9f2a-9a900a3594a6/ai/connections 201 in 110ms (next.js: 18ms, application-code: 91ms)
 PUT /api/workspaces/ad61ca8e-678d-42c7-9f2a-9a900a3594a6/ai/default-route 200 in 38ms (next.js: 18ms, application-code: 20ms)
 PUT /api/workspaces/ad61ca8e-678d-42c7-9f2a-9a900a3594a6/ai/policy 200 in 41ms (next.js: 17ms, application-code: 24ms)
 GET /w/e2e-c422de/flows/f9df3965-a6c0-490d-b106-f1169dbd7a8f 200 in 73ms (next.js: 20ms, application-code: 53ms)
 GET /api/health 200 in 9ms (next.js: 3ms, application-code: 6ms)
 GET /api/flows/f9df3965-a6c0-490d-b106-f1169dbd7a8f 200 in 41ms (next.js: 18ms, application-code: 24ms)
 GET /api/flows/f9df3965-a6c0-490d-b106-f1169dbd7a8f/publish 200 in 60ms (next.js: 20ms, application-code: 40ms)
 GET /api/flows/f9df3965-a6c0-490d-b106-f1169dbd7a8f/runs 200 in 38ms (next.js: 21ms, application-code: 17ms)
 POST /api/flows/f9df3965-a6c0-490d-b106-f1169dbd7a8f/copilot 201 in 1013ms (next.js: 902ms, application-code: 111ms)
 POST /api/flows/f9df3965-a6c0-490d-b106-f1169dbd7a8f/copilot 201 in 39ms (next.js: 14ms, application-code: 25ms)
 GET /api/flows/f9df3965-a6c0-490d-b106-f1169dbd7a8f 200 in 28ms (next.js: 15ms, application-code: 13ms)
 POST /api/flows/f9df3965-a6c0-490d-b106-f1169dbd7a8f/copilot 201 in 69ms (next.js: 2ms, application-code: 66ms)
 POST /api/flows/f9df3965-a6c0-490d-b106-f1169dbd7a8f/copilot/dd596664-59e3-4c6b-87d8-82e374174603 200 in 892ms (next.js: 868ms, application-code: 25ms)
 GET /api/flows/f9df3965-a6c0-490d-b106-f1169dbd7a8f 200 in 38ms (next.js: 14ms, application-code: 24ms)
 POST /api/auth/sign-up/email 200 in 93ms (next.js: 15ms, application-code: 78ms)
 GET /api/test/outbox?email=e2e-2eb5c465%40flowline-e2e.test 200 in 6ms (next.js: 2ms, application-code: 4ms)
 POST /api/email 200 in 20ms (next.js: 2.0ms, application-code: 18ms)
 POST /api/auth/sign-in/email 200 in 67ms (next.js: 1.9ms, application-code: 65ms)
 POST /api/workspaces 201 in 28ms (next.js: 2ms, application-code: 26ms)
 POST /api/onboarding 200 in 24ms (next.js: 1.9ms, application-code: 22ms)
 POST /api/workspaces/bb205440-75d2-477b-8690-d515d0b7eea0/flows 201 in 30ms (next.js: 14ms, application-code: 15ms)
 POST /api/workspaces/bb205440-75d2-477b-8690-d515d0b7eea0/ai/connections 201 in 56ms (next.js: 14ms, application-code: 42ms)
 PUT /api/workspaces/bb205440-75d2-477b-8690-d515d0b7eea0/ai/default-route 200 in 50ms (next.js: 17ms, application-code: 33ms)
 PUT /api/workspaces/bb205440-75d2-477b-8690-d515d0b7eea0/ai/policy 200 in 37ms (next.js: 17ms, application-code: 20ms)
 GET /w/e2e-af4d83/flows/1561cacf-a9cf-45a5-aed4-0ab2098b7064 200 in 70ms (next.js: 18ms, application-code: 52ms)
 GET /api/health 200 in 8ms (next.js: 3ms, application-code: 5ms)
 GET /api/flows/1561cacf-a9cf-45a5-aed4-0ab2098b7064 200 in 33ms (next.js: 18ms, application-code: 16ms)
 GET /api/flows/1561cacf-a9cf-45a5-aed4-0ab2098b7064/publish 200 in 57ms (next.js: 17ms, application-code: 40ms)
 GET /api/flows/1561cacf-a9cf-45a5-aed4-0ab2098b7064/runs 200 in 37ms (next.js: 19ms, application-code: 18ms)
 POST /api/flows/1561cacf-a9cf-45a5-aed4-0ab2098b7064/copilot 201 in 126ms (next.js: 20ms, application-code: 106ms)
 POST /api/flows/1561cacf-a9cf-45a5-aed4-0ab2098b7064/copilot/af60cc9e-7475-4b6b-bf37-947349d69b38 200 in 47ms (next.js: 18ms, application-code: 29ms)
 GET /w/e2e-af4d83/flows/1561cacf-a9cf-45a5-aed4-0ab2098b7064 200 in 70ms (next.js: 17ms, application-code: 53ms)
 GET /api/health 200 in 9ms (next.js: 3ms, application-code: 6ms)
 GET /api/flows/1561cacf-a9cf-45a5-aed4-0ab2098b7064 200 in 20ms (next.js: 3ms, application-code: 17ms)
 GET /api/flows/1561cacf-a9cf-45a5-aed4-0ab2098b7064/publish 200 in 26ms (next.js: 3ms, application-code: 24ms)
 GET /api/flows/1561cacf-a9cf-45a5-aed4-0ab2098b7064/runs 200 in 19ms (next.js: 3ms, application-code: 16ms)
 GET /w/e2e-af4d83/flows/1561cacf-a9cf-45a5-aed4-0ab2098b7064 200 in 56ms (next.js: 4ms, application-code: 52ms)
 GET /api/health 200 in 9ms (next.js: 3ms, application-code: 7ms)
 GET /api/flows/1561cacf-a9cf-45a5-aed4-0ab2098b7064 200 in 30ms (next.js: 18ms, application-code: 12ms)
 GET /api/flows/1561cacf-a9cf-45a5-aed4-0ab2098b7064/publish 200 in 23ms (next.js: 3ms, application-code: 21ms)
 GET /api/flows/1561cacf-a9cf-45a5-aed4-0ab2098b7064/runs 200 in 17ms (next.js: 2ms, application-code: 14ms)
 POST /api/flows/1561cacf-a9cf-45a5-aed4-0ab2098b7064/copilot 201 in 81ms (next.js: 3ms, application-code: 79ms)
 POST /api/flows/1561cacf-a9cf-45a5-aed4-0ab2098b7064/copilot/e9f51153-9eea-4b1e-9882-3ec3ea74f385 200 in 35ms (next.js: 3ms, application-code: 32ms)
 GET /w/e2e-af4d83/flows/1561cacf-a9cf-45a5-aed4-0ab2098b7064 200 in 77ms (next.js: 20ms, application-code: 57ms)
 GET /api/health 200 in 7ms (next.js: 2ms, application-code: 5ms)
 GET /api/flows/1561cacf-a9cf-45a5-aed4-0ab2098b7064 200 in 12ms (next.js: 2ms, application-code: 10ms)
 GET /api/flows/1561cacf-a9cf-45a5-aed4-0ab2098b7064/publish 200 in 49ms (next.js: 16ms, application-code: 34ms)
 GET /api/flows/1561cacf-a9cf-45a5-aed4-0ab2098b7064/runs 200 in 31ms (next.js: 17ms, application-code: 14ms)
 POST /api/auth/sign-up/email 200 in 103ms (next.js: 19ms, application-code: 84ms)
 GET /api/test/outbox?email=e2e-1d8fe4f7%40flowline-e2e.test 200 in 7ms (next.js: 2ms, application-code: 5ms)
 POST /api/email 200 in 21ms (next.js: 2ms, application-code: 18ms)
 POST /api/auth/sign-in/email 200 in 70ms (next.js: 1.9ms, application-code: 69ms)
 POST /api/workspaces 201 in 25ms (next.js: 3ms, application-code: 21ms)
 POST /api/onboarding 200 in 13ms (next.js: 3ms, application-code: 10ms)
 GET /w/e2e-1b2994/settings?tab=plan 200 in 59ms (next.js: 15ms, application-code: 45ms)
 GET /api/health 200 in 9ms (next.js: 2ms, application-code: 6ms)
 GET /api/workspaces/16d7756f-5a71-4111-a9a0-c1ce50776c49/billing 200 in 48ms (next.js: 19ms, application-code: 28ms)
 POST /api/workspaces/16d7756f-5a71-4111-a9a0-c1ce50776c49/billing/checkout 200 in 907ms (next.js: 869ms, application-code: 37ms)
 POST /api/billing/webhook 200 in 60ms (next.js: 38ms, application-code: 21ms)
 POST /api/billing/webhook 200 in 23ms (next.js: 1.9ms, application-code: 21ms)
 GET /w/e2e-1b2994/settings?billing=success 200 in 58ms (next.js: 15ms, application-code: 43ms)
 GET /api/health 200 in 7ms (next.js: 2ms, application-code: 5ms)
 GET /api/workspaces/16d7756f-5a71-4111-a9a0-c1ce50776c49/billing 200 in 48ms (next.js: 16ms, application-code: 32ms)
 GET /api/workspaces/16d7756f-5a71-4111-a9a0-c1ce50776c49/billing 200 in 24ms (next.js: 3ms, application-code: 21ms)
 POST /api/auth/sign-up/email 200 in 94ms (next.js: 16ms, application-code: 78ms)
 GET /api/test/outbox?email=e2e-15c0f65d%40flowline-e2e.test 200 in 7ms (next.js: 3ms, application-code: 5ms)
 POST /api/email 200 in 20ms (next.js: 2ms, application-code: 18ms)
 POST /api/auth/sign-in/email 200 in 72ms (next.js: 2.0ms, application-code: 71ms)
 POST /api/workspaces 201 in 27ms (next.js: 2ms, application-code: 25ms)
 POST /api/onboarding 200 in 17ms (next.js: 1.9ms, application-code: 16ms)
 POST /api/workspaces/6ed61975-0ae8-4875-8531-74efebda02a9/flows 201 in 30ms (next.js: 16ms, application-code: 14ms)
 GET /api/flows/be27113e-a915-4dea-87a1-21c56cc38e64 200 in 31ms (next.js: 15ms, application-code: 15ms)
 POST /api/flows/be27113e-a915-4dea-87a1-21c56cc38e64/publish 201 in 56ms (next.js: 16ms, application-code: 40ms)
 PUT /api/flows/be27113e-a915-4dea-87a1-21c56cc38e64 200 in 43ms (next.js: 3ms, application-code: 40ms)
 GET /w/e2e-612142/flows/be27113e-a915-4dea-87a1-21c56cc38e64 200 in 123ms (next.js: 18ms, application-code: 104ms)
 GET /api/health 200 in 9ms (next.js: 3ms, application-code: 6ms)
 GET /api/flows/be27113e-a915-4dea-87a1-21c56cc38e64 200 in 18ms (next.js: 3ms, application-code: 15ms)
 GET /api/flows/be27113e-a915-4dea-87a1-21c56cc38e64/publish 200 in 43ms (next.js: 3ms, application-code: 41ms)
 GET /api/flows/be27113e-a915-4dea-87a1-21c56cc38e64/runs 200 in 35ms (next.js: 18ms, application-code: 17ms)
 GET /api/flows/be27113e-a915-4dea-87a1-21c56cc38e64/versions 200 in 36ms (next.js: 20ms, application-code: 15ms)
 GET /api/flows/be27113e-a915-4dea-87a1-21c56cc38e64/publish 200 in 39ms (next.js: 3ms, application-code: 36ms)
 GET /api/flows/be27113e-a915-4dea-87a1-21c56cc38e64/versions/c80dd820-e624-4966-9cfb-1f64d4b81035 200 in 868ms (next.js: 849ms, application-code: 20ms)
 POST /api/flows/be27113e-a915-4dea-87a1-21c56cc38e64/versions/c80dd820-e624-4966-9cfb-1f64d4b81035/restore 200 in 863ms (next.js: 836ms, application-code: 27ms)
 GET /w/e2e-612142/flows/be27113e-a915-4dea-87a1-21c56cc38e64 200 in 64ms (next.js: 15ms, application-code: 49ms)
 GET /api/health 200 in 7ms (next.js: 2ms, application-code: 5ms)
 GET /api/flows/be27113e-a915-4dea-87a1-21c56cc38e64 200 in 34ms (next.js: 16ms, application-code: 19ms)
 GET /api/flows/be27113e-a915-4dea-87a1-21c56cc38e64/publish 200 in 50ms (next.js: 17ms, application-code: 33ms)
 GET /api/flows/be27113e-a915-4dea-87a1-21c56cc38e64/runs 200 in 30ms (next.js: 16ms, application-code: 14ms)
 POST /api/auth/sign-up/email 200 in 97ms (next.js: 15ms, application-code: 83ms)
 GET /api/test/outbox?email=e2e-68b7f0e2%40flowline-e2e.test 200 in 7ms (next.js: 2ms, application-code: 4ms)
 POST /api/email 200 in 21ms (next.js: 2ms, application-code: 19ms)
 POST /api/auth/sign-in/email 200 in 70ms (next.js: 2ms, application-code: 68ms)
 POST /api/workspaces 201 in 23ms (next.js: 2ms, application-code: 20ms)
 POST /api/onboarding 200 in 11ms (next.js: 1.9ms, application-code: 9ms)
 POST /api/workspaces/f7d5f2c4-cb94-4a05-a561-5be4b1fe894d/flows 201 in 33ms (next.js: 15ms, application-code: 18ms)
 GET /w/e2e-a21a95/agents 200 in 66ms (next.js: 16ms, application-code: 49ms)
 GET /api/health 200 in 9ms (next.js: 3ms, application-code: 6ms)
 GET /api/workspaces/f7d5f2c4-cb94-4a05-a561-5be4b1fe894d/agents 200 in 68ms (next.js: 19ms, application-code: 49ms)
 GET /w/e2e-a21a95/knowledge 200 in 75ms (next.js: 20ms, application-code: 55ms)
 GET /api/health 200 in 8ms (next.js: 3ms, application-code: 5ms)
 GET /api/workspaces/f7d5f2c4-cb94-4a05-a561-5be4b1fe894d/knowledge 200 in 68ms (next.js: 18ms, application-code: 50ms)
 GET /w/e2e-a21a95/settings 200 in 81ms (next.js: 17ms, application-code: 64ms)
 GET /api/health 200 in 8ms (next.js: 2ms, application-code: 6ms)
 GET /api/workspaces/f7d5f2c4-cb94-4a05-a561-5be4b1fe894d/members 200 in 69ms (next.js: 17ms, application-code: 51ms)
 GET /api/workspaces/f7d5f2c4-cb94-4a05-a561-5be4b1fe894d/invites 200 in 89ms (next.js: 34ms, application-code: 55ms)
 GET /w/e2e-a21a95/flows/d5cc9645-774b-43dc-9a41-5512fb0818a4 200 in 74ms (next.js: 18ms, application-code: 57ms)
 GET /api/health 200 in 8ms (next.js: 3ms, application-code: 5ms)
 GET /api/flows/d5cc9645-774b-43dc-9a41-5512fb0818a4 200 in 35ms (next.js: 21ms, application-code: 14ms)
 GET /api/flows/d5cc9645-774b-43dc-9a41-5512fb0818a4/publish 200 in 70ms (next.js: 24ms, application-code: 46ms)
 GET /api/flows/d5cc9645-774b-43dc-9a41-5512fb0818a4/runs 200 in 40ms (next.js: 21ms, application-code: 20ms)
 POST /api/auth/sign-up/email 200 in 109ms (next.js: 18ms, application-code: 91ms)
 GET /api/test/outbox?email=e2e-ba8aaaea%40flowline-e2e.test 200 in 7ms (next.js: 2ms, application-code: 5ms)
 POST /api/email 200 in 24ms (next.js: 2ms, application-code: 22ms)
 POST /api/auth/sign-in/email 200 in 75ms (next.js: 2ms, application-code: 73ms)
 POST /api/workspaces 201 in 25ms (next.js: 3ms, application-code: 22ms)
 POST /api/onboarding 200 in 16ms (next.js: 2ms, application-code: 14ms)
 GET /w/e2e-47d2ba/settings?tab=sso 200 in 67ms (next.js: 18ms, application-code: 49ms)
 GET /api/health 200 in 9ms (next.js: 3ms, application-code: 6ms)
 GET /api/workspaces/cbdfdd9f-de24-4f5a-9c51-e877c13ad91d/sso 200 in 44ms (next.js: 20ms, application-code: 24ms)
 PUT /api/workspaces/cbdfdd9f-de24-4f5a-9c51-e877c13ad91d/sso 200 in 32ms (next.js: 3ms, application-code: 29ms)
 GET /api/sso/start?workspace=e2e-47d2ba 307 in 65ms (next.js: 45ms, application-code: 20ms)
 GET /api/sso/callback?code=oidc-code-d7a8c0e976df&state=H-AEBPHdos619VGSsXw9I7gm_9qzeULM 307 in 80ms (next.js: 45ms, application-code: 35ms)
 GET /w/e2e-47d2ba/flows 200 in 65ms (next.js: 17ms, application-code: 48ms)
 GET /api/health 200 in 20ms (next.js: 10ms, application-code: 10ms)
 GET /api/workspaces/cbdfdd9f-de24-4f5a-9c51-e877c13ad91d/flows 200 in 90ms (next.js: 54ms, application-code: 37ms)
 GET /api/workspaces/cbdfdd9f-de24-4f5a-9c51-e877c13ad91d/usage 200 in 92ms (next.js: 34ms, application-code: 58ms)
 GET /api/workspaces/cbdfdd9f-de24-4f5a-9c51-e877c13ad91d/overview 200 in 94ms (next.js: 17ms, application-code: 77ms)
 GET /w/e2e-47d2ba/settings?tab=sso 200 in 163ms (next.js: 18ms, application-code: 144ms)
 GET /api/health 200 in 19ms (next.js: 3ms, application-code: 16ms)
 GET /api/workspaces/cbdfdd9f-de24-4f5a-9c51-e877c13ad91d/sso 200 in 20ms (next.js: 3ms, application-code: 18ms)
 PUT /api/workspaces/cbdfdd9f-de24-4f5a-9c51-e877c13ad91d/sso 200 in 53ms (next.js: 18ms, application-code: 34ms)
 GET /sign-in 200 in 34ms (next.js: 3ms, application-code: 31ms)
 GET /api/auth-config 200 in 10ms (next.js: 2ms, application-code: 7ms)
 GET /api/sso/start?workspace=e2e-47d2ba 307 in 20ms (next.js: 3ms, application-code: 17ms)
 GET /api/sso/callback?code=oidc-code-5f11696f154d&state=pganETyyxCvbcXNmzJjjAFdvnqW_Yjc- 307 in 47ms (next.js: 3ms, application-code: 44ms)
 GET /w/e2e-47d2ba/flows 200 in 71ms (next.js: 17ms, application-code: 54ms)
 GET /api/health 200 in 17ms (next.js: 8ms, application-code: 9ms)
 GET /api/workspaces/cbdfdd9f-de24-4f5a-9c51-e877c13ad91d/flows 200 in 99ms (next.js: 54ms, application-code: 45ms)
 GET /api/workspaces/cbdfdd9f-de24-4f5a-9c51-e877c13ad91d/usage 200 in 101ms (next.js: 34ms, application-code: 67ms)
 GET /w/e2e-47d2ba/settings 200 in 161ms (next.js: 17ms, application-code: 144ms)
 GET /api/workspaces/cbdfdd9f-de24-4f5a-9c51-e877c13ad91d/overview 200 in 117ms (next.js: 17ms, application-code: 100ms)
 GET /api/health 200 in 8ms (next.js: 3ms, application-code: 5ms)
 GET /api/workspaces/cbdfdd9f-de24-4f5a-9c51-e877c13ad91d/members 200 in 49ms (next.js: 18ms, application-code: 32ms)
 GET /api/workspaces/cbdfdd9f-de24-4f5a-9c51-e877c13ad91d/invites 200 in 49ms (next.js: 36ms, application-code: 13ms)
 POST /api/auth/sign-up/email 200 in 100ms (next.js: 17ms, application-code: 83ms)
 GET /api/test/outbox?email=victim-20f7c904%40flowline-e2e.test 200 in 8ms (next.js: 3ms, application-code: 5ms)
 POST /api/email 200 in 24ms (next.js: 2ms, application-code: 22ms)
 POST /api/auth/sign-in/email 200 in 72ms (next.js: 3ms, application-code: 69ms)
 GET /sign-in 200 in 36ms (next.js: 3ms, application-code: 33ms)
 GET /api/auth-config 200 in 11ms (next.js: 3ms, application-code: 8ms)
 GET /api/sso/start?workspace=e2e-47d2ba 307 in 25ms (next.js: 3ms, application-code: 23ms)
 GET /api/sso/callback?code=oidc-code-0e22e1694e61&state=qsPwBMn1nFWq3mZiCii6vx6qwbgymJgn 307 in 26ms (next.js: 2ms, application-code: 24ms)
 GET /sign-in?sso_error=An%20account%20with%20this%20email%20already%20exists%20%E2%80%94%20sign%20in%20with%20your%20password%20first%2C%20then%20start%20SSO%20to%20link%20it.%20SSO%20can%27t%20take%20over%20an%20existing%20account. 200 in 38ms (next.js: 4ms, application-code: 35ms)
 GET /api/auth-config 200 in 8ms (next.js: 2ms, application-code: 6ms)
 GET /api/sso/start?workspace=no-such-7cc584 307 in 7ms (next.js: 2ms, application-code: 5ms)
 GET /sign-in?sso_error=SSO%20isn%27t%20set%20up%20for%20that%20workspace 200 in 33ms (next.js: 2ms, application-code: 31ms)
 GET /api/auth-config 200 in 8ms (next.js: 2ms, application-code: 6ms)
 GET /api/workspaces/cbdfdd9f-de24-4f5a-9c51-e877c13ad91d/audit 200 in 36ms (next.js: 16ms, application-code: 20ms)
 POST /api/auth/sign-up/email 200 in 95ms (next.js: 15ms, application-code: 80ms)
 GET /api/test/outbox?email=e2e-aab4c9a4%40flowline-e2e.test 200 in 12ms (next.js: 1.9ms, application-code: 10ms)
 POST /api/email 200 in 20ms (next.js: 1.9ms, application-code: 18ms)
 POST /api/auth/sign-in/email 200 in 67ms (next.js: 2ms, application-code: 65ms)
 POST /api/workspaces 201 in 26ms (next.js: 1.9ms, application-code: 24ms)
 POST /api/onboarding 200 in 24ms (next.js: 1.9ms, application-code: 22ms)
 POST /api/workspaces/a9f5f3b3-9869-42d8-8bcd-5d6360bea270/ai/connections 201 in 60ms (next.js: 16ms, application-code: 44ms)
 PUT /api/workspaces/a9f5f3b3-9869-42d8-8bcd-5d6360bea270/ai/default-route 200 in 48ms (next.js: 15ms, application-code: 32ms)
 PUT /api/workspaces/a9f5f3b3-9869-42d8-8bcd-5d6360bea270/ai/policy 200 in 38ms (next.js: 16ms, application-code: 23ms)
 POST /api/workspaces/a9f5f3b3-9869-42d8-8bcd-5d6360bea270/flows 201 in 45ms (next.js: 16ms, application-code: 28ms)
 PUT /api/flows/19b5c889-2b24-4977-936e-046831487226 200 in 49ms (next.js: 17ms, application-code: 32ms)
 POST /api/flows/19b5c889-2b24-4977-936e-046831487226/publish 201 in 50ms (next.js: 18ms, application-code: 32ms)
 POST /api/workspaces/a9f5f3b3-9869-42d8-8bcd-5d6360bea270/agents 201 in 47ms (next.js: 19ms, application-code: 28ms)
 POST /api/workspaces/a9f5f3b3-9869-42d8-8bcd-5d6360bea270/invites 201 in 105ms (next.js: 17ms, application-code: 88ms)
 POST /api/auth/sign-up/email 200 in 88ms (next.js: 2ms, application-code: 86ms)
 GET /api/test/outbox?email=vw-68b2531c%40flowline-e2e.test 200 in 7ms (next.js: 2ms, application-code: 5ms)
 POST /api/email 200 in 28ms (next.js: 3ms, application-code: 26ms)
 POST /api/auth/sign-in/email 200 in 91ms (next.js: 15ms, application-code: 76ms)
 POST /api/invites/EKAvqYoFYs5jH8Gn8QC0rS8rlo_CmKangW_RUOL6qIo 200 in 52ms (next.js: 18ms, application-code: 35ms)
(node:75336) MaxListenersExceededWarning: Possible EventEmitter memory leak detected. 11 unpipe listeners added to [SyncWriteStream]. MaxListeners is 10. Use emitter.setMaxListeners() to increase limit
(node:75336) MaxListenersExceededWarning: Possible EventEmitter memory leak detected. 11 error listeners added to [SyncWriteStream]. MaxListeners is 10. Use emitter.setMaxListeners() to increase limit
(node:75336) MaxListenersExceededWarning: Possible EventEmitter memory leak detected. 11 close listeners added to [SyncWriteStream]. MaxListeners is 10. Use emitter.setMaxListeners() to increase limit
(node:75336) MaxListenersExceededWarning: Possible EventEmitter memory leak detected. 11 finish listeners added to [SyncWriteStream]. MaxListeners is 10. Use emitter.setMaxListeners() to increase limit
(node:75336) MaxListenersExceededWarning: Possible EventEmitter memory leak detected. 11 unpipe listeners added to [SyncWriteStream]. MaxListeners is 10. Use emitter.setMaxListeners() to increase limit
(node:75336) MaxListenersExceededWarning: Possible EventEmitter memory leak detected. 11 error listeners added to [SyncWriteStream]. MaxListeners is 10. Use emitter.setMaxListeners() to increase limit
(node:75336) MaxListenersExceededWarning: Possible EventEmitter memory leak detected. 11 close listeners added to [SyncWriteStream]. MaxListeners is 10. Use emitter.setMaxListeners() to increase limit
(node:75336) MaxListenersExceededWarning: Possible EventEmitter memory leak detected. 11 finish listeners added to [SyncWriteStream]. MaxListeners is 10. Use emitter.setMaxListeners() to increase limit
 GET /w/e2e-b4648b/agents/a5f053bd-bf17-4ee2-a4cd-637084eb3d10 200 in 95ms (next.js: 24ms, application-code: 70ms)
 GET /api/health 200 in 8ms (next.js: 2ms, application-code: 5ms)
 GET /api/agents/a5f053bd-bf17-4ee2-a4cd-637084eb3d10 200 in 35ms (next.js: 17ms, application-code: 18ms)
 GET /api/agents/a5f053bd-bf17-4ee2-a4cd-637084eb3d10/runs 200 in 43ms (next.js: 26ms, application-code: 18ms)
 POST /api/agents/a5f053bd-bf17-4ee2-a4cd-637084eb3d10/runs 202 in 50ms (next.js: 4ms, application-code: 46ms)
2026-09-29T02:07:45.817Z [worker] agent run e18ba758-25a1-4682-afd2-a7eecd91b66e claimed
 GET /api/agent-runs/e18ba758-25a1-4682-afd2-a7eecd91b66e 200 in 37ms (next.js: 17ms, application-code: 20ms)
2026-09-29T02:07:45.885Z [worker] agent run e18ba758-25a1-4682-afd2-a7eecd91b66e waiting for approval
 GET /api/agent-runs/e18ba758-25a1-4682-afd2-a7eecd91b66e 200 in 35ms (next.js: 16ms, application-code: 19ms)
 GET /w/e2e-b4648b/flows 200 in 59ms (next.js: 14ms, application-code: 45ms)
 GET /api/health 200 in 8ms (next.js: 3ms, application-code: 5ms)
 GET /api/workspaces/a9f5f3b3-9869-42d8-8bcd-5d6360bea270/flows 200 in 71ms (next.js: 56ms, application-code: 15ms)
 GET /api/workspaces/a9f5f3b3-9869-42d8-8bcd-5d6360bea270/usage 200 in 73ms (next.js: 36ms, application-code: 37ms)
 GET /api/workspaces/a9f5f3b3-9869-42d8-8bcd-5d6360bea270/overview 200 in 82ms (next.js: 19ms, application-code: 64ms)
 GET /w/e2e-b4648b/agents/a5f053bd-bf17-4ee2-a4cd-637084eb3d10?tab=runs&run=e18ba758-25a1-4682-afd2-a7eecd91b66e 200 in 38ms (next.js: 18ms, application-code: 20ms)
 GET /api/agents/a5f053bd-bf17-4ee2-a4cd-637084eb3d10 200 in 35ms (next.js: 19ms, application-code: 16ms)
 GET /api/agents/a5f053bd-bf17-4ee2-a4cd-637084eb3d10/runs 200 in 41ms (next.js: 18ms, application-code: 24ms)
 GET /api/agent-runs/e18ba758-25a1-4682-afd2-a7eecd91b66e 200 in 48ms (next.js: 18ms, application-code: 31ms)
 GET /w/e2e-b4648b/agents/a5f053bd-bf17-4ee2-a4cd-637084eb3d10 200 in 55ms (next.js: 3ms, application-code: 52ms)
 GET /api/health 200 in 8ms (next.js: 3ms, application-code: 6ms)
 GET /api/agents/a5f053bd-bf17-4ee2-a4cd-637084eb3d10 200 in 29ms (next.js: 4ms, application-code: 24ms)
 GET /api/agents/a5f053bd-bf17-4ee2-a4cd-637084eb3d10/runs 200 in 30ms (next.js: 4ms, application-code: 26ms)
 GET /api/agent-runs/e18ba758-25a1-4682-afd2-a7eecd91b66e 200 in 21ms (next.js: 2ms, application-code: 18ms)
 POST /api/approvals/a1b54292-609d-4d1b-83aa-6cb225a38d11/decide 200 in 45ms (next.js: 17ms, application-code: 28ms)
2026-09-29T02:07:48.505Z [worker] agent run e18ba758-25a1-4682-afd2-a7eecd91b66e claimed
 GET /api/agents/a5f053bd-bf17-4ee2-a4cd-637084eb3d10/runs 200 in 33ms (next.js: 19ms, application-code: 14ms)
 GET /api/agent-runs/e18ba758-25a1-4682-afd2-a7eecd91b66e 200 in 37ms (next.js: 2ms, application-code: 35ms)
2026-09-29T02:07:48.570Z [worker] run 7ee251d3-fe92-462b-b22e-427174a85e4c claimed
2026-09-29T02:07:48.604Z [worker] run 7ee251d3-fe92-462b-b22e-427174a85e4c done
2026-09-29T02:07:49.108Z [worker] agent run e18ba758-25a1-4682-afd2-a7eecd91b66e succeeded
 GET /api/agent-runs/e18ba758-25a1-4682-afd2-a7eecd91b66e 200 in 40ms (next.js: 14ms, application-code: 26ms)
 GET /api/flows/19b5c889-2b24-4977-936e-046831487226/runs 200 in 35ms (next.js: 15ms, application-code: 21ms)
 POST /api/auth/sign-up/email 200 in 93ms (next.js: 16ms, application-code: 77ms)
 GET /api/test/outbox?email=e2e-6683e7dc%40flowline-e2e.test 200 in 6ms (next.js: 1.9ms, application-code: 4ms)
 POST /api/email 200 in 20ms (next.js: 2ms, application-code: 18ms)
 POST /api/auth/sign-in/email 200 in 68ms (next.js: 1.9ms, application-code: 67ms)
 POST /api/workspaces 201 in 30ms (next.js: 2ms, application-code: 28ms)
 POST /api/onboarding 200 in 20ms (next.js: 2ms, application-code: 18ms)
 GET /w/e2e-8b7c3d/knowledge 200 in 64ms (next.js: 16ms, application-code: 48ms)
 GET /api/health 200 in 8ms (next.js: 3ms, application-code: 5ms)
 GET /api/workspaces/af22b95c-5e08-4e89-820d-17f70e25780e/knowledge 200 in 31ms (next.js: 17ms, application-code: 13ms)
 GET /api/workspaces/cbdfdd9f-de24-4f5a-9c51-e877c13ad91d/overview 200 in 41ms (next.js: 15ms, application-code: 26ms)
 GET /sign-in 200 in 29ms (next.js: 3ms, application-code: 26ms)
 GET /api/health 200 in 11ms (next.js: 6ms, application-code: 5ms)
 GET /api/auth-config 200 in 15ms (next.js: 5ms, application-code: 9ms)
 GET /api/sso/start?workspace=no-such-workspace-xyz 307 in 15ms (next.js: 9ms, application-code: 6ms)
 GET /sign-in?sso_error=SSO%20isn%27t%20set%20up%20for%20that%20workspace 200 in 39ms (next.js: 8ms, application-code: 31ms)
 GET /sign-in 200 in 28ms (next.js: 3ms, application-code: 26ms)
 POST /sign-in 200 in 41ms (next.js: 4ms, application-code: 36ms)
 GET /api/workspaces/cbdfdd9f-de24-4f5a-9c51-e877c13ad91d/overview 200 in 44ms (next.js: 17ms, application-code: 28ms)
 GET /api/auth-config 200 in 8ms (next.js: 3ms, application-code: 5ms)
 POST /api/auth/sign-up/email 200 in 94ms (next.js: 17ms, application-code: 78ms)
 GET /api/test/outbox?email=e2e-a6bd01f8%40flowline-e2e.test 200 in 8ms (next.js: 3ms, application-code: 4ms)
 POST /api/email 200 in 21ms (next.js: 4ms, application-code: 17ms)
 POST /api/auth/sign-in/email 200 in 66ms (next.js: 2.0ms, application-code: 64ms)
 POST /api/workspaces 201 in 29ms (next.js: 4ms, application-code: 25ms)
 POST /api/onboarding 200 in 14ms (next.js: 4ms, application-code: 10ms)
 POST /api/workspaces/d281be5d-eb95-42e0-bacb-e7707c2b0b93/flows 201 in 37ms (next.js: 16ms, application-code: 21ms)
 GET /w/e2e-ad6337/flows 200 in 65ms (next.js: 19ms, application-code: 45ms)
 GET /api/health 200 in 10ms (next.js: 3ms, application-code: 7ms)
 GET /api/workspaces/d281be5d-eb95-42e0-bacb-e7707c2b0b93/flows 200 in 45ms (next.js: 22ms, application-code: 23ms)
 GET /api/workspaces/d281be5d-eb95-42e0-bacb-e7707c2b0b93/overview 200 in 46ms (next.js: 18ms, application-code: 28ms)
 GET /api/workspaces/d281be5d-eb95-42e0-bacb-e7707c2b0b93/usage 200 in 45ms (next.js: 39ms, application-code: 6ms)
 POST /api/auth/sign-up/email 200 in 86ms (next.js: 3ms, application-code: 83ms)
 GET /api/test/outbox?email=e2e-4baa9652%40flowline-e2e.test 200 in 7ms (next.js: 2ms, application-code: 5ms)
 POST /api/email 200 in 23ms (next.js: 2ms, application-code: 20ms)
 POST /api/auth/sign-in/email 200 in 92ms (next.js: 18ms, application-code: 74ms)
 POST /api/workspaces 201 in 22ms (next.js: 2ms, application-code: 20ms)
 POST /api/onboarding 200 in 25ms (next.js: 2ms, application-code: 23ms)
 POST /api/workspaces/7754e4cc-d66e-4ea5-b7dd-b47821320ded/flows 201 in 30ms (next.js: 2ms, application-code: 28ms)
 GET /w/e2e-70f691/flows 200 in 68ms (next.js: 16ms, application-code: 52ms)
 GET /api/health 200 in 10ms (next.js: 3ms, application-code: 6ms)
 GET /api/workspaces/7754e4cc-d66e-4ea5-b7dd-b47821320ded/usage 200 in 42ms (next.js: 8ms, application-code: 34ms)
 GET /api/workspaces/7754e4cc-d66e-4ea5-b7dd-b47821320ded/overview 200 in 43ms (next.js: 3ms, application-code: 40ms)
 GET /api/workspaces/7754e4cc-d66e-4ea5-b7dd-b47821320ded/flows 200 in 31ms (next.js: 18ms, application-code: 13ms)
 POST /api/auth/sign-up/email 200 in 85ms (next.js: 3ms, application-code: 83ms)
 GET /api/test/outbox?email=e2e-1121b3a0%40flowline-e2e.test 200 in 7ms (next.js: 2ms, application-code: 4ms)
 POST /api/email 200 in 20ms (next.js: 2ms, application-code: 18ms)
 POST /api/auth/sign-in/email 200 in 71ms (next.js: 2ms, application-code: 69ms)
 POST /api/workspaces 201 in 18ms (next.js: 2ms, application-code: 16ms)
 POST /api/onboarding 200 in 19ms (next.js: 2.0ms, application-code: 17ms)
 POST /api/workspaces/4f77d574-75df-4067-85b7-b97ee91ebe6d/flows 201 in 15ms (next.js: 1.9ms, application-code: 13ms)
 GET /w/e2e-2ffb28/flows 200 in 62ms (next.js: 16ms, application-code: 45ms)
 GET /api/health 200 in 8ms (next.js: 3ms, application-code: 5ms)
 GET /api/workspaces/4f77d574-75df-4067-85b7-b97ee91ebe6d/overview 200 in 49ms (next.js: 17ms, application-code: 32ms)
 GET /api/workspaces/4f77d574-75df-4067-85b7-b97ee91ebe6d/flows 200 in 28ms (next.js: 22ms, application-code: 6ms)
 GET /api/workspaces/4f77d574-75df-4067-85b7-b97ee91ebe6d/usage 200 in 30ms (next.js: 17ms, application-code: 13ms)
 POST /api/auth/sign-up/email 200 in 98ms (next.js: 16ms, application-code: 82ms)
 GET /api/test/outbox?email=e2e-4989ae60%40flowline-e2e.test 200 in 7ms (next.js: 1.9ms, application-code: 5ms)
 POST /api/email 200 in 20ms (next.js: 2ms, application-code: 18ms)
 POST /api/auth/sign-in/email 200 in 70ms (next.js: 2ms, application-code: 68ms)
 POST /api/workspaces 201 in 19ms (next.js: 2ms, application-code: 17ms)
 POST /api/onboarding 200 in 24ms (next.js: 2ms, application-code: 22ms)
 POST /api/workspaces/cf3bd971-e7f7-48c0-a7ec-c27c1684a9f4/flows 201 in 28ms (next.js: 14ms, application-code: 14ms)
 GET /w/e2e-38fb20/flows 200 in 63ms (next.js: 14ms, application-code: 49ms)
 GET /api/health 200 in 12ms (next.js: 4ms, application-code: 8ms)
 GET /api/workspaces/cf3bd971-e7f7-48c0-a7ec-c27c1684a9f4/flows 200 in 24ms (next.js: 9ms, application-code: 14ms)
 GET /api/workspaces/cf3bd971-e7f7-48c0-a7ec-c27c1684a9f4/usage 200 in 25ms (next.js: 5ms, application-code: 20ms)
 GET /api/workspaces/cf3bd971-e7f7-48c0-a7ec-c27c1684a9f4/overview 200 in 42ms (next.js: 4ms, application-code: 37ms)
 POST /api/auth/sign-up/email 200 in 85ms (next.js: 3ms, application-code: 82ms)
 GET /api/test/outbox?email=e2e-36cd31ab%40flowline-e2e.test 200 in 8ms (next.js: 3ms, application-code: 5ms)
 POST /api/email 200 in 22ms (next.js: 2ms, application-code: 19ms)
 POST /api/auth/sign-in/email 200 in 85ms (next.js: 16ms, application-code: 69ms)
 POST /api/workspaces 201 in 18ms (next.js: 2ms, application-code: 16ms)
 POST /api/onboarding 200 in 27ms (next.js: 2.0ms, application-code: 25ms)
 POST /api/workspaces/1763cc3a-9d55-44d6-8330-86d81f9b0989/flows 201 in 23ms (next.js: 2ms, application-code: 21ms)
 GET /w/e2e-0097a6/flows 200 in 61ms (next.js: 16ms, application-code: 45ms)
 GET /api/health 200 in 10ms (next.js: 3ms, application-code: 7ms)
 GET /api/workspaces/1763cc3a-9d55-44d6-8330-86d81f9b0989/overview 200 in 73ms (next.js: 20ms, application-code: 53ms)
 GET /api/workspaces/1763cc3a-9d55-44d6-8330-86d81f9b0989/flows 200 in 29ms (next.js: 19ms, application-code: 10ms)
 GET /api/workspaces/1763cc3a-9d55-44d6-8330-86d81f9b0989/usage 200 in 71ms (next.js: 39ms, application-code: 33ms)
 POST /api/auth/sign-up/email 200 in 88ms (next.js: 3ms, application-code: 85ms)
 GET /api/test/outbox?email=e2e-b8b480ea%40flowline-e2e.test 200 in 7ms (next.js: 2ms, application-code: 5ms)
 POST /api/email 200 in 22ms (next.js: 2ms, application-code: 20ms)
 POST /api/auth/sign-in/email 200 in 77ms (next.js: 3ms, application-code: 74ms)
 POST /api/workspaces 201 in 19ms (next.js: 3ms, application-code: 16ms)
 POST /api/onboarding 200 in 18ms (next.js: 1.8ms, application-code: 17ms)
 POST /api/workspaces/3564b4d8-3d82-4f80-b7aa-117d066d9bf0/flows 201 in 30ms (next.js: 2ms, application-code: 28ms)
 GET /w/e2e-e965f2/flows 200 in 66ms (next.js: 16ms, application-code: 50ms)
 GET /api/health 200 in 9ms (next.js: 2ms, application-code: 7ms)
 GET /api/workspaces/3564b4d8-3d82-4f80-b7aa-117d066d9bf0/usage 200 in 23ms (next.js: 3ms, application-code: 20ms)
 GET /api/workspaces/3564b4d8-3d82-4f80-b7aa-117d066d9bf0/flows 200 in 18ms (next.js: 4ms, application-code: 14ms)
 GET /api/workspaces/3564b4d8-3d82-4f80-b7aa-117d066d9bf0/overview 200 in 39ms (next.js: 4ms, application-code: 35ms)
 POST /api/auth/sign-up/email 200 in 98ms (next.js: 18ms, application-code: 80ms)
 GET /api/test/outbox?email=e2e-a0748990%40flowline-e2e.test 200 in 7ms (next.js: 2ms, application-code: 5ms)
 POST /api/email 200 in 21ms (next.js: 3ms, application-code: 19ms)
 POST /api/auth/sign-in/email 200 in 73ms (next.js: 3ms, application-code: 70ms)
 POST /api/workspaces 201 in 21ms (next.js: 3ms, application-code: 18ms)
 POST /api/onboarding 200 in 24ms (next.js: 2.0ms, application-code: 22ms)
 POST /api/workspaces/d2b23676-d7ac-4168-8653-25e16934464b/flows 201 in 29ms (next.js: 13ms, application-code: 16ms)
 GET /w/e2e-710f0c/flows 200 in 65ms (next.js: 14ms, application-code: 52ms)
 GET /api/health 200 in 8ms (next.js: 2ms, application-code: 6ms)
 GET /api/workspaces/d2b23676-d7ac-4168-8653-25e16934464b/usage 200 in 42ms (next.js: 36ms, application-code: 6ms)
 GET /api/workspaces/d2b23676-d7ac-4168-8653-25e16934464b/overview 200 in 43ms (next.js: 18ms, application-code: 25ms)
 POST /api/auth/sign-up/email 200 in 89ms (next.js: 3ms, application-code: 85ms)
 GET /api/test/outbox?email=e2e-3a7d600b%40flowline-e2e.test 200 in 7ms (next.js: 2ms, application-code: 5ms)
 POST /api/email 200 in 21ms (next.js: 2.0ms, application-code: 19ms)
 POST /api/auth/sign-in/email 200 in 86ms (next.js: 15ms, application-code: 71ms)
 POST /api/workspaces 201 in 25ms (next.js: 3ms, application-code: 22ms)
 POST /api/onboarding 200 in 17ms (next.js: 2ms, application-code: 15ms)
 POST /api/workspaces/b60d1e0b-587a-4845-825f-10c4b8b59233/flows 201 in 30ms (next.js: 2ms, application-code: 28ms)
 GET /w/e2e-bb03fd/flows/c7eba502-5632-45f5-8782-d54b97ce5f2b 200 in 67ms (next.js: 19ms, application-code: 48ms)
 GET /api/health 200 in 9ms (next.js: 3ms, application-code: 6ms)
 GET /api/flows/c7eba502-5632-45f5-8782-d54b97ce5f2b 200 in 36ms (next.js: 20ms, application-code: 16ms)
 GET /api/flows/c7eba502-5632-45f5-8782-d54b97ce5f2b/publish 200 in 62ms (next.js: 20ms, application-code: 42ms)
 GET /api/flows/c7eba502-5632-45f5-8782-d54b97ce5f2b/runs 200 in 45ms (next.js: 26ms, application-code: 19ms)
 GET /w/e2e-bb03fd/flows/c7eba502-5632-45f5-8782-d54b97ce5f2b 200 in 52ms (next.js: 3ms, application-code: 49ms)
 GET /api/health 200 in 7ms (next.js: 2ms, application-code: 5ms)
 GET /api/flows/c7eba502-5632-45f5-8782-d54b97ce5f2b 200 in 19ms (next.js: 2ms, application-code: 16ms)
 GET /api/flows/c7eba502-5632-45f5-8782-d54b97ce5f2b/publish 200 in 19ms (next.js: 2ms, application-code: 17ms)
 GET /api/flows/c7eba502-5632-45f5-8782-d54b97ce5f2b/runs 200 in 14ms (next.js: 3ms, application-code: 11ms)
 GET /w/e2e-bb03fd/flows/c7eba502-5632-45f5-8782-d54b97ce5f2b 200 in 70ms (next.js: 16ms, application-code: 53ms)
 GET /api/health 200 in 10ms (next.js: 3ms, application-code: 7ms)
 GET /api/flows/c7eba502-5632-45f5-8782-d54b97ce5f2b 200 in 43ms (next.js: 15ms, application-code: 27ms)
 GET /api/flows/c7eba502-5632-45f5-8782-d54b97ce5f2b/publish 200 in 52ms (next.js: 16ms, application-code: 36ms)
 GET /api/flows/c7eba502-5632-45f5-8782-d54b97ce5f2b/runs 200 in 31ms (next.js: 18ms, application-code: 13ms)
 GET /api/health 200 in 7ms (next.js: 3ms, application-code: 5ms)
 GET /api/workspaces/cbdfdd9f-de24-4f5a-9c51-e877c13ad91d/usage 200 in 53ms (next.js: 18ms, application-code: 35ms)
 POST /api/auth/sign-up/email 200 in 99ms (next.js: 18ms, application-code: 81ms)
 GET /api/test/outbox?email=e2e-ac7d7e22%40flowline-e2e.test 200 in 24ms (next.js: 19ms, application-code: 5ms)
 GET /api/workspaces/cbdfdd9f-de24-4f5a-9c51-e877c13ad91d/overview 200 in 43ms (next.js: 15ms, application-code: 28ms)
 POST /api/email 200 in 25ms (next.js: 2ms, application-code: 23ms)
 POST /api/auth/sign-in/email 200 in 70ms (next.js: 2ms, application-code: 68ms)
 POST /api/workspaces 201 in 36ms (next.js: 2ms, application-code: 33ms)
 POST /api/onboarding 200 in 22ms (next.js: 3ms, application-code: 20ms)
 POST /api/workspaces/944eda75-56c6-433c-8e8a-3fa3b5dead3a/flows 201 in 46ms (next.js: 18ms, application-code: 29ms)
 GET /w/e2e-470983/flows/c44c76ee-e641-4aa3-aee6-e600841b34bd 200 in 73ms (next.js: 19ms, application-code: 54ms)
 GET /api/health 200 in 8ms (next.js: 2ms, application-code: 5ms)
 GET /api/flows/c44c76ee-e641-4aa3-aee6-e600841b34bd 200 in 39ms (next.js: 17ms, application-code: 22ms)
 GET /api/flows/c44c76ee-e641-4aa3-aee6-e600841b34bd/publish 200 in 58ms (next.js: 19ms, application-code: 39ms)
 GET /api/flows/c44c76ee-e641-4aa3-aee6-e600841b34bd/runs 200 in 36ms (next.js: 19ms, application-code: 17ms)
 GET /api/flows/c44c76ee-e641-4aa3-aee6-e600841b34bd 200 in 41ms (next.js: 2ms, application-code: 39ms)
2026-09-29T02:08:14.264Z [worker] run 53a0fa88-4469-4a65-8c7f-2608ee3bf578 claimed
 POST /api/flows/c44c76ee-e641-4aa3-aee6-e600841b34bd/runs 202 in 55ms (next.js: 3ms, application-code: 52ms)
 GET /api/flows/c44c76ee-e641-4aa3-aee6-e600841b34bd/runs 200 in 36ms (next.js: 3ms, application-code: 33ms)
 GET /api/runs/53a0fa88-4469-4a65-8c7f-2608ee3bf578 200 in 39ms (next.js: 19ms, application-code: 20ms)
2026-09-29T02:08:14.321Z [worker] run 53a0fa88-4469-4a65-8c7f-2608ee3bf578 done
 POST /api/auth/sign-up/email 200 in 93ms (next.js: 16ms, application-code: 78ms)
 GET /api/test/outbox?email=e2e-98bad89d%40flowline-e2e.test 200 in 6ms (next.js: 1.9ms, application-code: 4ms)
 POST /api/email 200 in 19ms (next.js: 1.9ms, application-code: 17ms)
 POST /api/auth/sign-in/email 200 in 67ms (next.js: 2ms, application-code: 65ms)
 POST /api/workspaces 201 in 28ms (next.js: 3ms, application-code: 25ms)
 POST /api/onboarding 200 in 20ms (next.js: 2ms, application-code: 17ms)
 POST /api/workspaces/7739e2f4-9ed4-4bbc-9890-c8bc7945ae3b/flows 201 in 28ms (next.js: 14ms, application-code: 13ms)
 POST /api/flows/aba20b97-7a8d-4021-97eb-87c3ac592cfd/runs 202 in 68ms (next.js: 18ms, application-code: 50ms)
2026-09-29T02:08:15.289Z [worker] run 91881e08-7973-455c-82d9-c6641c9f36e6 claimed
 GET /api/runs/91881e08-7973-455c-82d9-c6641c9f36e6 200 in 35ms (next.js: 16ms, application-code: 19ms)
2026-09-29T02:08:15.338Z [worker] run 91881e08-7973-455c-82d9-c6641c9f36e6 done
 GET /api/runs/91881e08-7973-455c-82d9-c6641c9f36e6 200 in 27ms (next.js: 3ms, application-code: 24ms)
 POST /api/workspaces/7739e2f4-9ed4-4bbc-9890-c8bc7945ae3b/flows 201 in 23ms (next.js: 3ms, application-code: 20ms)
 GET /api/flows/06987182-8617-439a-b945-a36a1fc5a214 200 in 41ms (next.js: 16ms, application-code: 25ms)
 PUT /api/flows/06987182-8617-439a-b945-a36a1fc5a214 200 in 31ms (next.js: 3ms, application-code: 29ms)
 POST /api/flows/06987182-8617-439a-b945-a36a1fc5a214/runs 202 in 44ms (next.js: 2ms, application-code: 42ms)
2026-09-29T02:08:15.632Z [worker] run 65d4a36a-caad-4d0b-8f8e-7320b06caaae claimed
 GET /api/runs/65d4a36a-caad-4d0b-8f8e-7320b06caaae 200 in 23ms (next.js: 2ms, application-code: 21ms)
2026-09-29T02:08:15.677Z [worker] run 65d4a36a-caad-4d0b-8f8e-7320b06caaae done
 GET /api/runs/65d4a36a-caad-4d0b-8f8e-7320b06caaae 200 in 28ms (next.js: 3ms, application-code: 26ms)
 GET /w/acme-workspace-8/flows 200 in 77ms (next.js: 18ms, application-code: 59ms)
 GET /api/health 200 in 9ms (next.js: 3ms, application-code: 6ms)
 GET /api/workspaces/7739e2f4-9ed4-4bbc-9890-c8bc7945ae3b/flows 200 in 47ms (next.js: 33ms, application-code: 14ms)
 GET /api/workspaces/7739e2f4-9ed4-4bbc-9890-c8bc7945ae3b/usage 200 in 49ms (next.js: 16ms, application-code: 33ms)
 GET /api/workspaces/7739e2f4-9ed4-4bbc-9890-c8bc7945ae3b/overview 200 in 77ms (next.js: 17ms, application-code: 59ms)
 GET /w/acme-workspace-8/flows/aba20b97-7a8d-4021-97eb-87c3ac592cfd 200 in 70ms (next.js: 18ms, application-code: 52ms)
 GET /api/health 200 in 9ms (next.js: 4ms, application-code: 6ms)
 GET /api/flows/aba20b97-7a8d-4021-97eb-87c3ac592cfd 200 in 35ms (next.js: 18ms, application-code: 17ms)
 GET /api/flows/aba20b97-7a8d-4021-97eb-87c3ac592cfd/publish 200 in 59ms (next.js: 18ms, application-code: 41ms)
 GET /api/flows/aba20b97-7a8d-4021-97eb-87c3ac592cfd/runs 200 in 43ms (next.js: 20ms, application-code: 24ms)
 GET /api/runs/91881e08-7973-455c-82d9-c6641c9f36e6 200 in 38ms (next.js: 17ms, application-code: 21ms)
 GET /w/acme-workspace-8/runs?run=65d4a36a-caad-4d0b-8f8e-7320b06caaae 200 in 78ms (next.js: 25ms, application-code: 53ms)
 GET /api/health 200 in 8ms (next.js: 3ms, application-code: 5ms)
 GET /api/workspaces/7739e2f4-9ed4-4bbc-9890-c8bc7945ae3b/runs?limit=25 200 in 38ms (next.js: 24ms, application-code: 14ms)
 GET /api/runs/65d4a36a-caad-4d0b-8f8e-7320b06caaae 200 in 44ms (next.js: 3ms, application-code: 41ms)
 GET /w/acme-workspace-8/integrations 200 in 68ms (next.js: 20ms, application-code: 48ms)
 GET /api/health 200 in 8ms (next.js: 3ms, application-code: 5ms)
 GET /api/workspaces/7739e2f4-9ed4-4bbc-9890-c8bc7945ae3b/connections 200 in 31ms (next.js: 19ms, application-code: 12ms)
 GET /api/integrations/catalog?workspaceId=7739e2f4-9ed4-4bbc-9890-c8bc7945ae3b 200 in 165ms (next.js: 5ms, application-code: 160ms)
 GET /w/acme-workspace-8/templates 200 in 75ms (next.js: 24ms, application-code: 51ms)
 GET /api/health 200 in 8ms (next.js: 2ms, application-code: 6ms)
 GET /api/workspaces/7739e2f4-9ed4-4bbc-9890-c8bc7945ae3b/connections 200 in 31ms (next.js: 2ms, application-code: 29ms)
 GET /api/workspaces/7739e2f4-9ed4-4bbc-9890-c8bc7945ae3b/ai 200 in 36ms (next.js: 20ms, application-code: 16ms)
 GET /w/acme-workspace-8/settings 200 in 74ms (next.js: 19ms, application-code: 55ms)
 GET /api/health 200 in 8ms (next.js: 3ms, application-code: 6ms)
 GET /api/workspaces/7739e2f4-9ed4-4bbc-9890-c8bc7945ae3b/members 200 in 49ms (next.js: 20ms, application-code: 29ms)
 GET /api/workspaces/7739e2f4-9ed4-4bbc-9890-c8bc7945ae3b/invites 200 in 49ms (next.js: 36ms, application-code: 13ms)
 GET /w/acme-workspace-8/flows 200 in 69ms (next.js: 22ms, application-code: 47ms)
 GET /api/health 200 in 8ms (next.js: 3ms, application-code: 6ms)
 GET /api/workspaces/7739e2f4-9ed4-4bbc-9890-c8bc7945ae3b/flows 200 in 66ms (next.js: 51ms, application-code: 15ms)
 GET /api/workspaces/7739e2f4-9ed4-4bbc-9890-c8bc7945ae3b/usage 200 in 67ms (next.js: 33ms, application-code: 34ms)
 GET /api/workspaces/7739e2f4-9ed4-4bbc-9890-c8bc7945ae3b/overview 200 in 75ms (next.js: 16ms, application-code: 59ms)
 GET /w/acme-workspace-8/flows/aba20b97-7a8d-4021-97eb-87c3ac592cfd 200 in 72ms (next.js: 20ms, application-code: 52ms)
 GET /api/health 200 in 8ms (next.js: 3ms, application-code: 5ms)
 GET /api/flows/aba20b97-7a8d-4021-97eb-87c3ac592cfd 200 in 33ms (next.js: 18ms, application-code: 15ms)
 GET /api/flows/aba20b97-7a8d-4021-97eb-87c3ac592cfd/publish 200 in 54ms (next.js: 18ms, application-code: 36ms)
 GET /api/flows/aba20b97-7a8d-4021-97eb-87c3ac592cfd/runs 200 in 35ms (next.js: 17ms, application-code: 18ms)
 GET /api/runs/91881e08-7973-455c-82d9-c6641c9f36e6 200 in 45ms (next.js: 19ms, application-code: 26ms)
 GET /w/acme-workspace-8/runs?run=65d4a36a-caad-4d0b-8f8e-7320b06caaae 200 in 72ms (next.js: 20ms, application-code: 52ms)
 GET /api/health 200 in 10ms (next.js: 3ms, application-code: 7ms)
 GET /api/workspaces/7739e2f4-9ed4-4bbc-9890-c8bc7945ae3b/runs?limit=25 200 in 36ms (next.js: 18ms, application-code: 19ms)
 GET /api/runs/65d4a36a-caad-4d0b-8f8e-7320b06caaae 200 in 26ms (next.js: 3ms, application-code: 23ms)
 GET /w/acme-workspace-8/integrations 200 in 65ms (next.js: 17ms, application-code: 48ms)
 GET /api/health 200 in 8ms (next.js: 2ms, application-code: 5ms)
 GET /api/workspaces/7739e2f4-9ed4-4bbc-9890-c8bc7945ae3b/connections 200 in 26ms (next.js: 14ms, application-code: 12ms)
 GET /api/integrations/catalog?workspaceId=7739e2f4-9ed4-4bbc-9890-c8bc7945ae3b 200 in 39ms (next.js: 4ms, application-code: 35ms)
 GET /api/workspaces/cbdfdd9f-de24-4f5a-9c51-e877c13ad91d/overview 200 in 59ms (next.js: 31ms, application-code: 28ms)
 GET /w/acme-workspace-8/templates 200 in 72ms (next.js: 16ms, application-code: 55ms)
 GET /api/health 200 in 17ms (next.js: 12ms, application-code: 5ms)
 GET /api/workspaces/7739e2f4-9ed4-4bbc-9890-c8bc7945ae3b/connections 200 in 33ms (next.js: 20ms, application-code: 13ms)
 GET /api/workspaces/7739e2f4-9ed4-4bbc-9890-c8bc7945ae3b/ai 200 in 37ms (next.js: 17ms, application-code: 21ms)
 GET /w/acme-workspace-8/settings 200 in 67ms (next.js: 17ms, application-code: 50ms)
 GET /api/health 200 in 8ms (next.js: 3ms, application-code: 6ms)
 GET /api/workspaces/7739e2f4-9ed4-4bbc-9890-c8bc7945ae3b/members 200 in 47ms (next.js: 18ms, application-code: 29ms)
 GET /api/workspaces/7739e2f4-9ed4-4bbc-9890-c8bc7945ae3b/invites 200 in 47ms (next.js: 36ms, application-code: 11ms)
 GET /w/acme-workspace-8/flows 200 in 66ms (next.js: 16ms, application-code: 50ms)
 GET /api/health 200 in 9ms (next.js: 3ms, application-code: 6ms)
 GET /api/workspaces/7739e2f4-9ed4-4bbc-9890-c8bc7945ae3b/usage 200 in 75ms (next.js: 38ms, application-code: 37ms)
 GET /api/workspaces/7739e2f4-9ed4-4bbc-9890-c8bc7945ae3b/flows 200 in 75ms (next.js: 58ms, application-code: 17ms)
 GET /api/workspaces/7739e2f4-9ed4-4bbc-9890-c8bc7945ae3b/overview 200 in 85ms (next.js: 18ms, application-code: 66ms)
 GET /w/acme-workspace-8/flows/aba20b97-7a8d-4021-97eb-87c3ac592cfd 200 in 67ms (next.js: 15ms, application-code: 52ms)
 GET /api/health 200 in 8ms (next.js: 3ms, application-code: 6ms)
 GET /api/flows/aba20b97-7a8d-4021-97eb-87c3ac592cfd 200 in 46ms (next.js: 15ms, application-code: 30ms)
 GET /api/flows/aba20b97-7a8d-4021-97eb-87c3ac592cfd/publish 200 in 56ms (next.js: 17ms, application-code: 39ms)
 GET /api/flows/aba20b97-7a8d-4021-97eb-87c3ac592cfd/runs 200 in 36ms (next.js: 20ms, application-code: 16ms)
 GET /api/runs/91881e08-7973-455c-82d9-c6641c9f36e6 200 in 49ms (next.js: 17ms, application-code: 32ms)
 GET /w/acme-workspace-8/runs?run=65d4a36a-caad-4d0b-8f8e-7320b06caaae 200 in 69ms (next.js: 17ms, application-code: 53ms)
 GET /api/health 200 in 8ms (next.js: 3ms, application-code: 6ms)
 GET /api/workspaces/7739e2f4-9ed4-4bbc-9890-c8bc7945ae3b/runs?limit=25 200 in 37ms (next.js: 17ms, application-code: 20ms)
 GET /api/runs/65d4a36a-caad-4d0b-8f8e-7320b06caaae 200 in 43ms (next.js: 21ms, application-code: 22ms)
 GET /w/acme-workspace-8/integrations 200 in 65ms (next.js: 18ms, application-code: 47ms)
 GET /api/health 200 in 9ms (next.js: 3ms, application-code: 6ms)
 GET /api/workspaces/7739e2f4-9ed4-4bbc-9890-c8bc7945ae3b/connections 200 in 31ms (next.js: 18ms, application-code: 13ms)
 GET /api/integrations/catalog?workspaceId=7739e2f4-9ed4-4bbc-9890-c8bc7945ae3b 200 in 40ms (next.js: 3ms, application-code: 38ms)
 GET /w/acme-workspace-8/templates 200 in 81ms (next.js: 19ms, application-code: 62ms)
 GET /api/health 200 in 8ms (next.js: 2ms, application-code: 6ms)
 GET /api/workspaces/7739e2f4-9ed4-4bbc-9890-c8bc7945ae3b/connections 200 in 34ms (next.js: 21ms, application-code: 13ms)
 GET /api/workspaces/7739e2f4-9ed4-4bbc-9890-c8bc7945ae3b/ai 200 in 37ms (next.js: 17ms, application-code: 20ms)
 GET /w/acme-workspace-8/settings 200 in 66ms (next.js: 16ms, application-code: 49ms)
 GET /api/health 200 in 8ms (next.js: 3ms, application-code: 5ms)
 GET /api/workspaces/7739e2f4-9ed4-4bbc-9890-c8bc7945ae3b/members 200 in 44ms (next.js: 15ms, application-code: 29ms)
 GET /api/workspaces/7739e2f4-9ed4-4bbc-9890-c8bc7945ae3b/invites 200 in 45ms (next.js: 32ms, application-code: 12ms)
 GET /api/health 200 in 7ms (next.js: 2ms, application-code: 4ms)
 GET / 200 in 51ms (next.js: 7ms, application-code: 44ms)
 GET /sign-up 200 in 35ms (next.js: 5ms, application-code: 30ms)
 GET /api/auth-config 200 in 13ms (next.js: 2ms, application-code: 11ms)
 GET / 200 in 45ms (next.js: 3ms, application-code: 42ms)
 GET /sign-up 200 in 29ms (next.js: 2ms, application-code: 27ms)
 GET /api/auth-config 200 in 7ms (next.js: 2ms, application-code: 5ms)
 GET / 200 in 43ms (next.js: 3ms, application-code: 41ms)
 GET /sign-up 200 in 29ms (next.js: 2ms, application-code: 27ms)
 GET /api/auth-config 200 in 7ms (next.js: 2ms, application-code: 5ms)
 POST /api/auth/sign-up/email 200 in 89ms (next.js: 14ms, application-code: 76ms)
 GET /api/test/outbox?email=onb-cba3735a%40flowline-e2e.test 200 in 6ms (next.js: 1.8ms, application-code: 4ms)
 POST /api/email 200 in 20ms (next.js: 2.0ms, application-code: 18ms)
 POST /api/auth/sign-in/email 200 in 68ms (next.js: 2ms, application-code: 66ms)
 GET /onboarding 200 in 60ms (next.js: 7ms, application-code: 53ms)
 POST /api/workspaces 201 in 28ms (next.js: 3ms, application-code: 25ms)
 GET /w/acme-workspace-8/flows/aba20b97-7a8d-4021-97eb-87c3ac592cfd 200 in 65ms (next.js: 17ms, application-code: 48ms)
 GET /api/health 200 in 7ms (next.js: 2ms, application-code: 5ms)
 GET /api/workspaces/cbdfdd9f-de24-4f5a-9c51-e877c13ad91d/overview 200 in 44ms (next.js: 14ms, application-code: 30ms)
 GET /api/flows/aba20b97-7a8d-4021-97eb-87c3ac592cfd 200 in 37ms (next.js: 15ms, application-code: 22ms)
 GET /api/flows/aba20b97-7a8d-4021-97eb-87c3ac592cfd/publish 200 in 40ms (next.js: 16ms, application-code: 23ms)
 GET /api/flows/aba20b97-7a8d-4021-97eb-87c3ac592cfd/runs 200 in 21ms (next.js: 17ms, application-code: 4ms)
 POST /api/test/faults 200 in 12ms (next.js: 4ms, application-code: 9ms)
 GET /w/acme-workspace-8/flows/aba20b97-7a8d-4021-97eb-87c3ac592cfd 200 in 69ms (next.js: 17ms, application-code: 53ms)
 GET /api/health 200 in 7ms (next.js: 2ms, application-code: 5ms)
 GET /api/flows/aba20b97-7a8d-4021-97eb-87c3ac592cfd 500 in 14ms (next.js: 3ms, application-code: 11ms)
 GET /api/flows/aba20b97-7a8d-4021-97eb-87c3ac592cfd 500 in 38ms (next.js: 15ms, application-code: 23ms)
 GET /api/flows/aba20b97-7a8d-4021-97eb-87c3ac592cfd 500 in 49ms (next.js: 15ms, application-code: 34ms)
 GET /api/flows/aba20b97-7a8d-4021-97eb-87c3ac592cfd 500 in 24ms (next.js: 15ms, application-code: 9ms)
 GET /api/health 200 in 8ms (next.js: 2ms, application-code: 5ms)
 GET /api/workspaces/cbdfdd9f-de24-4f5a-9c51-e877c13ad91d/usage 200 in 39ms (next.js: 14ms, application-code: 24ms)
 POST /api/test/faults 200 in 13ms (next.js: 3ms, application-code: 10ms)
 GET /w/acme-workspace-8/flows/aba20b97-7a8d-4021-97eb-87c3ac592cfd 200 in 90ms (next.js: 16ms, application-code: 74ms)
 GET /api/workspaces/cbdfdd9f-de24-4f5a-9c51-e877c13ad91d/overview 200 in 47ms (next.js: 17ms, application-code: 30ms)
 GET /api/health 200 in 9ms (next.js: 3ms, application-code: 6ms)
 GET /api/flows/aba20b97-7a8d-4021-97eb-87c3ac592cfd 200 in 39ms (next.js: 18ms, application-code: 21ms)
 GET /api/flows/aba20b97-7a8d-4021-97eb-87c3ac592cfd/publish 200 in 58ms (next.js: 18ms, application-code: 40ms)
 GET /api/flows/aba20b97-7a8d-4021-97eb-87c3ac592cfd/runs 200 in 37ms (next.js: 19ms, application-code: 18ms)
 GET /api/runs/91881e08-7973-455c-82d9-c6641c9f36e6 200 in 45ms (next.js: 18ms, application-code: 27ms)
 PUT /api/flows/aba20b97-7a8d-4021-97eb-87c3ac592cfd 200 in 24ms (next.js: 3ms, application-code: 21ms)
 POST /api/auth/sign-up/email 200 in 109ms (next.js: 21ms, application-code: 89ms)
 GET /api/test/outbox?email=e2e-a014d3a5%40flowline-e2e.test 200 in 8ms (next.js: 3ms, application-code: 5ms)
 POST /api/email 200 in 24ms (next.js: 2ms, application-code: 22ms)
 POST /api/auth/sign-in/email 200 in 78ms (next.js: 2ms, application-code: 75ms)
 POST /api/workspaces 201 in 20ms (next.js: 3ms, application-code: 17ms)
 POST /api/onboarding 200 in 15ms (next.js: 2ms, application-code: 12ms)
 POST /api/workspaces/018b6953-2d07-4fc9-95f1-550eb28b843b/flows 201 in 29ms (next.js: 15ms, application-code: 14ms)
 GET /w/e2e-81b1d9/flows/92fc9fbe-878d-43a7-912f-e1a596375396 200 in 65ms (next.js: 16ms, application-code: 49ms)
 GET /api/health 200 in 14ms (next.js: 3ms, application-code: 11ms)
 GET /api/flows/92fc9fbe-878d-43a7-912f-e1a596375396 200 in 37ms (next.js: 17ms, application-code: 19ms)
 GET /api/flows/92fc9fbe-878d-43a7-912f-e1a596375396/publish 200 in 56ms (next.js: 17ms, application-code: 39ms)
 GET /api/flows/92fc9fbe-878d-43a7-912f-e1a596375396/runs 200 in 34ms (next.js: 19ms, application-code: 15ms)
 GET /w/e2e-81b1d9/runs?q=zzz-no-match 200 in 65ms (next.js: 18ms, application-code: 47ms)
 GET /api/health 200 in 8ms (next.js: 3ms, application-code: 5ms)
 GET /api/workspaces/018b6953-2d07-4fc9-95f1-550eb28b843b/runs?limit=25&q=zzz-no-match 200 in 41ms (next.js: 18ms, application-code: 23ms)
 POST /api/auth/sign-up/email 200 in 94ms (next.js: 16ms, application-code: 78ms)
 GET /api/test/outbox?email=e2e-85386145%40flowline-e2e.test 200 in 7ms (next.js: 2ms, application-code: 4ms)
 POST /api/email 200 in 21ms (next.js: 2ms, application-code: 19ms)
 POST /api/auth/sign-in/email 200 in 71ms (next.js: 2.0ms, application-code: 69ms)
 POST /api/workspaces 201 in 31ms (next.js: 2ms, application-code: 29ms)
 POST /api/onboarding 200 in 13ms (next.js: 3ms, application-code: 11ms)
 POST /api/workspaces/6dc6b344-15b9-41f2-8361-a6be9cdf0674/flows 201 in 29ms (next.js: 16ms, application-code: 13ms)
 GET /w/acme-workspace-9/agents 200 in 68ms (next.js: 20ms, application-code: 47ms)
 GET /api/health 200 in 8ms (next.js: 3ms, application-code: 5ms)
 GET /api/workspaces/6dc6b344-15b9-41f2-8361-a6be9cdf0674/agents 200 in 41ms (next.js: 19ms, application-code: 21ms)
 GET /w/acme-workspace-9/knowledge 200 in 66ms (next.js: 21ms, application-code: 46ms)
 GET /api/health 200 in 8ms (next.js: 2ms, application-code: 5ms)
 GET /api/workspaces/6dc6b344-15b9-41f2-8361-a6be9cdf0674/knowledge 200 in 45ms (next.js: 18ms, application-code: 27ms)
 GET /w/acme-workspace-9/agents 200 in 70ms (next.js: 18ms, application-code: 52ms)
 GET /api/health 200 in 8ms (next.js: 2ms, application-code: 5ms)
 GET /api/workspaces/6dc6b344-15b9-41f2-8361-a6be9cdf0674/agents 200 in 40ms (next.js: 16ms, application-code: 25ms)
 GET /w/acme-workspace-9/knowledge 200 in 60ms (next.js: 16ms, application-code: 44ms)
 GET /api/health 200 in 8ms (next.js: 3ms, application-code: 5ms)
 GET /api/workspaces/6dc6b344-15b9-41f2-8361-a6be9cdf0674/knowledge 200 in 34ms (next.js: 16ms, application-code: 18ms)
 GET /w/acme-workspace-9/agents 200 in 67ms (next.js: 16ms, application-code: 51ms)
 GET /api/health 200 in 8ms (next.js: 3ms, application-code: 5ms)
 GET /api/workspaces/6dc6b344-15b9-41f2-8361-a6be9cdf0674/agents 200 in 29ms (next.js: 16ms, application-code: 13ms)
 GET /w/acme-workspace-9/knowledge 200 in 65ms (next.js: 16ms, application-code: 49ms)
 GET /api/health 200 in 8ms (next.js: 3ms, application-code: 5ms)
 GET /api/workspaces/6dc6b344-15b9-41f2-8361-a6be9cdf0674/knowledge 200 in 38ms (next.js: 15ms, application-code: 23ms)
 POST /api/workspaces/6dc6b344-15b9-41f2-8361-a6be9cdf0674/ai/connections 201 in 75ms (next.js: 16ms, application-code: 58ms)
 PUT /api/workspaces/6dc6b344-15b9-41f2-8361-a6be9cdf0674/ai/default-route 200 in 38ms (next.js: 19ms, application-code: 19ms)
 PUT /api/workspaces/6dc6b344-15b9-41f2-8361-a6be9cdf0674/ai/policy 200 in 36ms (next.js: 18ms, application-code: 18ms)
 POST /api/workspaces/6dc6b344-15b9-41f2-8361-a6be9cdf0674/knowledge 201 in 30ms (next.js: 2ms, application-code: 28ms)
2026-09-29T02:08:49.655Z [worker] knowledge source indexed
 GET /api/workspaces/6dc6b344-15b9-41f2-8361-a6be9cdf0674/knowledge 200 in 11ms (next.js: 2ms, application-code: 9ms)
 GET /api/workspaces/6dc6b344-15b9-41f2-8361-a6be9cdf0674/knowledge 200 in 16ms (next.js: 2ms, application-code: 13ms)
 POST /api/workspaces/6dc6b344-15b9-41f2-8361-a6be9cdf0674/agents 201 in 56ms (next.js: 16ms, application-code: 40ms)
 POST /api/workspaces/6dc6b344-15b9-41f2-8361-a6be9cdf0674/invites 201 in 63ms (next.js: 18ms, application-code: 45ms)
 POST /api/workspaces/6dc6b344-15b9-41f2-8361-a6be9cdf0674/api-keys 201 in 44ms (next.js: 18ms, application-code: 26ms)
 GET /w/acme-workspace-9/knowledge 200 in 76ms (next.js: 18ms, application-code: 59ms)
 GET /api/health 200 in 9ms (next.js: 3ms, application-code: 6ms)
 GET /api/workspaces/6dc6b344-15b9-41f2-8361-a6be9cdf0674/knowledge 200 in 44ms (next.js: 19ms, application-code: 25ms)
 GET /w/acme-workspace-9/agents/0f924754-592a-4e66-b8cd-afaa1a1e5045 200 in 74ms (next.js: 25ms, application-code: 49ms)
 GET /api/health 200 in 8ms (next.js: 3ms, application-code: 5ms)
 GET /api/agents/0f924754-592a-4e66-b8cd-afaa1a1e5045 200 in 46ms (next.js: 17ms, application-code: 29ms)
 GET /api/agents/0f924754-592a-4e66-b8cd-afaa1a1e5045/runs 200 in 32ms (next.js: 19ms, application-code: 13ms)
 POST /api/agents/0f924754-592a-4e66-b8cd-afaa1a1e5045/runs 202 in 54ms (next.js: 3ms, application-code: 51ms)
2026-09-29T02:08:50.950Z [worker] agent run ae18f64e-b792-4d6c-b265-2dc8fffc3a11 claimed
 GET /api/agent-runs/ae18f64e-b792-4d6c-b265-2dc8fffc3a11 200 in 49ms (next.js: 21ms, application-code: 28ms)
2026-09-29T02:08:51.048Z [worker] agent run ae18f64e-b792-4d6c-b265-2dc8fffc3a11 succeeded
 GET /api/agent-runs/ae18f64e-b792-4d6c-b265-2dc8fffc3a11 200 in 40ms (next.js: 25ms, application-code: 15ms)
 GET /w/acme-workspace-9/settings?tab=members 200 in 59ms (next.js: 16ms, application-code: 44ms)
 GET /api/health 200 in 9ms (next.js: 2ms, application-code: 7ms)
 GET /api/workspaces/6dc6b344-15b9-41f2-8361-a6be9cdf0674/members 200 in 44ms (next.js: 16ms, application-code: 29ms)
 GET /api/workspaces/6dc6b344-15b9-41f2-8361-a6be9cdf0674/invites 200 in 28ms (next.js: 15ms, application-code: 13ms)
 GET /api/workspaces/cbdfdd9f-de24-4f5a-9c51-e877c13ad91d/overview 200 in 51ms (next.js: 16ms, application-code: 35ms)
 GET /w/acme-workspace-9/settings?tab=keys 200 in 66ms (next.js: 17ms, application-code: 49ms)
 GET /api/health 200 in 8ms (next.js: 2ms, application-code: 6ms)
 GET /api/workspaces/6dc6b344-15b9-41f2-8361-a6be9cdf0674/api-keys 200 in 29ms (next.js: 18ms, application-code: 11ms)
 GET /w/acme-workspace-9/settings?tab=plan 200 in 70ms (next.js: 19ms, application-code: 52ms)
 GET /api/health 200 in 8ms (next.js: 3ms, application-code: 6ms)
 GET /api/workspaces/6dc6b344-15b9-41f2-8361-a6be9cdf0674/billing 200 in 50ms (next.js: 18ms, application-code: 32ms)
 GET /w/acme-workspace-9/settings?tab=audit 200 in 64ms (next.js: 15ms, application-code: 49ms)
 GET /api/health 200 in 9ms (next.js: 2ms, application-code: 6ms)
 GET /api/workspaces/6dc6b344-15b9-41f2-8361-a6be9cdf0674/audit 200 in 31ms (next.js: 17ms, application-code: 14ms)
 GET /w/acme-workspace-9/settings?tab=sso 200 in 61ms (next.js: 16ms, application-code: 45ms)
 GET /api/health 200 in 8ms (next.js: 3ms, application-code: 6ms)
 GET /api/workspaces/6dc6b344-15b9-41f2-8361-a6be9cdf0674/sso 200 in 32ms (next.js: 17ms, application-code: 15ms)
 GET /api/health 200 in 6ms (next.js: 2ms, application-code: 4ms)
 GET /w/acme-workspace-9/knowledge 200 in 64ms (next.js: 18ms, application-code: 46ms)
 GET /api/health 200 in 8ms (next.js: 3ms, application-code: 6ms)
 GET /api/workspaces/6dc6b344-15b9-41f2-8361-a6be9cdf0674/knowledge 200 in 37ms (next.js: 15ms, application-code: 22ms)
 GET /w/acme-workspace-9/agents/0f924754-592a-4e66-b8cd-afaa1a1e5045 200 in 66ms (next.js: 19ms, application-code: 47ms)
 GET /api/health 200 in 8ms (next.js: 3ms, application-code: 5ms)
 GET /api/agents/0f924754-592a-4e66-b8cd-afaa1a1e5045 200 in 43ms (next.js: 17ms, application-code: 26ms)
 GET /api/agents/0f924754-592a-4e66-b8cd-afaa1a1e5045/runs 200 in 36ms (next.js: 17ms, application-code: 18ms)
 POST /api/agents/0f924754-592a-4e66-b8cd-afaa1a1e5045/runs 202 in 44ms (next.js: 3ms, application-code: 41ms)
2026-09-29T02:08:59.207Z [worker] agent run 1ce1816b-129f-498a-8849-85ea24ac84e7 claimed
 GET /api/agent-runs/1ce1816b-129f-498a-8849-85ea24ac84e7 200 in 50ms (next.js: 18ms, application-code: 32ms)
2026-09-29T02:08:59.304Z [worker] agent run 1ce1816b-129f-498a-8849-85ea24ac84e7 succeeded
 GET /api/agent-runs/1ce1816b-129f-498a-8849-85ea24ac84e7 200 in 42ms (next.js: 16ms, application-code: 26ms)
 GET /w/acme-workspace-9/settings?tab=members 200 in 61ms (next.js: 16ms, application-code: 45ms)
 GET /api/health 200 in 9ms (next.js: 3ms, application-code: 7ms)
 GET /api/workspaces/6dc6b344-15b9-41f2-8361-a6be9cdf0674/members 200 in 45ms (next.js: 17ms, application-code: 27ms)
 GET /api/workspaces/6dc6b344-15b9-41f2-8361-a6be9cdf0674/invites 200 in 45ms (next.js: 33ms, application-code: 12ms)
 GET /w/acme-workspace-9/settings?tab=keys 200 in 63ms (next.js: 16ms, application-code: 47ms)
 GET /api/health 200 in 7ms (next.js: 2ms, application-code: 5ms)
 GET /api/workspaces/6dc6b344-15b9-41f2-8361-a6be9cdf0674/api-keys 200 in 32ms (next.js: 16ms, application-code: 16ms)
 GET /w/acme-workspace-9/settings?tab=plan 200 in 79ms (next.js: 15ms, application-code: 64ms)
 GET /api/workspaces/cbdfdd9f-de24-4f5a-9c51-e877c13ad91d/overview 200 in 47ms (next.js: 18ms, application-code: 29ms)
 GET /api/health 200 in 8ms (next.js: 3ms, application-code: 5ms)
 GET /api/workspaces/6dc6b344-15b9-41f2-8361-a6be9cdf0674/billing 200 in 41ms (next.js: 17ms, application-code: 24ms)
 GET /w/acme-workspace-9/settings?tab=audit 200 in 68ms (next.js: 17ms, application-code: 51ms)
 GET /api/health 200 in 7ms (next.js: 2ms, application-code: 5ms)
 GET /api/workspaces/6dc6b344-15b9-41f2-8361-a6be9cdf0674/audit 200 in 26ms (next.js: 14ms, application-code: 12ms)
 GET /w/acme-workspace-9/settings?tab=sso 200 in 60ms (next.js: 14ms, application-code: 46ms)
 GET /api/health 200 in 8ms (next.js: 3ms, application-code: 6ms)
 GET /api/workspaces/6dc6b344-15b9-41f2-8361-a6be9cdf0674/sso 200 in 32ms (next.js: 15ms, application-code: 17ms)
 GET /w/acme-workspace-9/knowledge 200 in 63ms (next.js: 16ms, application-code: 47ms)
 GET /api/health 200 in 8ms (next.js: 3ms, application-code: 5ms)
 GET /api/workspaces/6dc6b344-15b9-41f2-8361-a6be9cdf0674/knowledge 200 in 28ms (next.js: 16ms, application-code: 12ms)
 GET /w/acme-workspace-9/agents/0f924754-592a-4e66-b8cd-afaa1a1e5045 200 in 62ms (next.js: 15ms, application-code: 46ms)
 GET /api/health 200 in 8ms (next.js: 2ms, application-code: 5ms)
 GET /api/agents/0f924754-592a-4e66-b8cd-afaa1a1e5045 200 in 33ms (next.js: 16ms, application-code: 16ms)
 GET /api/agents/0f924754-592a-4e66-b8cd-afaa1a1e5045/runs 200 in 45ms (next.js: 17ms, application-code: 28ms)
 POST /api/agents/0f924754-592a-4e66-b8cd-afaa1a1e5045/runs 202 in 43ms (next.js: 3ms, application-code: 40ms)
2026-09-29T02:09:07.604Z [worker] agent run 1ace5342-e69d-448b-9783-a71096f49e99 claimed
 GET /api/agent-runs/1ace5342-e69d-448b-9783-a71096f49e99 200 in 49ms (next.js: 19ms, application-code: 30ms)
2026-09-29T02:09:07.698Z [worker] agent run 1ace5342-e69d-448b-9783-a71096f49e99 succeeded
 GET /api/agent-runs/1ace5342-e69d-448b-9783-a71096f49e99 200 in 39ms (next.js: 15ms, application-code: 23ms)
 GET /w/acme-workspace-9/settings?tab=members 200 in 58ms (next.js: 16ms, application-code: 42ms)
 GET /api/health 200 in 7ms (next.js: 2ms, application-code: 5ms)
 GET /api/workspaces/6dc6b344-15b9-41f2-8361-a6be9cdf0674/members 200 in 44ms (next.js: 15ms, application-code: 29ms)
 GET /api/workspaces/6dc6b344-15b9-41f2-8361-a6be9cdf0674/invites 200 in 28ms (next.js: 16ms, application-code: 12ms)
 GET /w/acme-workspace-9/settings?tab=keys 200 in 57ms (next.js: 15ms, application-code: 42ms)
 GET /api/health 200 in 8ms (next.js: 2ms, application-code: 5ms)
 GET /api/workspaces/6dc6b344-15b9-41f2-8361-a6be9cdf0674/api-keys 200 in 28ms (next.js: 16ms, application-code: 12ms)
 GET /w/acme-workspace-9/settings?tab=plan 200 in 71ms (next.js: 15ms, application-code: 56ms)
 GET /api/health 200 in 9ms (next.js: 3ms, application-code: 6ms)
 GET /api/workspaces/6dc6b344-15b9-41f2-8361-a6be9cdf0674/billing 200 in 47ms (next.js: 16ms, application-code: 31ms)
 GET /w/acme-workspace-9/settings?tab=audit 200 in 61ms (next.js: 18ms, application-code: 43ms)
 GET /api/health 200 in 7ms (next.js: 2ms, application-code: 5ms)
 GET /api/health 200 in 8ms (next.js: 3ms, application-code: 5ms)
 GET /api/workspaces/6dc6b344-15b9-41f2-8361-a6be9cdf0674/audit 200 in 41ms (next.js: 15ms, application-code: 26ms)
 GET /api/workspaces/cbdfdd9f-de24-4f5a-9c51-e877c13ad91d/usage 200 in 25ms (next.js: 13ms, application-code: 12ms)
 GET /api/workspaces/cbdfdd9f-de24-4f5a-9c51-e877c13ad91d/overview 200 in 43ms (next.js: 14ms, application-code: 29ms)
 GET /w/acme-workspace-9/settings?tab=sso 200 in 63ms (next.js: 17ms, application-code: 46ms)
 GET /api/health 200 in 8ms (next.js: 2ms, application-code: 6ms)
 GET /api/workspaces/6dc6b344-15b9-41f2-8361-a6be9cdf0674/sso 200 in 36ms (next.js: 14ms, application-code: 21ms)
 GET /w/acme-workspace-9/flows/77584e77-a3c5-4dce-8f7a-032f2c6e3c6d 200 in 61ms (next.js: 15ms, application-code: 46ms)
 GET /api/health 200 in 8ms (next.js: 2ms, application-code: 5ms)
 GET /api/flows/77584e77-a3c5-4dce-8f7a-032f2c6e3c6d 200 in 29ms (next.js: 17ms, application-code: 13ms)
 GET /api/flows/77584e77-a3c5-4dce-8f7a-032f2c6e3c6d/publish 200 in 53ms (next.js: 17ms, application-code: 36ms)
 GET /api/flows/77584e77-a3c5-4dce-8f7a-032f2c6e3c6d/runs 200 in 32ms (next.js: 17ms, application-code: 15ms)
 POST /api/flows/77584e77-a3c5-4dce-8f7a-032f2c6e3c6d/copilot 201 in 140ms (next.js: 19ms, application-code: 121ms)
 POST /api/auth/sign-up/email 200 in 93ms (next.js: 16ms, application-code: 77ms)
 GET /api/test/outbox?email=e2e-27cf1277%40flowline-e2e.test 200 in 6ms (next.js: 1.9ms, application-code: 4ms)
 POST /api/email 200 in 19ms (next.js: 1.9ms, application-code: 17ms)
 POST /api/auth/sign-in/email 200 in 68ms (next.js: 2ms, application-code: 66ms)
 POST /api/workspaces 201 in 32ms (next.js: 2ms, application-code: 30ms)
 POST /api/onboarding 200 in 11ms (next.js: 2ms, application-code: 9ms)
 POST /api/workspaces/7f5561fa-5e6d-4b28-ab9e-bcae297c8ab2/flows 201 in 36ms (next.js: 14ms, application-code: 22ms)
 POST /api/auth/sign-up/email 200 in 77ms (next.js: 2ms, application-code: 75ms)
 GET /api/test/outbox?email=e2e-70838b44%40flowline-e2e.test 200 in 6ms (next.js: 2ms, application-code: 4ms)
 POST /api/email 200 in 18ms (next.js: 2ms, application-code: 16ms)
 POST /api/auth/sign-in/email 200 in 73ms (next.js: 1.9ms, application-code: 71ms)
 POST /api/workspaces 201 in 33ms (next.js: 3ms, application-code: 30ms)
 POST /api/onboarding 200 in 20ms (next.js: 1.9ms, application-code: 18ms)
 POST /api/workspaces/b2009874-5550-4333-a5c6-9b8f4a54c5d7/flows 201 in 29ms (next.js: 3ms, application-code: 26ms)
 POST /api/flows/3430a722-5e9d-4c0d-a6b6-ac772586b5aa/runs 202 in 68ms (next.js: 16ms, application-code: 52ms)
2026-09-29T02:09:16.853Z [worker] run 1b37112a-216c-41c9-ba08-fb162d796e24 claimed
 GET /api/runs/1b37112a-216c-41c9-ba08-fb162d796e24 200 in 36ms (next.js: 16ms, application-code: 20ms)
2026-09-29T02:09:16.903Z [worker] run 1b37112a-216c-41c9-ba08-fb162d796e24 done
 GET /api/runs/1b37112a-216c-41c9-ba08-fb162d796e24 200 in 25ms (next.js: 3ms, application-code: 23ms)
 GET /w/tenant-b-6/flows 200 in 68ms (next.js: 19ms, application-code: 49ms)
 GET /api/health 200 in 9ms (next.js: 3ms, application-code: 6ms)
 GET /api/workspaces/b2009874-5550-4333-a5c6-9b8f4a54c5d7/usage 200 in 75ms (next.js: 38ms, application-code: 36ms)
 GET /api/workspaces/b2009874-5550-4333-a5c6-9b8f4a54c5d7/overview 200 in 84ms (next.js: 19ms, application-code: 65ms)
 GET /api/workspaces/b2009874-5550-4333-a5c6-9b8f4a54c5d7/flows 200 in 99ms (next.js: 56ms, application-code: 43ms)
 GET /w/tenant-b-6/runs 200 in 68ms (next.js: 18ms, application-code: 50ms)
 GET /api/health 200 in 15ms (next.js: 2ms, application-code: 13ms)
 GET /api/workspaces/b2009874-5550-4333-a5c6-9b8f4a54c5d7/runs?limit=25 200 in 33ms (next.js: 14ms, application-code: 19ms)
 GET /w/tenant-a-6/flows 404 in 69ms (next.js: 16ms, application-code: 53ms)
 GET /w/tenant-b-6/flows/3430a722-5e9d-4c0d-a6b6-ac772586b5aa 200 in 71ms (next.js: 18ms, application-code: 52ms)
 GET /api/health 200 in 9ms (next.js: 2ms, application-code: 6ms)
 GET /api/flows/3430a722-5e9d-4c0d-a6b6-ac772586b5aa 404 in 47ms (next.js: 17ms, application-code: 30ms)
 GET /api/flows/3430a722-5e9d-4c0d-a6b6-ac772586b5aa 404 in 21ms (next.js: 3ms, application-code: 18ms)
 GET /api/runs/1b37112a-216c-41c9-ba08-fb162d796e24 404 in 35ms (next.js: 19ms, application-code: 16ms)
 GET /api/workspaces/7f5561fa-5e6d-4b28-ab9e-bcae297c8ab2/runs 404 in 15ms (next.js: 4ms, application-code: 11ms)
 GET /api/workspaces/7f5561fa-5e6d-4b28-ab9e-bcae297c8ab2/flows 404 in 44ms (next.js: 18ms, application-code: 26ms)
 GET /api/flows/3430a722-5e9d-4c0d-a6b6-ac772586b5aa/versions 404 in 44ms (next.js: 19ms, application-code: 25ms)
 PUT /api/flows/3430a722-5e9d-4c0d-a6b6-ac772586b5aa 404 in 27ms (next.js: 3ms, application-code: 25ms)
 POST /api/flows/3430a722-5e9d-4c0d-a6b6-ac772586b5aa/runs 404 in 37ms (next.js: 17ms, application-code: 20ms)
 POST /api/runs/1b37112a-216c-41c9-ba08-fb162d796e24/rerun 404 in 42ms (next.js: 20ms, application-code: 22ms)
 GET /api/flows/3430a722-5e9d-4c0d-a6b6-ac772586b5aa 200 in 26ms (next.js: 3ms, application-code: 23ms)
 GET /api/me 401 in 14ms (next.js: 4ms, application-code: 10ms)
 GET /app 307 in 52ms (next.js: 7ms, application-code: 45ms)
 GET /sign-in 200 in 31ms (next.js: 3ms, application-code: 29ms)
 GET /api/auth-config 200 in 11ms (next.js: 3ms, application-code: 9ms)
 POST /api/auth/sign-up/email 200 in 102ms (next.js: 18ms, application-code: 84ms)
 GET /api/test/outbox?email=e2e-d1c174f2%40flowline-e2e.test 200 in 9ms (next.js: 3ms, application-code: 6ms)
 POST /api/email 200 in 24ms (next.js: 2ms, application-code: 21ms)
 POST /api/auth/sign-in/email 200 in 67ms (next.js: 2ms, application-code: 65ms)
 POST /api/workspaces 201 in 22ms (next.js: 2ms, application-code: 20ms)
 POST /api/onboarding 200 in 24ms (next.js: 1.8ms, application-code: 23ms)
 POST /api/workspaces/04d29c4e-4a1c-4ec6-b878-c70c410543a4/flows 201 in 32ms (next.js: 15ms, application-code: 18ms)
 GET /w/e2e-bfa604/flows/ceee0228-778c-4d53-8ff8-482a4c7e2052 200 in 61ms (next.js: 14ms, application-code: 47ms)
 GET /api/health 200 in 15ms (next.js: 7ms, application-code: 8ms)
 GET /w/e2e-bfa604/flows 200 in 107ms (next.js: 17ms, application-code: 90ms)
 GET /api/flows/ceee0228-778c-4d53-8ff8-482a4c7e2052 200 in 52ms (next.js: 16ms, application-code: 36ms)
 GET /api/health 200 in 9ms (next.js: 3ms, application-code: 6ms)
 GET /api/workspaces/04d29c4e-4a1c-4ec6-b878-c70c410543a4/flows 200 in 57ms (next.js: 41ms, application-code: 16ms)
 GET /api/workspaces/04d29c4e-4a1c-4ec6-b878-c70c410543a4/usage 200 in 58ms (next.js: 35ms, application-code: 23ms)
 GET /api/workspaces/04d29c4e-4a1c-4ec6-b878-c70c410543a4/overview 200 in 75ms (next.js: 17ms, application-code: 58ms)
 POST /api/auth/sign-out 200 in 44ms (next.js: 19ms, application-code: 25ms)
 GET /sign-in 200 in 36ms (next.js: 4ms, application-code: 32ms)
 GET /api/auth-config 200 in 9ms (next.js: 3ms, application-code: 7ms)
 GET /api/health?require=worker 200 in 6ms (next.js: 2.0ms, application-code: 4ms)
 GET /api/health?require=worker 200 in 5ms (next.js: 1.8ms, application-code: 3ms)
 POST /api/auth/sign-up/email 200 in 96ms (next.js: 15ms, application-code: 82ms)
 GET /api/test/outbox?email=e2e-1d7f69ef%40flowline-e2e.test 200 in 8ms (next.js: 3ms, application-code: 6ms)
 POST /api/email 200 in 20ms (next.js: 2.0ms, application-code: 18ms)
 POST /api/auth/sign-in/email 200 in 74ms (next.js: 3ms, application-code: 72ms)
 POST /api/workspaces 201 in 33ms (next.js: 2ms, application-code: 31ms)
 POST /api/onboarding 200 in 20ms (next.js: 3ms, application-code: 17ms)
 GET /w/e2e-8239e1/settings?tab=ai 200 in 72ms (next.js: 27ms, application-code: 46ms)
 GET /api/health 200 in 9ms (next.js: 3ms, application-code: 6ms)
 GET /api/workspaces/ebd39de2-1490-4748-a9f8-6a79a6c44506/ai 200 in 49ms (next.js: 23ms, application-code: 26ms)
 GET /api/workspaces/ebd39de2-1490-4748-a9f8-6a79a6c44506/ai/models 200 in 47ms (next.js: 21ms, application-code: 26ms)
 POST /api/workspaces/ebd39de2-1490-4748-a9f8-6a79a6c44506/ai/connections 201 in 67ms (next.js: 17ms, application-code: 49ms)
 GET /api/workspaces/ebd39de2-1490-4748-a9f8-6a79a6c44506/ai/models 200 in 57ms (next.js: 39ms, application-code: 19ms)
 GET /api/workspaces/ebd39de2-1490-4748-a9f8-6a79a6c44506/ai 200 in 59ms (next.js: 19ms, application-code: 40ms)
 PUT /api/workspaces/ebd39de2-1490-4748-a9f8-6a79a6c44506/ai/default-route 200 in 47ms (next.js: 19ms, application-code: 28ms)
 GET /api/workspaces/ebd39de2-1490-4748-a9f8-6a79a6c44506/ai 200 in 30ms (next.js: 3ms, application-code: 27ms)
 PATCH /api/workspaces/ebd39de2-1490-4748-a9f8-6a79a6c44506 200 in 39ms (next.js: 21ms, application-code: 19ms)
 POST /api/workspaces/ebd39de2-1490-4748-a9f8-6a79a6c44506/flows 201 in 41ms (next.js: 19ms, application-code: 22ms)
 PUT /api/flows/fa56eab9-a80a-4cd3-b7f8-89466da7a6ac 200 in 45ms (next.js: 17ms, application-code: 28ms)
 GET /w/e2e-8239e1/flows/fa56eab9-a80a-4cd3-b7f8-89466da7a6ac 200 in 79ms (next.js: 20ms, application-code: 59ms)
 GET /api/health 200 in 10ms (next.js: 4ms, application-code: 6ms)
 GET /api/flows/fa56eab9-a80a-4cd3-b7f8-89466da7a6ac 200 in 23ms (next.js: 4ms, application-code: 19ms)
 GET /api/flows/fa56eab9-a80a-4cd3-b7f8-89466da7a6ac/publish 200 in 64ms (next.js: 20ms, application-code: 45ms)
 GET /api/flows/fa56eab9-a80a-4cd3-b7f8-89466da7a6ac/runs 200 in 42ms (next.js: 22ms, application-code: 20ms)
 GET /api/workspaces/ebd39de2-1490-4748-a9f8-6a79a6c44506/ai 200 in 56ms (next.js: 21ms, application-code: 34ms)
 GET /api/workspaces/ebd39de2-1490-4748-a9f8-6a79a6c44506/ai/models 200 in 131ms (next.js: 26ms, application-code: 105ms)
 PUT /api/flows/fa56eab9-a80a-4cd3-b7f8-89466da7a6ac 200 in 36ms (next.js: 16ms, application-code: 20ms)
2026-09-29T02:09:38.007Z [worker] run 1493318b-a354-4afe-bc65-731cbb953432 claimed
 POST /api/flows/fa56eab9-a80a-4cd3-b7f8-89466da7a6ac/runs 202 in 61ms (next.js: 15ms, application-code: 46ms)
 GET /api/flows/fa56eab9-a80a-4cd3-b7f8-89466da7a6ac/runs 200 in 38ms (next.js: 2ms, application-code: 35ms)
 GET /api/runs/1493318b-a354-4afe-bc65-731cbb953432 200 in 42ms (next.js: 19ms, application-code: 24ms)
2026-09-29T02:09:38.100Z [worker] run 1493318b-a354-4afe-bc65-731cbb953432 done
 GET /w/e2e-8239e1/runs?run=1493318b-a354-4afe-bc65-731cbb953432 200 in 34ms (next.js: 19ms, application-code: 15ms)
 GET /api/workspaces/ebd39de2-1490-4748-a9f8-6a79a6c44506/runs?limit=25 200 in 33ms (next.js: 16ms, application-code: 17ms)
 GET /api/runs/1493318b-a354-4afe-bc65-731cbb953432 200 in 39ms (next.js: 15ms, application-code: 24ms)
 GET /w/e2e-8239e1/settings?tab=ai 200 in 61ms (next.js: 16ms, application-code: 44ms)
 GET /api/health 200 in 8ms (next.js: 2ms, application-code: 5ms)
 GET /api/workspaces/ebd39de2-1490-4748-a9f8-6a79a6c44506/ai 200 in 43ms (next.js: 17ms, application-code: 25ms)
 GET /api/workspaces/ebd39de2-1490-4748-a9f8-6a79a6c44506/ai/models 200 in 43ms (next.js: 17ms, application-code: 25ms)
 POST /api/auth/sign-out 200 in 37ms (next.js: 17ms, application-code: 19ms)
 GET /sign-in 200 in 36ms (next.js: 3ms, application-code: 33ms)
 POST /api/auth/sign-in/email 200 in 77ms (next.js: 2ms, application-code: 75ms)
 GET /api/auth-config 200 in 15ms (next.js: 7ms, application-code: 8ms)
 GET /w/e2e-8239e1/settings?tab=ai 200 in 79ms (next.js: 17ms, application-code: 62ms)
 GET /api/health 200 in 9ms (next.js: 3ms, application-code: 6ms)
 GET /api/workspaces/ebd39de2-1490-4748-a9f8-6a79a6c44506/ai 200 in 44ms (next.js: 20ms, application-code: 24ms)
 GET /api/workspaces/ebd39de2-1490-4748-a9f8-6a79a6c44506/ai/models 200 in 21ms (next.js: 3ms, application-code: 19ms)
 POST /api/auth/sign-up/email 200 in 103ms (next.js: 15ms, application-code: 88ms)
 GET /api/test/outbox?email=ai-other-5b5e75d7%40flowline-e2e.test 200 in 9ms (next.js: 3ms, application-code: 6ms)
 POST /api/email 200 in 28ms (next.js: 2ms, application-code: 25ms)
 POST /api/auth/sign-in/email 200 in 72ms (next.js: 3ms, application-code: 70ms)
 POST /api/workspaces 201 in 39ms (next.js: 2ms, application-code: 37ms)
 GET /api/workspaces/ebd39de2-1490-4748-a9f8-6a79a6c44506/ai/connections 404 in 40ms (next.js: 16ms, application-code: 24ms)
 GET /api/workspaces/ebd39de2-1490-4748-a9f8-6a79a6c44506/ai/models 404 in 29ms (next.js: 15ms, application-code: 14ms)
 GET /w/other-ai-9/settings?tab=ai 200 in 65ms (next.js: 17ms, application-code: 48ms)
 GET /api/health 200 in 9ms (next.js: 3ms, application-code: 5ms)
 GET /api/workspaces/f4dc8a66-4fc3-49ca-8e80-7dc318ded794/ai 200 in 39ms (next.js: 22ms, application-code: 17ms)
 GET /api/workspaces/f4dc8a66-4fc3-49ca-8e80-7dc318ded794/ai/models 200 in 19ms (next.js: 3ms, application-code: 16ms)
 POST /api/workspaces/ebd39de2-1490-4748-a9f8-6a79a6c44506/invites 201 in 40ms (next.js: 15ms, application-code: 25ms)
 POST /api/auth/sign-up/email 200 in 107ms (next.js: 17ms, application-code: 90ms)
 GET /api/test/outbox?email=ai-editor-352607e8%40flowline-e2e.test 200 in 8ms (next.js: 3ms, application-code: 5ms)
 POST /api/email 200 in 35ms (next.js: 3ms, application-code: 33ms)
 POST /api/auth/sign-in/email 200 in 72ms (next.js: 3ms, application-code: 69ms)
 POST /api/invites/vwTROVKK2MAXObMXDJPkoc8BLSEJMqLJsaKt-BiB7aM 200 in 42ms (next.js: 18ms, application-code: 25ms)
 GET /api/workspaces/ebd39de2-1490-4748-a9f8-6a79a6c44506/ai/models 200 in 40ms (next.js: 16ms, application-code: 24ms)
 GET /api/workspaces/ebd39de2-1490-4748-a9f8-6a79a6c44506/ai/connections 200 in 40ms (next.js: 18ms, application-code: 22ms)
 POST /api/workspaces/ebd39de2-1490-4748-a9f8-6a79a6c44506/ai/connections 403 in 23ms (next.js: 2ms, application-code: 20ms)
 GET /api/flows/fa56eab9-a80a-4cd3-b7f8-89466da7a6ac 200 in 43ms (next.js: 16ms, application-code: 27ms)
 PUT /api/flows/fa56eab9-a80a-4cd3-b7f8-89466da7a6ac 403 in 34ms (next.js: 3ms, application-code: 31ms)
 GET /w/e2e-8239e1/flows/fa56eab9-a80a-4cd3-b7f8-89466da7a6ac 200 in 74ms (next.js: 18ms, application-code: 55ms)
 GET /api/health 200 in 8ms (next.js: 3ms, application-code: 5ms)
 GET /api/flows/fa56eab9-a80a-4cd3-b7f8-89466da7a6ac 200 in 16ms (next.js: 3ms, application-code: 12ms)
 GET /api/flows/fa56eab9-a80a-4cd3-b7f8-89466da7a6ac/publish 200 in 61ms (next.js: 20ms, application-code: 41ms)
 GET /api/flows/fa56eab9-a80a-4cd3-b7f8-89466da7a6ac/runs 200 in 36ms (next.js: 20ms, application-code: 16ms)
 GET /api/runs/1493318b-a354-4afe-bc65-731cbb953432 200 in 69ms (next.js: 17ms, application-code: 51ms)
 GET /api/workspaces/ebd39de2-1490-4748-a9f8-6a79a6c44506/ai 200 in 50ms (next.js: 18ms, application-code: 31ms)
 GET /api/workspaces/ebd39de2-1490-4748-a9f8-6a79a6c44506/ai/models 200 in 43ms (next.js: 19ms, application-code: 24ms)
 GET / 200 in 58ms (next.js: 3ms, application-code: 55ms)
 GET /sign-up 200 in 20ms (next.js: 4ms, application-code: 17ms)
 GET /api/auth-config 200 in 9ms (next.js: 3ms, application-code: 6ms)
 POST /api/auth/sign-up/email 200 in 95ms (next.js: 16ms, application-code: 79ms)
 GET /api/test/outbox?email=arabic-ebe0059e%40flowline-e2e.test 200 in 7ms (next.js: 2ms, application-code: 5ms)
 GET /verify-email?token=auSdnff7--1eXTW5pGi1EsJPVJOasXKFDMUJ5_8YL2g&callbackURL=%2Fsign-in 200 in 26ms (next.js: 5ms, application-code: 21ms)
 POST /api/email 200 in 22ms (next.js: 2ms, application-code: 20ms)
 GET /sign-in 200 in 18ms (next.js: 3ms, application-code: 14ms)
 GET /api/auth-config 200 in 9ms (next.js: 3ms, application-code: 6ms)
 POST /api/auth/sign-in/email 200 in 82ms (next.js: 16ms, application-code: 66ms)
 GET /app 200 in 28ms (next.js: 4ms, application-code: 24ms)
 GET /app 200 in 31ms (next.js: 3ms, application-code: 28ms)
 GET /onboarding 200 in 28ms (next.js: 3ms, application-code: 25ms)
 GET /onboarding 200 in 29ms (next.js: 3ms, application-code: 25ms)
 POST /api/workspaces 201 in 43ms (next.js: 3ms, application-code: 40ms)
 POST /api/workspaces/18a37bf1-daaa-4c25-a454-26fc00ef0771/flows 201 in 39ms (next.js: 17ms, application-code: 22ms)
 POST /api/onboarding 200 in 27ms (next.js: 3ms, application-code: 24ms)
 GET /w/arabic-co-8/flows/1a202265-bc5c-4ce8-b43c-846c1b8bbbbe 200 in 50ms (next.js: 18ms, application-code: 32ms)
 GET /api/health 200 in 10ms (next.js: 4ms, application-code: 6ms)
 GET /api/flows/1a202265-bc5c-4ce8-b43c-846c1b8bbbbe 200 in 50ms (next.js: 21ms, application-code: 29ms)
 GET /api/flows/1a202265-bc5c-4ce8-b43c-846c1b8bbbbe/publish 200 in 56ms (next.js: 18ms, application-code: 38ms)
 GET /api/flows/1a202265-bc5c-4ce8-b43c-846c1b8bbbbe/runs 200 in 34ms (next.js: 18ms, application-code: 16ms)
 GET /w/arabic-co-8/flows 200 in 69ms (next.js: 17ms, application-code: 51ms)
 GET /api/health 200 in 9ms (next.js: 3ms, application-code: 6ms)
 GET /api/workspaces/18a37bf1-daaa-4c25-a454-26fc00ef0771/flows 200 in 82ms (next.js: 20ms, application-code: 62ms)
 GET /api/workspaces/18a37bf1-daaa-4c25-a454-26fc00ef0771/usage 200 in 86ms (next.js: 62ms, application-code: 24ms)
 GET /api/workspaces/18a37bf1-daaa-4c25-a454-26fc00ef0771/overview 200 in 95ms (next.js: 41ms, application-code: 54ms)
 GET /w/arabic-co-8/flows 200 in 39ms (next.js: 4ms, application-code: 35ms)
 GET /w/arabic-co-8/flows 200 in 55ms (next.js: 15ms, application-code: 40ms)
 POST /api/auth/sign-out 200 in 37ms (next.js: 18ms, application-code: 19ms)
 GET /sign-in 200 in 38ms (next.js: 3ms, application-code: 35ms)
 GET /sign-in 200 in 42ms (next.js: 4ms, application-code: 37ms)
 GET /api/auth-config 200 in 9ms (next.js: 2ms, application-code: 6ms)
 POST /api/auth/sign-in/email 200 in 73ms (next.js: 2ms, application-code: 71ms)
 GET /app 200 in 30ms (next.js: 3ms, application-code: 26ms)
 GET /app 200 in 30ms (next.js: 3ms, application-code: 27ms)
 GET /w/arabic-co-8/flows 200 in 47ms (next.js: 17ms, application-code: 30ms)
 GET /w/arabic-co-8/flows 200 in 39ms (next.js: 5ms, application-code: 34ms)
 GET /api/health 200 in 10ms (next.js: 3ms, application-code: 6ms)
 GET /api/workspaces/18a37bf1-daaa-4c25-a454-26fc00ef0771/usage 200 in 58ms (next.js: 17ms, application-code: 41ms)
 GET /api/workspaces/18a37bf1-daaa-4c25-a454-26fc00ef0771/overview 200 in 82ms (next.js: 20ms, application-code: 62ms)
 GET /api/workspaces/18a37bf1-daaa-4c25-a454-26fc00ef0771/flows 200 in 58ms (next.js: 37ms, application-code: 21ms)
 GET /sign-in 200 in 33ms (next.js: 3ms, application-code: 31ms)
 GET /api/auth-config 200 in 10ms (next.js: 3ms, application-code: 7ms)
 GET /sign-in 200 in 22ms (next.js: 3ms, application-code: 18ms)
 GET /sign-up 200 in 33ms (next.js: 3ms, application-code: 30ms)
 GET /api/auth-config 200 in 9ms (next.js: 3ms, application-code: 6ms)
 GET /sign-up 200 in 21ms (next.js: 3ms, application-code: 18ms)
 GET /sign-in 200 in 33ms (next.js: 3ms, application-code: 30ms)
 GET /api/auth-config 200 in 8ms (next.js: 3ms, application-code: 6ms)
 POST /api/auth/sign-up/email 200 in 93ms (next.js: 15ms, application-code: 78ms)
 GET /api/test/outbox?email=arabic-rtl-bde00f87%40flowline-e2e.test 200 in 7ms (next.js: 2ms, application-code: 5ms)
 POST /api/email 200 in 21ms (next.js: 3ms, application-code: 18ms)
 POST /api/auth/sign-in/email 200 in 69ms (next.js: 1.9ms, application-code: 67ms)
 POST /api/workspaces 201 in 28ms (next.js: 3ms, application-code: 25ms)
 POST /api/onboarding 200 in 19ms (next.js: 3ms, application-code: 16ms)
 POST /api/workspaces/da2c9ccf-70d9-4c76-b7d3-a8d857b45a59/flows 201 in 28ms (next.js: 14ms, application-code: 14ms)
 GET / 200 in 59ms (next.js: 3ms, application-code: 56ms)
 GET /sign-in 200 in 34ms (next.js: 3ms, application-code: 31ms)
 GET /api/auth-config 200 in 8ms (next.js: 2ms, application-code: 6ms)
 GET /w/rtl-scroll-8/flows 200 in 69ms (next.js: 18ms, application-code: 52ms)
 GET /api/health 200 in 11ms (next.js: 4ms, application-code: 7ms)
 GET /api/workspaces/da2c9ccf-70d9-4c76-b7d3-a8d857b45a59/overview 200 in 69ms (next.js: 38ms, application-code: 31ms)
 GET /api/workspaces/da2c9ccf-70d9-4c76-b7d3-a8d857b45a59/flows 200 in 69ms (next.js: 63ms, application-code: 6ms)
 GET /api/workspaces/da2c9ccf-70d9-4c76-b7d3-a8d857b45a59/usage 200 in 69ms (next.js: 19ms, application-code: 50ms)
 GET /w/rtl-scroll-8/flows/684a46b4-c2c0-49e8-94ed-a376a4f84a78 200 in 87ms (next.js: 21ms, application-code: 66ms)
 GET /api/health 200 in 8ms (next.js: 3ms, application-code: 5ms)
 GET /api/flows/684a46b4-c2c0-49e8-94ed-a376a4f84a78 200 in 36ms (next.js: 18ms, application-code: 17ms)
 GET /api/flows/684a46b4-c2c0-49e8-94ed-a376a4f84a78/publish 200 in 58ms (next.js: 18ms, application-code: 40ms)
 GET /api/flows/684a46b4-c2c0-49e8-94ed-a376a4f84a78/runs 200 in 37ms (next.js: 19ms, application-code: 18ms)
 GET /w/rtl-scroll-8/runs 200 in 75ms (next.js: 19ms, application-code: 55ms)
 GET /api/health 200 in 9ms (next.js: 3ms, application-code: 6ms)
 GET /api/workspaces/da2c9ccf-70d9-4c76-b7d3-a8d857b45a59/runs?limit=25 200 in 20ms (next.js: 17ms, application-code: 3ms)
 GET /w/rtl-scroll-8/settings 200 in 73ms (next.js: 18ms, application-code: 55ms)
 GET /api/health 200 in 10ms (next.js: 2ms, application-code: 8ms)
 GET /api/workspaces/da2c9ccf-70d9-4c76-b7d3-a8d857b45a59/members 200 in 57ms (next.js: 40ms, application-code: 16ms)
 GET /api/workspaces/da2c9ccf-70d9-4c76-b7d3-a8d857b45a59/invites 200 in 59ms (next.js: 20ms, application-code: 39ms)
 GET / 200 in 60ms (next.js: 4ms, application-code: 56ms)
 GET /sign-in 200 in 31ms (next.js: 3ms, application-code: 28ms)
 GET /api/auth-config 200 in 10ms (next.js: 3ms, application-code: 7ms)
 GET /w/rtl-scroll-8/flows 200 in 70ms (next.js: 17ms, application-code: 53ms)
 GET /api/health 200 in 10ms (next.js: 4ms, application-code: 6ms)
 GET /api/workspaces/da2c9ccf-70d9-4c76-b7d3-a8d857b45a59/usage 200 in 41ms (next.js: 38ms, application-code: 3ms)
 GET /api/workspaces/da2c9ccf-70d9-4c76-b7d3-a8d857b45a59/overview 200 in 62ms (next.js: 18ms, application-code: 44ms)
 GET /api/workspaces/da2c9ccf-70d9-4c76-b7d3-a8d857b45a59/flows 200 in 42ms (next.js: 19ms, application-code: 22ms)
 GET /w/rtl-scroll-8/flows/684a46b4-c2c0-49e8-94ed-a376a4f84a78 200 in 85ms (next.js: 23ms, application-code: 61ms)
 GET /api/health 200 in 8ms (next.js: 3ms, application-code: 5ms)
 GET /api/flows/684a46b4-c2c0-49e8-94ed-a376a4f84a78 200 in 35ms (next.js: 17ms, application-code: 18ms)
 GET /api/flows/684a46b4-c2c0-49e8-94ed-a376a4f84a78/publish 200 in 57ms (next.js: 19ms, application-code: 38ms)
 GET /api/flows/684a46b4-c2c0-49e8-94ed-a376a4f84a78/runs 200 in 32ms (next.js: 17ms, application-code: 15ms)
 GET /w/rtl-scroll-8/runs 200 in 66ms (next.js: 17ms, application-code: 49ms)
 GET /api/health 200 in 9ms (next.js: 3ms, application-code: 6ms)
 GET /api/workspaces/da2c9ccf-70d9-4c76-b7d3-a8d857b45a59/runs?limit=25 200 in 29ms (next.js: 22ms, application-code: 7ms)
 GET /w/rtl-scroll-8/settings 200 in 83ms (next.js: 24ms, application-code: 59ms)
 GET /api/health 200 in 9ms (next.js: 3ms, application-code: 6ms)
 GET /api/workspaces/da2c9ccf-70d9-4c76-b7d3-a8d857b45a59/members 200 in 55ms (next.js: 19ms, application-code: 36ms)
 GET /api/workspaces/da2c9ccf-70d9-4c76-b7d3-a8d857b45a59/invites 200 in 56ms (next.js: 42ms, application-code: 14ms)
 GET / 200 in 63ms (next.js: 4ms, application-code: 59ms)
 GET /sign-in 200 in 35ms (next.js: 3ms, application-code: 31ms)
 GET /api/auth-config 200 in 9ms (next.js: 2ms, application-code: 7ms)
 GET /w/rtl-scroll-8/flows 200 in 68ms (next.js: 18ms, application-code: 50ms)
 GET /api/health 200 in 10ms (next.js: 4ms, application-code: 6ms)
 GET /api/workspaces/da2c9ccf-70d9-4c76-b7d3-a8d857b45a59/usage 200 in 40ms (next.js: 36ms, application-code: 4ms)
 GET /api/workspaces/da2c9ccf-70d9-4c76-b7d3-a8d857b45a59/overview 200 in 40ms (next.js: 19ms, application-code: 22ms)
 GET /w/rtl-scroll-8/flows/684a46b4-c2c0-49e8-94ed-a376a4f84a78 200 in 98ms (next.js: 22ms, application-code: 76ms)
 GET /api/health 200 in 7ms (next.js: 3ms, application-code: 5ms)
 GET /api/flows/684a46b4-c2c0-49e8-94ed-a376a4f84a78 200 in 31ms (next.js: 18ms, application-code: 13ms)
 GET /api/flows/684a46b4-c2c0-49e8-94ed-a376a4f84a78/publish 200 in 54ms (next.js: 17ms, application-code: 36ms)
 GET /api/flows/684a46b4-c2c0-49e8-94ed-a376a4f84a78/runs 200 in 34ms (next.js: 20ms, application-code: 14ms)
 GET /w/rtl-scroll-8/runs 200 in 78ms (next.js: 19ms, application-code: 59ms)
 GET /api/health 200 in 13ms (next.js: 5ms, application-code: 8ms)
 GET /api/workspaces/da2c9ccf-70d9-4c76-b7d3-a8d857b45a59/runs?limit=25 200 in 25ms (next.js: 21ms, application-code: 4ms)
 GET /w/rtl-scroll-8/settings 200 in 83ms (next.js: 18ms, application-code: 65ms)
 GET /api/health 200 in 9ms (next.js: 3ms, application-code: 7ms)
 GET /api/workspaces/da2c9ccf-70d9-4c76-b7d3-a8d857b45a59/members 200 in 53ms (next.js: 18ms, application-code: 35ms)
 GET /api/workspaces/da2c9ccf-70d9-4c76-b7d3-a8d857b45a59/invites 200 in 34ms (next.js: 21ms, application-code: 13ms)
 POST /api/auth/sign-up/email 200 in 103ms (next.js: 17ms, application-code: 86ms)
 GET /api/test/outbox?email=e2e-9b81b1d1%40flowline-e2e.test 200 in 8ms (next.js: 3ms, application-code: 5ms)
 POST /api/email 200 in 22ms (next.js: 2ms, application-code: 19ms)
 POST /api/auth/sign-in/email 200 in 70ms (next.js: 3ms, application-code: 67ms)
 POST /api/workspaces 201 in 23ms (next.js: 2.0ms, application-code: 21ms)
 POST /api/onboarding 200 in 23ms (next.js: 2ms, application-code: 21ms)
 POST /api/workspaces/fcf33b72-cc05-411d-a418-fe133066788c/flows 201 in 29ms (next.js: 15ms, application-code: 14ms)
 GET /w/e2e-0988a2/templates 200 in 80ms (next.js: 18ms, application-code: 61ms)
 GET /api/health 200 in 9ms (next.js: 3ms, application-code: 6ms)
 GET /api/workspaces/fcf33b72-cc05-411d-a418-fe133066788c/connections 200 in 53ms (next.js: 38ms, application-code: 15ms)
 GET /api/workspaces/fcf33b72-cc05-411d-a418-fe133066788c/ai 200 in 59ms (next.js: 18ms, application-code: 41ms)
 GET /w/e2e-0988a2/flows/07b4656d-3f43-43e0-b8ad-d8aabc77a140 200 in 83ms (next.js: 17ms, application-code: 66ms)
 GET /api/health 200 in 8ms (next.js: 3ms, application-code: 5ms)
 GET /api/flows/07b4656d-3f43-43e0-b8ad-d8aabc77a140 200 in 45ms (next.js: 18ms, application-code: 27ms)
 GET /api/flows/07b4656d-3f43-43e0-b8ad-d8aabc77a140/publish 200 in 58ms (next.js: 19ms, application-code: 39ms)
 GET /api/flows/07b4656d-3f43-43e0-b8ad-d8aabc77a140/runs 200 in 36ms (next.js: 18ms, application-code: 18ms)
 GET /api/workspaces/fcf33b72-cc05-411d-a418-fe133066788c/ai 200 in 39ms (next.js: 3ms, application-code: 36ms)
 GET /api/integrations/catalog 200 in 171ms (next.js: 2ms, application-code: 169ms)
2026-09-29T02:10:01.738Z [worker] run 36a6ad2a-e29c-409a-a686-cc0dac622829 claimed
 POST /api/flows/07b4656d-3f43-43e0-b8ad-d8aabc77a140/runs 202 in 62ms (next.js: 2ms, application-code: 59ms)
 GET /api/flows/07b4656d-3f43-43e0-b8ad-d8aabc77a140/runs 200 in 36ms (next.js: 3ms, application-code: 34ms)
2026-09-29T02:10:01.797Z [worker] run 36a6ad2a-e29c-409a-a686-cc0dac622829 done
 GET /api/runs/36a6ad2a-e29c-409a-a686-cc0dac622829 200 in 40ms (next.js: 17ms, application-code: 22ms)
 GET /w/e2e-0988a2/runs?run=36a6ad2a-e29c-409a-a686-cc0dac622829 200 in 32ms (next.js: 17ms, application-code: 15ms)
 GET /api/workspaces/fcf33b72-cc05-411d-a418-fe133066788c/runs?limit=25 200 in 33ms (next.js: 18ms, application-code: 15ms)
 GET /api/runs/36a6ad2a-e29c-409a-a686-cc0dac622829/rerun-preview?fromNodeId=hot&revision=original 200 in 45ms (next.js: 19ms, application-code: 26ms)
 POST /api/auth/sign-up/email 200 in 101ms (next.js: 16ms, application-code: 85ms)
 GET /api/test/outbox?email=e2e-9785ed21%40flowline-e2e.test 200 in 8ms (next.js: 3ms, application-code: 5ms)
 POST /api/email 200 in 24ms (next.js: 2ms, application-code: 22ms)
 POST /api/auth/sign-in/email 200 in 71ms (next.js: 2ms, application-code: 69ms)
 POST /api/workspaces 201 in 23ms (next.js: 3ms, application-code: 20ms)
 POST /api/onboarding 200 in 23ms (next.js: 2ms, application-code: 21ms)
 GET /w/e2e-4cf7fa/settings?tab=general 200 in 95ms (next.js: 22ms, application-code: 73ms)
 GET /api/health 200 in 7ms (next.js: 3ms, application-code: 5ms)
 GET /resend-verification 200 in 17ms (next.js: 5ms, application-code: 12ms)
 GET /w/e2e-4cf7fa/flows 200 in 62ms (next.js: 16ms, application-code: 45ms)
 GET /api/health 200 in 9ms (next.js: 3ms, application-code: 6ms)
 GET /api/workspaces/c85d062b-e186-46df-984b-0c670a2e56c7/usage 200 in 75ms (next.js: 19ms, application-code: 56ms)
 GET /api/workspaces/c85d062b-e186-46df-984b-0c670a2e56c7/flows 200 in 75ms (next.js: 55ms, application-code: 20ms)
 GET /account/delete 200 in 24ms (next.js: 8ms, application-code: 16ms)
 GET /api/workspaces/c85d062b-e186-46df-984b-0c670a2e56c7/overview 200 in 103ms (next.js: 36ms, application-code: 66ms)
 POST /api/email 200 in 23ms (next.js: 2ms, application-code: 20ms)
 GET /api/test/outbox?email=e2e-9785ed21%40flowline-e2e.test 200 in 7ms (next.js: 1.9ms, application-code: 5ms)
 GET /account/delete?token=axahxWWwd3xeOxWvtvO5ohLrSSw3kGt3t-OllPKEpVw 200 in 26ms (next.js: 3ms, application-code: 23ms)
 POST /api/email 200 in 48ms (next.js: 3ms, application-code: 45ms)
 GET /api/me 401 in 25ms (next.js: 2ms, application-code: 23ms)
 POST /api/auth/sign-up/email 200 in 94ms (next.js: 15ms, application-code: 79ms)
 GET /api/test/outbox?email=e2e-65209f31%40flowline-e2e.test 200 in 7ms (next.js: 2ms, application-code: 5ms)
 POST /api/email 200 in 21ms (next.js: 2ms, application-code: 19ms)
 POST /api/auth/sign-in/email 200 in 73ms (next.js: 3ms, application-code: 70ms)
 POST /api/workspaces 201 in 21ms (next.js: 2.0ms, application-code: 19ms)
 POST /api/onboarding 200 in 20ms (next.js: 2.0ms, application-code: 18ms)
 GET /w/e2e-624ba7/settings 200 in 69ms (next.js: 17ms, application-code: 52ms)
 GET /api/health 200 in 9ms (next.js: 3ms, application-code: 6ms)
 GET /api/workspaces/6409e1e3-4bcf-43b2-9d2a-28ee3039c9f6/members 200 in 52ms (next.js: 17ms, application-code: 35ms)
 GET /api/workspaces/6409e1e3-4bcf-43b2-9d2a-28ee3039c9f6/invites 200 in 33ms (next.js: 19ms, application-code: 14ms)
 GET /api/workspaces/6409e1e3-4bcf-43b2-9d2a-28ee3039c9f6/ai 200 in 36ms (next.js: 17ms, application-code: 19ms)
 GET /api/workspaces/6409e1e3-4bcf-43b2-9d2a-28ee3039c9f6/ai/models 200 in 40ms (next.js: 18ms, application-code: 21ms)
 GET /api/workspaces/6409e1e3-4bcf-43b2-9d2a-28ee3039c9f6/api-keys 200 in 32ms (next.js: 18ms, application-code: 14ms)
 GET /api/workspaces/6409e1e3-4bcf-43b2-9d2a-28ee3039c9f6/billing 200 in 58ms (next.js: 22ms, application-code: 35ms)
 GET /api/workspaces/6409e1e3-4bcf-43b2-9d2a-28ee3039c9f6 200 in 51ms (next.js: 18ms, application-code: 33ms)
 GET /api/workspaces/6409e1e3-4bcf-43b2-9d2a-28ee3039c9f6/usage 200 in 55ms (next.js: 39ms, application-code: 17ms)
 GET /api/workspaces/6409e1e3-4bcf-43b2-9d2a-28ee3039c9f6/audit 200 in 40ms (next.js: 19ms, application-code: 21ms)
 GET /api/workspaces/6409e1e3-4bcf-43b2-9d2a-28ee3039c9f6/sso 200 in 42ms (next.js: 21ms, application-code: 21ms)
 GET /w/e2e-624ba7/agents 200 in 72ms (next.js: 19ms, application-code: 54ms)
 GET /api/health 200 in 8ms (next.js: 3ms, application-code: 6ms)
 GET /api/workspaces/6409e1e3-4bcf-43b2-9d2a-28ee3039c9f6/agents 200 in 42ms (next.js: 20ms, application-code: 21ms)
 GET /w/e2e-624ba7/agents/new 200 in 44ms (next.js: 25ms, application-code: 19ms)
 GET /api/workspaces/6409e1e3-4bcf-43b2-9d2a-28ee3039c9f6/flows 200 in 50ms (next.js: 17ms, application-code: 33ms)
 GET /api/workspaces/6409e1e3-4bcf-43b2-9d2a-28ee3039c9f6/knowledge 200 in 49ms (next.js: 35ms, application-code: 14ms)
 GET /api/workspaces/6409e1e3-4bcf-43b2-9d2a-28ee3039c9f6/ai 200 in 73ms (next.js: 18ms, application-code: 56ms)
 GET /api/workspaces/6409e1e3-4bcf-43b2-9d2a-28ee3039c9f6/ai/models 200 in 34ms (next.js: 19ms, application-code: 15ms)
 GET /w/e2e-624ba7/knowledge 200 in 72ms (next.js: 17ms, application-code: 56ms)
 GET /api/health 200 in 9ms (next.js: 3ms, application-code: 6ms)
 GET /api/workspaces/6409e1e3-4bcf-43b2-9d2a-28ee3039c9f6/knowledge 200 in 19ms (next.js: 4ms, application-code: 16ms)
 GET /w/e2e-624ba7/integrations 200 in 74ms (next.js: 19ms, application-code: 55ms)
 GET /api/health 200 in 13ms (next.js: 5ms, application-code: 8ms)
 GET /api/workspaces/6409e1e3-4bcf-43b2-9d2a-28ee3039c9f6/connections 200 in 34ms (next.js: 18ms, application-code: 16ms)
 GET /api/integrations/catalog?workspaceId=6409e1e3-4bcf-43b2-9d2a-28ee3039c9f6 200 in 51ms (next.js: 4ms, application-code: 46ms)
 GET /api/workspaces/6409e1e3-4bcf-43b2-9d2a-28ee3039c9f6/oauth-apps/provenance?provider=google_sheets 200 in 46ms (next.js: 21ms, application-code: 25ms)
 GET /w/e2e-624ba7/settings?tab=keys 200 in 66ms (next.js: 15ms, application-code: 51ms)
 GET /api/health 200 in 8ms (next.js: 3ms, application-code: 5ms)
 GET /api/workspaces/6409e1e3-4bcf-43b2-9d2a-28ee3039c9f6/api-keys 200 in 22ms (next.js: 18ms, application-code: 4ms)
 GET /w/e2e-624ba7/settings?tab=billing 200 in 57ms (next.js: 5ms, application-code: 52ms)
 GET /api/health 200 in 8ms (next.js: 3ms, application-code: 5ms)
 GET /api/workspaces/6409e1e3-4bcf-43b2-9d2a-28ee3039c9f6 200 in 42ms (next.js: 36ms, application-code: 6ms)
 GET /api/workspaces/6409e1e3-4bcf-43b2-9d2a-28ee3039c9f6/usage 200 in 43ms (next.js: 16ms, application-code: 26ms)
 GET /w/e2e-624ba7/agents/new 200 in 78ms (next.js: 17ms, application-code: 60ms)
 GET /api/health 200 in 9ms (next.js: 3ms, application-code: 7ms)
 GET /api/workspaces/6409e1e3-4bcf-43b2-9d2a-28ee3039c9f6/knowledge 200 in 58ms (next.js: 54ms, application-code: 5ms)
 GET /api/workspaces/6409e1e3-4bcf-43b2-9d2a-28ee3039c9f6/flows 200 in 59ms (next.js: 35ms, application-code: 24ms)
 GET /api/workspaces/6409e1e3-4bcf-43b2-9d2a-28ee3039c9f6/ai 200 in 59ms (next.js: 18ms, application-code: 41ms)
 GET /w/e2e-624ba7/knowledge 200 in 85ms (next.js: 19ms, application-code: 66ms)
 GET /api/health 200 in 8ms (next.js: 2ms, application-code: 6ms)
 GET /api/workspaces/6409e1e3-4bcf-43b2-9d2a-28ee3039c9f6/knowledge 200 in 20ms (next.js: 4ms, application-code: 16ms)
 GET /w/e2e-624ba7/integrations 200 in 77ms (next.js: 18ms, application-code: 59ms)
 GET /api/health 200 in 8ms (next.js: 2ms, application-code: 5ms)
 GET /api/workspaces/6409e1e3-4bcf-43b2-9d2a-28ee3039c9f6/connections 200 in 38ms (next.js: 19ms, application-code: 19ms)
 GET /api/integrations/catalog?workspaceId=6409e1e3-4bcf-43b2-9d2a-28ee3039c9f6 200 in 51ms (next.js: 3ms, application-code: 49ms)
 POST /api/test/beta 200 in 12ms (next.js: 3ms, application-code: 9ms)
 GET /api/auth-config 200 in 7ms (next.js: 1.9ms, application-code: 5ms)
 GET /sign-up 200 in 32ms (next.js: 3ms, application-code: 29ms)
 GET /api/auth-config 200 in 8ms (next.js: 2ms, application-code: 5ms)
 POST /api/beta/check 200 in 14ms (next.js: 4ms, application-code: 10ms)
 GET /api/test/outbox?email=stranger-2ffc49e6%40flowline-e2e.test 200 in 7ms (next.js: 2ms, application-code: 5ms)
 POST /api/beta/check 200 in 12ms (next.js: 2ms, application-code: 10ms)
 POST /api/beta/check 200 in 13ms (next.js: 3ms, application-code: 11ms)
 POST /api/auth/sign-up/email 200 in 101ms (next.js: 18ms, application-code: 84ms)
 GET /api/test/outbox?email=stranger-2ffc49e6%40flowline-e2e.test 200 in 7ms (next.js: 2ms, application-code: 5ms)
 POST /api/beta/check 200 in 17ms (next.js: 1.9ms, application-code: 15ms)
 POST /api/email 200 in 517ms (next.js: 3ms, application-code: 514ms)
 POST /api/auth/sign-up/email 200 in 101ms (next.js: 16ms, application-code: 85ms)
 GET /api/test/outbox?email=e2e-aff109e7%40flowline-e2e.test 200 in 7ms (next.js: 2ms, application-code: 5ms)
 POST /api/email 200 in 20ms (next.js: 2ms, application-code: 18ms)
 POST /api/auth/sign-in/email 200 in 76ms (next.js: 2.0ms, application-code: 74ms)
 POST /api/workspaces 201 in 24ms (next.js: 2ms, application-code: 22ms)
 POST /api/onboarding 200 in 16ms (next.js: 2.0ms, application-code: 14ms)
 POST /api/workspaces/907def1a-1440-4a2f-bcb3-b42c338259e7/invites 201 in 39ms (next.js: 15ms, application-code: 24ms)
 POST /api/test/beta 200 in 5ms (next.js: 2ms, application-code: 3ms)
 GET /invite/sjl0k4v-TcbWVu-flkOvGzozOWLimkJLaA15qxs3LAk 307 in 70ms (next.js: 25ms, application-code: 45ms)
 GET /sign-in?next=invite%3Asjl0k4v-TcbWVu-flkOvGzozOWLimkJLaA15qxs3LAk 200 in 37ms (next.js: 3ms, application-code: 34ms)
 GET /api/auth-config 200 in 10ms (next.js: 3ms, application-code: 7ms)
 GET /sign-up?next=invite%3Asjl0k4v-TcbWVu-flkOvGzozOWLimkJLaA15qxs3LAk 200 in 18ms (next.js: 4ms, application-code: 14ms)
 POST /api/beta/check 200 in 10ms (next.js: 3ms, application-code: 7ms)
 POST /api/auth/sign-up/email 200 in 97ms (next.js: 16ms, application-code: 80ms)
 GET /api/test/outbox?email=beta-invitee-b208fad6%40flowline-e2e.test 200 in 7ms (next.js: 3ms, application-code: 4ms)
 GET /verify-email?token=cuHtH9oXB4hcZR7_R8-ErnezSIIVuQRtx0tE7G5PwAw&callbackURL=%2Fsign-in%3Fnext%3Dinvite%253Asjl0k4v-TcbWVu-flkOvGzozOWLimkJLaA15qxs3LAk 200 in 24ms (next.js: 2ms, application-code: 21ms)
 POST /api/email 200 in 21ms (next.js: 3ms, application-code: 18ms)
 GET /sign-in?next=invite%3Asjl0k4v-TcbWVu-flkOvGzozOWLimkJLaA15qxs3LAk 200 in 24ms (next.js: 3ms, application-code: 21ms)
 GET /api/auth-config 200 in 8ms (next.js: 3ms, application-code: 6ms)
 POST /api/auth/sign-in/email 200 in 84ms (next.js: 16ms, application-code: 68ms)
 GET /app?next=invite%3Asjl0k4v-TcbWVu-flkOvGzozOWLimkJLaA15qxs3LAk 200 in 27ms (next.js: 4ms, application-code: 24ms)
 GET /app?next=invite%3Asjl0k4v-TcbWVu-flkOvGzozOWLimkJLaA15qxs3LAk 200 in 27ms (next.js: 3ms, application-code: 24ms)
 GET /invite/sjl0k4v-TcbWVu-flkOvGzozOWLimkJLaA15qxs3LAk 200 in 40ms (next.js: 17ms, application-code: 23ms)
 GET /invite/sjl0k4v-TcbWVu-flkOvGzozOWLimkJLaA15qxs3LAk 200 in 26ms (next.js: 3ms, application-code: 23ms)
 GET /api/invites/sjl0k4v-TcbWVu-flkOvGzozOWLimkJLaA15qxs3LAk 200 in 30ms (next.js: 17ms, application-code: 13ms)
 POST /api/invites/sjl0k4v-TcbWVu-flkOvGzozOWLimkJLaA15qxs3LAk 200 in 26ms (next.js: 2ms, application-code: 24ms)
 GET /w/beta-invite-co-7/flows 200 in 52ms (next.js: 18ms, application-code: 34ms)
 GET /api/health 200 in 10ms (next.js: 3ms, application-code: 7ms)
 GET /api/workspaces/907def1a-1440-4a2f-bcb3-b42c338259e7/flows 200 in 76ms (next.js: 62ms, application-code: 14ms)
 GET /api/workspaces/907def1a-1440-4a2f-bcb3-b42c338259e7/usage 200 in 80ms (next.js: 20ms, application-code: 59ms)
 GET /api/workspaces/907def1a-1440-4a2f-bcb3-b42c338259e7/overview 200 in 93ms (next.js: 42ms, application-code: 51ms)
 POST /api/auth/sign-up/email 200 in 100ms (next.js: 15ms, application-code: 85ms)
 GET /api/test/outbox?email=e2e-fce3026b%40flowline-e2e.test 200 in 8ms (next.js: 2ms, application-code: 5ms)
 POST /api/email 200 in 27ms (next.js: 2ms, application-code: 25ms)
 POST /api/auth/sign-in/email 200 in 81ms (next.js: 3ms, application-code: 79ms)
 POST /api/workspaces 201 in 21ms (next.js: 3ms, application-code: 19ms)
 POST /api/onboarding 200 in 23ms (next.js: 2ms, application-code: 21ms)
 POST /api/workspaces/83c4da13-c2ec-4bc1-b8a0-07d5e5ec1228/flows 201 in 29ms (next.js: 2ms, application-code: 26ms)
 GET /w/e2e-0cc247/flows/332997de-aa1c-4dd3-b1f2-36486fb18d26 200 in 70ms (next.js: 17ms, application-code: 53ms)
 GET /api/health 200 in 9ms (next.js: 3ms, application-code: 6ms)
 GET /api/flows/332997de-aa1c-4dd3-b1f2-36486fb18d26 200 in 38ms (next.js: 17ms, application-code: 21ms)
 GET /api/flows/332997de-aa1c-4dd3-b1f2-36486fb18d26/publish 200 in 56ms (next.js: 16ms, application-code: 40ms)
 GET /api/flows/332997de-aa1c-4dd3-b1f2-36486fb18d26/runs 200 in 35ms (next.js: 20ms, application-code: 14ms)
 GET /api/integrations/catalog 200 in 37ms (next.js: 3ms, application-code: 34ms)
 GET /api/workspaces/83c4da13-c2ec-4bc1-b8a0-07d5e5ec1228/ai 200 in 36ms (next.js: 17ms, application-code: 19ms)
 PUT /api/flows/332997de-aa1c-4dd3-b1f2-36486fb18d26 200 in 35ms (next.js: 15ms, application-code: 20ms)
 GET /api/flows/332997de-aa1c-4dd3-b1f2-36486fb18d26 200 in 15ms (next.js: 2ms, application-code: 13ms)
 POST /api/auth/sign-up/email 200 in 98ms (next.js: 15ms, application-code: 83ms)
 GET /api/test/outbox?email=e2e-cbdf6303%40flowline-e2e.test 200 in 7ms (next.js: 2ms, application-code: 5ms)
 POST /api/email 200 in 21ms (next.js: 2ms, application-code: 19ms)
 POST /api/auth/sign-in/email 200 in 70ms (next.js: 2ms, application-code: 68ms)
 POST /api/workspaces 201 in 25ms (next.js: 2ms, application-code: 23ms)
 POST /api/onboarding 200 in 21ms (next.js: 2ms, application-code: 19ms)
 POST /api/workspaces/b6ff26f2-bbaf-408e-8105-b951ad09979e/flows 201 in 41ms (next.js: 15ms, application-code: 26ms)
 GET /w/e2e-26dab3/flows 200 in 79ms (next.js: 17ms, application-code: 62ms)
 GET /api/health 200 in 12ms (next.js: 3ms, application-code: 9ms)
 GET /api/workspaces/b6ff26f2-bbaf-408e-8105-b951ad09979e/usage 200 in 61ms (next.js: 37ms, application-code: 23ms)
 GET /api/workspaces/b6ff26f2-bbaf-408e-8105-b951ad09979e/flows 200 in 61ms (next.js: 42ms, application-code: 19ms)
 GET /api/workspaces/b6ff26f2-bbaf-408e-8105-b951ad09979e/overview 200 in 72ms (next.js: 18ms, application-code: 53ms)
 GET /w/e2e-26dab3/templates 200 in 76ms (next.js: 16ms, application-code: 60ms)
 GET /api/health 200 in 8ms (next.js: 3ms, application-code: 5ms)
 GET /api/workspaces/b6ff26f2-bbaf-408e-8105-b951ad09979e/connections 200 in 44ms (next.js: 32ms, application-code: 13ms)
 GET /api/workspaces/b6ff26f2-bbaf-408e-8105-b951ad09979e/ai 200 in 46ms (next.js: 16ms, application-code: 29ms)
 GET /w/e2e-26dab3/runs 200 in 71ms (next.js: 17ms, application-code: 54ms)
 GET /api/health 200 in 9ms (next.js: 4ms, application-code: 5ms)
 GET /api/workspaces/b6ff26f2-bbaf-408e-8105-b951ad09979e/runs?limit=25 200 in 37ms (next.js: 18ms, application-code: 19ms)
 GET /w/e2e-26dab3/integrations 200 in 64ms (next.js: 17ms, application-code: 47ms)
 GET /api/health 200 in 7ms (next.js: 2ms, application-code: 5ms)
 GET /api/workspaces/b6ff26f2-bbaf-408e-8105-b951ad09979e/connections 200 in 30ms (next.js: 17ms, application-code: 13ms)
 GET /api/integrations/catalog?workspaceId=b6ff26f2-bbaf-408e-8105-b951ad09979e 200 in 42ms (next.js: 3ms, application-code: 39ms)
 GET /w/e2e-26dab3/agents 200 in 68ms (next.js: 18ms, application-code: 50ms)
 GET /api/health 200 in 8ms (next.js: 3ms, application-code: 5ms)
 GET /api/workspaces/b6ff26f2-bbaf-408e-8105-b951ad09979e/agents 200 in 41ms (next.js: 18ms, application-code: 24ms)
 GET /w/e2e-26dab3/knowledge 200 in 68ms (next.js: 18ms, application-code: 50ms)
 GET /api/health 200 in 9ms (next.js: 3ms, application-code: 5ms)
 GET /api/workspaces/b6ff26f2-bbaf-408e-8105-b951ad09979e/knowledge 200 in 40ms (next.js: 22ms, application-code: 18ms)
 GET /w/e2e-26dab3/settings 200 in 65ms (next.js: 16ms, application-code: 49ms)
 GET /api/health 200 in 9ms (next.js: 3ms, application-code: 6ms)
 GET /api/workspaces/b6ff26f2-bbaf-408e-8105-b951ad09979e/members 200 in 46ms (next.js: 16ms, application-code: 31ms)
 GET /api/workspaces/b6ff26f2-bbaf-408e-8105-b951ad09979e/invites 200 in 48ms (next.js: 33ms, application-code: 14ms)
 GET /w/e2e-26dab3/canvas 307 in 104ms (next.js: 20ms, application-code: 84ms)
 GET /w/e2e-26dab3/flows/8608d663-7044-48a9-bbda-a870d1b6bb4a 200 in 69ms (next.js: 18ms, application-code: 52ms)
 GET /api/health 200 in 8ms (next.js: 3ms, application-code: 5ms)
 GET /api/flows/8608d663-7044-48a9-bbda-a870d1b6bb4a 200 in 45ms (next.js: 18ms, application-code: 27ms)
 GET /api/flows/8608d663-7044-48a9-bbda-a870d1b6bb4a/publish 200 in 53ms (next.js: 17ms, application-code: 36ms)
 GET /api/flows/8608d663-7044-48a9-bbda-a870d1b6bb4a/runs 200 in 34ms (next.js: 17ms, application-code: 17ms)
 POST /api/auth/sign-up/email 200 in 95ms (next.js: 14ms, application-code: 81ms)
 GET /api/test/outbox?email=e2e-1fb96fd4%40flowline-e2e.test 200 in 7ms (next.js: 2ms, application-code: 5ms)
 POST /api/email 200 in 20ms (next.js: 3ms, application-code: 17ms)
 POST /api/auth/sign-in/email 200 in 68ms (next.js: 2.0ms, application-code: 66ms)
 POST /api/workspaces 201 in 27ms (next.js: 2.0ms, application-code: 25ms)
 POST /api/onboarding 200 in 25ms (next.js: 1.9ms, application-code: 23ms)
 POST /api/workspaces/8f6735fb-8c22-4af6-803d-0ff017c16530/flows 201 in 28ms (next.js: 15ms, application-code: 14ms)
 GET /w/e2e-a63635/flows 200 in 73ms (next.js: 15ms, application-code: 58ms)
 GET /api/health 200 in 10ms (next.js: 3ms, application-code: 7ms)
 GET /api/workspaces/8f6735fb-8c22-4af6-803d-0ff017c16530/flows 200 in 18ms (next.js: 5ms, application-code: 14ms)
 GET /api/workspaces/8f6735fb-8c22-4af6-803d-0ff017c16530/usage 200 in 68ms (next.js: 45ms, application-code: 23ms)
 GET /api/workspaces/8f6735fb-8c22-4af6-803d-0ff017c16530/overview 200 in 76ms (next.js: 22ms, application-code: 55ms)
 GET /w/e2e-a63635/templates 200 in 75ms (next.js: 17ms, application-code: 58ms)
 GET /api/health 200 in 8ms (next.js: 3ms, application-code: 5ms)
 GET /api/workspaces/8f6735fb-8c22-4af6-803d-0ff017c16530/connections 200 in 51ms (next.js: 35ms, application-code: 16ms)
 GET /api/workspaces/8f6735fb-8c22-4af6-803d-0ff017c16530/ai 200 in 54ms (next.js: 18ms, application-code: 37ms)
 GET /w/e2e-a63635/runs 200 in 70ms (next.js: 17ms, application-code: 53ms)
 GET /api/health 200 in 7ms (next.js: 2ms, application-code: 5ms)
 GET /api/workspaces/8f6735fb-8c22-4af6-803d-0ff017c16530/runs?limit=25 200 in 31ms (next.js: 19ms, application-code: 12ms)
 GET /w/e2e-a63635/integrations 200 in 75ms (next.js: 16ms, application-code: 59ms)
 GET /api/health 200 in 8ms (next.js: 2ms, application-code: 6ms)
 GET /api/workspaces/8f6735fb-8c22-4af6-803d-0ff017c16530/connections 200 in 32ms (next.js: 20ms, application-code: 12ms)
 GET /api/integrations/catalog?workspaceId=8f6735fb-8c22-4af6-803d-0ff017c16530 200 in 46ms (next.js: 2ms, application-code: 44ms)
 GET /w/e2e-a63635/agents 200 in 70ms (next.js: 18ms, application-code: 52ms)
 GET /api/health 200 in 8ms (next.js: 3ms, application-code: 5ms)
 GET /api/workspaces/8f6735fb-8c22-4af6-803d-0ff017c16530/agents 200 in 38ms (next.js: 17ms, application-code: 20ms)
 GET /w/e2e-a63635/knowledge 200 in 68ms (next.js: 17ms, application-code: 52ms)
 GET /api/health 200 in 8ms (next.js: 3ms, application-code: 5ms)
 GET /api/workspaces/8f6735fb-8c22-4af6-803d-0ff017c16530/knowledge 200 in 32ms (next.js: 18ms, application-code: 14ms)
 GET /w/e2e-a63635/settings 200 in 63ms (next.js: 16ms, application-code: 47ms)
 GET /api/health 200 in 10ms (next.js: 4ms, application-code: 6ms)
 GET /api/workspaces/8f6735fb-8c22-4af6-803d-0ff017c16530/invites 200 in 44ms (next.js: 33ms, application-code: 11ms)
 GET /api/workspaces/8f6735fb-8c22-4af6-803d-0ff017c16530/members 200 in 46ms (next.js: 18ms, application-code: 28ms)
 GET /w/e2e-a63635/canvas 307 in 84ms (next.js: 16ms, application-code: 68ms)
 GET /w/e2e-a63635/flows/79a76414-2333-4c06-9b35-6d6a086ef6ed 200 in 72ms (next.js: 18ms, application-code: 53ms)
 GET /api/health 200 in 8ms (next.js: 2ms, application-code: 6ms)
 GET /api/flows/79a76414-2333-4c06-9b35-6d6a086ef6ed 200 in 42ms (next.js: 20ms, application-code: 22ms)
 GET /api/flows/79a76414-2333-4c06-9b35-6d6a086ef6ed/publish 200 in 55ms (next.js: 19ms, application-code: 36ms)
 GET /api/flows/79a76414-2333-4c06-9b35-6d6a086ef6ed/runs 200 in 31ms (next.js: 18ms, application-code: 13ms)
 POST /api/auth/sign-up/email 200 in 97ms (next.js: 16ms, application-code: 81ms)
 GET /api/test/outbox?email=e2e-88b19506%40flowline-e2e.test 200 in 7ms (next.js: 1.9ms, application-code: 5ms)
 POST /api/email 200 in 19ms (next.js: 2ms, application-code: 17ms)
 POST /api/auth/sign-in/email 200 in 67ms (next.js: 1.9ms, application-code: 65ms)
 POST /api/workspaces 201 in 28ms (next.js: 2ms, application-code: 25ms)
 POST /api/onboarding 200 in 24ms (next.js: 1.9ms, application-code: 22ms)
 POST /api/workspaces/958267dd-5285-4ae9-ad21-20d68e669694/flows 201 in 33ms (next.js: 15ms, application-code: 18ms)
 GET /w/e2e-371296/flows 200 in 66ms (next.js: 16ms, application-code: 50ms)
 GET /api/health 200 in 9ms (next.js: 3ms, application-code: 6ms)
 GET /api/workspaces/958267dd-5285-4ae9-ad21-20d68e669694/usage 200 in 59ms (next.js: 37ms, application-code: 22ms)
 GET /api/workspaces/958267dd-5285-4ae9-ad21-20d68e669694/flows 200 in 60ms (next.js: 41ms, application-code: 19ms)
 GET /api/workspaces/958267dd-5285-4ae9-ad21-20d68e669694/overview 200 in 71ms (next.js: 19ms, application-code: 52ms)
 GET /w/e2e-371296/templates 200 in 75ms (next.js: 17ms, application-code: 58ms)
 GET /api/health 200 in 8ms (next.js: 3ms, application-code: 5ms)
 GET /api/workspaces/958267dd-5285-4ae9-ad21-20d68e669694/connections 200 in 45ms (next.js: 17ms, application-code: 28ms)
 GET /api/workspaces/958267dd-5285-4ae9-ad21-20d68e669694/ai 200 in 49ms (next.js: 32ms, application-code: 17ms)
 GET /w/e2e-371296/runs 200 in 67ms (next.js: 16ms, application-code: 51ms)
 GET /api/health 200 in 7ms (next.js: 2ms, application-code: 4ms)
 GET /api/workspaces/958267dd-5285-4ae9-ad21-20d68e669694/runs?limit=25 200 in 44ms (next.js: 16ms, application-code: 28ms)
 GET /w/e2e-371296/integrations 200 in 67ms (next.js: 16ms, application-code: 52ms)
 GET /api/health 200 in 7ms (next.js: 3ms, application-code: 5ms)
 GET /api/workspaces/958267dd-5285-4ae9-ad21-20d68e669694/connections 200 in 31ms (next.js: 17ms, application-code: 14ms)
 GET /api/integrations/catalog?workspaceId=958267dd-5285-4ae9-ad21-20d68e669694 200 in 45ms (next.js: 2ms, application-code: 43ms)
 GET /w/e2e-371296/agents 200 in 61ms (next.js: 16ms, application-code: 45ms)
 GET /api/health 200 in 7ms (next.js: 2ms, application-code: 5ms)
 GET /api/workspaces/958267dd-5285-4ae9-ad21-20d68e669694/agents 200 in 38ms (next.js: 16ms, application-code: 22ms)
 GET /w/e2e-371296/knowledge 200 in 73ms (next.js: 17ms, application-code: 56ms)
 GET /api/health 200 in 8ms (next.js: 2ms, application-code: 6ms)
 GET /api/workspaces/958267dd-5285-4ae9-ad21-20d68e669694/knowledge 200 in 29ms (next.js: 18ms, application-code: 11ms)
 GET /w/e2e-371296/settings 200 in 67ms (next.js: 16ms, application-code: 51ms)
 GET /api/health 200 in 8ms (next.js: 3ms, application-code: 5ms)
 GET /api/workspaces/958267dd-5285-4ae9-ad21-20d68e669694/invites 200 in 45ms (next.js: 33ms, application-code: 12ms)
 GET /api/workspaces/958267dd-5285-4ae9-ad21-20d68e669694/members 200 in 46ms (next.js: 17ms, application-code: 29ms)
 GET /w/e2e-371296/canvas 307 in 86ms (next.js: 18ms, application-code: 68ms)
 GET /w/e2e-371296/flows/e968fb92-d3cd-4a4e-a422-74ebe05b4d7b 200 in 72ms (next.js: 18ms, application-code: 54ms)
 GET /api/health 200 in 8ms (next.js: 3ms, application-code: 5ms)
 GET /api/flows/e968fb92-d3cd-4a4e-a422-74ebe05b4d7b 200 in 42ms (next.js: 19ms, application-code: 23ms)
 GET /api/flows/e968fb92-d3cd-4a4e-a422-74ebe05b4d7b/publish 200 in 55ms (next.js: 17ms, application-code: 38ms)
 GET /api/flows/e968fb92-d3cd-4a4e-a422-74ebe05b4d7b/runs 200 in 41ms (next.js: 19ms, application-code: 22ms)
 GET / 200 in 47ms (next.js: 3ms, application-code: 44ms)
 GET /sign-up 200 in 18ms (next.js: 3ms, application-code: 15ms)
 GET /api/auth-config 200 in 8ms (next.js: 2ms, application-code: 5ms)
 POST /api/auth/sign-up/email 200 in 95ms (next.js: 18ms, application-code: 77ms)
 GET /api/me 401 in 12ms (next.js: 3ms, application-code: 10ms)
 GET /api/test/outbox?email=journey-4856a662%40flowline-e2e.test 200 in 6ms (next.js: 1.7ms, application-code: 4ms)
 GET /verify-email?token=i8f5kYExW8kOkKHPe3atWK39fKVAhQo93pntL1_VGo0&callbackURL=%2Fsign-in 200 in 26ms (next.js: 3ms, application-code: 23ms)
 POST /api/email 200 in 21ms (next.js: 2ms, application-code: 19ms)
 GET /sign-in 200 in 19ms (next.js: 4ms, application-code: 15ms)
 GET /api/auth-config 200 in 7ms (next.js: 2ms, application-code: 5ms)
 POST /api/auth/sign-in/email 200 in 82ms (next.js: 15ms, application-code: 67ms)
 GET /app 200 in 27ms (next.js: 3ms, application-code: 24ms)
 GET /app 200 in 29ms (next.js: 3ms, application-code: 26ms)
 GET /onboarding 200 in 36ms (next.js: 3ms, application-code: 33ms)
 GET /onboarding 200 in 29ms (next.js: 3ms, application-code: 26ms)
 POST /api/workspaces 201 in 31ms (next.js: 2ms, application-code: 28ms)
 POST /api/workspaces/a20d4e41-b2b5-4f92-a6ab-f1f23f6f7ed0/flows 201 in 36ms (next.js: 18ms, application-code: 18ms)
 POST /api/onboarding 200 in 22ms (next.js: 2ms, application-code: 19ms)
 GET /w/journey-co-7/flows/8d13f7ad-1b9f-44e2-a536-320a277f6425 200 in 52ms (next.js: 19ms, application-code: 34ms)
 GET /api/health 200 in 8ms (next.js: 3ms, application-code: 5ms)
 GET /api/flows/8d13f7ad-1b9f-44e2-a536-320a277f6425 200 in 36ms (next.js: 15ms, application-code: 20ms)
 GET /api/flows/8d13f7ad-1b9f-44e2-a536-320a277f6425/publish 200 in 55ms (next.js: 18ms, application-code: 37ms)
 GET /api/flows/8d13f7ad-1b9f-44e2-a536-320a277f6425/runs 200 in 33ms (next.js: 18ms, application-code: 15ms)
 GET /api/integrations/catalog 200 in 39ms (next.js: 2ms, application-code: 37ms)
 GET /api/workspaces/a20d4e41-b2b5-4f92-a6ab-f1f23f6f7ed0/ai 200 in 40ms (next.js: 18ms, application-code: 22ms)
 PUT /api/flows/8d13f7ad-1b9f-44e2-a536-320a277f6425 200 in 38ms (next.js: 15ms, application-code: 23ms)
 GET /w/journey-co-7/flows/8d13f7ad-1b9f-44e2-a536-320a277f6425 200 in 71ms (next.js: 16ms, application-code: 54ms)
 GET /api/health 200 in 8ms (next.js: 3ms, application-code: 5ms)
 GET /api/flows/8d13f7ad-1b9f-44e2-a536-320a277f6425 200 in 30ms (next.js: 3ms, application-code: 27ms)
 GET /api/flows/8d13f7ad-1b9f-44e2-a536-320a277f6425/publish 200 in 67ms (next.js: 16ms, application-code: 51ms)
 GET /api/flows/8d13f7ad-1b9f-44e2-a536-320a277f6425/runs 200 in 34ms (next.js: 19ms, application-code: 15ms)
 POST /api/flows/8d13f7ad-1b9f-44e2-a536-320a277f6425/runs 202 in 53ms (next.js: 3ms, application-code: 50ms)
2026-09-29T02:10:54.113Z [worker] run 4ed52003-d4a4-490a-8525-4ff9800e7f76 claimed
2026-09-29T02:10:54.169Z [worker] run 4ed52003-d4a4-490a-8525-4ff9800e7f76 done
 GET /api/flows/8d13f7ad-1b9f-44e2-a536-320a277f6425/runs 200 in 35ms (next.js: 2ms, application-code: 33ms)
 GET /api/runs/4ed52003-d4a4-490a-8525-4ff9800e7f76 200 in 33ms (next.js: 16ms, application-code: 18ms)
 GET /w/journey-co-7/runs?run=4ed52003-d4a4-490a-8525-4ff9800e7f76 200 in 33ms (next.js: 16ms, application-code: 17ms)
 GET /api/workspaces/a20d4e41-b2b5-4f92-a6ab-f1f23f6f7ed0/runs?limit=25 200 in 47ms (next.js: 17ms, application-code: 30ms)
 GET /api/flows/8d13f7ad-1b9f-44e2-a536-320a277f6425 200 in 36ms (next.js: 15ms, application-code: 21ms)
 GET /api/flows/8d13f7ad-1b9f-44e2-a536-320a277f6425/runs 200 in 37ms (next.js: 16ms, application-code: 22ms)
 GET /api/runs/4ed52003-d4a4-490a-8525-4ff9800e7f76 200 in 22ms (next.js: 3ms, application-code: 19ms)
 GET /api/flows/8d13f7ad-1b9f-44e2-a536-320a277f6425/versions 200 in 29ms (next.js: 17ms, application-code: 12ms)
 POST /api/auth/sign-up/email 200 in 101ms (next.js: 17ms, application-code: 85ms)
 GET /api/test/outbox?email=e2e-fd466d39%40flowline-e2e.test 200 in 7ms (next.js: 2ms, application-code: 5ms)
 POST /api/email 200 in 23ms (next.js: 3ms, application-code: 21ms)
 POST /api/auth/sign-in/email 200 in 73ms (next.js: 2ms, application-code: 71ms)
 POST /api/workspaces 201 in 33ms (next.js: 3ms, application-code: 30ms)
 POST /api/onboarding 200 in 23ms (next.js: 3ms, application-code: 21ms)
 POST /api/workspaces/15d7a8a0-26a1-42d3-88c2-344b428008b4/flows 201 in 44ms (next.js: 15ms, application-code: 29ms)
 POST /api/workspaces/15d7a8a0-26a1-42d3-88c2-344b428008b4/connections 201 in 50ms (next.js: 17ms, application-code: 33ms)
 PUT /api/flows/5d2511c2-dce8-4ed3-8fc0-d28576b90c34 200 in 35ms (next.js: 2ms, application-code: 32ms)
 GET /w/e2e-69580c/flows/5d2511c2-dce8-4ed3-8fc0-d28576b90c34 200 in 74ms (next.js: 20ms, application-code: 54ms)
 GET /api/health 200 in 8ms (next.js: 3ms, application-code: 5ms)
 GET /api/flows/5d2511c2-dce8-4ed3-8fc0-d28576b90c34 200 in 33ms (next.js: 20ms, application-code: 13ms)
 GET /api/flows/5d2511c2-dce8-4ed3-8fc0-d28576b90c34/publish 200 in 64ms (next.js: 20ms, application-code: 44ms)
 GET /api/flows/5d2511c2-dce8-4ed3-8fc0-d28576b90c34/runs 200 in 31ms (next.js: 16ms, application-code: 15ms)
 POST /api/flows/5d2511c2-dce8-4ed3-8fc0-d28576b90c34/runs 202 in 51ms (next.js: 2ms, application-code: 49ms)
2026-09-29T02:10:56.486Z [worker] run 216c7ac5-4e84-45d7-91e2-f1c2c45c099a claimed
 GET /api/flows/5d2511c2-dce8-4ed3-8fc0-d28576b90c34/runs 200 in 38ms (next.js: 2ms, application-code: 36ms)
2026-09-29T02:10:56.529Z [worker] run 216c7ac5-4e84-45d7-91e2-f1c2c45c099a done
 GET /api/runs/216c7ac5-4e84-45d7-91e2-f1c2c45c099a 200 in 37ms (next.js: 17ms, application-code: 20ms)
 GET /w/e2e-69580c/runs?run=216c7ac5-4e84-45d7-91e2-f1c2c45c099a 200 in 29ms (next.js: 16ms, application-code: 13ms)
 GET /api/workspaces/15d7a8a0-26a1-42d3-88c2-344b428008b4/runs?limit=25 200 in 47ms (next.js: 18ms, application-code: 29ms)
 GET /api/flows/5d2511c2-dce8-4ed3-8fc0-d28576b90c34/runs 200 in 44ms (next.js: 14ms, application-code: 30ms)
 POST /api/approvals/8722f93f-3b28-46a2-a60f-f863c6017b84/decide 200 in 59ms (next.js: 33ms, application-code: 26ms)
2026-09-29T02:10:57.633Z [worker] run 216c7ac5-4e84-45d7-91e2-f1c2c45c099a claimed
 GET /api/runs/216c7ac5-4e84-45d7-91e2-f1c2c45c099a 200 in 47ms (next.js: 17ms, application-code: 30ms)
2026-09-29T02:10:57.702Z [worker] run 216c7ac5-4e84-45d7-91e2-f1c2c45c099a done
 GET /api/flows/5d2511c2-dce8-4ed3-8fc0-d28576b90c34/runs 200 in 17ms (next.js: 2ms, application-code: 14ms)
 POST /api/auth/sign-up/email 200 in 94ms (next.js: 15ms, application-code: 79ms)
 GET /api/test/outbox?email=e2e-1a2b4fde%40flowline-e2e.test 200 in 7ms (next.js: 2ms, application-code: 4ms)
 POST /api/email 200 in 21ms (next.js: 2ms, application-code: 19ms)
 POST /api/auth/sign-in/email 200 in 72ms (next.js: 3ms, application-code: 70ms)
 POST /api/workspaces 201 in 28ms (next.js: 3ms, application-code: 25ms)
 POST /api/onboarding 200 in 19ms (next.js: 3ms, application-code: 17ms)
 GET /w/e2e-e247f1/settings 200 in 69ms (next.js: 17ms, application-code: 53ms)
 GET /api/health 200 in 8ms (next.js: 3ms, application-code: 5ms)
 GET /api/workspaces/77c61882-3152-4cf0-a2df-779e541e5ab1/members 200 in 56ms (next.js: 20ms, application-code: 36ms)
 GET /api/workspaces/77c61882-3152-4cf0-a2df-779e541e5ab1/invites 200 in 56ms (next.js: 44ms, application-code: 13ms)
 POST /api/workspaces/77c61882-3152-4cf0-a2df-779e541e5ab1/invites 201 in 30ms (next.js: 3ms, application-code: 28ms)
 GET /api/workspaces/77c61882-3152-4cf0-a2df-779e541e5ab1/members 200 in 19ms (next.js: 3ms, application-code: 16ms)
 GET /api/workspaces/77c61882-3152-4cf0-a2df-779e541e5ab1/invites 200 in 14ms (next.js: 3ms, application-code: 11ms)
 POST /api/auth/sign-up/email 200 in 97ms (next.js: 16ms, application-code: 81ms)
 GET /api/test/outbox?email=viewer-e5e03678%40flowline-e2e.test 200 in 7ms (next.js: 2ms, application-code: 5ms)
 POST /api/email 200 in 22ms (next.js: 2ms, application-code: 20ms)
 POST /api/auth/sign-in/email 200 in 70ms (next.js: 2ms, application-code: 68ms)
 GET /invite/-lAIF8pIIhzVXaN6JesNhpHf60H4w2tk8O1dwgfZGPg 200 in 55ms (next.js: 16ms, application-code: 39ms)
 GET /api/invites/-lAIF8pIIhzVXaN6JesNhpHf60H4w2tk8O1dwgfZGPg 200 in 35ms (next.js: 18ms, application-code: 17ms)
 POST /api/invites/-lAIF8pIIhzVXaN6JesNhpHf60H4w2tk8O1dwgfZGPg 200 in 25ms (next.js: 3ms, application-code: 23ms)
 GET /w/e2e-e247f1/flows 200 in 57ms (next.js: 21ms, application-code: 36ms)
 GET /api/health 200 in 10ms (next.js: 3ms, application-code: 7ms)
 GET /api/workspaces/77c61882-3152-4cf0-a2df-779e541e5ab1/usage 200 in 91ms (next.js: 34ms, application-code: 57ms)
 GET /api/workspaces/77c61882-3152-4cf0-a2df-779e541e5ab1/flows 200 in 91ms (next.js: 53ms, application-code: 38ms)
 GET /api/workspaces/77c61882-3152-4cf0-a2df-779e541e5ab1/overview 200 in 117ms (next.js: 18ms, application-code: 99ms)
 POST /api/workspaces/77c61882-3152-4cf0-a2df-779e541e5ab1/connections 201 in 57ms (next.js: 17ms, application-code: 40ms)
 POST /api/workspaces/77c61882-3152-4cf0-a2df-779e541e5ab1/flows 201 in 21ms (next.js: 3ms, application-code: 18ms)
 PUT /api/flows/6b90b836-6881-4107-9d94-3f6ef4d74fb9 200 in 46ms (next.js: 16ms, application-code: 30ms)
 POST /api/flows/6b90b836-6881-4107-9d94-3f6ef4d74fb9/runs 202 in 73ms (next.js: 18ms, application-code: 54ms)
2026-09-29T02:11:00.479Z [worker] run cf977564-ae42-4b0f-812c-87ab606e780d claimed
2026-09-29T02:11:00.521Z [worker] run cf977564-ae42-4b0f-812c-87ab606e780d done
 GET /api/runs/cf977564-ae42-4b0f-812c-87ab606e780d 200 in 56ms (next.js: 18ms, application-code: 37ms)
 GET /w/e2e-e247f1/runs?run=cf977564-ae42-4b0f-812c-87ab606e780d 200 in 70ms (next.js: 21ms, application-code: 50ms)
 GET /api/health 200 in 8ms (next.js: 3ms, application-code: 5ms)
 GET /api/workspaces/77c61882-3152-4cf0-a2df-779e541e5ab1/runs?limit=25 200 in 38ms (next.js: 18ms, application-code: 20ms)
 GET /api/runs/cf977564-ae42-4b0f-812c-87ab606e780d 200 in 47ms (next.js: 22ms, application-code: 25ms)
 GET /api/workspaces/77c61882-3152-4cf0-a2df-779e541e5ab1/approvals 200 in 47ms (next.js: 24ms, application-code: 22ms)
(node:75336) MaxListenersExceededWarning: Possible EventEmitter memory leak detected. 11 unpipe listeners added to [SyncWriteStream]. MaxListeners is 10. Use emitter.setMaxListeners() to increase limit
(node:75336) MaxListenersExceededWarning: Possible EventEmitter memory leak detected. 11 error listeners added to [SyncWriteStream]. MaxListeners is 10. Use emitter.setMaxListeners() to increase limit
(node:75336) MaxListenersExceededWarning: Possible EventEmitter memory leak detected. 11 close listeners added to [SyncWriteStream]. MaxListeners is 10. Use emitter.setMaxListeners() to increase limit
(node:75336) MaxListenersExceededWarning: Possible EventEmitter memory leak detected. 11 finish listeners added to [SyncWriteStream]. MaxListeners is 10. Use emitter.setMaxListeners() to increase limit
(node:75336) MaxListenersExceededWarning: Possible EventEmitter memory leak detected. 11 unpipe listeners added to [SyncWriteStream]. MaxListeners is 10. Use emitter.setMaxListeners() to increase limit
(node:75336) MaxListenersExceededWarning: Possible EventEmitter memory leak detected. 11 error listeners added to [SyncWriteStream]. MaxListeners is 10. Use emitter.setMaxListeners() to increase limit
(node:75336) MaxListenersExceededWarning: Possible EventEmitter memory leak detected. 11 close listeners added to [SyncWriteStream]. MaxListeners is 10. Use emitter.setMaxListeners() to increase limit
(node:75336) MaxListenersExceededWarning: Possible EventEmitter memory leak detected. 11 finish listeners added to [SyncWriteStream]. MaxListeners is 10. Use emitter.setMaxListeners() to increase limit
 POST /api/approvals/518cd037-4be7-4107-844b-42b8df98416c/decide 403 in 39ms (next.js: 23ms, application-code: 16ms)
 GET /api/runs/cf977564-ae42-4b0f-812c-87ab606e780d 200 in 30ms (next.js: 4ms, application-code: 26ms)
 GET /w/e2e-e247f1/settings 200 in 83ms (next.js: 23ms, application-code: 60ms)
 GET /api/health 200 in 8ms (next.js: 3ms, application-code: 5ms)
 GET /api/workspaces/77c61882-3152-4cf0-a2df-779e541e5ab1/members 200 in 57ms (next.js: 17ms, application-code: 40ms)
 GET /api/workspaces/77c61882-3152-4cf0-a2df-779e541e5ab1/invites 200 in 57ms (next.js: 36ms, application-code: 22ms)
 PATCH /api/workspaces/77c61882-3152-4cf0-a2df-779e541e5ab1/members/a14f358e-5f3c-4da1-98f6-36986c081c26 200 in 45ms (next.js: 20ms, application-code: 25ms)
 GET /api/workspaces/77c61882-3152-4cf0-a2df-779e541e5ab1/members 200 in 22ms (next.js: 3ms, application-code: 19ms)
 GET /api/workspaces/77c61882-3152-4cf0-a2df-779e541e5ab1/invites 200 in 22ms (next.js: 7ms, application-code: 15ms)
 GET /w/e2e-e247f1/runs?run=cf977564-ae42-4b0f-812c-87ab606e780d 200 in 75ms (next.js: 20ms, application-code: 55ms)
 GET /api/health 200 in 8ms (next.js: 3ms, application-code: 5ms)
 GET /api/workspaces/77c61882-3152-4cf0-a2df-779e541e5ab1/runs?limit=25 200 in 59ms (next.js: 21ms, application-code: 38ms)
 GET /api/runs/cf977564-ae42-4b0f-812c-87ab606e780d 200 in 46ms (next.js: 18ms, application-code: 28ms)
 GET /api/runs/cf977564-ae42-4b0f-812c-87ab606e780d 200 in 24ms (next.js: 4ms, application-code: 21ms)
 POST /api/approvals/518cd037-4be7-4107-844b-42b8df98416c/decide 200 in 52ms (next.js: 16ms, application-code: 36ms)
2026-09-29T02:11:02.324Z [worker] run cf977564-ae42-4b0f-812c-87ab606e780d claimed
 GET /api/runs/cf977564-ae42-4b0f-812c-87ab606e780d 200 in 31ms (next.js: 2ms, application-code: 28ms)
2026-09-29T02:11:02.389Z [worker] run cf977564-ae42-4b0f-812c-87ab606e780d done
 GET /api/runs/cf977564-ae42-4b0f-812c-87ab606e780d 200 in 28ms (next.js: 3ms, application-code: 26ms)
 DELETE /api/workspaces/77c61882-3152-4cf0-a2df-779e541e5ab1/members/a14f358e-5f3c-4da1-98f6-36986c081c26 200 in 45ms (next.js: 17ms, application-code: 27ms)
 GET /api/workspaces/77c61882-3152-4cf0-a2df-779e541e5ab1/members 200 in 51ms (next.js: 18ms, application-code: 33ms)
 GET /api/workspaces/77c61882-3152-4cf0-a2df-779e541e5ab1/invites 200 in 52ms (next.js: 38ms, application-code: 14ms)
 GET /api/workspaces/77c61882-3152-4cf0-a2df-779e541e5ab1/flows 404 in 47ms (next.js: 19ms, application-code: 28ms)
 GET /api/workspaces/77c61882-3152-4cf0-a2df-779e541e5ab1/audit 200 in 38ms (next.js: 19ms, application-code: 19ms)
 POST /api/auth/sign-up/email 200 in 98ms (next.js: 15ms, application-code: 83ms)
 GET /api/test/outbox?email=e2e-64291791%40flowline-e2e.test 200 in 7ms (next.js: 2ms, application-code: 4ms)
 POST /api/email 200 in 20ms (next.js: 2ms, application-code: 18ms)
 POST /api/auth/sign-in/email 200 in 78ms (next.js: 2ms, application-code: 76ms)
 POST /api/workspaces 201 in 34ms (next.js: 2ms, application-code: 32ms)
 POST /api/onboarding 200 in 22ms (next.js: 3ms, application-code: 19ms)
 POST /api/workspaces/dddfa21d-8171-498b-8be7-70f87185324a/flows 201 in 44ms (next.js: 15ms, application-code: 29ms)
 GET /w/e2e-71b14b/settings?tab=keys 200 in 67ms (next.js: 17ms, application-code: 50ms)
 GET /api/health 200 in 7ms (next.js: 3ms, application-code: 5ms)
 GET /api/workspaces/dddfa21d-8171-498b-8be7-70f87185324a/api-keys 200 in 32ms (next.js: 17ms, application-code: 15ms)
 POST /api/workspaces/dddfa21d-8171-498b-8be7-70f87185324a/api-keys 201 in 23ms (next.js: 3ms, application-code: 20ms)
 GET /api/workspaces/dddfa21d-8171-498b-8be7-70f87185324a/api-keys 200 in 17ms (next.js: 2ms, application-code: 15ms)
 GET /api/v1/flows 403 in 12ms (next.js: 5ms, application-code: 7ms)
 GET /api/workspaces/dddfa21d-8171-498b-8be7-70f87185324a/flows 200 in 15ms (next.js: 2ms, application-code: 12ms)
 POST /api/v1/flows/639409b8-2a52-4c9c-b6ea-c96fa18e3a93/runs 202 in 61ms (next.js: 19ms, application-code: 42ms)
2026-09-29T02:11:04.989Z [worker] run d14383cf-07a3-4f66-bd6a-e91630600e17 claimed
2026-09-29T02:11:05.043Z [worker] run d14383cf-07a3-4f66-bd6a-e91630600e17 done
 GET /w/e2e-71b14b/settings?tab=keys 200 in 67ms (next.js: 17ms, application-code: 50ms)
 GET /api/health 200 in 8ms (next.js: 3ms, application-code: 6ms)
 GET /api/workspaces/dddfa21d-8171-498b-8be7-70f87185324a/api-keys 200 in 19ms (next.js: 3ms, application-code: 16ms)
 DELETE /api/workspaces/dddfa21d-8171-498b-8be7-70f87185324a/api-keys/3bdd5247-1fe8-4ee9-a030-e021e3d7c6c8 200 in 44ms (next.js: 21ms, application-code: 23ms)
 GET /api/workspaces/dddfa21d-8171-498b-8be7-70f87185324a/api-keys 200 in 37ms (next.js: 2ms, application-code: 35ms)
 GET /api/workspaces/dddfa21d-8171-498b-8be7-70f87185324a/flows 200 in 36ms (next.js: 20ms, application-code: 16ms)
 POST /api/v1/flows/639409b8-2a52-4c9c-b6ea-c96fa18e3a93/runs 401 in 8ms (next.js: 3ms, application-code: 5ms)
 POST /api/auth/sign-up/email 200 in 99ms (next.js: 15ms, application-code: 84ms)
 GET /api/test/outbox?email=e2e-9bcad3df%40flowline-e2e.test 200 in 7ms (next.js: 1.9ms, application-code: 5ms)
 POST /api/email 200 in 22ms (next.js: 2.0ms, application-code: 20ms)
 POST /api/auth/sign-in/email 200 in 70ms (next.js: 2ms, application-code: 68ms)
 POST /api/workspaces 201 in 32ms (next.js: 2ms, application-code: 30ms)
 POST /api/onboarding 200 in 22ms (next.js: 2.0ms, application-code: 20ms)
 POST /api/workspaces/3cabb451-5213-456a-9e44-c17d9596f14a/ai/connections 201 in 75ms (next.js: 16ms, application-code: 59ms)
 PUT /api/workspaces/3cabb451-5213-456a-9e44-c17d9596f14a/ai/default-route 200 in 46ms (next.js: 17ms, application-code: 29ms)
 PUT /api/workspaces/3cabb451-5213-456a-9e44-c17d9596f14a/ai/policy 200 in 40ms (next.js: 18ms, application-code: 22ms)
 POST /api/workspaces/3cabb451-5213-456a-9e44-c17d9596f14a/flows 201 in 25ms (next.js: 3ms, application-code: 22ms)
 PUT /api/flows/33cb93b6-7af8-48d4-8d28-63b7a0e2c175 200 in 42ms (next.js: 18ms, application-code: 24ms)
 POST /api/flows/33cb93b6-7af8-48d4-8d28-63b7a0e2c175/publish 201 in 50ms (next.js: 19ms, application-code: 31ms)
 GET /w/e2e-8c57d4/knowledge 200 in 158ms (next.js: 23ms, application-code: 135ms)
 GET /api/health 200 in 11ms (next.js: 3ms, application-code: 7ms)
 GET /api/workspaces/3cabb451-5213-456a-9e44-c17d9596f14a/knowledge 200 in 38ms (next.js: 19ms, application-code: 19ms)
 POST /api/workspaces/3cabb451-5213-456a-9e44-c17d9596f14a/knowledge 201 in 32ms (next.js: 3ms, application-code: 28ms)
2026-09-29T02:11:07.174Z [worker] knowledge source indexed
 GET /api/workspaces/3cabb451-5213-456a-9e44-c17d9596f14a/knowledge 200 in 23ms (next.js: 3ms, application-code: 20ms)
 GET /w/e2e-8c57d4/agents 200 in 67ms (next.js: 17ms, application-code: 50ms)
 GET /api/health 200 in 8ms (next.js: 3ms, application-code: 5ms)
 GET /api/workspaces/3cabb451-5213-456a-9e44-c17d9596f14a/agents 200 in 66ms (next.js: 19ms, application-code: 48ms)
 GET /w/e2e-8c57d4/agents/new 200 in 36ms (next.js: 21ms, application-code: 16ms)
 GET /api/workspaces/3cabb451-5213-456a-9e44-c17d9596f14a/flows 200 in 70ms (next.js: 48ms, application-code: 22ms)
 GET /api/workspaces/3cabb451-5213-456a-9e44-c17d9596f14a/knowledge 200 in 70ms (next.js: 55ms, application-code: 16ms)
 GET /api/workspaces/3cabb451-5213-456a-9e44-c17d9596f14a/ai 200 in 83ms (next.js: 29ms, application-code: 54ms)
 GET /api/workspaces/3cabb451-5213-456a-9e44-c17d9596f14a/ai/models 200 in 51ms (next.js: 20ms, application-code: 32ms)
 POST /api/workspaces/3cabb451-5213-456a-9e44-c17d9596f14a/agents 201 in 43ms (next.js: 4ms, application-code: 40ms)
 GET /w/e2e-8c57d4/agents/35fb4644-ff25-41fa-a2f8-7b1dd6fee369 200 in 33ms (next.js: 18ms, application-code: 14ms)
 GET /api/agents/35fb4644-ff25-41fa-a2f8-7b1dd6fee369 200 in 38ms (next.js: 18ms, application-code: 20ms)
 GET /api/agents/35fb4644-ff25-41fa-a2f8-7b1dd6fee369/runs 200 in 43ms (next.js: 17ms, application-code: 26ms)
 POST /api/agents/35fb4644-ff25-41fa-a2f8-7b1dd6fee369/runs 202 in 59ms (next.js: 3ms, application-code: 57ms)
2026-09-29T02:11:08.294Z [worker] agent run cb7f6a43-021d-4418-8334-304dff1feb9a claimed
 GET /api/agent-runs/cb7f6a43-021d-4418-8334-304dff1feb9a 200 in 40ms (next.js: 22ms, application-code: 18ms)
2026-09-29T02:11:08.409Z [worker] agent run cb7f6a43-021d-4418-8334-304dff1feb9a succeeded
 GET /api/agent-runs/cb7f6a43-021d-4418-8334-304dff1feb9a 200 in 37ms (next.js: 14ms, application-code: 23ms)
 POST /api/agents/35fb4644-ff25-41fa-a2f8-7b1dd6fee369/runs 202 in 57ms (next.js: 16ms, application-code: 41ms)
2026-09-29T02:11:09.742Z [worker] agent run 7b5d26f5-0f49-47e3-bdde-c7aff91efeca claimed
 GET /api/agent-runs/7b5d26f5-0f49-47e3-bdde-c7aff91efeca 200 in 29ms (next.js: 2ms, application-code: 26ms)
2026-09-29T02:11:09.796Z [worker] agent run 7b5d26f5-0f49-47e3-bdde-c7aff91efeca waiting for approval
 GET /api/agent-runs/7b5d26f5-0f49-47e3-bdde-c7aff91efeca 200 in 37ms (next.js: 14ms, application-code: 23ms)
 POST /api/approvals/15633bf3-f0be-452f-a54a-e126afa9a762/decide 200 in 53ms (next.js: 16ms, application-code: 37ms)
2026-09-29T02:11:11.128Z [worker] agent run 7b5d26f5-0f49-47e3-bdde-c7aff91efeca claimed
 GET /api/agents/35fb4644-ff25-41fa-a2f8-7b1dd6fee369/runs 200 in 32ms (next.js: 19ms, application-code: 13ms)
 GET /api/agent-runs/7b5d26f5-0f49-47e3-bdde-c7aff91efeca 200 in 36ms (next.js: 2ms, application-code: 34ms)
2026-09-29T02:11:11.179Z [worker] run a1ab6afa-0bbe-4d24-8536-06e7a2f15ee9 claimed
2026-09-29T02:11:11.220Z [worker] run a1ab6afa-0bbe-4d24-8536-06e7a2f15ee9 done
2026-09-29T02:11:11.723Z [worker] agent run 7b5d26f5-0f49-47e3-bdde-c7aff91efeca succeeded
 GET /api/agent-runs/7b5d26f5-0f49-47e3-bdde-c7aff91efeca 200 in 39ms (next.js: 15ms, application-code: 24ms)
 GET /api/flows/33cb93b6-7af8-48d4-8d28-63b7a0e2c175/runs 200 in 27ms (next.js: 14ms, application-code: 13ms)
 POST /api/auth/sign-up/email 200 in 95ms (next.js: 16ms, application-code: 79ms)
 GET /api/test/outbox?email=e2e-4a8e13ef%40flowline-e2e.test 200 in 7ms (next.js: 2ms, application-code: 5ms)
 POST /api/email 200 in 21ms (next.js: 3ms, application-code: 19ms)
 POST /api/auth/sign-in/email 200 in 69ms (next.js: 2ms, application-code: 67ms)
 POST /api/workspaces 201 in 22ms (next.js: 2ms, application-code: 20ms)
 POST /api/onboarding 200 in 24ms (next.js: 1.9ms, application-code: 22ms)
 POST /api/workspaces/2cf56931-beb1-48ed-82cb-34f0b062a3b6/ai/connections 201 in 74ms (next.js: 17ms, application-code: 56ms)
 PUT /api/workspaces/2cf56931-beb1-48ed-82cb-34f0b062a3b6/ai/default-route 200 in 43ms (next.js: 15ms, application-code: 28ms)
 PUT /api/workspaces/2cf56931-beb1-48ed-82cb-34f0b062a3b6/ai/policy 200 in 47ms (next.js: 17ms, application-code: 31ms)
 GET /w/e2e-f1127f/flows 200 in 74ms (next.js: 18ms, application-code: 56ms)
 GET /api/health 200 in 9ms (next.js: 3ms, application-code: 6ms)
 GET /api/workspaces/2cf56931-beb1-48ed-82cb-34f0b062a3b6/flows 200 in 102ms (next.js: 79ms, application-code: 23ms)
 GET /api/workspaces/2cf56931-beb1-48ed-82cb-34f0b062a3b6/usage 200 in 104ms (next.js: 54ms, application-code: 50ms)
 GET /api/workspaces/2cf56931-beb1-48ed-82cb-34f0b062a3b6/overview 200 in 116ms (next.js: 22ms, application-code: 94ms)
 POST /api/workspaces/2cf56931-beb1-48ed-82cb-34f0b062a3b6/copilot 201 in 148ms (next.js: 21ms, application-code: 127ms)
 POST /api/workspaces/2cf56931-beb1-48ed-82cb-34f0b062a3b6/copilot/57f6599a-bd9a-477f-bbde-209ea5c09c8a 200 in 39ms (next.js: 18ms, application-code: 21ms)
 GET /api/workspaces/2cf56931-beb1-48ed-82cb-34f0b062a3b6/flows 200 in 30ms (next.js: 3ms, application-code: 27ms)
 POST /api/workspaces/2cf56931-beb1-48ed-82cb-34f0b062a3b6/copilot 201 in 116ms (next.js: 3ms, application-code: 113ms)
 POST /api/workspaces/2cf56931-beb1-48ed-82cb-34f0b062a3b6/copilot/96f6d9df-0873-4065-8add-ee955b6f8c1c 200 in 33ms (next.js: 3ms, application-code: 30ms)
 GET /w/e2e-f1127f/flows/f2f7ba60-0d23-43c9-9127-bea181f124ef 200 in 34ms (next.js: 18ms, application-code: 16ms)
 GET /api/flows/f2f7ba60-0d23-43c9-9127-bea181f124ef 200 in 39ms (next.js: 21ms, application-code: 18ms)
 GET /api/flows/f2f7ba60-0d23-43c9-9127-bea181f124ef/publish 200 in 52ms (next.js: 17ms, application-code: 35ms)
 GET /api/flows/f2f7ba60-0d23-43c9-9127-bea181f124ef/runs 200 in 31ms (next.js: 16ms, application-code: 15ms)
 GET /api/workspaces/2cf56931-beb1-48ed-82cb-34f0b062a3b6/flows 200 in 42ms (next.js: 18ms, application-code: 24ms)
 GET /api/flows/f2f7ba60-0d23-43c9-9127-bea181f124ef/runs 200 in 31ms (next.js: 3ms, application-code: 28ms)
 POST /api/auth/sign-up/email 200 in 103ms (next.js: 18ms, application-code: 85ms)
 GET /api/test/outbox?email=e2e-dfdcf6f3%40flowline-e2e.test 200 in 7ms (next.js: 1.9ms, application-code: 5ms)
 POST /api/email 200 in 22ms (next.js: 1.9ms, application-code: 20ms)
 POST /api/auth/sign-in/email 200 in 74ms (next.js: 2ms, application-code: 72ms)
 POST /api/workspaces 201 in 29ms (next.js: 2ms, application-code: 27ms)
 POST /api/onboarding 200 in 20ms (next.js: 3ms, application-code: 17ms)
 POST /api/workspaces/c8947d92-44ea-4254-9e54-8abcbe0b3726/ai/connections 201 in 83ms (next.js: 16ms, application-code: 67ms)
 PUT /api/workspaces/c8947d92-44ea-4254-9e54-8abcbe0b3726/ai/default-route 200 in 40ms (next.js: 17ms, application-code: 23ms)
 PUT /api/workspaces/c8947d92-44ea-4254-9e54-8abcbe0b3726/ai/policy 200 in 37ms (next.js: 17ms, application-code: 21ms)
 POST /api/workspaces/c8947d92-44ea-4254-9e54-8abcbe0b3726/flows 201 in 19ms (next.js: 3ms, application-code: 16ms)
 PUT /api/flows/1d536977-35c5-4ed3-b4e4-9070604a3408 200 in 52ms (next.js: 18ms, application-code: 34ms)
 POST /api/flows/1d536977-35c5-4ed3-b4e4-9070604a3408/publish 201 in 34ms (next.js: 3ms, application-code: 31ms)
 POST /api/workspaces/c8947d92-44ea-4254-9e54-8abcbe0b3726/agents 201 in 55ms (next.js: 17ms, application-code: 38ms)
 POST /api/workspaces/c8947d92-44ea-4254-9e54-8abcbe0b3726/invites 201 in 60ms (next.js: 17ms, application-code: 43ms)
 POST /api/auth/sign-up/email 200 in 115ms (next.js: 19ms, application-code: 96ms)
 GET /api/test/outbox?email=vw-92a3a7a5%40flowline-e2e.test 200 in 9ms (next.js: 3ms, application-code: 6ms)
 POST /api/email 200 in 28ms (next.js: 2ms, application-code: 25ms)
 POST /api/auth/sign-in/email 200 in 77ms (next.js: 2ms, application-code: 74ms)
 POST /api/invites/67IHdF2Bkr8ePM0mUfU9bPrAUOUMPYscCYYG65obf1Y 200 in 55ms (next.js: 18ms, application-code: 37ms)
 GET /w/e2e-191503/agents/80437ef4-a7ac-43c4-90f6-355d0ada36ec 200 in 79ms (next.js: 23ms, application-code: 56ms)
 GET /api/health 200 in 9ms (next.js: 3ms, application-code: 6ms)
 GET /api/agents/80437ef4-a7ac-43c4-90f6-355d0ada36ec 200 in 36ms (next.js: 20ms, application-code: 16ms)
 GET /api/agents/80437ef4-a7ac-43c4-90f6-355d0ada36ec/runs 200 in 48ms (next.js: 17ms, application-code: 31ms)
 POST /api/agents/80437ef4-a7ac-43c4-90f6-355d0ada36ec/runs 202 in 53ms (next.js: 3ms, application-code: 50ms)
2026-09-29T02:11:17.435Z [worker] agent run bd557a9d-fc78-4ebd-862a-d92e564bca2a claimed
2026-09-29T02:11:17.497Z [worker] agent run bd557a9d-fc78-4ebd-862a-d92e564bca2a waiting for approval
 GET /api/agent-runs/bd557a9d-fc78-4ebd-862a-d92e564bca2a 200 in 51ms (next.js: 19ms, application-code: 32ms)
 GET /w/e2e-191503/flows 200 in 69ms (next.js: 17ms, application-code: 52ms)
 GET /api/health 200 in 10ms (next.js: 4ms, application-code: 7ms)
 GET /api/workspaces/c8947d92-44ea-4254-9e54-8abcbe0b3726/flows 200 in 64ms (next.js: 44ms, application-code: 20ms)
 GET /api/workspaces/c8947d92-44ea-4254-9e54-8abcbe0b3726/usage 200 in 66ms (next.js: 21ms, application-code: 45ms)
 GET /api/workspaces/c8947d92-44ea-4254-9e54-8abcbe0b3726/overview 200 in 101ms (next.js: 21ms, application-code: 80ms)
 GET /w/e2e-191503/agents/80437ef4-a7ac-43c4-90f6-355d0ada36ec?tab=runs&run=bd557a9d-fc78-4ebd-862a-d92e564bca2a 200 in 37ms (next.js: 22ms, application-code: 15ms)
 GET /api/agents/80437ef4-a7ac-43c4-90f6-355d0ada36ec 200 in 38ms (next.js: 18ms, application-code: 19ms)
 GET /api/agents/80437ef4-a7ac-43c4-90f6-355d0ada36ec/runs 200 in 47ms (next.js: 19ms, application-code: 28ms)
 GET /api/agent-runs/bd557a9d-fc78-4ebd-862a-d92e564bca2a 200 in 53ms (next.js: 18ms, application-code: 35ms)
 GET /w/e2e-191503/agents/80437ef4-a7ac-43c4-90f6-355d0ada36ec 200 in 56ms (next.js: 3ms, application-code: 52ms)
 GET /api/health 200 in 8ms (next.js: 3ms, application-code: 6ms)
 GET /api/agents/80437ef4-a7ac-43c4-90f6-355d0ada36ec 200 in 31ms (next.js: 3ms, application-code: 29ms)
 GET /api/agents/80437ef4-a7ac-43c4-90f6-355d0ada36ec/runs 200 in 29ms (next.js: 3ms, application-code: 27ms)
 GET /api/agent-runs/bd557a9d-fc78-4ebd-862a-d92e564bca2a 200 in 46ms (next.js: 19ms, application-code: 27ms)
2026-09-29T02:11:19.609Z [worker] agent run bd557a9d-fc78-4ebd-862a-d92e564bca2a claimed
 POST /api/approvals/59a7ad43-09bf-4139-91e3-b723a536132c/decide 200 in 58ms (next.js: 17ms, application-code: 41ms)
 GET /api/agents/80437ef4-a7ac-43c4-90f6-355d0ada36ec/runs 200 in 32ms (next.js: 20ms, application-code: 11ms)
 GET /api/agent-runs/bd557a9d-fc78-4ebd-862a-d92e564bca2a 200 in 35ms (next.js: 2ms, application-code: 33ms)
2026-09-29T02:11:19.668Z [worker] run 39bcc85f-d3d7-4bbb-b673-11aee6c227c8 claimed
2026-09-29T02:11:19.708Z [worker] run 39bcc85f-d3d7-4bbb-b673-11aee6c227c8 done
2026-09-29T02:11:20.213Z [worker] agent run bd557a9d-fc78-4ebd-862a-d92e564bca2a succeeded
 GET /api/agent-runs/bd557a9d-fc78-4ebd-862a-d92e564bca2a 200 in 38ms (next.js: 15ms, application-code: 23ms)
 GET /api/flows/1d536977-35c5-4ed3-b4e4-9070604a3408/runs 200 in 32ms (next.js: 16ms, application-code: 16ms)
 POST /api/auth/sign-up/email 200 in 101ms (next.js: 16ms, application-code: 85ms)
 GET /api/test/outbox?email=e2e-d0ed16b8%40flowline-e2e.test 200 in 8ms (next.js: 3ms, application-code: 5ms)
 POST /api/email 200 in 23ms (next.js: 2ms, application-code: 21ms)
 POST /api/auth/sign-in/email 200 in 73ms (next.js: 3ms, application-code: 70ms)
 POST /api/workspaces 201 in 23ms (next.js: 2ms, application-code: 21ms)
 POST /api/onboarding 200 in 25ms (next.js: 2ms, application-code: 23ms)
 GET /w/e2e-e5609e/knowledge 200 in 65ms (next.js: 16ms, application-code: 49ms)
 GET /api/health 200 in 13ms (next.js: 5ms, application-code: 8ms)
 GET /api/workspaces/b7caa0b9-f687-49a0-9874-4f8b980559a7/knowledge 200 in 40ms (next.js: 24ms, application-code: 16ms)
 GET /sign-in 200 in 39ms (next.js: 3ms, application-code: 36ms)
 GET /api/auth-config 200 in 8ms (next.js: 2ms, application-code: 6ms)
 GET /api/sso/start?workspace=no-such-workspace-xyz 307 in 14ms (next.js: 4ms, application-code: 10ms)
 GET /sign-in?sso_error=SSO%20isn%27t%20set%20up%20for%20that%20workspace 200 in 33ms (next.js: 3ms, application-code: 30ms)
 GET /api/auth-config 200 in 8ms (next.js: 2ms, application-code: 6ms)
 GET /sign-in 200 in 31ms (next.js: 3ms, application-code: 28ms)
 GET /api/auth-config 200 in 8ms (next.js: 2ms, application-code: 5ms)
[auth] User not found
 POST /api/auth/sign-in/email 401 in 88ms (next.js: 21ms, application-code: 67ms)
 POST /api/auth/sign-up/email 200 in 95ms (next.js: 15ms, application-code: 80ms)
 GET /api/test/outbox?email=e2e-388c6f27%40flowline-e2e.test 200 in 8ms (next.js: 2ms, application-code: 5ms)
 POST /api/email 200 in 22ms (next.js: 2ms, application-code: 20ms)
 POST /api/auth/sign-in/email 200 in 70ms (next.js: 2ms, application-code: 68ms)
 POST /api/workspaces 201 in 27ms (next.js: 2ms, application-code: 25ms)
 POST /api/onboarding 200 in 17ms (next.js: 1.9ms, application-code: 15ms)
 POST /api/workspaces/a402481d-ca97-4639-8117-6ead073de1a5/flows 201 in 30ms (next.js: 16ms, application-code: 14ms)
 POST /api/auth/sign-up/email 200 in 76ms (next.js: 2ms, application-code: 73ms)
 GET /api/test/outbox?email=e2e-94e03167%40flowline-e2e.test 200 in 6ms (next.js: 2ms, application-code: 4ms)
 POST /api/email 200 in 18ms (next.js: 2ms, application-code: 16ms)
 POST /api/auth/sign-in/email 200 in 68ms (next.js: 1.9ms, application-code: 67ms)
 POST /api/workspaces 201 in 22ms (next.js: 2ms, application-code: 19ms)
 POST /api/onboarding 200 in 13ms (next.js: 2ms, application-code: 11ms)
 POST /api/workspaces/aba66ff5-59f2-4f69-877a-7d58320fca53/flows 201 in 32ms (next.js: 2ms, application-code: 30ms)
 POST /api/flows/8825bd48-d5af-4e91-bdd4-ae4428967c4b/runs 202 in 70ms (next.js: 15ms, application-code: 55ms)
2026-09-29T02:11:38.998Z [worker] run bc5e002e-262c-4a2d-afbb-89c46c9aa338 claimed
 GET /api/runs/bc5e002e-262c-4a2d-afbb-89c46c9aa338 200 in 46ms (next.js: 16ms, application-code: 29ms)
2026-09-29T02:11:39.048Z [worker] run bc5e002e-262c-4a2d-afbb-89c46c9aa338 done
 GET /api/runs/bc5e002e-262c-4a2d-afbb-89c46c9aa338 200 in 27ms (next.js: 3ms, application-code: 24ms)
 GET /w/tenant-b-7/flows 200 in 71ms (next.js: 19ms, application-code: 53ms)
 GET /api/health 200 in 9ms (next.js: 3ms, application-code: 7ms)
 GET /api/workspaces/aba66ff5-59f2-4f69-877a-7d58320fca53/flows 200 in 76ms (next.js: 56ms, application-code: 20ms)
 GET /api/workspaces/aba66ff5-59f2-4f69-877a-7d58320fca53/usage 200 in 78ms (next.js: 37ms, application-code: 40ms)
 GET /api/workspaces/aba66ff5-59f2-4f69-877a-7d58320fca53/overview 200 in 87ms (next.js: 18ms, application-code: 70ms)
 GET /w/tenant-b-7/runs 200 in 67ms (next.js: 16ms, application-code: 51ms)
 GET /api/health 200 in 7ms (next.js: 2ms, application-code: 5ms)
 GET /api/workspaces/aba66ff5-59f2-4f69-877a-7d58320fca53/runs?limit=25 200 in 33ms (next.js: 20ms, application-code: 14ms)
 GET /w/tenant-a-7/flows 404 in 81ms (next.js: 19ms, application-code: 62ms)
 GET /w/tenant-b-7/flows/8825bd48-d5af-4e91-bdd4-ae4428967c4b 200 in 78ms (next.js: 22ms, application-code: 56ms)
 GET /api/health 200 in 7ms (next.js: 3ms, application-code: 5ms)
 GET /api/flows/8825bd48-d5af-4e91-bdd4-ae4428967c4b 404 in 49ms (next.js: 18ms, application-code: 30ms)
 GET /api/flows/8825bd48-d5af-4e91-bdd4-ae4428967c4b 404 in 14ms (next.js: 2ms, application-code: 12ms)
 GET /api/runs/bc5e002e-262c-4a2d-afbb-89c46c9aa338 404 in 42ms (next.js: 16ms, application-code: 26ms)
 GET /api/workspaces/a402481d-ca97-4639-8117-6ead073de1a5/runs 404 in 17ms (next.js: 3ms, application-code: 15ms)
 GET /api/workspaces/a402481d-ca97-4639-8117-6ead073de1a5/flows 404 in 25ms (next.js: 16ms, application-code: 9ms)
 GET /api/flows/8825bd48-d5af-4e91-bdd4-ae4428967c4b/versions 404 in 36ms (next.js: 16ms, application-code: 20ms)
 PUT /api/flows/8825bd48-d5af-4e91-bdd4-ae4428967c4b 404 in 27ms (next.js: 2ms, application-code: 24ms)
 POST /api/flows/8825bd48-d5af-4e91-bdd4-ae4428967c4b/runs 404 in 31ms (next.js: 18ms, application-code: 12ms)
 POST /api/runs/bc5e002e-262c-4a2d-afbb-89c46c9aa338/rerun 404 in 35ms (next.js: 15ms, application-code: 20ms)
 GET /api/flows/8825bd48-d5af-4e91-bdd4-ae4428967c4b 200 in 26ms (next.js: 3ms, application-code: 23ms)
[?25h
 ELIFECYCLE  Command failed with exit code 1.
