
> flowline@0.1.0 dev:test C:\Users\Abdelrahman\Desktop\Personal_Project\FL-wt-aihub
> node scripts/dev-test.mjs

npm warn Unknown env config "npm-globalconfig". This will stop working in the next major version of npm.
npm warn Unknown env config "verify-deps-before-run". This will stop working in the next major version of npm.
npm warn Unknown env config "_jsr-registry". This will stop working in the next major version of npm.
[seed-platform] test platform credentials ready
npm warn Unknown env config "npm-globalconfig". This will stop working in the next major version of npm.
npm warn Unknown env config "verify-deps-before-run". This will stop working in the next major version of npm.
npm warn Unknown env config "_jsr-registry". This will stop working in the next major version of npm.
npm warn Unknown env config "npm-globalconfig". This will stop working in the next major version of npm.
npm warn Unknown env config "verify-deps-before-run". This will stop working in the next major version of npm.
npm warn Unknown env config "_jsr-registry". This will stop working in the next major version of npm.
npm warn Unknown env config "npm-globalconfig". This will stop working in the next major version of npm.
npm warn Unknown env config "verify-deps-before-run". This will stop working in the next major version of npm.
npm warn Unknown env config "_jsr-registry". This will stop working in the next major version of npm.
npm warn Unknown env config "npm-globalconfig". This will stop working in the next major version of npm.
npm warn Unknown env config "verify-deps-before-run". This will stop working in the next major version of npm.
npm warn Unknown env config "_jsr-registry". This will stop working in the next major version of npm.
[fake-ai] listening on http://127.0.0.1:4021
Fake provider server listening on http://127.0.0.1:4020
Control API: POST http://127.0.0.1:4020/__fake/reset | GET http://127.0.0.1:4020/__fake/requests?provider=slack | GET http://127.0.0.1:4020/__fake/state/slack | POST http://127.0.0.1:4020/__fake/fault
▲ Next.js 16.3.6 (Turbopack)
- Local:         http://localhost:3100
- Network:       http://100.73.156.121:3100
- Environments: .env
✓ Ready in 402ms
✓ Running next.config.ts took 168ms
2026-09-29T08:13:10.034Z [worker] starting LAPTOP-AGGSOJ7U-41668-60fe95
2026-09-29T08:13:10.094Z [worker] agent run 6b4ae6e1-82fc-4486-b7ac-8f9314df4cef claimed
2026-09-29T08:13:10.099Z [worker] agent run f239bea8-8dec-4900-8a05-8792ef3fbcd7 claimed
2026-09-29T08:13:10.116Z [worker] agent run fb60a918-c79c-45cd-b1ed-55789cc4a818 claimed
2026-09-29T08:13:10.131Z [worker] agent run 4d4cdb67-a8c9-4c6b-980b-315d279add60 claimed
2026-09-29T08:13:10.202Z [worker] agent run 6b4ae6e1-82fc-4486-b7ac-8f9314df4cef succeeded
2026-09-29T08:13:10.206Z [worker] agent run f239bea8-8dec-4900-8a05-8792ef3fbcd7 succeeded
2026-09-29T08:13:10.212Z [worker] agent run fb60a918-c79c-45cd-b1ed-55789cc4a818 succeeded
2026-09-29T08:13:10.220Z [worker] agent run 4d4cdb67-a8c9-4c6b-980b-315d279add60 succeeded
2026-09-29T08:13:10.222Z [worker] agent run 20de60af-42ef-430a-807c-3a552022d565 claimed
2026-09-29T08:13:10.224Z [worker] agent run 8074d409-a673-4478-bfea-1d1110da5e07 claimed
2026-09-29T08:13:10.226Z [worker] agent run b95f6b15-f4dc-4037-bd0e-9d49ced6a038 claimed
2026-09-29T08:13:10.228Z [worker] agent run 6b7272d7-4099-4b1c-98f5-760f3cd4cf68 claimed
2026-09-29T08:13:10.289Z [worker] agent run 6b7272d7-4099-4b1c-98f5-760f3cd4cf68 succeeded
2026-09-29T08:13:10.292Z [worker] agent run 1468a116-17e4-4631-b3af-066f8628e386 claimed
2026-09-29T08:13:10.293Z [worker] agent run b95f6b15-f4dc-4037-bd0e-9d49ced6a038 succeeded
2026-09-29T08:13:10.296Z [worker] agent run 8074d409-a673-4478-bfea-1d1110da5e07 succeeded
2026-09-29T08:13:10.297Z [worker] agent run 90c7e7ad-9423-49ca-b7eb-3b0e4baa329d claimed
2026-09-29T08:13:10.300Z [worker] agent run 1468a116-17e4-4631-b3af-066f8628e386 failed
2026-09-29T08:13:10.304Z [worker] agent run 20de60af-42ef-430a-807c-3a552022d565 succeeded
2026-09-29T08:13:10.304Z [worker] agent run 90c7e7ad-9423-49ca-b7eb-3b0e4baa329d failed

 GET /api/health?require=worker 200 in 381ms (next.js: 281ms, application-code: 100ms)
 GET /api/health 200 in 9ms (next.js: 2ms, application-code: 6ms)
 GET /sign-in 200 in 308ms (next.js: 150ms, application-code: 157ms)
 GET /sign-up 200 in 45ms (next.js: 17ms, application-code: 28ms)
 GET /w 404 in 46ms (next.js: 22ms, application-code: 24ms)
[auth] [better-auth] Cookie integration plugin "next-cookies" should be placed last in the plugins array. Plugins with `hooks.after` running after it may set cookies that are not forwarded to the framework cookie store. Move your cookie integration plugin to the end of the `plugins` array to avoid missing `Set-Cookie` headers.
 GET /admin 404 in 323ms (next.js: 178ms, application-code: 145ms)
 GET /admin/setup 200 in 42ms (next.js: 17ms, application-code: 25ms)
 GET /api/health?require=worker 200 in 7ms (next.js: 2.0ms, application-code: 5ms)
 GET /api/health?require=worker 200 in 6ms (next.js: 1.6ms, application-code: 4ms)
 GET /admin/setup 200 in 34ms (next.js: 11ms, application-code: 23ms)
 GET /api/platform/setup 404 in 142ms (next.js: 115ms, application-code: 27ms)
 POST /api/platform/setup/redeem 200 in 107ms (next.js: 67ms, application-code: 40ms)
[auth] [better-auth] Cookie integration plugin "next-cookies" should be placed last in the plugins array. Plugins with `hooks.after` running after it may set cookies that are not forwarded to the framework cookie store. Move your cookie integration plugin to the end of the `plugins` array to avoid missing `Set-Cookie` headers.
 GET /api/platform/setup 200 in 24ms (next.js: 2ms, application-code: 22ms)
2026-09-29T08:13:20.161Z [worker] run 90e251ad-a4e2-444a-9843-3a5980be9a2d claimed
2026-09-29T08:13:20.260Z [worker] run 90e251ad-a4e2-444a-9843-3a5980be9a2d done
2026-09-29T08:13:20.381Z [worker] run ae42a800-d55c-4471-8c34-716f16221efc claimed
2026-09-29T08:13:20.386Z [worker] run ba30cafe-00a6-4523-a678-1aaa7a54d3c4 claimed
2026-09-29T08:13:20.392Z [worker] run d2138947-9249-43b8-abdf-6a5a4a3d59d3 claimed
 POST /api/auth/sign-up/email 200 in 991ms (next.js: 844ms, application-code: 146ms)
2026-09-29T08:13:20.416Z [worker] run ae42a800-d55c-4471-8c34-716f16221efc done
2026-09-29T08:13:20.419Z [worker] run ba30cafe-00a6-4523-a678-1aaa7a54d3c4 done
2026-09-29T08:13:20.425Z [worker] run a09e4aa0-09a9-4eb0-90c4-c6b1fdac4c8e claimed
2026-09-29T08:13:20.431Z [worker] run ddf1919c-3c78-4937-867a-8e853315fb7c claimed
2026-09-29T08:13:20.433Z [worker] run d2138947-9249-43b8-abdf-6a5a4a3d59d3 done
2026-09-29T08:13:20.437Z [worker] run 36f7cd1e-c7f2-4094-9e54-118c202f64d4 claimed
2026-09-29T08:13:20.453Z [worker] run 333993e9-cbbf-4969-af68-537c8ed1b4b7 claimed
2026-09-29T08:13:20.459Z [worker] run a09e4aa0-09a9-4eb0-90c4-c6b1fdac4c8e done
 GET /api/test/outbox?email=platform-admin-902f5d58%40flowline-e2e.test 200 in 54ms (next.js: 44ms, application-code: 10ms)
2026-09-29T08:13:20.468Z [worker] run abe125d0-331c-4886-9143-d66afb2428ca claimed
2026-09-29T08:13:20.474Z [worker] run 36f7cd1e-c7f2-4094-9e54-118c202f64d4 done
2026-09-29T08:13:20.475Z [worker] run ddf1919c-3c78-4937-867a-8e853315fb7c done
2026-09-29T08:13:20.489Z [worker] run 333993e9-cbbf-4969-af68-537c8ed1b4b7 done
2026-09-29T08:13:20.492Z [worker] run 25222ef3-bf1b-475a-b6fe-aed0aad7db21 claimed
2026-09-29T08:13:20.498Z [worker] run ca906b98-b15b-4dc1-9cab-02612db77cc3 claimed
2026-09-29T08:13:20.506Z [worker] run abe125d0-331c-4886-9143-d66afb2428ca done
2026-09-29T08:13:20.516Z [worker] run 75ce7d1f-f906-487b-bde3-5c8b2c9287d0 claimed
2026-09-29T08:13:20.528Z [worker] run 25222ef3-bf1b-475a-b6fe-aed0aad7db21 done
2026-09-29T08:13:20.538Z [worker] run ca906b98-b15b-4dc1-9cab-02612db77cc3 done
2026-09-29T08:13:20.547Z [worker] run 75ce7d1f-f906-487b-bde3-5c8b2c9287d0 done
 POST /api/email 200 in 105ms (next.js: 77ms, application-code: 28ms)
2026-09-29T08:13:20.670Z [worker] run f7233abb-9279-4975-a314-4584f0ecb865 claimed
 POST /api/auth/sign-in/email 200 in 95ms (next.js: 18ms, application-code: 76ms)
2026-09-29T08:13:20.675Z [worker] run f61727b7-e65c-41bf-967e-a8f8fffaddaf claimed
2026-09-29T08:13:20.680Z [worker] run 182451c8-4fbc-47da-92fd-bc180b157a1e claimed
 GET /admin/setup 200 in 28ms (next.js: 3ms, application-code: 25ms)
2026-09-29T08:13:20.710Z [worker] run f61727b7-e65c-41bf-967e-a8f8fffaddaf done
2026-09-29T08:13:20.712Z [worker] run f7233abb-9279-4975-a314-4584f0ecb865 done
2026-09-29T08:13:20.717Z [worker] run 182451c8-4fbc-47da-92fd-bc180b157a1e done
2026-09-29T08:13:20.720Z [worker] run 8bfc9fd9-4c63-4bc7-a551-95c97feb1907 claimed
2026-09-29T08:13:20.726Z [worker] run b6c20959-d810-4288-b0ca-d6fbfdbd056d claimed
2026-09-29T08:13:20.732Z [worker] run 7fdc0051-0448-45c2-b9eb-81c1148e339f claimed
2026-09-29T08:13:20.738Z [worker] run f20dab5e-26fd-47a9-be37-e3d09db22967 claimed
2026-09-29T08:13:20.758Z [worker] run 8bfc9fd9-4c63-4bc7-a551-95c97feb1907 done
2026-09-29T08:13:20.766Z [worker] run b6c20959-d810-4288-b0ca-d6fbfdbd056d done
2026-09-29T08:13:20.766Z [worker] run 889d26d8-2ec0-48e7-a349-5dde78f5188e claimed
2026-09-29T08:13:20.771Z [worker] run 7fdc0051-0448-45c2-b9eb-81c1148e339f done
2026-09-29T08:13:20.772Z [worker] run a4246482-d73b-467b-8285-55dc07f92279 claimed
2026-09-29T08:13:20.775Z [worker] run f20dab5e-26fd-47a9-be37-e3d09db22967 done
2026-09-29T08:13:20.778Z [worker] run 6be40829-02ec-4057-aebf-65fa11386b0e claimed
2026-09-29T08:13:20.802Z [worker] run 889d26d8-2ec0-48e7-a349-5dde78f5188e done
2026-09-29T08:13:20.806Z [worker] run a4246482-d73b-467b-8285-55dc07f92279 done
 GET /api/platform/setup 200 in 31ms (next.js: 2ms, application-code: 28ms)
2026-09-29T08:13:20.809Z [worker] run 6be40829-02ec-4057-aebf-65fa11386b0e done
2026-09-29T08:13:20.810Z [worker] run 45858599-4533-4673-a421-77e14f5e625e claimed
2026-09-29T08:13:20.837Z [worker] run 45858599-4533-4673-a421-77e14f5e625e done
2026-09-29T08:13:20.919Z [worker] run 8b88d929-8327-4db8-bc9d-d3937762433b claimed
2026-09-29T08:13:20.923Z [worker] run 24556d7d-b315-409f-be5c-eff9f4345e52 claimed
2026-09-29T08:13:20.930Z [worker] run a142762a-e84f-46e1-b801-7be78731d43b claimed
2026-09-29T08:13:20.950Z [worker] run 8b88d929-8327-4db8-bc9d-d3937762433b done
2026-09-29T08:13:20.957Z [worker] run b26ec107-5e01-4b76-a336-f83619b9f3d5 claimed
2026-09-29T08:13:20.958Z [worker] run 24556d7d-b315-409f-be5c-eff9f4345e52 done
2026-09-29T08:13:20.961Z [worker] run a142762a-e84f-46e1-b801-7be78731d43b done
2026-09-29T08:13:20.962Z [worker] run 560060b3-29a8-4cd6-a138-680d96c1dff4 claimed
2026-09-29T08:13:20.967Z [worker] run 8a802dc5-215a-40e4-8438-bc8a3bd76d9f claimed
 POST /api/auth/two-factor/enable 200 in 82ms (next.js: 1.8ms, application-code: 80ms)
2026-09-29T08:13:20.988Z [worker] run b26ec107-5e01-4b76-a336-f83619b9f3d5 done
2026-09-29T08:13:20.996Z [worker] run 560060b3-29a8-4cd6-a138-680d96c1dff4 done
2026-09-29T08:13:20.996Z [worker] run 557474a0-4430-4fb1-b8b5-1cf430a67731 claimed
2026-09-29T08:13:20.999Z [worker] run 8a802dc5-215a-40e4-8438-bc8a3bd76d9f done
2026-09-29T08:13:21.003Z [worker] run 6d74cd9e-6ad9-4a00-a7fd-9a68b21b5b1c claimed
2026-09-29T08:13:21.008Z [worker] run 7d2ba1e7-7a44-45ae-8fe1-ba142a9e6124 claimed
2026-09-29T08:13:21.026Z [worker] run 557474a0-4430-4fb1-b8b5-1cf430a67731 done
2026-09-29T08:13:21.034Z [worker] run 03a7147b-3d00-4154-9f2a-b2fc013e3eec claimed
2026-09-29T08:13:21.036Z [worker] run 6d74cd9e-6ad9-4a00-a7fd-9a68b21b5b1c done
2026-09-29T08:13:21.041Z [worker] run 7d2ba1e7-7a44-45ae-8fe1-ba142a9e6124 done
2026-09-29T08:13:21.063Z [worker] run 03a7147b-3d00-4154-9f2a-b2fc013e3eec done
 POST /api/auth/two-factor/verify-totp 200 in 28ms (next.js: 2ms, application-code: 25ms)
 GET /api/platform/setup 200 in 19ms (next.js: 1.7ms, application-code: 17ms)
2026-09-29T08:13:21.123Z [worker] run 44443019-68d9-4565-925e-505ba20d4d8e claimed
2026-09-29T08:13:21.128Z [worker] run feb68f27-91dd-4922-aacf-f2b1f82f7ad5 claimed
2026-09-29T08:13:21.133Z [worker] run 4e9855ac-e0da-4deb-9cbf-34c9fa0a4f49 claimed
2026-09-29T08:13:21.156Z [worker] run 44443019-68d9-4565-925e-505ba20d4d8e done
2026-09-29T08:13:21.159Z [worker] run feb68f27-91dd-4922-aacf-f2b1f82f7ad5 done
2026-09-29T08:13:21.163Z [worker] run d8d7efed-969e-4355-88df-d484906e34e2 claimed
2026-09-29T08:13:21.166Z [worker] run 4e9855ac-e0da-4deb-9cbf-34c9fa0a4f49 done
2026-09-29T08:13:21.168Z [worker] run 2437d0fd-7738-4da7-a8d5-61586252f0d1 claimed
2026-09-29T08:13:21.174Z [worker] run 698da892-289c-486c-913c-84eafca31e26 claimed
2026-09-29T08:13:21.197Z [worker] run d8d7efed-969e-4355-88df-d484906e34e2 done
2026-09-29T08:13:21.201Z [worker] run 2437d0fd-7738-4da7-a8d5-61586252f0d1 done
2026-09-29T08:13:21.204Z [worker] run 73a6b702-bf5f-4a10-91f3-9150c82467cd claimed
2026-09-29T08:13:21.208Z [worker] run 698da892-289c-486c-913c-84eafca31e26 done
2026-09-29T08:13:21.210Z [worker] run 401c8ebd-1964-4179-82e4-cc522242aa3a claimed
2026-09-29T08:13:21.216Z [worker] run 33ebed37-3fc3-4a3c-abbb-56de81e26888 claimed
2026-09-29T08:13:21.238Z [worker] run 73a6b702-bf5f-4a10-91f3-9150c82467cd done
2026-09-29T08:13:21.243Z [worker] run 401c8ebd-1964-4179-82e4-cc522242aa3a done
2026-09-29T08:13:21.244Z [worker] run 56143891-446d-4353-be7f-8228f4353c3e claimed
2026-09-29T08:13:21.248Z [worker] run 33ebed37-3fc3-4a3c-abbb-56de81e26888 done
 POST /api/platform/setup/complete 200 in 77ms (next.js: 34ms, application-code: 44ms)
2026-09-29T08:13:21.271Z [worker] run 56143891-446d-4353-be7f-8228f4353c3e done
 GET /admin 200 in 51ms (next.js: 9ms, application-code: 42ms)
2026-09-29T08:13:21.386Z [worker] run 5b15dde2-6555-4e3d-a0e6-2ea56821fe33 claimed
2026-09-29T08:13:21.392Z [worker] run 3f37ecc2-d269-4a68-9c04-7d122ce0b412 claimed
2026-09-29T08:13:21.397Z [worker] run 8bb28def-14a1-483d-b816-a8fcd27af6a6 claimed
2026-09-29T08:13:21.420Z [worker] run 5b15dde2-6555-4e3d-a0e6-2ea56821fe33 done
2026-09-29T08:13:21.426Z [worker] run 3f37ecc2-d269-4a68-9c04-7d122ce0b412 done
2026-09-29T08:13:21.427Z [worker] run c1213031-0680-4c68-8a37-f10db2e12df7 claimed
2026-09-29T08:13:21.431Z [worker] run 8bb28def-14a1-483d-b816-a8fcd27af6a6 done
2026-09-29T08:13:21.434Z [worker] run e7540232-54b8-4d41-ab49-5b79ecb20a99 claimed
2026-09-29T08:13:21.440Z [worker] run 88591684-4948-4c72-8867-50f96e86b55b claimed
2026-09-29T08:13:21.464Z [worker] run c1213031-0680-4c68-8a37-f10db2e12df7 done
2026-09-29T08:13:21.468Z [worker] run e7540232-54b8-4d41-ab49-5b79ecb20a99 done
2026-09-29T08:13:21.471Z [worker] run 88591684-4948-4c72-8867-50f96e86b55b done
2026-09-29T08:13:21.472Z [worker] run a72ac9ce-6e37-46fe-93e2-1beff90e7e7b claimed
2026-09-29T08:13:21.477Z [worker] run 3c5ed1b5-9280-4be8-8c99-58eba5997d9d claimed
2026-09-29T08:13:21.482Z [worker] run faf5897a-c397-416d-8f6d-5b5c42b4bc81 claimed
 GET /api/platform/me 200 in 97ms (next.js: 36ms, application-code: 62ms)
2026-09-29T08:13:21.504Z [worker] run a72ac9ce-6e37-46fe-93e2-1beff90e7e7b done
2026-09-29T08:13:21.510Z [worker] run 3c5ed1b5-9280-4be8-8c99-58eba5997d9d done
2026-09-29T08:13:21.512Z [worker] run e25aa0d1-cd66-43d8-bd1b-17b744e2bd49 claimed
2026-09-29T08:13:21.516Z [worker] run faf5897a-c397-416d-8f6d-5b5c42b4bc81 done
 GET /api/platform/credentials 200 in 122ms (next.js: 82ms, application-code: 40ms)
2026-09-29T08:13:21.540Z [worker] run e25aa0d1-cd66-43d8-bd1b-17b744e2bd49 done
2026-09-29T08:13:21.575Z [worker] run b5d01e62-f6b0-4110-b196-24abe9748290 claimed
2026-09-29T08:13:21.581Z [worker] run 92298171-4e3b-45cb-9a30-07c46b3a3935 claimed
2026-09-29T08:13:21.587Z [worker] run 61d34a7a-4a83-4443-9f9a-f59079aa01b9 claimed
2026-09-29T08:13:21.607Z [worker] run b5d01e62-f6b0-4110-b196-24abe9748290 done
2026-09-29T08:13:21.613Z [worker] run 92298171-4e3b-45cb-9a30-07c46b3a3935 done
2026-09-29T08:13:21.617Z [worker] run 5cec1604-890b-4b32-9b79-6e589985f8a6 claimed
2026-09-29T08:13:21.619Z [worker] run 61d34a7a-4a83-4443-9f9a-f59079aa01b9 done
2026-09-29T08:13:21.622Z [worker] run fd5bd711-7b0a-46cc-ab44-0880413c8054 claimed
2026-09-29T08:13:21.627Z [worker] run fd84bfc4-56ae-4a1c-bcae-4e70574158da claimed
2026-09-29T08:13:21.633Z [worker] run aa5128c7-41a3-476e-8ec2-0b755f5237a9 claimed
2026-09-29T08:13:21.653Z [worker] run 5cec1604-890b-4b32-9b79-6e589985f8a6 done
2026-09-29T08:13:21.657Z [worker] run fd5bd711-7b0a-46cc-ab44-0880413c8054 done
2026-09-29T08:13:21.663Z [worker] run 67c71600-42f5-4222-be45-164c217626ac claimed
2026-09-29T08:13:21.666Z [worker] run fd84bfc4-56ae-4a1c-bcae-4e70574158da done
2026-09-29T08:13:21.669Z [worker] run 5719a236-9181-4f80-8a83-1e0a35c5a4e4 claimed
2026-09-29T08:13:21.670Z [worker] run aa5128c7-41a3-476e-8ec2-0b755f5237a9 done
2026-09-29T08:13:21.674Z [worker] run 02c9f856-b458-4fda-af6f-142625d86d5b claimed
 GET /api/platform/admins 200 in 99ms (next.js: 36ms, application-code: 63ms)
 GET /api/platform/audit 200 in 102ms (next.js: 71ms, application-code: 31ms)
2026-09-29T08:13:21.696Z [worker] run 67c71600-42f5-4222-be45-164c217626ac done
2026-09-29T08:13:21.703Z [worker] run 5719a236-9181-4f80-8a83-1e0a35c5a4e4 done
2026-09-29T08:13:21.706Z [worker] run 02c9f856-b458-4fda-af6f-142625d86d5b done
2026-09-29T08:13:21.706Z [worker] run b3d35128-0672-415c-a644-e0d0a8205225 claimed
2026-09-29T08:13:21.736Z [worker] run b3d35128-0672-415c-a644-e0d0a8205225 done
2026-09-29T08:13:21.818Z [worker] run c9494aaf-8076-4055-a51e-a1227fc86f12 claimed
2026-09-29T08:13:21.823Z [worker] run c4e62e1b-2c93-4615-a066-232684f271e8 claimed
2026-09-29T08:13:21.828Z [worker] run 7f88f203-0314-48a8-8aae-c5f207be7aca claimed
2026-09-29T08:13:21.849Z [worker] run c9494aaf-8076-4055-a51e-a1227fc86f12 done
2026-09-29T08:13:21.856Z [worker] run c4e62e1b-2c93-4615-a066-232684f271e8 done
2026-09-29T08:13:21.856Z [worker] run 6734846d-518d-40fd-8c8d-55f71f326f56 claimed
2026-09-29T08:13:21.859Z [worker] run 7f88f203-0314-48a8-8aae-c5f207be7aca done
 POST /api/platform/step-up 200 in 79ms (next.js: 33ms, application-code: 46ms)
2026-09-29T08:13:21.863Z [worker] run ba6346ed-c8fc-4026-97d3-827689ce9f52 claimed
2026-09-29T08:13:21.867Z [worker] run e009b93a-f6c2-4759-90aa-620c344ba94f claimed
2026-09-29T08:13:21.888Z [worker] run 6734846d-518d-40fd-8c8d-55f71f326f56 done
2026-09-29T08:13:21.895Z [worker] run ba6346ed-c8fc-4026-97d3-827689ce9f52 done
2026-09-29T08:13:21.896Z [worker] run ea9568e0-1237-4b49-9a8b-a8421b532320 claimed
 GET /api/platform/me 200 in 20ms (next.js: 2.0ms, application-code: 18ms)
2026-09-29T08:13:21.901Z [worker] run e009b93a-f6c2-4759-90aa-620c344ba94f done
2026-09-29T08:13:21.902Z [worker] run 7df4b902-b581-4132-a2b1-351e86b6d3f2 claimed
2026-09-29T08:13:21.907Z [worker] run da96633d-ee57-41b8-bd50-abe40440dfde claimed
2026-09-29T08:13:21.928Z [worker] run ea9568e0-1237-4b49-9a8b-a8421b532320 done
2026-09-29T08:13:21.935Z [worker] run 7df4b902-b581-4132-a2b1-351e86b6d3f2 done
2026-09-29T08:13:21.936Z [worker] run 87bc6e36-17c2-40c9-8419-f0489171029e claimed
2026-09-29T08:13:21.941Z [worker] run da96633d-ee57-41b8-bd50-abe40440dfde done
2026-09-29T08:13:21.964Z [worker] run 87bc6e36-17c2-40c9-8419-f0489171029e done
2026-09-29T08:13:22.033Z [worker] run 0497d049-16a7-486a-94db-2d21b4069dcd claimed
2026-09-29T08:13:22.037Z [worker] run ab39b2d9-f4ce-4f18-a9e4-3b2259dd2dfe claimed
2026-09-29T08:13:22.042Z [worker] run b397b4b3-cbf2-437f-b5b1-e95bccac8019 claimed
2026-09-29T08:13:22.063Z [worker] run 0497d049-16a7-486a-94db-2d21b4069dcd done
2026-09-29T08:13:22.068Z [worker] run ab39b2d9-f4ce-4f18-a9e4-3b2259dd2dfe done
2026-09-29T08:13:22.070Z [worker] run 7444fd87-6d07-40c2-acf8-cdbfd073ae05 claimed
2026-09-29T08:13:22.073Z [worker] run b397b4b3-cbf2-437f-b5b1-e95bccac8019 done
2026-09-29T08:13:22.075Z [worker] run 744d500f-cf0d-48d1-93e9-2c63f37819ff claimed
2026-09-29T08:13:22.081Z [worker] run 170108a9-fe82-4366-b44d-1576ac44c967 claimed
2026-09-29T08:13:22.100Z [worker] run 7444fd87-6d07-40c2-acf8-cdbfd073ae05 done
2026-09-29T08:13:22.106Z [worker] run 744d500f-cf0d-48d1-93e9-2c63f37819ff done
2026-09-29T08:13:22.107Z [worker] run 35da9117-7d63-41d7-bb93-c65a57b68d4c claimed
2026-09-29T08:13:22.111Z [worker] run b2b8b15f-8174-461f-b0ae-1ef612487d17 claimed
2026-09-29T08:13:22.116Z [worker] run 170108a9-fe82-4366-b44d-1576ac44c967 done
2026-09-29T08:13:22.119Z [worker] run 87b4c8a5-1926-45be-8e0e-b99a5dd8633b claimed
2026-09-29T08:13:22.140Z [worker] run 35da9117-7d63-41d7-bb93-c65a57b68d4c done
2026-09-29T08:13:22.143Z [worker] run b2b8b15f-8174-461f-b0ae-1ef612487d17 done
2026-09-29T08:13:22.148Z [worker] run a6b7f9d1-1e2a-4585-a357-affba02f8aba claimed
2026-09-29T08:13:22.151Z [worker] run 87b4c8a5-1926-45be-8e0e-b99a5dd8633b done
2026-09-29T08:13:22.177Z [worker] run a6b7f9d1-1e2a-4585-a357-affba02f8aba done
2026-09-29T08:13:22.221Z [worker] run f7c0eef2-5203-4950-9986-078f5acbece4 claimed
2026-09-29T08:13:22.226Z [worker] run 53864c14-6715-47c2-80e9-f3a51102537e claimed
2026-09-29T08:13:22.231Z [worker] run 6d0f5ecd-a395-4864-992f-fa21de3f9211 claimed
2026-09-29T08:13:22.253Z [worker] run f7c0eef2-5203-4950-9986-078f5acbece4 done
2026-09-29T08:13:22.257Z [worker] run 53864c14-6715-47c2-80e9-f3a51102537e done
2026-09-29T08:13:22.261Z [worker] run 807e8fc2-d273-44d6-8405-8282adf46bab claimed
2026-09-29T08:13:22.262Z [worker] run 6d0f5ecd-a395-4864-992f-fa21de3f9211 done
2026-09-29T08:13:22.266Z [worker] run ee4cb1b3-6707-4fc5-906c-3b69ebeac463 claimed
2026-09-29T08:13:22.271Z [worker] run b4abfc5e-e01a-44aa-9a84-b743fc7e6a22 claimed
2026-09-29T08:13:22.288Z [worker] run 807e8fc2-d273-44d6-8405-8282adf46bab done
2026-09-29T08:13:22.294Z [worker] run ee4cb1b3-6707-4fc5-906c-3b69ebeac463 done
2026-09-29T08:13:22.296Z [worker] run 735ee488-58f6-4fd2-b062-46e45db0a229 claimed
2026-09-29T08:13:22.300Z [worker] run 15903365-88e4-4d0f-a85c-c873a160bc32 claimed
2026-09-29T08:13:22.304Z [worker] run b4abfc5e-e01a-44aa-9a84-b743fc7e6a22 done
2026-09-29T08:13:22.305Z [worker] run 57313d08-2168-43e3-bf33-322f0830e256 claimed
2026-09-29T08:13:22.325Z [worker] run 735ee488-58f6-4fd2-b062-46e45db0a229 done
2026-09-29T08:13:22.330Z [worker] run 15903365-88e4-4d0f-a85c-c873a160bc32 done
2026-09-29T08:13:22.332Z [worker] run 87603c48-34a5-42a5-a232-67b35f5babd4 claimed
2026-09-29T08:13:22.333Z [worker] run 57313d08-2168-43e3-bf33-322f0830e256 done
2026-09-29T08:13:22.358Z [worker] run 87603c48-34a5-42a5-a232-67b35f5babd4 done
2026-09-29T08:13:22.419Z [worker] run d317e169-10a4-481b-87de-9b3306635336 claimed
2026-09-29T08:13:22.423Z [worker] run 2128dedb-3260-4bf4-9b7f-97b47ce81f25 claimed
2026-09-29T08:13:22.427Z [worker] run 3f56594d-b4ed-494c-8b1a-cc292fee5f11 claimed
2026-09-29T08:13:22.446Z [worker] run d317e169-10a4-481b-87de-9b3306635336 done
2026-09-29T08:13:22.448Z [worker] run 2128dedb-3260-4bf4-9b7f-97b47ce81f25 done
2026-09-29T08:13:22.452Z [worker] run 37a996fb-1802-4757-9db0-2907221bc78b claimed
2026-09-29T08:13:22.452Z [worker] run 3f56594d-b4ed-494c-8b1a-cc292fee5f11 done
2026-09-29T08:13:22.456Z [worker] run e57be68e-95ef-4e61-8a93-9c4b6bf00de0 claimed
2026-09-29T08:13:22.460Z [worker] run c05c853f-d1ac-4f6e-9477-c5acc758ba6e claimed
2026-09-29T08:13:22.465Z [worker] run e816def0-0141-49de-90e9-68adba33556e claimed
2026-09-29T08:13:22.482Z [worker] run 37a996fb-1802-4757-9db0-2907221bc78b done
2026-09-29T08:13:22.485Z [worker] run e57be68e-95ef-4e61-8a93-9c4b6bf00de0 done
2026-09-29T08:13:22.490Z [worker] run ac068b4c-93c2-49b6-80d8-1d724613710d claimed
2026-09-29T08:13:22.493Z [worker] run c05c853f-d1ac-4f6e-9477-c5acc758ba6e done
2026-09-29T08:13:22.495Z [worker] run 4402a27e-a9b0-45ea-ab40-5a036620170c claimed
2026-09-29T08:13:22.496Z [worker] run e816def0-0141-49de-90e9-68adba33556e done
2026-09-29T08:13:22.501Z [worker] run ebfadbe6-9bcc-4e3a-9b02-2e695cd8e36e claimed
2026-09-29T08:13:22.517Z [worker] run ac068b4c-93c2-49b6-80d8-1d724613710d done
2026-09-29T08:13:22.523Z [worker] run 4402a27e-a9b0-45ea-ab40-5a036620170c done
2026-09-29T08:13:22.524Z [worker] run fac8f2c7-c3e3-482e-b13f-a799d2387917 claimed
2026-09-29T08:13:22.528Z [worker] run ebfadbe6-9bcc-4e3a-9b02-2e695cd8e36e done
2026-09-29T08:13:22.548Z [worker] run fac8f2c7-c3e3-482e-b13f-a799d2387917 done
2026-09-29T08:13:22.619Z [worker] run bae32fa1-9a81-42a4-b0ba-3119c240f406 claimed
2026-09-29T08:13:22.623Z [worker] run 11b5ef4e-f2b4-4290-91b6-29f99ba8be3b claimed
2026-09-29T08:13:22.630Z [worker] run 863814b4-d84d-4afa-bac3-c01efe9b3b85 claimed
2026-09-29T08:13:22.650Z [worker] run bae32fa1-9a81-42a4-b0ba-3119c240f406 done
2026-09-29T08:13:22.657Z [worker] run 11b5ef4e-f2b4-4290-91b6-29f99ba8be3b done
2026-09-29T08:13:22.660Z [worker] run 0d3fcff3-3117-422f-a390-6289d437f980 claimed
2026-09-29T08:13:22.665Z [worker] run 863814b4-d84d-4afa-bac3-c01efe9b3b85 done
2026-09-29T08:13:22.665Z [worker] run 5609593b-c851-450b-9089-7739c1bdd7ce claimed
2026-09-29T08:13:22.670Z [worker] run 6ef308f0-e8eb-40d7-adf9-081070ddd9d4 claimed
2026-09-29T08:13:22.674Z [worker] run 67fa24fd-93bd-4743-828f-aff98c6280f2 claimed
2026-09-29T08:13:22.694Z [worker] run 0d3fcff3-3117-422f-a390-6289d437f980 done
2026-09-29T08:13:22.695Z [worker] run 5609593b-c851-450b-9089-7739c1bdd7ce done
2026-09-29T08:13:22.700Z [worker] run 6ef308f0-e8eb-40d7-adf9-081070ddd9d4 done
2026-09-29T08:13:22.702Z [worker] run f13ac6d3-69ef-43f0-9905-68ae3318eeae claimed
2026-09-29T08:13:22.706Z [worker] run 67fa24fd-93bd-4743-828f-aff98c6280f2 done
2026-09-29T08:13:22.707Z [worker] run 2d85a0ae-1c7e-4d43-a6ef-ead186667447 claimed
2026-09-29T08:13:22.713Z [worker] run d32e65b9-865a-48ce-9a5f-dcb57dfaff63 claimed
2026-09-29T08:13:22.733Z [worker] run f13ac6d3-69ef-43f0-9905-68ae3318eeae done
2026-09-29T08:13:22.738Z [worker] run 2d85a0ae-1c7e-4d43-a6ef-ead186667447 done
2026-09-29T08:13:22.741Z [worker] run fc7b0e13-429e-48df-933e-7b84dd67c812 claimed
2026-09-29T08:13:22.746Z [worker] run d32e65b9-865a-48ce-9a5f-dcb57dfaff63 done
2026-09-29T08:13:22.767Z [worker] run fc7b0e13-429e-48df-933e-7b84dd67c812 done
2026-09-29T08:13:22.842Z [worker] run 44778be0-0b27-4070-8eb4-ae8f0f2bcb41 claimed
2026-09-29T08:13:22.847Z [worker] run 32bb0a06-6140-449f-98b1-412ae09a2ba8 claimed
2026-09-29T08:13:22.852Z [worker] run c1fd7fbf-5131-4861-928f-591a71d191cd claimed
2026-09-29T08:13:22.870Z [worker] run 44778be0-0b27-4070-8eb4-ae8f0f2bcb41 done
2026-09-29T08:13:22.875Z [worker] run 32bb0a06-6140-449f-98b1-412ae09a2ba8 done
2026-09-29T08:13:22.877Z [worker] run d618228d-b42a-415d-923f-c701aa4372d0 claimed
2026-09-29T08:13:22.882Z [worker] run c1fd7fbf-5131-4861-928f-591a71d191cd done
2026-09-29T08:13:22.883Z [worker] run dbd19bb2-255a-45ee-9c64-04915230115a claimed
2026-09-29T08:13:22.888Z [worker] run 437c9428-9ff6-42a8-8140-f01622d1fc19 claimed
2026-09-29T08:13:22.906Z [worker] run d618228d-b42a-415d-923f-c701aa4372d0 done
2026-09-29T08:13:22.911Z [worker] run dbd19bb2-255a-45ee-9c64-04915230115a done
2026-09-29T08:13:22.913Z [worker] run 5d6b4726-79bb-4485-9989-1f98aa431afd claimed
2026-09-29T08:13:22.918Z [worker] run 9937d17e-8a93-401b-9f05-1660790e925e claimed
2026-09-29T08:13:22.919Z [worker] run 437c9428-9ff6-42a8-8140-f01622d1fc19 done
2026-09-29T08:13:22.923Z [worker] run 3a45d192-741a-4a6e-9dd7-6f408d651c18 claimed
2026-09-29T08:13:22.942Z [worker] run 5d6b4726-79bb-4485-9989-1f98aa431afd done
2026-09-29T08:13:22.947Z [worker] run 9937d17e-8a93-401b-9f05-1660790e925e done
2026-09-29T08:13:22.948Z [worker] run f79ad68c-467a-4adb-a816-1645f5888ae6 claimed
2026-09-29T08:13:22.951Z [worker] run 3a45d192-741a-4a6e-9dd7-6f408d651c18 done
2026-09-29T08:13:22.973Z [worker] run f79ad68c-467a-4adb-a816-1645f5888ae6 done
 PUT /api/platform/credentials/integration.github 200 in 873ms (next.js: 835ms, application-code: 38ms)
2026-09-29T08:13:23.017Z [worker] run 9062c7e3-9eae-4168-b403-a6b8ca5da75d claimed
 GET /api/platform/credentials 200 in 28ms (next.js: 1.6ms, application-code: 27ms)
2026-09-29T08:13:23.044Z [worker] run 9062c7e3-9eae-4168-b403-a6b8ca5da75d done
2026-09-29T08:13:23.187Z [worker] run 5a970b8e-0559-4174-9a04-6047aa236c37 claimed
 GET /admin 200 in 47ms (next.js: 2ms, application-code: 44ms)
2026-09-29T08:13:23.191Z [worker] run 4aff8a29-06b1-432c-ad9d-d03161b4bcda claimed
2026-09-29T08:13:23.196Z [worker] run 75ae1741-f52e-4a27-b094-c63d9c4e4f66 claimed
2026-09-29T08:13:23.221Z [worker] run 5a970b8e-0559-4174-9a04-6047aa236c37 done
2026-09-29T08:13:23.225Z [worker] run 4aff8a29-06b1-432c-ad9d-d03161b4bcda done
2026-09-29T08:13:23.228Z [worker] run 75ae1741-f52e-4a27-b094-c63d9c4e4f66 done
2026-09-29T08:13:23.229Z [worker] run 02c97d13-e886-4cf8-8850-013634561707 claimed
2026-09-29T08:13:23.234Z [worker] run dc7c770e-ce46-4347-ba76-3fd689902008 claimed
2026-09-29T08:13:23.242Z [worker] run e2547cfd-7b5d-4bfa-aee4-291345b0af49 claimed
2026-09-29T08:13:23.263Z [worker] run 02c97d13-e886-4cf8-8850-013634561707 done
2026-09-29T08:13:23.266Z [worker] run dc7c770e-ce46-4347-ba76-3fd689902008 done
2026-09-29T08:13:23.269Z [worker] run f4eb2795-e9a0-4167-8279-3a6fabc5b038 claimed
2026-09-29T08:13:23.274Z [worker] run e5e93b7b-66cf-4f64-ae35-0aeca6d90c54 claimed
2026-09-29T08:13:23.276Z [worker] run e2547cfd-7b5d-4bfa-aee4-291345b0af49 done
2026-09-29T08:13:23.281Z [worker] run 44ca0847-bb19-4a59-8022-ab88275b195e claimed
2026-09-29T08:13:23.299Z [worker] run f4eb2795-e9a0-4167-8279-3a6fabc5b038 done
2026-09-29T08:13:23.308Z [worker] run e5e93b7b-66cf-4f64-ae35-0aeca6d90c54 done
2026-09-29T08:13:23.308Z [worker] run b0626bc0-3905-4ebd-8b7f-c1f0b5d57347 claimed
 GET /api/platform/me 200 in 16ms (next.js: 1.9ms, application-code: 14ms)
2026-09-29T08:13:23.313Z [worker] run 44ca0847-bb19-4a59-8022-ab88275b195e done
 GET /api/platform/credentials 200 in 23ms (next.js: 5ms, application-code: 17ms)
2026-09-29T08:13:23.335Z [worker] run b0626bc0-3905-4ebd-8b7f-c1f0b5d57347 done
 GET /api/platform/audit 200 in 19ms (next.js: 5ms, application-code: 14ms)
 GET /api/platform/admins 200 in 20ms (next.js: 2ms, application-code: 18ms)
2026-09-29T08:13:23.552Z [worker] run 17b92309-e0f3-4cd4-9a7c-0c49cf206e71 claimed
2026-09-29T08:13:23.557Z [worker] run c9947601-95dd-4dc8-ade3-23d4f974cef5 claimed
2026-09-29T08:13:23.561Z [worker] run 23b99293-8762-4c2e-8e85-2a6c76252476 claimed
2026-09-29T08:13:23.578Z [worker] run 17b92309-e0f3-4cd4-9a7c-0c49cf206e71 done
2026-09-29T08:13:23.584Z [worker] run 766ef2aa-c1fe-4afd-a8ca-8a2f3abaed49 claimed
2026-09-29T08:13:23.585Z [worker] run c9947601-95dd-4dc8-ade3-23d4f974cef5 done
2026-09-29T08:13:23.589Z [worker] run cc8dd0e6-4c1d-48dc-9355-67319b0ade3e claimed
2026-09-29T08:13:23.590Z [worker] run 23b99293-8762-4c2e-8e85-2a6c76252476 done
2026-09-29T08:13:23.593Z [worker] run 7c38c2eb-4615-42d7-99a6-238737cdb11b claimed
2026-09-29T08:13:23.613Z [worker] run 766ef2aa-c1fe-4afd-a8ca-8a2f3abaed49 done
2026-09-29T08:13:23.616Z [worker] run cc8dd0e6-4c1d-48dc-9355-67319b0ade3e done
2026-09-29T08:13:23.619Z [worker] run 7bb5f81d-e281-4dd5-bfb9-16bb9bbafb18 claimed
2026-09-29T08:13:23.622Z [worker] run 7c38c2eb-4615-42d7-99a6-238737cdb11b done
2026-09-29T08:13:23.624Z [worker] run 212fb85d-4b1c-429c-8f7e-471e84d79006 claimed
2026-09-29T08:13:23.629Z [worker] run b219a771-7307-45de-b970-44ea97169a42 claimed
2026-09-29T08:13:23.645Z [worker] run 7bb5f81d-e281-4dd5-bfb9-16bb9bbafb18 done
2026-09-29T08:13:23.650Z [worker] run 212fb85d-4b1c-429c-8f7e-471e84d79006 done
2026-09-29T08:13:23.652Z [worker] run 53964355-32d2-482f-973c-08849712dd10 claimed
2026-09-29T08:13:23.656Z [worker] run b219a771-7307-45de-b970-44ea97169a42 done
2026-09-29T08:13:23.677Z [worker] run 53964355-32d2-482f-973c-08849712dd10 done
2026-09-29T08:13:23.711Z [worker] run 6dc64618-8dbf-451d-a620-fd58c61d13f2 claimed
2026-09-29T08:13:23.716Z [worker] run 3c0ca6ea-8368-48db-ae38-fe6157fd2dba claimed
2026-09-29T08:13:23.721Z [worker] run f9da54b7-89f2-48a0-bebb-5385580cadfc claimed
2026-09-29T08:13:23.740Z [worker] run 6dc64618-8dbf-451d-a620-fd58c61d13f2 done
2026-09-29T08:13:23.748Z [worker] run 3c0ca6ea-8368-48db-ae38-fe6157fd2dba done
2026-09-29T08:13:23.750Z [worker] run 514c9790-e6c2-4915-a951-14547acae70f claimed
2026-09-29T08:13:23.754Z [worker] run f9da54b7-89f2-48a0-bebb-5385580cadfc done
2026-09-29T08:13:23.755Z [worker] run 66818c54-f749-469e-9d35-9eccdca1425b claimed
2026-09-29T08:13:23.760Z [worker] run 25ab733b-5f85-4297-9a30-6bfbac5a02b2 claimed
2026-09-29T08:13:23.780Z [worker] run 514c9790-e6c2-4915-a951-14547acae70f done
2026-09-29T08:13:23.785Z [worker] run 66818c54-f749-469e-9d35-9eccdca1425b done
2026-09-29T08:13:23.788Z [worker] run dcd1009e-ea28-4660-932f-ea8f3c203ee1 claimed
2026-09-29T08:13:23.792Z [worker] run dd4fc97b-9bc8-4016-b9b4-733442a3acaa claimed
2026-09-29T08:13:23.794Z [worker] run 25ab733b-5f85-4297-9a30-6bfbac5a02b2 done
2026-09-29T08:13:23.798Z [worker] run 36ea300e-e479-4cfc-a5aa-12a9ef484419 claimed
2026-09-29T08:13:23.816Z [worker] run dcd1009e-ea28-4660-932f-ea8f3c203ee1 done
2026-09-29T08:13:23.824Z [worker] run dd4fc97b-9bc8-4016-b9b4-733442a3acaa done
2026-09-29T08:13:23.824Z [worker] run e8a3e138-cb36-4722-9364-e34ecd81d21a claimed
2026-09-29T08:13:23.829Z [worker] run 36ea300e-e479-4cfc-a5aa-12a9ef484419 done
2026-09-29T08:13:23.850Z [worker] run e8a3e138-cb36-4722-9364-e34ecd81d21a done
2026-09-29T08:13:23.886Z [worker] run cc8a43ea-8ee0-4497-8724-f45f59ab9a6c claimed
2026-09-29T08:13:23.890Z [worker] run 853aa4a1-8540-4ba1-a010-79971fec26a1 claimed
2026-09-29T08:13:23.895Z [worker] run 60ea0865-9ad3-4092-9a83-30762775798e claimed
2026-09-29T08:13:23.918Z [worker] run cc8a43ea-8ee0-4497-8724-f45f59ab9a6c done
2026-09-29T08:13:23.923Z [worker] run 853aa4a1-8540-4ba1-a010-79971fec26a1 done
2026-09-29T08:13:23.926Z [worker] run ca5fe327-f57f-4b60-848c-5e159c69b51b claimed
2026-09-29T08:13:23.928Z [worker] run 60ea0865-9ad3-4092-9a83-30762775798e done
2026-09-29T08:13:23.932Z [worker] run 3609e184-5cd7-4f3e-8464-df7e7674a21f claimed
2026-09-29T08:13:23.937Z [worker] run cec18504-bcaf-4b6d-b460-8b6554ac27ee claimed
2026-09-29T08:13:23.958Z [worker] run ca5fe327-f57f-4b60-848c-5e159c69b51b done
2026-09-29T08:13:23.963Z [worker] run 3609e184-5cd7-4f3e-8464-df7e7674a21f done
2026-09-29T08:13:23.966Z [worker] run 97092603-3656-4b7e-8b72-60b1952ece97 claimed
2026-09-29T08:13:23.968Z [worker] run cec18504-bcaf-4b6d-b460-8b6554ac27ee done
2026-09-29T08:13:23.971Z [worker] run a67b4920-fa67-4208-a10c-b6d0923ee91a claimed
2026-09-29T08:13:23.977Z [worker] run 90abd5a1-7ee2-4aff-b34d-b75b336e70dc claimed
2026-09-29T08:13:23.997Z [worker] run 97092603-3656-4b7e-8b72-60b1952ece97 done
2026-09-29T08:13:24.002Z [worker] run a67b4920-fa67-4208-a10c-b6d0923ee91a done
2026-09-29T08:13:24.005Z [worker] run 7f7c7c34-6e1e-4aa7-a089-cf98a7df7f61 claimed
2026-09-29T08:13:24.009Z [worker] run 90abd5a1-7ee2-4aff-b34d-b75b336e70dc done
2026-09-29T08:13:24.034Z [worker] run 7f7c7c34-6e1e-4aa7-a089-cf98a7df7f61 done
2026-09-29T08:13:24.075Z [worker] run 393d99dd-ca1b-49b3-82d3-93018f36abb6 claimed
2026-09-29T08:13:24.079Z [worker] run bf4e592c-4c23-44f2-9965-64ae9fc942b4 claimed
2026-09-29T08:13:24.084Z [worker] run 59081262-24c4-4242-9610-ca2b2661cf3d claimed
2026-09-29T08:13:24.105Z [worker] run 393d99dd-ca1b-49b3-82d3-93018f36abb6 done
2026-09-29T08:13:24.107Z [worker] run bf4e592c-4c23-44f2-9965-64ae9fc942b4 done
2026-09-29T08:13:24.113Z [worker] run 2b07448d-45f9-4330-a02e-5613904c4af1 claimed
2026-09-29T08:13:24.116Z [worker] run 59081262-24c4-4242-9610-ca2b2661cf3d done
2026-09-29T08:13:24.119Z [worker] run efd671f8-0720-4f87-bb8b-81e02e95b010 claimed
2026-09-29T08:13:24.125Z [worker] run aa11f826-254f-47ba-8b0b-a779013d9659 claimed
2026-09-29T08:13:24.142Z [worker] run 2b07448d-45f9-4330-a02e-5613904c4af1 done
2026-09-29T08:13:24.150Z [worker] run efd671f8-0720-4f87-bb8b-81e02e95b010 done
2026-09-29T08:13:24.150Z [worker] run c1595cb8-a666-451d-a868-f29f0b38bced claimed
2026-09-29T08:13:24.155Z [worker] run 50d255fb-50d5-46b3-b2c7-499c70c2ebad claimed
2026-09-29T08:13:24.157Z [worker] run aa11f826-254f-47ba-8b0b-a779013d9659 done
2026-09-29T08:13:24.160Z [worker] run 2ad47feb-bdb7-4062-889f-f7df8ef6e32d claimed
2026-09-29T08:13:24.178Z [worker] run c1595cb8-a666-451d-a868-f29f0b38bced done
2026-09-29T08:13:24.186Z [worker] run 0bb1b704-b85c-407c-8f6a-efa626369152 claimed
2026-09-29T08:13:24.187Z [worker] run 50d255fb-50d5-46b3-b2c7-499c70c2ebad done
2026-09-29T08:13:24.190Z [worker] run 2ad47feb-bdb7-4062-889f-f7df8ef6e32d done
2026-09-29T08:13:24.212Z [worker] run 0bb1b704-b85c-407c-8f6a-efa626369152 done
2026-09-29T08:13:24.251Z [worker] run 12fcbd4b-af75-40a1-a0f2-2a312488f444 claimed
2026-09-29T08:13:24.255Z [worker] run 4030678a-8806-4a44-a536-08c40e130f78 claimed
2026-09-29T08:13:24.260Z [worker] run 6f0ac435-5c6c-432d-9c79-8cceff04209a claimed
2026-09-29T08:13:24.279Z [worker] run 12fcbd4b-af75-40a1-a0f2-2a312488f444 done
2026-09-29T08:13:24.286Z [worker] run 6d503f03-9ffb-4c3c-b047-8bd67b30fe01 claimed
2026-09-29T08:13:24.287Z [worker] run 4030678a-8806-4a44-a536-08c40e130f78 done
2026-09-29T08:13:24.290Z [worker] run 4d429409-1966-43d3-ad0f-bb5e6b712f76 claimed
2026-09-29T08:13:24.292Z [worker] run 6f0ac435-5c6c-432d-9c79-8cceff04209a done
2026-09-29T08:13:24.296Z [worker] run b1621833-331c-4e5c-87ea-1577372517c3 claimed
2026-09-29T08:13:24.314Z [worker] run 6d503f03-9ffb-4c3c-b047-8bd67b30fe01 done
2026-09-29T08:13:24.319Z [worker] run 4d429409-1966-43d3-ad0f-bb5e6b712f76 done
2026-09-29T08:13:24.320Z [worker] run 2457e528-ee9e-4d73-bb50-6f6a923a0b69 claimed
2026-09-29T08:13:24.324Z [worker] run b1621833-331c-4e5c-87ea-1577372517c3 done
2026-09-29T08:13:24.324Z [worker] run ba89b763-5a2f-423f-9bc4-e0ae7f5420a9 claimed
2026-09-29T08:13:24.329Z [worker] run b8885022-0a5e-4460-add1-805211086cec claimed
2026-09-29T08:13:24.347Z [worker] run 2457e528-ee9e-4d73-bb50-6f6a923a0b69 done
2026-09-29T08:13:24.353Z [worker] run ba89b763-5a2f-423f-9bc4-e0ae7f5420a9 done
2026-09-29T08:13:24.354Z [worker] run e221f343-c712-4f27-96cb-36294bd4d7cb claimed
2026-09-29T08:13:24.360Z [worker] run b8885022-0a5e-4460-add1-805211086cec done
2026-09-29T08:13:24.377Z [worker] run e221f343-c712-4f27-96cb-36294bd4d7cb done
2026-09-29T08:13:24.418Z [worker] run d4c4f380-626c-46d3-9e4f-35d05bbf0be6 claimed
2026-09-29T08:13:24.423Z [worker] run 4ea56d11-1357-486c-a0b6-485d21bedf6b claimed
2026-09-29T08:13:24.428Z [worker] run ba64444f-0708-4bf0-9a84-a32fe303161b claimed
2026-09-29T08:13:24.451Z [worker] run d4c4f380-626c-46d3-9e4f-35d05bbf0be6 done
2026-09-29T08:13:24.456Z [worker] run 4ea56d11-1357-486c-a0b6-485d21bedf6b done
2026-09-29T08:13:24.460Z [worker] run 27015b47-2188-469d-b1eb-8bfb9b3aa1ba claimed
2026-09-29T08:13:24.462Z [worker] run ba64444f-0708-4bf0-9a84-a32fe303161b done
2026-09-29T08:13:24.465Z [worker] run 71e56090-06da-4110-92f8-89d847b2056b claimed
2026-09-29T08:13:24.470Z [worker] run 77ef3b57-a408-4d3b-bea1-3f38d8c8f565 claimed
2026-09-29T08:13:24.475Z [worker] run 686424c9-bdac-4a7f-b6b9-d4e5c0b1b4e0 claimed
2026-09-29T08:13:24.494Z [worker] run 27015b47-2188-469d-b1eb-8bfb9b3aa1ba done
2026-09-29T08:13:24.498Z [worker] run 71e56090-06da-4110-92f8-89d847b2056b done
2026-09-29T08:13:24.501Z [worker] run 6846da5d-cbad-4d69-b574-080645073da8 claimed
2026-09-29T08:13:24.503Z [worker] run 77ef3b57-a408-4d3b-bea1-3f38d8c8f565 done
2026-09-29T08:13:24.507Z [worker] run fe74cd0c-22b0-417d-95fc-3197f168fa33 claimed
2026-09-29T08:13:24.509Z [worker] run 686424c9-bdac-4a7f-b6b9-d4e5c0b1b4e0 done
2026-09-29T08:13:24.513Z [worker] run 47cdea55-2292-48b1-8cdd-c0f81f2f86ce claimed
2026-09-29T08:13:24.532Z [worker] run 6846da5d-cbad-4d69-b574-080645073da8 done
2026-09-29T08:13:24.537Z [worker] run fe74cd0c-22b0-417d-95fc-3197f168fa33 done
2026-09-29T08:13:24.539Z [worker] run 25d23ea3-77b9-4333-a79f-5ae0ebbe14ae claimed
2026-09-29T08:13:24.544Z [worker] run 47cdea55-2292-48b1-8cdd-c0f81f2f86ce done
2026-09-29T08:13:24.566Z [worker] run 25d23ea3-77b9-4333-a79f-5ae0ebbe14ae done
2026-09-29T08:13:24.647Z [worker] run 31feb88f-3c2e-47ad-b5cf-d61213bafa74 claimed
2026-09-29T08:13:24.652Z [worker] run 360d4bc3-cb54-4e76-80da-0e973def7a93 claimed
2026-09-29T08:13:24.657Z [worker] run 74edfecf-2b31-4bae-bd2d-46c88001af29 claimed
2026-09-29T08:13:24.680Z [worker] run 31feb88f-3c2e-47ad-b5cf-d61213bafa74 done
2026-09-29T08:13:24.684Z [worker] run 360d4bc3-cb54-4e76-80da-0e973def7a93 done
2026-09-29T08:13:24.688Z [worker] run 731ee62a-79a0-42a3-9d7d-e83359e5996a claimed
2026-09-29T08:13:24.689Z [worker] run 74edfecf-2b31-4bae-bd2d-46c88001af29 done
2026-09-29T08:13:24.693Z [worker] run 83fada53-dfaf-4950-ae3b-c0f029b11ae6 claimed
2026-09-29T08:13:24.698Z [worker] run ec0e30d4-209a-49b1-b7fd-64b00420b505 claimed
2026-09-29T08:13:24.719Z [worker] run 731ee62a-79a0-42a3-9d7d-e83359e5996a done
2026-09-29T08:13:24.722Z [worker] run 83fada53-dfaf-4950-ae3b-c0f029b11ae6 done
2026-09-29T08:13:24.726Z [worker] run 83db9656-496b-431d-9944-7ff49fb971a9 claimed
2026-09-29T08:13:24.729Z [worker] run ec0e30d4-209a-49b1-b7fd-64b00420b505 done
2026-09-29T08:13:24.731Z [worker] run a77abb0f-d745-457f-950f-d9a7f43b8e0e claimed
2026-09-29T08:13:24.736Z [worker] run 0f64df5b-0b8d-4ed0-82e7-1d9972b8f6ec claimed
2026-09-29T08:13:24.756Z [worker] run 83db9656-496b-431d-9944-7ff49fb971a9 done
2026-09-29T08:13:24.762Z [worker] run a77abb0f-d745-457f-950f-d9a7f43b8e0e done
2026-09-29T08:13:24.764Z [worker] run d819f473-7a07-4fcf-9175-3dbb18769c35 claimed
2026-09-29T08:13:24.765Z [worker] run 0f64df5b-0b8d-4ed0-82e7-1d9972b8f6ec done
 GET /api/platform/credentials/integration.github/impact 200 in 867ms (next.js: 841ms, application-code: 26ms)
2026-09-29T08:13:24.789Z [worker] run d819f473-7a07-4fcf-9175-3dbb18769c35 done
2026-09-29T08:13:24.829Z [worker] run 2af25741-c3f0-460d-a8d7-2d5e2e722817 claimed
2026-09-29T08:13:24.833Z [worker] run e89a3659-276a-495f-90d1-16b40a10e225 claimed
2026-09-29T08:13:24.837Z [worker] run 4ade0a5d-92a4-4d71-ada1-9141a9d9de48 claimed
2026-09-29T08:13:24.857Z [worker] run 2af25741-c3f0-460d-a8d7-2d5e2e722817 done
2026-09-29T08:13:24.860Z [worker] run e89a3659-276a-495f-90d1-16b40a10e225 done
2026-09-29T08:13:24.863Z [worker] run 1ce59249-323a-4aa7-9c29-575f3d32fe4d claimed
2026-09-29T08:13:24.868Z [worker] run 4ade0a5d-92a4-4d71-ada1-9141a9d9de48 done
2026-09-29T08:13:24.868Z [worker] run f42af3f1-f5ac-461b-ba9a-a53608e27a3d claimed
2026-09-29T08:13:24.872Z [worker] run b8b7de38-52f9-4ee6-a9f7-cbcaa72cec43 claimed
2026-09-29T08:13:24.894Z [worker] run 1ce59249-323a-4aa7-9c29-575f3d32fe4d done
2026-09-29T08:13:24.895Z [worker] run f42af3f1-f5ac-461b-ba9a-a53608e27a3d done
2026-09-29T08:13:24.900Z [worker] run b8b7de38-52f9-4ee6-a9f7-cbcaa72cec43 done
2026-09-29T08:13:24.900Z [worker] run 2465bae1-3386-4d49-8d99-8852d8519e1a claimed
2026-09-29T08:13:24.904Z [worker] run 024eb010-2a2d-46ed-ac73-09c62223a4f9 claimed
2026-09-29T08:13:24.909Z [worker] run 82bb8fc3-cb14-4a37-a527-415c0a567ccd claimed
2026-09-29T08:13:24.929Z [worker] run 2465bae1-3386-4d49-8d99-8852d8519e1a done
2026-09-29T08:13:24.933Z [worker] run 024eb010-2a2d-46ed-ac73-09c62223a4f9 done
2026-09-29T08:13:24.936Z [worker] run 1ab3339e-0d59-43f8-9d0b-9e696a2197a4 claimed
2026-09-29T08:13:24.937Z [worker] run 82bb8fc3-cb14-4a37-a527-415c0a567ccd done
2026-09-29T08:13:24.960Z [worker] run 1ab3339e-0d59-43f8-9d0b-9e696a2197a4 done
2026-09-29T08:13:25.137Z [worker] run 7c281e17-154f-465a-8417-87f64688bfbb claimed
2026-09-29T08:13:25.142Z [worker] run 67fe3e8b-98b5-4084-8bfc-1f164a47f8b0 claimed
2026-09-29T08:13:25.147Z [worker] run c0892749-b544-411d-8bad-dfcf2137bc0e claimed
2026-09-29T08:13:25.171Z [worker] run 7c281e17-154f-465a-8417-87f64688bfbb done
2026-09-29T08:13:25.176Z [worker] run 67fe3e8b-98b5-4084-8bfc-1f164a47f8b0 done
2026-09-29T08:13:25.178Z [worker] run 0cbab958-31c1-4c45-b568-b7cbb49b0878 claimed
2026-09-29T08:13:25.182Z [worker] run c0892749-b544-411d-8bad-dfcf2137bc0e done
2026-09-29T08:13:25.184Z [worker] run f521e1ca-b571-418b-a2da-ff47503bdcee claimed
2026-09-29T08:13:25.190Z [worker] run f99432dd-da07-4895-b159-9d36543b497e claimed
2026-09-29T08:13:25.210Z [worker] run 0cbab958-31c1-4c45-b568-b7cbb49b0878 done
2026-09-29T08:13:25.216Z [worker] run f521e1ca-b571-418b-a2da-ff47503bdcee done
2026-09-29T08:13:25.218Z [worker] run d7adad3f-101d-4c8a-a821-3db745891627 claimed
2026-09-29T08:13:25.221Z [worker] run f99432dd-da07-4895-b159-9d36543b497e done
2026-09-29T08:13:25.224Z [worker] run 94caf27f-01ee-4c54-9721-716130e173d4 claimed
2026-09-29T08:13:25.230Z [worker] run c7147b10-bffe-4349-82ab-3d9c50221c38 claimed
2026-09-29T08:13:25.252Z [worker] run d7adad3f-101d-4c8a-a821-3db745891627 done
2026-09-29T08:13:25.258Z [worker] run 94caf27f-01ee-4c54-9721-716130e173d4 done
2026-09-29T08:13:25.259Z [worker] run 04092c3e-d8ca-4a7e-bfe5-6ea1dfc91ff9 claimed
2026-09-29T08:13:25.266Z [worker] run c7147b10-bffe-4349-82ab-3d9c50221c38 done
2026-09-29T08:13:25.285Z [worker] run 04092c3e-d8ca-4a7e-bfe5-6ea1dfc91ff9 done
2026-09-29T08:13:25.435Z [worker] run a03bd5db-f534-4f79-b314-98c99dd1ccdc claimed
2026-09-29T08:13:25.439Z [worker] run b9018ee4-673e-4e09-9fb3-a021c75c5aa6 claimed
2026-09-29T08:13:25.443Z [worker] run ff5212aa-5c37-4286-b29e-84c67d485d58 claimed
2026-09-29T08:13:25.464Z [worker] run b9018ee4-673e-4e09-9fb3-a021c75c5aa6 done
2026-09-29T08:13:25.465Z [worker] run a03bd5db-f534-4f79-b314-98c99dd1ccdc done
2026-09-29T08:13:25.471Z [worker] run 842570a4-32e0-4af6-910b-7d3550cf1c55 claimed
2026-09-29T08:13:25.472Z [worker] run ff5212aa-5c37-4286-b29e-84c67d485d58 done
2026-09-29T08:13:25.476Z [worker] run cd7b8724-defd-40a7-bdb7-cb91e636abb0 claimed
2026-09-29T08:13:25.481Z [worker] run 8fccf054-7097-4bc3-a3a0-852be769f66a claimed
2026-09-29T08:13:25.500Z [worker] run 842570a4-32e0-4af6-910b-7d3550cf1c55 done
2026-09-29T08:13:25.506Z [worker] run cd7b8724-defd-40a7-bdb7-cb91e636abb0 done
2026-09-29T08:13:25.507Z [worker] run 9af5d71b-5806-480b-b663-59907e02baae claimed
2026-09-29T08:13:25.512Z [worker] run a1efd8c5-b834-4e9b-b2b0-968f20c43f25 claimed
2026-09-29T08:13:25.514Z [worker] run 8fccf054-7097-4bc3-a3a0-852be769f66a done
2026-09-29T08:13:25.517Z [worker] run 51282b32-72b2-4fb9-bbc3-7f7f1f7dcc09 claimed
2026-09-29T08:13:25.536Z [worker] run 9af5d71b-5806-480b-b663-59907e02baae done
2026-09-29T08:13:25.540Z [worker] run a1efd8c5-b834-4e9b-b2b0-968f20c43f25 done
2026-09-29T08:13:25.543Z [worker] run 1fe91231-1dde-4975-adaf-21b4d76a6357 claimed
2026-09-29T08:13:25.545Z [worker] run 51282b32-72b2-4fb9-bbc3-7f7f1f7dcc09 done
2026-09-29T08:13:25.570Z [worker] run 1fe91231-1dde-4975-adaf-21b4d76a6357 done
2026-09-29T08:13:25.612Z [worker] run cdacae7a-c927-4619-b549-12c2255dd4eb claimed
2026-09-29T08:13:25.637Z [worker] run cdacae7a-c927-4619-b549-12c2255dd4eb done
 POST /api/platform/credentials/integration.github/revoke 200 in 886ms (next.js: 834ms, application-code: 51ms)
 GET /api/platform/credentials 200 in 19ms (next.js: 1.8ms, application-code: 17ms)
2026-09-29T08:13:25.903Z [worker] run 3e206173-3c92-4982-973a-45128f2a1343 claimed
2026-09-29T08:13:25.907Z [worker] run 49f8ba99-f2aa-4f40-9a1e-fdda51002976 claimed
2026-09-29T08:13:25.912Z [worker] run eff64881-0a85-4180-921a-b3358f6e0c34 claimed
2026-09-29T08:13:25.932Z [worker] run 3e206173-3c92-4982-973a-45128f2a1343 done
2026-09-29T08:13:25.937Z [worker] run 49f8ba99-f2aa-4f40-9a1e-fdda51002976 done
2026-09-29T08:13:25.940Z [worker] run 72f8c2b0-bc29-4031-816b-53ca1dd12292 claimed
2026-09-29T08:13:25.942Z [worker] run eff64881-0a85-4180-921a-b3358f6e0c34 done
2026-09-29T08:13:25.944Z [worker] run 9857e528-cd73-4b06-931e-cbd56ab93e97 claimed
2026-09-29T08:13:25.949Z [worker] run b66cf94e-b29f-4a12-b0c0-3c71ba127de8 claimed
2026-09-29T08:13:25.968Z [worker] run 72f8c2b0-bc29-4031-816b-53ca1dd12292 done
2026-09-29T08:13:25.973Z [worker] run 9857e528-cd73-4b06-931e-cbd56ab93e97 done
2026-09-29T08:13:25.975Z [worker] run f693f52a-43a5-4475-b5df-191678626e5f claimed
2026-09-29T08:13:25.978Z [worker] run b66cf94e-b29f-4a12-b0c0-3c71ba127de8 done
2026-09-29T08:13:25.980Z [worker] run 6f9646a4-8bf5-47c3-863c-f536d8b74b3e claimed
2026-09-29T08:13:25.984Z [worker] run 739eda42-335a-46b8-856e-98898c5ee068 claimed
2026-09-29T08:13:26.003Z [worker] run f693f52a-43a5-4475-b5df-191678626e5f done
2026-09-29T08:13:26.006Z [worker] run 6f9646a4-8bf5-47c3-863c-f536d8b74b3e done
2026-09-29T08:13:26.010Z [worker] run 2d9aa521-5df1-4eb3-a075-0c4ec4373c3d claimed
2026-09-29T08:13:26.013Z [worker] run 739eda42-335a-46b8-856e-98898c5ee068 done
2026-09-29T08:13:26.036Z [worker] run 2d9aa521-5df1-4eb3-a075-0c4ec4373c3d done
 GET /api/platform/credentials/integration.github/impact 200 in 42ms (next.js: 15ms, application-code: 28ms)
 POST /api/platform/credentials/integration.github/clear 200 in 59ms
2026-09-29T08:13:26.222Z [worker] run 462dd988-a977-4276-bba0-05eec6c21379 claimed
2026-09-29T08:13:26.226Z [worker] run f1dc8042-bfb3-46c3-9126-b954784de765 claimed
2026-09-29T08:13:26.231Z [worker] run 9bf4a3f5-f75d-4fd1-ad39-77ae95f23c15 claimed
2026-09-29T08:13:26.254Z [worker] run 462dd988-a977-4276-bba0-05eec6c21379 done
2026-09-29T08:13:26.258Z [worker] run f1dc8042-bfb3-46c3-9126-b954784de765 done
2026-09-29T08:13:26.262Z [worker] run 9fd5618d-1246-4cb5-8e7b-bdb7437a9643 claimed
2026-09-29T08:13:26.264Z [worker] run 9bf4a3f5-f75d-4fd1-ad39-77ae95f23c15 done
2026-09-29T08:13:26.268Z [worker] run 67841174-5205-4834-a99d-4d19394819e7 claimed
2026-09-29T08:13:26.274Z [worker] run 5b59b49c-5d1f-4c7d-9106-aba3a379230b claimed
2026-09-29T08:13:26.292Z [worker] run 9fd5618d-1246-4cb5-8e7b-bdb7437a9643 done
2026-09-29T08:13:26.297Z [worker] run 67841174-5205-4834-a99d-4d19394819e7 done
2026-09-29T08:13:26.300Z [worker] run dadd12cd-b41b-4d27-97b0-19074697d4fb claimed
2026-09-29T08:13:26.303Z [worker] run 5b59b49c-5d1f-4c7d-9106-aba3a379230b done
2026-09-29T08:13:26.306Z [worker] run 75b10aff-e8c6-4c90-974a-da0d9a6d5f98 claimed
2026-09-29T08:13:26.310Z [worker] run 2e84ee00-c1e0-4bed-ade8-1699cd58d0f9 claimed
2026-09-29T08:13:26.334Z [worker] run dadd12cd-b41b-4d27-97b0-19074697d4fb done
2026-09-29T08:13:26.338Z [worker] run 75b10aff-e8c6-4c90-974a-da0d9a6d5f98 done
2026-09-29T08:13:26.342Z [worker] run ad3c62a9-ba59-4b51-bc52-c9efc02cced8 claimed
2026-09-29T08:13:26.343Z [worker] run 2e84ee00-c1e0-4bed-ade8-1699cd58d0f9 done
 POST /api/auth/sign-up/email 200 in 97ms (next.js: 18ms, application-code: 79ms)
 GET /api/test/outbox?email=e2e-e05fb716%40flowline-e2e.test 200 in 7ms (next.js: 1.9ms, application-code: 5ms)
2026-09-29T08:13:26.369Z [worker] run ad3c62a9-ba59-4b51-bc52-c9efc02cced8 done
 POST /api/email 200 in 18ms (next.js: 1.5ms, application-code: 17ms)
 POST /api/auth/sign-in/email 200 in 70ms (next.js: 1.5ms, application-code: 69ms)
 POST /api/workspaces 201 in 58ms (next.js: 31ms, application-code: 26ms)
 POST /api/onboarding 200 in 42ms (next.js: 30ms, application-code: 12ms)
 GET /admin 404 in 49ms (next.js: 2ms, application-code: 47ms)
2026-09-29T08:13:26.891Z [worker] run bdd7ad5a-a1fb-4995-ac5f-c782c0df3e98 claimed
2026-09-29T08:13:26.897Z [worker] run b017c160-bf4b-40e7-b29a-7a0201f41e31 claimed
2026-09-29T08:13:26.902Z [worker] run 3965d30c-de08-40b2-8d70-fecce2ec9673 claimed
2026-09-29T08:13:26.922Z [worker] run bdd7ad5a-a1fb-4995-ac5f-c782c0df3e98 done
2026-09-29T08:13:26.927Z [worker] run b017c160-bf4b-40e7-b29a-7a0201f41e31 done
2026-09-29T08:13:26.929Z [worker] run 35f9414f-3e2a-44f3-beb3-b47806c5b974 claimed
2026-09-29T08:13:26.934Z [worker] run 3965d30c-de08-40b2-8d70-fecce2ec9673 done
2026-09-29T08:13:26.935Z [worker] run 5ab92f0e-592b-4444-a60c-3140a9c62f74 claimed
2026-09-29T08:13:26.940Z [worker] run 5b853966-e70b-4836-ad09-a611f764bc93 claimed
2026-09-29T08:13:26.964Z [worker] run 35f9414f-3e2a-44f3-beb3-b47806c5b974 done
 POST /api/auth/sign-up/email 200 in 90ms (next.js: 1.9ms, application-code: 88ms)
2026-09-29T08:13:26.970Z [worker] run 5ab92f0e-592b-4444-a60c-3140a9c62f74 done
2026-09-29T08:13:26.972Z [worker] run cf0a952e-022f-4531-87b0-cece5af24b38 claimed
2026-09-29T08:13:26.977Z [worker] run c060ebff-7c4b-4580-abfd-4ec6f1491dc0 claimed
 GET /api/test/outbox?email=e2e-74235e12%40flowline-e2e.test 200 in 6ms (next.js: 1.6ms, application-code: 4ms)
2026-09-29T08:13:26.979Z [worker] run 5b853966-e70b-4836-ad09-a611f764bc93 done
2026-09-29T08:13:26.982Z [worker] run 31e54be1-0c8c-4df3-b354-57d0b299bb37 claimed
2026-09-29T08:13:27.002Z [worker] run cf0a952e-022f-4531-87b0-cece5af24b38 done
 POST /api/email 200 in 22ms (next.js: 1.7ms, application-code: 20ms)
2026-09-29T08:13:27.010Z [worker] run c060ebff-7c4b-4580-abfd-4ec6f1491dc0 done
2026-09-29T08:13:27.011Z [worker] run f7845437-5407-4ca7-8730-a9f66deb1392 claimed
2026-09-29T08:13:27.015Z [worker] run 31e54be1-0c8c-4df3-b354-57d0b299bb37 done
2026-09-29T08:13:27.039Z [worker] run f7845437-5407-4ca7-8730-a9f66deb1392 done
 POST /api/auth/sign-in/email 200 in 73ms (next.js: 2ms, application-code: 70ms)
 POST /api/workspaces 201 in 23ms (next.js: 1.5ms, application-code: 22ms)
 POST /api/onboarding 200 in 23ms (next.js: 1.6ms, application-code: 21ms)
2026-09-29T08:13:27.219Z [worker] run 9e8d92a4-dd37-48c0-a6d3-f8c474edc8db claimed
2026-09-29T08:13:27.224Z [worker] run adbd7758-e272-4d73-8294-58fc0d22850b claimed
2026-09-29T08:13:27.229Z [worker] run 5e0bbfeb-61dd-4e6e-938d-938961cc748b claimed
2026-09-29T08:13:27.251Z [worker] run 9e8d92a4-dd37-48c0-a6d3-f8c474edc8db done
2026-09-29T08:13:27.255Z [worker] run adbd7758-e272-4d73-8294-58fc0d22850b done
2026-09-29T08:13:27.258Z [worker] run 5e0bbfeb-61dd-4e6e-938d-938961cc748b done
2026-09-29T08:13:27.258Z [worker] run 0dd4cd0f-f68d-4274-9e7d-6b98f46175b6 claimed
2026-09-29T08:13:27.263Z [worker] run bec8d187-5cf5-4ee8-b5a9-e79851e5fe6a claimed
2026-09-29T08:13:27.268Z [worker] run 501ead35-e435-4105-bdd2-c724b490da76 claimed
2026-09-29T08:13:27.286Z [worker] run 0dd4cd0f-f68d-4274-9e7d-6b98f46175b6 done
2026-09-29T08:13:27.292Z [worker] run bec8d187-5cf5-4ee8-b5a9-e79851e5fe6a done
2026-09-29T08:13:27.293Z [worker] run 99102738-3e90-4ee0-a667-8b22b81f061e claimed
2026-09-29T08:13:27.300Z [worker] run 9df49c1d-02da-4497-8e97-9e9700ea4a80 claimed
2026-09-29T08:13:27.301Z [worker] run 501ead35-e435-4105-bdd2-c724b490da76 done
2026-09-29T08:13:27.309Z [worker] run dcb94b3f-577d-4b38-b9f2-e80e3296ac3a claimed
2026-09-29T08:13:27.331Z [worker] run 99102738-3e90-4ee0-a667-8b22b81f061e done
2026-09-29T08:13:27.332Z [worker] run 9df49c1d-02da-4497-8e97-9e9700ea4a80 done
2026-09-29T08:13:27.339Z [worker] run a7b44441-a4cf-4cca-88e0-a7d51aff5def claimed
2026-09-29T08:13:27.342Z [worker] run dcb94b3f-577d-4b38-b9f2-e80e3296ac3a done
2026-09-29T08:13:27.363Z [worker] run a7b44441-a4cf-4cca-88e0-a7d51aff5def done
2026-09-29T08:13:27.520Z [worker] run 59c0e565-9a87-47b0-91c0-0a19fd5aa210 claimed
2026-09-29T08:13:27.525Z [worker] run 3f1af545-fea5-44d5-a523-70b1fc6b5604 claimed
2026-09-29T08:13:27.531Z [worker] run 02fa980b-7774-4a2e-a1dd-1bd61cb7e877 claimed
2026-09-29T08:13:27.550Z [worker] run 59c0e565-9a87-47b0-91c0-0a19fd5aa210 done
2026-09-29T08:13:27.556Z [worker] run 3f1af545-fea5-44d5-a523-70b1fc6b5604 done
2026-09-29T08:13:27.558Z [worker] run da282de1-5b2a-47a0-b1ed-0cb44ec3f25a claimed
2026-09-29T08:13:27.563Z [worker] run dd7fe5f2-731b-46e9-8c9e-768e238b8ad1 claimed
2026-09-29T08:13:27.564Z [worker] run 02fa980b-7774-4a2e-a1dd-1bd61cb7e877 done
2026-09-29T08:13:27.568Z [worker] run d8e03160-6644-4316-b2af-33a35dd88e74 claimed
2026-09-29T08:13:27.587Z [worker] run da282de1-5b2a-47a0-b1ed-0cb44ec3f25a done
2026-09-29T08:13:27.590Z [worker] run dd7fe5f2-731b-46e9-8c9e-768e238b8ad1 done
2026-09-29T08:13:27.594Z [worker] run e8d8153f-587b-40fc-9a41-b0074142da78 claimed
2026-09-29T08:13:27.597Z [worker] run d8e03160-6644-4316-b2af-33a35dd88e74 done
2026-09-29T08:13:27.599Z [worker] run f8f8baaa-ae06-4144-b880-ac5db4c0bcdf claimed
2026-09-29T08:13:27.604Z [worker] run 0c4e43b8-4a33-47fd-ac1d-5dd20dca450c claimed
2026-09-29T08:13:27.621Z [worker] run e8d8153f-587b-40fc-9a41-b0074142da78 done
2026-09-29T08:13:27.627Z [worker] run 8fd4b747-d04e-49f0-a327-2b1091e3c215 claimed
2026-09-29T08:13:27.628Z [worker] run f8f8baaa-ae06-4144-b880-ac5db4c0bcdf done
2026-09-29T08:13:27.635Z [worker] run 0c4e43b8-4a33-47fd-ac1d-5dd20dca450c done
2026-09-29T08:13:27.652Z [worker] run 8fd4b747-d04e-49f0-a327-2b1091e3c215 done
2026-09-29T08:13:27.699Z [worker] run 3e36886a-e263-4bea-8174-cee83ba18a28 claimed
2026-09-29T08:13:27.723Z [worker] run 3e36886a-e263-4bea-8174-cee83ba18a28 done
 GET /w/e2e-1bd636/settings?tab=oauthApps 200 in 732ms (next.js: 647ms, application-code: 85ms)
2026-09-29T08:13:27.994Z [worker] run 87c245ee-0f54-4989-987d-8340d11e9cd6 claimed
2026-09-29T08:13:27.999Z [worker] run 76344f98-a285-4946-bbf5-2e5fb86c2052 claimed
2026-09-29T08:13:28.006Z [worker] run 5acf4481-18a7-416f-9bda-c5df3301feb2 claimed
2026-09-29T08:13:28.028Z [worker] run 87c245ee-0f54-4989-987d-8340d11e9cd6 done
2026-09-29T08:13:28.032Z [worker] run 76344f98-a285-4946-bbf5-2e5fb86c2052 done
2026-09-29T08:13:28.035Z [worker] run 5acf4481-18a7-416f-9bda-c5df3301feb2 done
2026-09-29T08:13:28.035Z [worker] run 829f9aed-5fad-46ef-9100-69d6ae963ed3 claimed
2026-09-29T08:13:28.040Z [worker] run 555543ce-e7ef-4e35-88e1-1763d33c0495 claimed
2026-09-29T08:13:28.046Z [worker] run 353fd7a6-c7a0-43cd-9fa3-6c42fe07e3ce claimed
2026-09-29T08:13:28.067Z [worker] run 829f9aed-5fad-46ef-9100-69d6ae963ed3 done
2026-09-29T08:13:28.072Z [worker] run 555543ce-e7ef-4e35-88e1-1763d33c0495 done
2026-09-29T08:13:28.074Z [worker] run 7331322a-6a83-42cf-82f5-885154a86da8 claimed
2026-09-29T08:13:28.075Z [worker] run 353fd7a6-c7a0-43cd-9fa3-6c42fe07e3ce done
2026-09-29T08:13:28.079Z [worker] run 04cb9aaa-e3cd-4140-83b7-f30a60bee9a2 claimed
2026-09-29T08:13:28.084Z [worker] run 0ca77257-a055-479e-a4db-223e286350fb claimed
2026-09-29T08:13:28.102Z [worker] run 7331322a-6a83-42cf-82f5-885154a86da8 done
2026-09-29T08:13:28.107Z [worker] run 04cb9aaa-e3cd-4140-83b7-f30a60bee9a2 done
2026-09-29T08:13:28.109Z [worker] run 2a1bfe71-5613-417b-a71e-eff421f91414 claimed
 GET /api/health 200 in 54ms (next.js: 5ms, application-code: 50ms)
2026-09-29T08:13:28.112Z [worker] run 0ca77257-a055-479e-a4db-223e286350fb done
2026-09-29T08:13:28.135Z [worker] run 2a1bfe71-5613-417b-a71e-eff421f91414 done
2026-09-29T08:13:28.305Z [worker] run ab09fe9c-ab20-4a9d-b59f-e4708f90bc44 claimed
2026-09-29T08:13:28.309Z [worker] run 5388e00a-e31b-4f6d-b262-004bd82bc649 claimed
2026-09-29T08:13:28.314Z [worker] run 186a2bb4-e1a7-4ce0-a287-c5315d7d58b1 claimed
2026-09-29T08:13:28.334Z [worker] run ab09fe9c-ab20-4a9d-b59f-e4708f90bc44 done
2026-09-29T08:13:28.338Z [worker] run 5388e00a-e31b-4f6d-b262-004bd82bc649 done
2026-09-29T08:13:28.340Z [worker] run 9dce013b-5f23-4dd3-8c65-e6ce171cdbe9 claimed
2026-09-29T08:13:28.344Z [worker] run 186a2bb4-e1a7-4ce0-a287-c5315d7d58b1 done
2026-09-29T08:13:28.344Z [worker] run e2cc13fc-8d3e-453f-ab3c-a023695dfacc claimed
2026-09-29T08:13:28.349Z [worker] run 4f60a9eb-00ff-4a99-9369-15face1b5547 claimed
2026-09-29T08:13:28.368Z [worker] run 9dce013b-5f23-4dd3-8c65-e6ce171cdbe9 done
2026-09-29T08:13:28.372Z [worker] run e2cc13fc-8d3e-453f-ab3c-a023695dfacc done
2026-09-29T08:13:28.375Z [worker] run 7444eef4-f3eb-4126-b6ac-f8575bfb3e5a claimed
2026-09-29T08:13:28.377Z [worker] run 4f60a9eb-00ff-4a99-9369-15face1b5547 done
2026-09-29T08:13:28.381Z [worker] run 0de01b9e-70a8-4c51-8055-91b3d6f4e537 claimed
2026-09-29T08:13:28.385Z [worker] run b6d5bf65-80fd-4ec0-bd70-4b5d69722d07 claimed
2026-09-29T08:13:28.403Z [worker] run 7444eef4-f3eb-4126-b6ac-f8575bfb3e5a done
2026-09-29T08:13:28.408Z [worker] run 0de01b9e-70a8-4c51-8055-91b3d6f4e537 done
2026-09-29T08:13:28.409Z [worker] run f20fdcfc-6253-42fe-94bd-61d54451918d claimed
2026-09-29T08:13:28.412Z [worker] run b6d5bf65-80fd-4ec0-bd70-4b5d69722d07 done
2026-09-29T08:13:28.433Z [worker] run f20fdcfc-6253-42fe-94bd-61d54451918d done
2026-09-29T08:13:28.746Z [worker] run b15bfc9b-2211-4a52-b38a-f07bbc431682 claimed
2026-09-29T08:13:28.751Z [worker] run 974e7791-88af-4044-a5e4-48ca16a3dd60 claimed
2026-09-29T08:13:28.756Z [worker] run dbd5fd5d-4ab0-4390-a539-33bb3598b555 claimed
2026-09-29T08:13:28.774Z [worker] run b15bfc9b-2211-4a52-b38a-f07bbc431682 done
2026-09-29T08:13:28.780Z [worker] run 974e7791-88af-4044-a5e4-48ca16a3dd60 done
2026-09-29T08:13:28.781Z [worker] run b7feb55a-c7b1-4eaa-9b52-ea6f2787d4fc claimed
2026-09-29T08:13:28.785Z [worker] run dbd5fd5d-4ab0-4390-a539-33bb3598b555 done
2026-09-29T08:13:28.786Z [worker] run 639049bf-329c-40bf-8157-433d84c6cdc8 claimed
2026-09-29T08:13:28.791Z [worker] run b7e18149-e3ce-4cdf-886d-f91ced928358 claimed
2026-09-29T08:13:28.810Z [worker] run b7feb55a-c7b1-4eaa-9b52-ea6f2787d4fc done
2026-09-29T08:13:28.813Z [worker] run 639049bf-329c-40bf-8157-433d84c6cdc8 done
2026-09-29T08:13:28.817Z [worker] run 59768cb3-4e15-4fd7-904f-80feac14b27c claimed
2026-09-29T08:13:28.820Z [worker] run b7e18149-e3ce-4cdf-886d-f91ced928358 done
2026-09-29T08:13:28.821Z [worker] run 67c428af-8de0-45ca-b1ef-13f185acd3e3 claimed
2026-09-29T08:13:28.826Z [worker] run d491819d-81c7-4e15-a020-fb9bbcd3127a claimed
2026-09-29T08:13:28.844Z [worker] run 59768cb3-4e15-4fd7-904f-80feac14b27c done
2026-09-29T08:13:28.849Z [worker] run 67c428af-8de0-45ca-b1ef-13f185acd3e3 done
2026-09-29T08:13:28.851Z [worker] run 6c697770-75a6-4eb0-95b7-a25e6888295e claimed
2026-09-29T08:13:28.854Z [worker] run d491819d-81c7-4e15-a020-fb9bbcd3127a done
2026-09-29T08:13:28.877Z [worker] run 6c697770-75a6-4eb0-95b7-a25e6888295e done
2026-09-29T08:13:28.925Z [worker] run 5ae9c299-aca4-4603-8509-fd79dceede43 claimed
 GET /api/workspaces/440b585d-0796-45d2-95ca-36c973ad1e2b/oauth-apps 200 in 875ms (next.js: 850ms, application-code: 24ms)
2026-09-29T08:13:28.951Z [worker] run 5ae9c299-aca4-4603-8509-fd79dceede43 done
2026-09-29T08:13:29.185Z [worker] run 3575dfa3-6a77-41c7-af52-f1acfd271306 claimed
2026-09-29T08:13:29.189Z [worker] run 84fd700b-1942-4aae-9a57-f08987f44d8f claimed
2026-09-29T08:13:29.194Z [worker] run a08f1e82-c8bf-4f40-a735-9399d22d30fc claimed
2026-09-29T08:13:29.210Z [worker] run 3575dfa3-6a77-41c7-af52-f1acfd271306 done
2026-09-29T08:13:29.215Z [worker] run 84fd700b-1942-4aae-9a57-f08987f44d8f done
2026-09-29T08:13:29.216Z [worker] run bbdddab9-273b-47a3-ba9f-a9bb52ecee4c claimed
2026-09-29T08:13:29.221Z [worker] run a08f1e82-c8bf-4f40-a735-9399d22d30fc done
2026-09-29T08:13:29.221Z [worker] run 5f4a5cac-08c0-452b-afd1-244b39e8c9e4 claimed
2026-09-29T08:13:29.225Z [worker] run dc299a31-4e80-400a-886d-30e210960264 claimed
2026-09-29T08:13:29.245Z [worker] run bbdddab9-273b-47a3-ba9f-a9bb52ecee4c done
2026-09-29T08:13:29.248Z [worker] run 5f4a5cac-08c0-452b-afd1-244b39e8c9e4 done
2026-09-29T08:13:29.252Z [worker] run 320dc4c2-bc86-4b2b-b87f-8502a5216f94 claimed
2026-09-29T08:13:29.253Z [worker] run dc299a31-4e80-400a-886d-30e210960264 done
2026-09-29T08:13:29.257Z [worker] run 46dd8f74-55e7-4bd0-b46b-21aedf3f0b0e claimed
2026-09-29T08:13:29.262Z [worker] run 551a8d25-1adf-480d-9e17-c505b2968897 claimed
2026-09-29T08:13:29.284Z [worker] run 320dc4c2-bc86-4b2b-b87f-8502a5216f94 done
2026-09-29T08:13:29.287Z [worker] run 46dd8f74-55e7-4bd0-b46b-21aedf3f0b0e done
2026-09-29T08:13:29.290Z [worker] run 551a8d25-1adf-480d-9e17-c505b2968897 done
2026-09-29T08:13:29.292Z [worker] run 4fb5a6a6-59f7-4dc5-bc09-4157fef45035 claimed
2026-09-29T08:13:29.319Z [worker] run 4fb5a6a6-59f7-4dc5-bc09-4157fef45035 done
2026-09-29T08:13:29.487Z [worker] run 5e8f9736-c0c0-44be-a112-95c8f2a72c72 claimed
2026-09-29T08:13:29.492Z [worker] run d9230126-c038-4cbc-b333-d9f0f936f4b7 claimed
2026-09-29T08:13:29.497Z [worker] run edad8295-556c-40bf-a247-024ef565e09c claimed
2026-09-29T08:13:29.519Z [worker] run 5e8f9736-c0c0-44be-a112-95c8f2a72c72 done
2026-09-29T08:13:29.522Z [worker] run d9230126-c038-4cbc-b333-d9f0f936f4b7 done
2026-09-29T08:13:29.525Z [worker] run 89a5f189-6041-4562-9256-972fc7339ee7 claimed
2026-09-29T08:13:29.529Z [worker] run edad8295-556c-40bf-a247-024ef565e09c done
2026-09-29T08:13:29.531Z [worker] run f58e42ca-0fc3-472e-b53a-1e093c7d7321 claimed
2026-09-29T08:13:29.536Z [worker] run c95298a0-0f44-478d-b5ac-9f6b804e8c42 claimed
2026-09-29T08:13:29.553Z [worker] run 89a5f189-6041-4562-9256-972fc7339ee7 done
2026-09-29T08:13:29.558Z [worker] run f58e42ca-0fc3-472e-b53a-1e093c7d7321 done
2026-09-29T08:13:29.559Z [worker] run db47a4cd-b25a-4b91-ac06-9e6b74e4da52 claimed
2026-09-29T08:13:29.564Z [worker] run da8a33a1-b2f2-4c8f-9654-e1982102c273 claimed
2026-09-29T08:13:29.565Z [worker] run c95298a0-0f44-478d-b5ac-9f6b804e8c42 done
2026-09-29T08:13:29.570Z [worker] run 26d30910-2c75-4d03-850f-516571830ac2 claimed
2026-09-29T08:13:29.588Z [worker] run db47a4cd-b25a-4b91-ac06-9e6b74e4da52 done
2026-09-29T08:13:29.592Z [worker] run da8a33a1-b2f2-4c8f-9654-e1982102c273 done
2026-09-29T08:13:29.594Z [worker] run b98b2295-96b0-4dd2-af63-ef1c482d40ba claimed
2026-09-29T08:13:29.600Z [worker] run 26d30910-2c75-4d03-850f-516571830ac2 done
2026-09-29T08:13:29.622Z [worker] run b98b2295-96b0-4dd2-af63-ef1c482d40ba done
2026-09-29T08:13:29.932Z [worker] run 21c3edfc-38dd-44f3-ab31-67dd05ff5ea9 claimed
2026-09-29T08:13:29.938Z [worker] run 4294b346-5b03-4a53-968d-71480613110a claimed
2026-09-29T08:13:29.943Z [worker] run fe8e5a7e-32b8-40f3-a74e-9986f72a8252 claimed
2026-09-29T08:13:29.959Z [worker] run 21c3edfc-38dd-44f3-ab31-67dd05ff5ea9 done
2026-09-29T08:13:29.966Z [worker] run 4294b346-5b03-4a53-968d-71480613110a done
2026-09-29T08:13:29.966Z [worker] run c89e7b58-ddc7-43d2-8739-33c0ff371b4c claimed
2026-09-29T08:13:29.971Z [worker] run fe8e5a7e-32b8-40f3-a74e-9986f72a8252 done
2026-09-29T08:13:29.972Z [worker] run dfc99504-9992-4032-aa83-1fd169b24a50 claimed
2026-09-29T08:13:29.976Z [worker] run f36c55e0-ab42-44ab-846a-6111e462e97d claimed
2026-09-29T08:13:29.995Z [worker] run c89e7b58-ddc7-43d2-8739-33c0ff371b4c done
2026-09-29T08:13:30.000Z [worker] run dfc99504-9992-4032-aa83-1fd169b24a50 done
2026-09-29T08:13:30.001Z [worker] run d1f962f2-e289-4a94-9b2a-d1b5ec5c88d5 claimed
2026-09-29T08:13:30.004Z [worker] run f36c55e0-ab42-44ab-846a-6111e462e97d done
2026-09-29T08:13:30.007Z [worker] run 40dd838a-8631-4ce3-aa1b-0cc3a233987b claimed
2026-09-29T08:13:30.012Z [worker] run 98f4ac0e-68ff-47eb-a50d-774db55ae65e claimed
2026-09-29T08:13:30.032Z [worker] run d1f962f2-e289-4a94-9b2a-d1b5ec5c88d5 done
2026-09-29T08:13:30.035Z [worker] run 40dd838a-8631-4ce3-aa1b-0cc3a233987b done
2026-09-29T08:13:30.039Z [worker] run 6f844722-f83d-4a38-8e83-b3141ef2f614 claimed
2026-09-29T08:13:30.041Z [worker] run 98f4ac0e-68ff-47eb-a50d-774db55ae65e done
2026-09-29T08:13:30.065Z [worker] run 6f844722-f83d-4a38-8e83-b3141ef2f614 done
2026-09-29T08:13:30.111Z [worker] run 3b3e980a-1c3e-45c9-b043-46e9d037211e claimed
2026-09-29T08:13:30.137Z [worker] run 3b3e980a-1c3e-45c9-b043-46e9d037211e done
 PUT /api/workspaces/440b585d-0796-45d2-95ca-36c973ad1e2b/oauth-apps/google 200 in 866ms (next.js: 836ms, application-code: 30ms)
 GET /api/workspaces/440b585d-0796-45d2-95ca-36c973ad1e2b/oauth-apps 200 in 27ms (next.js: 14ms, application-code: 13ms)
2026-09-29T08:13:30.393Z [worker] run b9260ce4-5039-42d3-87bc-7fea7969c999 claimed
2026-09-29T08:13:30.398Z [worker] run ae85ae0e-a94c-41b3-9dee-1c3fbdf30988 claimed
2026-09-29T08:13:30.407Z [worker] run 6d23819d-e8a1-4aa2-a9c7-75b2cde6bb60 claimed
2026-09-29T08:13:30.413Z [worker] run 2f5ca8ef-9ddc-4eb6-a5c3-efc9892a21e1 claimed
2026-09-29T08:13:30.429Z [worker] run b9260ce4-5039-42d3-87bc-7fea7969c999 done
2026-09-29T08:13:30.435Z [worker] run ae85ae0e-a94c-41b3-9dee-1c3fbdf30988 done
2026-09-29T08:13:30.438Z [worker] run 38f2a4e0-07f1-461b-ab58-a37b6a81e24f claimed
2026-09-29T08:13:30.440Z [worker] run 6d23819d-e8a1-4aa2-a9c7-75b2cde6bb60 done
2026-09-29T08:13:30.443Z [worker] run 6e478a90-cd46-41ca-89ca-9fea748f3d5f claimed
2026-09-29T08:13:30.447Z [worker] run 2f5ca8ef-9ddc-4eb6-a5c3-efc9892a21e1 done
2026-09-29T08:13:30.449Z [worker] run 9001f486-a780-48c3-be46-700adb91452d claimed
2026-09-29T08:13:30.453Z [worker] run 4f1a9753-d73f-421e-92eb-5f4706250889 claimed
2026-09-29T08:13:30.468Z [worker] run 38f2a4e0-07f1-461b-ab58-a37b6a81e24f done
2026-09-29T08:13:30.472Z [worker] run 6e478a90-cd46-41ca-89ca-9fea748f3d5f done
2026-09-29T08:13:30.475Z [worker] run b141f2e9-d262-4096-940b-23556f23ee3b claimed
2026-09-29T08:13:30.481Z [worker] run 5dbd7eac-6e64-4b7d-b21c-44911b4e830f claimed
2026-09-29T08:13:30.484Z [worker] run 4f1a9753-d73f-421e-92eb-5f4706250889 done
2026-09-29T08:13:30.488Z [worker] run 9001f486-a780-48c3-be46-700adb91452d done
2026-09-29T08:13:30.492Z [worker] run 110c5ef5-bfe0-43c8-b1fc-d28cf86c5ce6 claimed
2026-09-29T08:13:30.497Z [worker] run b12ca1a5-f617-40ce-9cc9-972fc215a026 claimed
2026-09-29T08:13:30.505Z [worker] run b141f2e9-d262-4096-940b-23556f23ee3b done
2026-09-29T08:13:30.512Z [worker] run 0537f6a5-b17d-4c71-88a5-0a81db3e46f7 claimed
2026-09-29T08:13:30.513Z [worker] run 5dbd7eac-6e64-4b7d-b21c-44911b4e830f done
2026-09-29T08:13:30.520Z [worker] run d2b5aebe-dc28-4b4f-a68d-4b1677987b07 claimed
2026-09-29T08:13:30.523Z [worker] run 110c5ef5-bfe0-43c8-b1fc-d28cf86c5ce6 done
2026-09-29T08:13:30.527Z [worker] run b12ca1a5-f617-40ce-9cc9-972fc215a026 done
2026-09-29T08:13:30.529Z [worker] run 8e32ffe1-65a4-41f0-b85d-1edb8ffb3da9 claimed
2026-09-29T08:13:30.534Z [worker] run 3cb4a564-2b1d-4c1b-bc23-8b51596ac5da claimed
2026-09-29T08:13:30.544Z [worker] run 0537f6a5-b17d-4c71-88a5-0a81db3e46f7 done
2026-09-29T08:13:30.549Z [worker] run d2b5aebe-dc28-4b4f-a68d-4b1677987b07 done
2026-09-29T08:13:30.556Z [worker] run 8e32ffe1-65a4-41f0-b85d-1edb8ffb3da9 done
2026-09-29T08:13:30.556Z [worker] run 58485aee-be4e-4948-b27a-ef7a74283d52 claimed
2026-09-29T08:13:30.561Z [worker] run 6e277817-1a29-4476-b177-bd9cd1316186 claimed
2026-09-29T08:13:30.562Z [worker] run 3cb4a564-2b1d-4c1b-bc23-8b51596ac5da done
2026-09-29T08:13:30.566Z [worker] run 8d255756-a139-4068-af08-8d66c0ca1c76 claimed
2026-09-29T08:13:30.588Z [worker] run 58485aee-be4e-4948-b27a-ef7a74283d52 done
2026-09-29T08:13:30.591Z [worker] run 6e277817-1a29-4476-b177-bd9cd1316186 done
2026-09-29T08:13:30.595Z [worker] run 9ab7aecd-23b3-4963-a5a5-8c506632e379 claimed
2026-09-29T08:13:30.596Z [worker] run 8d255756-a139-4068-af08-8d66c0ca1c76 done
2026-09-29T08:13:30.620Z [worker] run 9ab7aecd-23b3-4963-a5a5-8c506632e379 done
2026-09-29T08:13:30.722Z [worker] run b3de4616-09e6-481a-93a6-6fb3d32555fb claimed
2026-09-29T08:13:30.727Z [worker] run fdce947c-baeb-47eb-9987-77e297a5302a claimed
2026-09-29T08:13:30.731Z [worker] run e824c3a5-8241-4f42-963b-5d5216843348 claimed
2026-09-29T08:13:30.747Z [worker] run 2728d20a-6e1e-4dea-bf2d-e7c24972ecbd claimed
2026-09-29T08:13:30.759Z [worker] run b3de4616-09e6-481a-93a6-6fb3d32555fb done
2026-09-29T08:13:30.760Z [worker] run fdce947c-baeb-47eb-9987-77e297a5302a done
2026-09-29T08:13:30.768Z [worker] run 1025d80f-aac8-4c0a-8f3a-8d26549db317 claimed
2026-09-29T08:13:30.769Z [worker] run e824c3a5-8241-4f42-963b-5d5216843348 done
2026-09-29T08:13:30.774Z [worker] run d3dadd90-f54e-43ac-8a65-a13da8f10807 claimed
2026-09-29T08:13:30.777Z [worker] run 2728d20a-6e1e-4dea-bf2d-e7c24972ecbd done
2026-09-29T08:13:30.780Z [worker] run e3cb0078-4dd7-4b2b-bec7-500f889c0f0e claimed
2026-09-29T08:13:30.799Z [worker] run 1025d80f-aac8-4c0a-8f3a-8d26549db317 done
2026-09-29T08:13:30.804Z [worker] run d3dadd90-f54e-43ac-8a65-a13da8f10807 done
2026-09-29T08:13:30.807Z [worker] run c2ff479c-b37d-4be3-bcb2-3420e920ca2a claimed
2026-09-29T08:13:30.811Z [worker] run e3cb0078-4dd7-4b2b-bec7-500f889c0f0e done
2026-09-29T08:13:30.812Z [worker] run 0eefdd68-b469-4690-8be3-4296dfe26075 claimed
2026-09-29T08:13:30.817Z [worker] run 4f048a13-2810-4d6e-8a40-0746a53702f4 claimed
2026-09-29T08:13:30.838Z [worker] run c2ff479c-b37d-4be3-bcb2-3420e920ca2a done
2026-09-29T08:13:30.843Z [worker] run 0eefdd68-b469-4690-8be3-4296dfe26075 done
2026-09-29T08:13:30.846Z [worker] run 9a76a892-bcee-48bf-8c8c-ec6e282ac4b5 claimed
2026-09-29T08:13:30.847Z [worker] run 4f048a13-2810-4d6e-8a40-0746a53702f4 done
2026-09-29T08:13:30.874Z [worker] run 9a76a892-bcee-48bf-8c8c-ec6e282ac4b5 done
2026-09-29T08:13:31.047Z [worker] scheduler fired 382
2026-09-29T08:13:31.052Z [worker] run 6815d45b-8cb8-4fdf-b38a-db048a65302f claimed
2026-09-29T08:13:31.057Z [worker] run 28d4eae7-1704-45a9-8eb6-73e744e5f469 claimed
2026-09-29T08:13:31.062Z [worker] run f8452d36-8e4a-426c-8bff-1f609b447883 claimed
2026-09-29T08:13:31.063Z [worker] scheduler fired 21
2026-09-29T08:13:31.067Z [worker] run ee9448ed-be1b-4e95-aa59-884ac6e58301 claimed
2026-09-29T08:13:31.083Z [worker] run 6815d45b-8cb8-4fdf-b38a-db048a65302f done
2026-09-29T08:13:31.087Z [worker] run 28d4eae7-1704-45a9-8eb6-73e744e5f469 done
2026-09-29T08:13:31.090Z [worker] run bfb37892-10ab-4b7e-92c5-7f20fd5601b2 claimed
2026-09-29T08:13:31.092Z [worker] run f8452d36-8e4a-426c-8bff-1f609b447883 done
2026-09-29T08:13:31.095Z [worker] run ee9448ed-be1b-4e95-aa59-884ac6e58301 done
2026-09-29T08:13:31.095Z [worker] run 1518a725-7fc8-471c-b83d-590e30c66521 claimed
2026-09-29T08:13:31.099Z [worker] run 8275b856-188d-46e6-8025-bff3e5bd5cb8 claimed
2026-09-29T08:13:31.104Z [worker] run 6061a4d1-5c05-4a9e-a60e-9a7348e982ad claimed
2026-09-29T08:13:31.117Z [worker] run bfb37892-10ab-4b7e-92c5-7f20fd5601b2 done
2026-09-29T08:13:31.122Z [worker] run 1518a725-7fc8-471c-b83d-590e30c66521 done
2026-09-29T08:13:31.123Z [worker] run 885595dc-7f56-4a0c-9589-cac1566b09b0 claimed
2026-09-29T08:13:31.128Z [worker] run 8275b856-188d-46e6-8025-bff3e5bd5cb8 done
2026-09-29T08:13:31.128Z [worker] run 20c70613-a54c-4cd6-b3df-f9cc040cdd14 claimed
2026-09-29T08:13:31.130Z [worker] run 6061a4d1-5c05-4a9e-a60e-9a7348e982ad done
2026-09-29T08:13:31.133Z [worker] run 0485c244-2c73-4ecb-b23a-61626a2ce232 claimed
2026-09-29T08:13:31.138Z [worker] run 227eafa1-27c8-46f7-85dd-1cd19c3e259f claimed
2026-09-29T08:13:31.150Z [worker] run 885595dc-7f56-4a0c-9589-cac1566b09b0 done
2026-09-29T08:13:31.156Z [worker] run 3d130f2d-45e6-4d35-86e6-5f64338109b9 claimed
2026-09-29T08:13:31.157Z [worker] run 20c70613-a54c-4cd6-b3df-f9cc040cdd14 done
2026-09-29T08:13:31.162Z [worker] run 0485c244-2c73-4ecb-b23a-61626a2ce232 done
2026-09-29T08:13:31.165Z [worker] run d6e547cf-99fb-421a-b5d4-528f8649ab9c claimed
2026-09-29T08:13:31.166Z [worker] run 227eafa1-27c8-46f7-85dd-1cd19c3e259f done
2026-09-29T08:13:31.169Z [worker] run ffd2bb24-aa0a-43d5-8571-7907bb92fc43 claimed
2026-09-29T08:13:31.173Z [worker] run 3080a942-bae0-4025-beb2-0d59233c6b22 claimed
2026-09-29T08:13:31.181Z [worker] run 3d130f2d-45e6-4d35-86e6-5f64338109b9 done
2026-09-29T08:13:31.189Z [worker] run d6e547cf-99fb-421a-b5d4-528f8649ab9c done
2026-09-29T08:13:31.196Z [worker] run f9133137-7c57-4bef-9431-012e1d20c794 claimed
2026-09-29T08:13:31.196Z [worker] run ffd2bb24-aa0a-43d5-8571-7907bb92fc43 done
2026-09-29T08:13:31.200Z [worker] run 60a27292-dc9f-4d99-b6e1-a484ca7155ed claimed
2026-09-29T08:13:31.201Z [worker] run 3080a942-bae0-4025-beb2-0d59233c6b22 done
2026-09-29T08:13:31.204Z [worker] run 3abcca7a-8640-4b6a-aee4-5c915defb143 claimed
2026-09-29T08:13:31.221Z [worker] run f9133137-7c57-4bef-9431-012e1d20c794 done
2026-09-29T08:13:31.225Z [worker] run 60a27292-dc9f-4d99-b6e1-a484ca7155ed done
2026-09-29T08:13:31.227Z [worker] run 2e01af92-f0ba-4622-8dde-7c6df3f3a185 claimed
2026-09-29T08:13:31.234Z [worker] run 3abcca7a-8640-4b6a-aee4-5c915defb143 done
2026-09-29T08:13:31.250Z [worker] run 2e01af92-f0ba-4622-8dde-7c6df3f3a185 done
 POST /api/workspaces/440b585d-0796-45d2-95ca-36c973ad1e2b/invites 201 in 842ms (next.js: 811ms, application-code: 31ms)
 POST /api/auth/sign-up/email 200 in 91ms (next.js: 14ms, application-code: 77ms)
 GET /api/test/outbox?email=oauth-editor-2a6842ae%40flowline-e2e.test 200 in 8ms (next.js: 2ms, application-code: 6ms)
 POST /api/email 200 in 29ms (next.js: 1.6ms, application-code: 27ms)
 POST /api/auth/sign-in/email 200 in 93ms (next.js: 1.9ms, application-code: 91ms)
 POST /api/invites/sYdcsW0_jocHZpJZFEXAmlsv7bJdi9v2KK1lwV_CMTQ 200 in 810ms (next.js: 782ms, application-code: 28ms)
 GET /w/e2e-1bd636/integrations 200 in 624ms (next.js: 573ms, application-code: 50ms)
 GET /api/health 200 in 7ms (next.js: 1.8ms, application-code: 5ms)
 GET /api/integrations/catalog?workspaceId=440b585d-0796-45d2-95ca-36c973ad1e2b 200 in 213ms (next.js: 45ms, application-code: 168ms)
 GET /api/workspaces/440b585d-0796-45d2-95ca-36c973ad1e2b/connections 200 in 804ms (next.js: 788ms, application-code: 17ms)
 GET /api/workspaces/440b585d-0796-45d2-95ca-36c973ad1e2b/oauth-apps/provenance?provider=google_sheets 200 in 805ms (next.js: 793ms, application-code: 12ms)
 GET /api/workspaces/440b585d-0796-45d2-95ca-36c973ad1e2b/oauth-apps/google/impact 200 in 806ms (next.js: 786ms, application-code: 20ms)
 DELETE /api/workspaces/440b585d-0796-45d2-95ca-36c973ad1e2b/oauth-apps/google 200 in 46ms (next.js: 14ms, application-code: 32ms)
 GET /api/workspaces/440b585d-0796-45d2-95ca-36c973ad1e2b/oauth-apps 200 in 36ms (next.js: 14ms, application-code: 22ms)
 POST /api/auth/sign-up/email 200 in 100ms (next.js: 16ms, application-code: 84ms)
 GET /api/test/outbox?email=e2e-a4eba053%40flowline-e2e.test 200 in 8ms (next.js: 1.5ms, application-code: 7ms)
 POST /api/email 200 in 21ms (next.js: 1.5ms, application-code: 20ms)
 POST /api/auth/sign-in/email 200 in 68ms (next.js: 1.5ms, application-code: 66ms)
 POST /api/workspaces 201 in 34ms (next.js: 2.0ms, application-code: 32ms)
 POST /api/onboarding 200 in 20ms (next.js: 1.6ms, application-code: 19ms)
 GET /w/e2e-42801b/settings?tab=ai 200 in 52ms (next.js: 14ms, application-code: 38ms)
 GET /api/health 200 in 8ms (next.js: 2ms, application-code: 6ms)
 GET /api/workspaces/af2ba441-24c8-4268-a35d-79581bbf3a98/ai 200 in 882ms (next.js: 849ms, application-code: 34ms)
 GET /api/workspaces/af2ba441-24c8-4268-a35d-79581bbf3a98/ai/models 200 in 841ms (next.js: 824ms, application-code: 17ms)
 POST /api/workspaces/af2ba441-24c8-4268-a35d-79581bbf3a98/ai/connections 201 in 876ms (next.js: 816ms, application-code: 60ms)
 GET /api/workspaces/af2ba441-24c8-4268-a35d-79581bbf3a98/ai 200 in 48ms (next.js: 13ms, application-code: 35ms)
 GET /api/workspaces/af2ba441-24c8-4268-a35d-79581bbf3a98/ai/models 200 in 49ms (next.js: 30ms, application-code: 19ms)
 POST /api/auth/sign-up/email 200 in 90ms (next.js: 14ms, application-code: 76ms)
 GET /api/test/outbox?email=e2e-74c04c42%40flowline-e2e.test 200 in 6ms (next.js: 1.5ms, application-code: 4ms)
 POST /api/email 200 in 18ms (next.js: 1.5ms, application-code: 17ms)
 POST /api/auth/sign-in/email 200 in 69ms (next.js: 1.9ms, application-code: 67ms)
 POST /api/workspaces 201 in 26ms (next.js: 1.9ms, application-code: 25ms)
 POST /api/onboarding 200 in 25ms (next.js: 1.5ms, application-code: 24ms)
 GET /w/e2e-d92ffb/settings?tab=ai 200 in 59ms (next.js: 16ms, application-code: 43ms)
 GET /api/health 200 in 9ms (next.js: 3ms, application-code: 6ms)
 GET /api/workspaces/bc94fd99-994e-4b8a-b7dc-04001d291b44/ai 200 in 24ms (next.js: 2ms, application-code: 22ms)
 GET /api/workspaces/bc94fd99-994e-4b8a-b7dc-04001d291b44/ai/models 200 in 30ms (next.js: 15ms, application-code: 15ms)
 POST /api/workspaces/bc94fd99-994e-4b8a-b7dc-04001d291b44/ai/connections 201 in 64ms (next.js: 17ms, application-code: 48ms)
 GET /api/workspaces/bc94fd99-994e-4b8a-b7dc-04001d291b44/ai/models 200 in 38ms (next.js: 19ms, application-code: 19ms)
 GET /api/workspaces/bc94fd99-994e-4b8a-b7dc-04001d291b44/ai 200 in 43ms (next.js: 16ms, application-code: 28ms)
 POST /api/auth/sign-up/email 200 in 94ms (next.js: 15ms, application-code: 79ms)
 GET /api/test/outbox?email=e2e-d4e455e8%40flowline-e2e.test 200 in 7ms (next.js: 1.6ms, application-code: 5ms)
 POST /api/email 200 in 21ms (next.js: 2.0ms, application-code: 19ms)
 POST /api/auth/sign-in/email 200 in 70ms (next.js: 1.5ms, application-code: 69ms)
 POST /api/workspaces 201 in 21ms (next.js: 1.7ms, application-code: 20ms)
 POST /api/onboarding 200 in 24ms (next.js: 1.6ms, application-code: 22ms)
 POST /api/workspaces/ea532241-2266-4eff-9084-cef8fe44b456/ai/connections 201 in 68ms (next.js: 1.7ms, application-code: 67ms)
 PUT /api/workspaces/ea532241-2266-4eff-9084-cef8fe44b456/ai/default-route 200 in 819ms (next.js: 795ms, application-code: 24ms)
 PUT /api/workspaces/ea532241-2266-4eff-9084-cef8fe44b456/ai/policy 200 in 819ms (next.js: 799ms, application-code: 19ms)
 POST /api/workspaces/ea532241-2266-4eff-9084-cef8fe44b456/ai/connections 201 in 75ms (next.js: 13ms, application-code: 62ms)
 GET /w/e2e-f8c558/settings?tab=ai 200 in 66ms (next.js: 16ms, application-code: 51ms)
 GET /api/health 200 in 7ms (next.js: 2ms, application-code: 5ms)
 GET /api/workspaces/ea532241-2266-4eff-9084-cef8fe44b456/ai 200 in 39ms (next.js: 15ms, application-code: 24ms)
 GET /api/workspaces/ea532241-2266-4eff-9084-cef8fe44b456/ai/models 200 in 35ms (next.js: 16ms, application-code: 19ms)
 PUT /api/workspaces/ea532241-2266-4eff-9084-cef8fe44b456/ai/policy 200 in 36ms (next.js: 15ms, application-code: 21ms)
 GET /api/workspaces/ea532241-2266-4eff-9084-cef8fe44b456/ai 200 in 68ms (next.js: 2ms, application-code: 66ms)
 GET /w/e2e-f8c558/settings?tab=ai 200 in 78ms (next.js: 18ms, application-code: 60ms)
 GET /api/health 200 in 8ms (next.js: 2ms, application-code: 6ms)
 GET /api/workspaces/ea532241-2266-4eff-9084-cef8fe44b456/ai 200 in 40ms (next.js: 1.8ms, application-code: 38ms)
 GET /api/workspaces/ea532241-2266-4eff-9084-cef8fe44b456/ai/models 200 in 27ms (next.js: 2ms, application-code: 24ms)
 GET /w/e2e-f8c558/agents/new 200 in 676ms (next.js: 614ms, application-code: 62ms)
 GET /api/health 200 in 8ms (next.js: 2.0ms, application-code: 6ms)
 GET /api/workspaces/ea532241-2266-4eff-9084-cef8fe44b456/ai 200 in 148ms (next.js: 14ms, application-code: 135ms)
 GET /api/workspaces/ea532241-2266-4eff-9084-cef8fe44b456/ai/models 200 in 40ms (next.js: 16ms, application-code: 25ms)
 GET /api/workspaces/ea532241-2266-4eff-9084-cef8fe44b456/knowledge 200 in 922ms (next.js: 901ms, application-code: 21ms)
 GET /api/workspaces/ea532241-2266-4eff-9084-cef8fe44b456/flows 200 in 925ms (next.js: 907ms, application-code: 18ms)
 POST /api/workspaces/ea532241-2266-4eff-9084-cef8fe44b456/agents 201 in 886ms (next.js: 855ms, application-code: 31ms)
 GET /w/e2e-f8c558/agents/1ceffc14-09b4-41e5-b6fd-69d35410c79f 200 in 585ms (next.js: 572ms, application-code: 13ms)
 GET /api/agents/1ceffc14-09b4-41e5-b6fd-69d35410c79f 200 in 866ms (next.js: 845ms, application-code: 22ms)
 POST /api/auth/sign-up/email 200 in 89ms (next.js: 13ms, application-code: 76ms)
 GET /api/test/outbox?email=e2e-815bcc9c%40flowline-e2e.test 200 in 6ms (next.js: 1.8ms, application-code: 5ms)
 POST /api/email 200 in 18ms (next.js: 1.4ms, application-code: 16ms)
 POST /api/auth/sign-in/email 200 in 67ms (next.js: 1.8ms, application-code: 65ms)
 POST /api/workspaces 201 in 32ms (next.js: 1.6ms, application-code: 31ms)
 POST /api/onboarding 200 in 23ms (next.js: 1.6ms, application-code: 21ms)
 GET /w/e2e-a1745d/settings?tab=ai 200 in 68ms (next.js: 15ms, application-code: 53ms)
 GET /api/health 200 in 7ms (next.js: 1.8ms, application-code: 5ms)
 GET /api/workspaces/c52893ec-4107-4c98-96d8-d8007b8f7555/ai 200 in 36ms (next.js: 15ms, application-code: 20ms)
 GET /api/workspaces/c52893ec-4107-4c98-96d8-d8007b8f7555/ai/models 200 in 34ms (next.js: 15ms, application-code: 18ms)
 POST /api/workspaces/c52893ec-4107-4c98-96d8-d8007b8f7555/ai/connections 201 in 61ms (next.js: 15ms, application-code: 46ms)
 GET /api/workspaces/c52893ec-4107-4c98-96d8-d8007b8f7555/ai/models 200 in 20ms (next.js: 5ms, application-code: 15ms)
 GET /api/workspaces/c52893ec-4107-4c98-96d8-d8007b8f7555/ai 200 in 23ms (next.js: 2ms, application-code: 21ms)
 PUT /api/workspaces/c52893ec-4107-4c98-96d8-d8007b8f7555/ai/default-route 200 in 41ms (next.js: 16ms, application-code: 25ms)
 GET /api/workspaces/c52893ec-4107-4c98-96d8-d8007b8f7555/ai 200 in 82ms (next.js: 2ms, application-code: 80ms)
 PATCH /api/workspaces/c52893ec-4107-4c98-96d8-d8007b8f7555 200 in 836ms (next.js: 814ms, application-code: 22ms)
 POST /api/workspaces/c52893ec-4107-4c98-96d8-d8007b8f7555/flows 201 in 36ms (next.js: 13ms, application-code: 23ms)
 PUT /api/flows/a2d2610f-c23f-4bd9-99ec-335216365891 200 in 848ms (next.js: 821ms, application-code: 27ms)
 GET /w/e2e-a1745d/flows/a2d2610f-c23f-4bd9-99ec-335216365891 200 in 641ms (next.js: 568ms, application-code: 73ms)
 GET /api/health 200 in 6ms (next.js: 1.8ms, application-code: 4ms)
 GET /api/flows/a2d2610f-c23f-4bd9-99ec-335216365891 200 in 31ms (next.js: 15ms, application-code: 17ms)
 GET /api/workspaces/c52893ec-4107-4c98-96d8-d8007b8f7555/ai 200 in 55ms (next.js: 15ms, application-code: 41ms)
 GET /api/workspaces/c52893ec-4107-4c98-96d8-d8007b8f7555/ai/models 200 in 35ms (next.js: 15ms, application-code: 20ms)
 GET /api/flows/a2d2610f-c23f-4bd9-99ec-335216365891/publish 200 in 930ms (next.js: 901ms, application-code: 29ms)
 GET /api/flows/a2d2610f-c23f-4bd9-99ec-335216365891/runs 200 in 870ms (next.js: 856ms, application-code: 14ms)
 PUT /api/flows/a2d2610f-c23f-4bd9-99ec-335216365891 200 in 43ms (next.js: 14ms, application-code: 29ms)
2026-09-29T08:13:54.030Z [worker] run 6f5f9af6-8f75-48e4-ac22-c6dd1d6486ca claimed
 POST /api/flows/a2d2610f-c23f-4bd9-99ec-335216365891/runs 202 in 65ms (next.js: 14ms, application-code: 51ms)
 GET /api/flows/a2d2610f-c23f-4bd9-99ec-335216365891/runs 200 in 55ms (next.js: 2ms, application-code: 53ms)
2026-09-29T08:13:54.119Z [worker] run 6f5f9af6-8f75-48e4-ac22-c6dd1d6486ca done
 GET /api/runs/6f5f9af6-8f75-48e4-ac22-c6dd1d6486ca 200 in 854ms (next.js: 833ms, application-code: 21ms)
 GET /api/flows/a2d2610f-c23f-4bd9-99ec-335216365891/runs 200 in 50ms (next.js: 18ms, application-code: 32ms)
 GET /w/e2e-a1745d/runs?run=6f5f9af6-8f75-48e4-ac22-c6dd1d6486ca 200 in 607ms (next.js: 591ms, application-code: 16ms)
 GET /api/workspaces/c52893ec-4107-4c98-96d8-d8007b8f7555/runs?limit=25 200 in 829ms (next.js: 813ms, application-code: 16ms)
 GET /w/e2e-a1745d/settings?tab=ai 200 in 54ms (next.js: 13ms, application-code: 41ms)
 GET /api/health 200 in 6ms (next.js: 2ms, application-code: 4ms)
 GET /api/workspaces/c52893ec-4107-4c98-96d8-d8007b8f7555/ai 200 in 36ms (next.js: 14ms, application-code: 22ms)
 GET /api/workspaces/c52893ec-4107-4c98-96d8-d8007b8f7555/ai/models 200 in 37ms (next.js: 16ms, application-code: 22ms)
 POST /api/auth/sign-out 200 in 36ms (next.js: 16ms, application-code: 20ms)
 GET /sign-in 200 in 35ms (next.js: 5ms, application-code: 30ms)
 GET /api/auth-config 200 in 68ms (next.js: 60ms, application-code: 8ms)
 POST /api/auth/sign-in/email 200 in 85ms (next.js: 1.9ms, application-code: 83ms)
 GET /w/e2e-a1745d/settings?tab=ai 200 in 55ms (next.js: 17ms, application-code: 38ms)
 GET /api/health 200 in 8ms (next.js: 2ms, application-code: 6ms)
 GET /api/workspaces/c52893ec-4107-4c98-96d8-d8007b8f7555/ai 200 in 30ms (next.js: 2ms, application-code: 28ms)
 GET /api/workspaces/c52893ec-4107-4c98-96d8-d8007b8f7555/ai/models 200 in 31ms (next.js: 1.9ms, application-code: 29ms)
 POST /api/auth/sign-up/email 200 in 87ms (next.js: 2ms, application-code: 85ms)
 GET /api/test/outbox?email=ai-other-c092bfb9%40flowline-e2e.test 200 in 8ms (next.js: 2ms, application-code: 6ms)
 POST /api/email 200 in 19ms (next.js: 1.6ms, application-code: 18ms)
 POST /api/auth/sign-in/email 200 in 72ms (next.js: 1.7ms, application-code: 70ms)
 POST /api/workspaces 201 in 48ms (next.js: 2ms, application-code: 46ms)
 GET /api/workspaces/c52893ec-4107-4c98-96d8-d8007b8f7555/ai/connections 404 in 37ms (next.js: 15ms, application-code: 22ms)
 GET /api/workspaces/c52893ec-4107-4c98-96d8-d8007b8f7555/ai/models 404 in 27ms (next.js: 16ms, application-code: 11ms)
 GET /w/other-ai-15/settings?tab=ai 200 in 56ms (next.js: 14ms, application-code: 42ms)
 GET /api/health 200 in 8ms (next.js: 2ms, application-code: 5ms)
 GET /api/workspaces/1c68859d-0d8b-4b18-beac-cbca14776ce3/ai 200 in 35ms (next.js: 18ms, application-code: 17ms)
 GET /api/workspaces/1c68859d-0d8b-4b18-beac-cbca14776ce3/ai/models 200 in 25ms (next.js: 2ms, application-code: 23ms)
 POST /api/workspaces/c52893ec-4107-4c98-96d8-d8007b8f7555/invites 201 in 54ms (next.js: 16ms, application-code: 38ms)
 POST /api/auth/sign-up/email 200 in 108ms (next.js: 16ms, application-code: 92ms)
 GET /api/test/outbox?email=ai-editor-0cccfc65%40flowline-e2e.test 200 in 7ms (next.js: 2ms, application-code: 5ms)
 POST /api/email 200 in 25ms (next.js: 2ms, application-code: 23ms)
 POST /api/auth/sign-in/email 200 in 73ms (next.js: 3ms, application-code: 70ms)
 POST /api/invites/iT_e8ROAz7wmq5l0vLrKtO_cmQ1P-u3ptOLg20XK6Cw 200 in 43ms (next.js: 15ms, application-code: 28ms)
 GET /api/workspaces/c52893ec-4107-4c98-96d8-d8007b8f7555/ai/models 200 in 34ms (next.js: 16ms, application-code: 18ms)
 GET /api/workspaces/c52893ec-4107-4c98-96d8-d8007b8f7555/ai/connections 200 in 26ms (next.js: 15ms, application-code: 11ms)
 POST /api/workspaces/c52893ec-4107-4c98-96d8-d8007b8f7555/ai/connections 403 in 15ms (next.js: 1.9ms, application-code: 13ms)
 GET /api/flows/a2d2610f-c23f-4bd9-99ec-335216365891 200 in 43ms (next.js: 17ms, application-code: 27ms)
 PUT /api/flows/a2d2610f-c23f-4bd9-99ec-335216365891 403 in 33ms (next.js: 2ms, application-code: 31ms)
 GET /w/e2e-a1745d/flows/a2d2610f-c23f-4bd9-99ec-335216365891 200 in 72ms (next.js: 18ms, application-code: 53ms)
 GET /api/health 200 in 9ms (next.js: 3ms, application-code: 6ms)
 GET /api/flows/a2d2610f-c23f-4bd9-99ec-335216365891 200 in 23ms (next.js: 3ms, application-code: 21ms)
 GET /api/flows/a2d2610f-c23f-4bd9-99ec-335216365891/publish 200 in 65ms (next.js: 19ms, application-code: 47ms)
 GET /api/flows/a2d2610f-c23f-4bd9-99ec-335216365891/runs 200 in 47ms (next.js: 21ms, application-code: 26ms)
 GET /api/runs/6f5f9af6-8f75-48e4-ac22-c6dd1d6486ca 200 in 129ms (next.js: 23ms, application-code: 106ms)
 GET /api/workspaces/c52893ec-4107-4c98-96d8-d8007b8f7555/ai 200 in 101ms (next.js: 27ms, application-code: 74ms)
 GET /api/workspaces/c52893ec-4107-4c98-96d8-d8007b8f7555/ai/models 200 in 19ms (next.js: 2ms, application-code: 17ms)
 GET / 200 in 103ms (next.js: 49ms, application-code: 55ms)
 GET /sign-up 200 in 21ms (next.js: 6ms, application-code: 15ms)
 GET /api/auth-config 200 in 7ms (next.js: 1.9ms, application-code: 5ms)
 POST /api/auth/sign-up/email 200 in 95ms (next.js: 14ms, application-code: 82ms)
 GET /api/test/outbox?email=arabic-122435e5%40flowline-e2e.test 200 in 7ms (next.js: 2ms, application-code: 5ms)
 GET /verify-email?token=d-AacxGBSmqIt8zpn17ob0V_7ZoPe_z3zpUjc7UuKpk&callbackURL=%2Fsign-in 200 in 42ms (next.js: 19ms, application-code: 23ms)
 POST /api/email 200 in 19ms (next.js: 2.0ms, application-code: 17ms)
 GET /sign-in 200 in 16ms (next.js: 3ms, application-code: 12ms)
 GET /api/auth-config 200 in 8ms (next.js: 1.9ms, application-code: 6ms)
 POST /api/auth/sign-in/email 200 in 82ms (next.js: 14ms, application-code: 68ms)
 GET /app 200 in 91ms (next.js: 39ms, application-code: 52ms)
 GET /app 200 in 38ms (next.js: 7ms, application-code: 31ms)
 GET /onboarding 200 in 80ms (next.js: 35ms, application-code: 45ms)
 GET /onboarding 200 in 32ms (next.js: 7ms, application-code: 24ms)
 POST /api/workspaces 201 in 38ms (next.js: 1.9ms, application-code: 36ms)
 POST /api/workspaces/358789dc-55f4-4243-8ec3-2607e16434ab/flows 201 in 37ms (next.js: 14ms, application-code: 23ms)
 POST /api/onboarding 200 in 17ms (next.js: 2ms, application-code: 15ms)
 GET /w/arabic-co-14/flows/d73b5b9b-9c53-4fcc-b3ef-b18cac1c80a5 200 in 51ms (next.js: 17ms, application-code: 34ms)
 GET /api/health 200 in 8ms (next.js: 2ms, application-code: 6ms)
 GET /api/flows/d73b5b9b-9c53-4fcc-b3ef-b18cac1c80a5 200 in 30ms (next.js: 16ms, application-code: 14ms)
 GET /api/flows/d73b5b9b-9c53-4fcc-b3ef-b18cac1c80a5/publish 200 in 49ms (next.js: 15ms, application-code: 34ms)
 GET /api/flows/d73b5b9b-9c53-4fcc-b3ef-b18cac1c80a5/runs 200 in 31ms (next.js: 16ms, application-code: 15ms)
 GET /w/arabic-co-14/flows 200 in 672ms (next.js: 610ms, application-code: 62ms)
 GET /api/health 200 in 9ms (next.js: 3ms, application-code: 6ms)
 GET /api/workspaces/358789dc-55f4-4243-8ec3-2607e16434ab/flows 200 in 114ms (next.js: 60ms, application-code: 54ms)
 GET /w/arabic-co-14/flows 200 in 48ms (next.js: 17ms, application-code: 31ms)
 GET /w/arabic-co-14/flows 200 in 35ms (next.js: 3ms, application-code: 32ms)
 POST /api/auth/sign-out 200 in 38ms (next.js: 17ms, application-code: 20ms)
 GET /sign-in 200 in 33ms (next.js: 3ms, application-code: 30ms)
 GET /api/workspaces/358789dc-55f4-4243-8ec3-2607e16434ab/usage 200 in 771ms
 GET /api/workspaces/358789dc-55f4-4243-8ec3-2607e16434ab/overview 200 in 773ms
 GET /sign-in 200 in 41ms (next.js: 3ms, application-code: 39ms)
 GET /api/auth-config 200 in 9ms (next.js: 2ms, application-code: 7ms)
 GET /api/auth-config 200 in 8ms (next.js: 2ms, application-code: 6ms)
 POST /api/auth/sign-in/email 200 in 75ms (next.js: 2.0ms, application-code: 73ms)
 GET /app 200 in 47ms (next.js: 3ms, application-code: 44ms)
 GET /app 200 in 31ms (next.js: 6ms, application-code: 25ms)
 GET /w/arabic-co-14/flows 200 in 67ms (next.js: 16ms, application-code: 51ms)
 GET /w/arabic-co-14/flows 200 in 37ms (next.js: 7ms, application-code: 30ms)
 GET /api/health 200 in 9ms (next.js: 2ms, application-code: 7ms)
 GET /api/workspaces/358789dc-55f4-4243-8ec3-2607e16434ab/usage 200 in 70ms (next.js: 32ms, application-code: 38ms)
 GET /api/workspaces/358789dc-55f4-4243-8ec3-2607e16434ab/overview 200 in 79ms (next.js: 17ms, application-code: 62ms)
 GET /api/workspaces/358789dc-55f4-4243-8ec3-2607e16434ab/flows 200 in 73ms (next.js: 31ms, application-code: 42ms)
 GET /sign-in 200 in 36ms (next.js: 2ms, application-code: 34ms)
 GET /api/auth-config 200 in 8ms (next.js: 1.9ms, application-code: 6ms)
 GET /sign-in 200 in 18ms (next.js: 3ms, application-code: 16ms)
 GET /sign-up 200 in 33ms (next.js: 3ms, application-code: 30ms)
 GET /api/auth-config 200 in 9ms (next.js: 1.8ms, application-code: 7ms)
 GET /sign-up 200 in 20ms (next.js: 3ms, application-code: 17ms)
 GET /sign-in 200 in 33ms (next.js: 3ms, application-code: 30ms)
 GET /api/auth-config 200 in 8ms (next.js: 1.8ms, application-code: 6ms)
 POST /api/auth/sign-up/email 200 in 92ms (next.js: 14ms, application-code: 78ms)
 GET /api/test/outbox?email=arabic-rtl-b809d4b8%40flowline-e2e.test 200 in 8ms (next.js: 1.7ms, application-code: 6ms)
 POST /api/email 200 in 19ms (next.js: 1.8ms, application-code: 17ms)
 POST /api/auth/sign-in/email 200 in 66ms (next.js: 1.6ms, application-code: 65ms)
 POST /api/workspaces 201 in 39ms (next.js: 1.7ms, application-code: 37ms)
 POST /api/onboarding 200 in 26ms (next.js: 1.7ms, application-code: 24ms)
 POST /api/workspaces/399752a6-6602-4e87-84b2-4d3dcf72bd31/flows 201 in 27ms (next.js: 14ms, application-code: 13ms)
 GET / 200 in 60ms (next.js: 2ms, application-code: 58ms)
 GET /sign-in 200 in 32ms (next.js: 2ms, application-code: 29ms)
 GET /api/auth-config 200 in 9ms (next.js: 3ms, application-code: 6ms)
 GET /w/rtl-scroll-14/flows 200 in 66ms (next.js: 15ms, application-code: 51ms)
 GET /api/health 200 in 9ms (next.js: 2ms, application-code: 6ms)
 GET /api/workspaces/399752a6-6602-4e87-84b2-4d3dcf72bd31/flows 200 in 34ms (next.js: 3ms, application-code: 31ms)
 GET /api/workspaces/399752a6-6602-4e87-84b2-4d3dcf72bd31/usage 200 in 91ms (next.js: 32ms, application-code: 59ms)
 GET /api/workspaces/399752a6-6602-4e87-84b2-4d3dcf72bd31/overview 200 in 123ms (next.js: 15ms, application-code: 108ms)
 GET /w/rtl-scroll-14/flows/7ad4b103-393e-4a73-bb8a-5eb5758f7ba1 200 in 78ms (next.js: 17ms, application-code: 60ms)
 GET /api/health 200 in 9ms (next.js: 3ms, application-code: 6ms)
 GET /api/flows/7ad4b103-393e-4a73-bb8a-5eb5758f7ba1 200 in 29ms (next.js: 16ms, application-code: 13ms)
 GET /api/flows/7ad4b103-393e-4a73-bb8a-5eb5758f7ba1/publish 200 in 61ms (next.js: 16ms, application-code: 46ms)
 GET /api/flows/7ad4b103-393e-4a73-bb8a-5eb5758f7ba1/runs 200 in 50ms (next.js: 17ms, application-code: 33ms)
 GET /w/rtl-scroll-14/runs 200 in 88ms (next.js: 17ms, application-code: 71ms)
 GET /api/health 200 in 8ms (next.js: 2ms, application-code: 6ms)
 GET /api/workspaces/399752a6-6602-4e87-84b2-4d3dcf72bd31/runs?limit=25 200 in 78ms (next.js: 18ms, application-code: 60ms)
 GET /w/rtl-scroll-14/settings 200 in 81ms (next.js: 21ms, application-code: 60ms)
 GET /api/health 200 in 9ms (next.js: 3ms, application-code: 6ms)
(node:59076) MaxListenersExceededWarning: Possible EventEmitter memory leak detected. 11 unpipe listeners added to [SyncWriteStream]. MaxListeners is 10. Use emitter.setMaxListeners() to increase limit
(Use `node --trace-warnings ...` to show where the warning was created)
(node:59076) MaxListenersExceededWarning: Possible EventEmitter memory leak detected. 11 error listeners added to [SyncWriteStream]. MaxListeners is 10. Use emitter.setMaxListeners() to increase limit
(node:59076) MaxListenersExceededWarning: Possible EventEmitter memory leak detected. 11 close listeners added to [SyncWriteStream]. MaxListeners is 10. Use emitter.setMaxListeners() to increase limit
(node:59076) MaxListenersExceededWarning: Possible EventEmitter memory leak detected. 11 finish listeners added to [SyncWriteStream]. MaxListeners is 10. Use emitter.setMaxListeners() to increase limit
(node:59076) MaxListenersExceededWarning: Possible EventEmitter memory leak detected. 11 unpipe listeners added to [SyncWriteStream]. MaxListeners is 10. Use emitter.setMaxListeners() to increase limit
(node:59076) MaxListenersExceededWarning: Possible EventEmitter memory leak detected. 11 error listeners added to [SyncWriteStream]. MaxListeners is 10. Use emitter.setMaxListeners() to increase limit
(node:59076) MaxListenersExceededWarning: Possible EventEmitter memory leak detected. 11 close listeners added to [SyncWriteStream]. MaxListeners is 10. Use emitter.setMaxListeners() to increase limit
(node:59076) MaxListenersExceededWarning: Possible EventEmitter memory leak detected. 11 finish listeners added to [SyncWriteStream]. MaxListeners is 10. Use emitter.setMaxListeners() to increase limit
 GET /api/workspaces/399752a6-6602-4e87-84b2-4d3dcf72bd31/invites 200 in 129ms (next.js: 24ms, application-code: 105ms)
 GET / 200 in 69ms (next.js: 4ms, application-code: 65ms)
 GET /api/workspaces/399752a6-6602-4e87-84b2-4d3dcf72bd31/members 200 in 164ms
 GET /sign-in 200 in 34ms (next.js: 3ms, application-code: 31ms)
 GET /api/auth-config 200 in 12ms (next.js: 4ms, application-code: 7ms)
 GET /w/rtl-scroll-14/flows 200 in 71ms (next.js: 17ms, application-code: 54ms)
 GET /api/health 200 in 8ms (next.js: 3ms, application-code: 6ms)
 GET /api/workspaces/399752a6-6602-4e87-84b2-4d3dcf72bd31/usage 200 in 99ms (next.js: 18ms, application-code: 81ms)
 GET /api/workspaces/399752a6-6602-4e87-84b2-4d3dcf72bd31/flows 200 in 99ms (next.js: 37ms, application-code: 61ms)
 GET /api/workspaces/399752a6-6602-4e87-84b2-4d3dcf72bd31/overview 200 in 152ms (next.js: 21ms, application-code: 131ms)
 GET /w/rtl-scroll-14/flows/7ad4b103-393e-4a73-bb8a-5eb5758f7ba1 200 in 81ms (next.js: 18ms, application-code: 63ms)
 GET /api/health 200 in 9ms (next.js: 3ms, application-code: 6ms)
 GET /api/flows/7ad4b103-393e-4a73-bb8a-5eb5758f7ba1 200 in 31ms (next.js: 18ms, application-code: 12ms)
 GET /api/flows/7ad4b103-393e-4a73-bb8a-5eb5758f7ba1/publish 200 in 65ms (next.js: 18ms, application-code: 47ms)
 GET /api/flows/7ad4b103-393e-4a73-bb8a-5eb5758f7ba1/runs 200 in 45ms (next.js: 18ms, application-code: 27ms)
 GET /w/rtl-scroll-14/runs 200 in 83ms (next.js: 18ms, application-code: 65ms)
 GET /api/health 200 in 7ms (next.js: 2ms, application-code: 4ms)
 GET /api/workspaces/399752a6-6602-4e87-84b2-4d3dcf72bd31/runs?limit=25 200 in 70ms (next.js: 23ms, application-code: 47ms)
2026-09-29T08:14:10.328Z [worker] platform notifications sent 20
 GET /w/rtl-scroll-14/settings 200 in 88ms (next.js: 27ms, application-code: 61ms)
 GET /api/health 200 in 16ms (next.js: 8ms, application-code: 8ms)
 GET /api/workspaces/399752a6-6602-4e87-84b2-4d3dcf72bd31/members 200 in 107ms (next.js: 26ms, application-code: 81ms)
 GET /api/workspaces/399752a6-6602-4e87-84b2-4d3dcf72bd31/invites 200 in 107ms (next.js: 55ms, application-code: 53ms)
 GET / 200 in 82ms (next.js: 5ms, application-code: 76ms)
 GET /sign-in 200 in 41ms (next.js: 4ms, application-code: 37ms)
 GET /api/auth-config 200 in 9ms (next.js: 2ms, application-code: 6ms)
 GET /w/rtl-scroll-14/flows 200 in 75ms (next.js: 18ms, application-code: 56ms)
 GET /api/health 200 in 10ms (next.js: 3ms, application-code: 7ms)
 GET /api/workspaces/399752a6-6602-4e87-84b2-4d3dcf72bd31/usage 200 in 87ms (next.js: 19ms, application-code: 68ms)
 GET /api/workspaces/399752a6-6602-4e87-84b2-4d3dcf72bd31/flows 200 in 86ms (next.js: 39ms, application-code: 47ms)
 GET /api/workspaces/399752a6-6602-4e87-84b2-4d3dcf72bd31/overview 200 in 153ms (next.js: 19ms, application-code: 134ms)
 GET /w/rtl-scroll-14/flows/7ad4b103-393e-4a73-bb8a-5eb5758f7ba1 200 in 92ms (next.js: 23ms, application-code: 69ms)
 GET /api/health 200 in 9ms (next.js: 3ms, application-code: 6ms)
 GET /api/flows/7ad4b103-393e-4a73-bb8a-5eb5758f7ba1 200 in 39ms (next.js: 20ms, application-code: 20ms)
 GET /api/flows/7ad4b103-393e-4a73-bb8a-5eb5758f7ba1/publish 200 in 60ms (next.js: 17ms, application-code: 42ms)
 GET /api/flows/7ad4b103-393e-4a73-bb8a-5eb5758f7ba1/runs 200 in 36ms (next.js: 19ms, application-code: 17ms)
 GET /w/rtl-scroll-14/runs 200 in 87ms (next.js: 18ms, application-code: 69ms)
 GET /api/health 200 in 9ms (next.js: 3ms, application-code: 6ms)
 GET /api/workspaces/399752a6-6602-4e87-84b2-4d3dcf72bd31/runs?limit=25 200 in 83ms (next.js: 23ms, application-code: 59ms)
 GET /w/rtl-scroll-14/settings 200 in 84ms (next.js: 21ms, application-code: 63ms)
 GET /api/health 200 in 9ms (next.js: 3ms, application-code: 6ms)
 GET /api/workspaces/399752a6-6602-4e87-84b2-4d3dcf72bd31/members 200 in 60ms (next.js: 20ms, application-code: 40ms)
 GET /api/workspaces/399752a6-6602-4e87-84b2-4d3dcf72bd31/invites 200 in 61ms (next.js: 43ms, application-code: 17ms)
 POST /api/auth/sign-up/email 200 in 128ms (next.js: 21ms, application-code: 106ms)
 GET /api/test/outbox?email=e2e-985c62cb%40flowline-e2e.test 200 in 10ms (next.js: 3ms, application-code: 8ms)
 POST /api/email 200 in 27ms (next.js: 3ms, application-code: 25ms)
 POST /api/auth/sign-in/email 200 in 87ms (next.js: 3ms, application-code: 84ms)
 POST /api/workspaces 201 in 29ms (next.js: 2ms, application-code: 27ms)
 POST /api/onboarding 200 in 21ms (next.js: 2ms, application-code: 18ms)
 POST /api/workspaces/ae7799f6-b9a4-4df8-a252-120e8ec44633/flows 201 in 42ms (next.js: 24ms, application-code: 17ms)
 GET /w/e2e-c32c09/templates 200 in 720ms (next.js: 637ms, application-code: 83ms)
 GET /api/health 200 in 7ms (next.js: 2.0ms, application-code: 5ms)
 GET /api/workspaces/ae7799f6-b9a4-4df8-a252-120e8ec44633/connections 200 in 68ms (next.js: 15ms, application-code: 53ms)
 GET /api/workspaces/ae7799f6-b9a4-4df8-a252-120e8ec44633/ai 200 in 94ms (next.js: 15ms, application-code: 79ms)
 GET /w/e2e-c32c09/flows/9d035324-6150-460a-a351-72e26f6cce3d 200 in 71ms (next.js: 15ms, application-code: 55ms)
 GET /api/health 200 in 7ms (next.js: 1.9ms, application-code: 5ms)
 GET /api/flows/9d035324-6150-460a-a351-72e26f6cce3d 200 in 37ms (next.js: 16ms, application-code: 21ms)
 GET /api/flows/9d035324-6150-460a-a351-72e26f6cce3d/publish 200 in 48ms (next.js: 15ms, application-code: 33ms)
 GET /api/flows/9d035324-6150-460a-a351-72e26f6cce3d/runs 200 in 30ms (next.js: 15ms, application-code: 14ms)
 GET /api/integrations/catalog 200 in 21ms (next.js: 2ms, application-code: 19ms)
 GET /api/workspaces/ae7799f6-b9a4-4df8-a252-120e8ec44633/ai 200 in 25ms (next.js: 2ms, application-code: 23ms)
2026-09-29T08:14:14.329Z [worker] run 3df9e1f4-6321-4499-804d-32d0250d3015 claimed
 POST /api/flows/9d035324-6150-460a-a351-72e26f6cce3d/runs 202 in 62ms (next.js: 5ms, application-code: 58ms)
 GET /api/flows/9d035324-6150-460a-a351-72e26f6cce3d/runs 200 in 38ms (next.js: 2ms, application-code: 36ms)
 GET /api/runs/3df9e1f4-6321-4499-804d-32d0250d3015 200 in 41ms (next.js: 18ms, application-code: 23ms)
2026-09-29T08:14:14.401Z [worker] run 3df9e1f4-6321-4499-804d-32d0250d3015 done
 GET /api/runs/3df9e1f4-6321-4499-804d-32d0250d3015 200 in 36ms (next.js: 2ms, application-code: 34ms)
 GET /api/flows/9d035324-6150-460a-a351-72e26f6cce3d/runs 200 in 29ms (next.js: 15ms, application-code: 13ms)
 GET /w/e2e-c32c09/runs?run=3df9e1f4-6321-4499-804d-32d0250d3015 200 in 37ms (next.js: 17ms, application-code: 21ms)
 GET /api/workspaces/ae7799f6-b9a4-4df8-a252-120e8ec44633/runs?limit=25 200 in 32ms (next.js: 17ms, application-code: 16ms)
 GET /api/runs/3df9e1f4-6321-4499-804d-32d0250d3015/rerun-preview?fromNodeId=hot&revision=original 200 in 914ms (next.js: 888ms, application-code: 26ms)
 POST /api/auth/sign-up/email 200 in 95ms (next.js: 16ms, application-code: 79ms)
 GET /api/test/outbox?email=e2e-334011e5%40flowline-e2e.test 200 in 7ms (next.js: 1.9ms, application-code: 5ms)
 POST /api/email 200 in 18ms (next.js: 1.9ms, application-code: 16ms)
 POST /api/auth/sign-in/email 200 in 68ms (next.js: 1.6ms, application-code: 66ms)
 POST /api/workspaces 201 in 28ms (next.js: 1.8ms, application-code: 26ms)
 POST /api/onboarding 200 in 24ms (next.js: 1.7ms, application-code: 22ms)
 GET /w/e2e-a5e178/settings?tab=general 200 in 86ms (next.js: 15ms, application-code: 72ms)
 GET /api/health 200 in 8ms (next.js: 3ms, application-code: 6ms)
 GET /resend-verification 200 in 35ms (next.js: 22ms, application-code: 13ms)
 GET /w/e2e-a5e178/flows 200 in 59ms (next.js: 14ms, application-code: 45ms)
 GET /api/health 200 in 7ms (next.js: 2ms, application-code: 5ms)
 GET /api/workspaces/94df4998-dbcb-40e8-a37e-7859bfe4c168/flows 200 in 68ms (next.js: 54ms, application-code: 14ms)
 GET /api/workspaces/94df4998-dbcb-40e8-a37e-7859bfe4c168/usage 200 in 70ms (next.js: 34ms, application-code: 36ms)
 GET /api/workspaces/94df4998-dbcb-40e8-a37e-7859bfe4c168/overview 200 in 80ms (next.js: 17ms, application-code: 63ms)
 GET /account/delete 200 in 38ms (next.js: 24ms, application-code: 14ms)
 POST /api/email 200 in 22ms (next.js: 2ms, application-code: 20ms)
 GET /api/test/outbox?email=e2e-334011e5%40flowline-e2e.test 200 in 6ms (next.js: 1.7ms, application-code: 5ms)
 GET /account/delete?token=7BX1q3ErRVM8ghzl__TCNJw-EfROlSTmSaoicf9xJg8 200 in 25ms (next.js: 2ms, application-code: 23ms)
 POST /api/email 200 in 84ms (next.js: 2.0ms, application-code: 82ms)
 GET /api/me 401 in 55ms (next.js: 29ms, application-code: 26ms)
 POST /api/auth/sign-up/email 200 in 91ms (next.js: 15ms, application-code: 76ms)
 GET /api/test/outbox?email=e2e-72446a1e%40flowline-e2e.test 200 in 7ms (next.js: 2ms, application-code: 5ms)
 POST /api/email 200 in 18ms (next.js: 1.8ms, application-code: 16ms)
 POST /api/auth/sign-in/email 200 in 67ms (next.js: 1.7ms, application-code: 66ms)
 POST /api/workspaces 201 in 23ms (next.js: 2.0ms, application-code: 21ms)
 POST /api/onboarding 200 in 23ms (next.js: 1.8ms, application-code: 21ms)
 GET /w/e2e-21175f/settings 200 in 59ms (next.js: 15ms, application-code: 44ms)
 GET /api/health 200 in 8ms (next.js: 3ms, application-code: 5ms)
 GET /api/workspaces/cf85bdb8-1a8b-4ef9-a62f-e472c93d3192/members 200 in 46ms (next.js: 17ms, application-code: 30ms)
 GET /api/workspaces/cf85bdb8-1a8b-4ef9-a62f-e472c93d3192/invites 200 in 47ms (next.js: 34ms, application-code: 13ms)
 GET /api/workspaces/cf85bdb8-1a8b-4ef9-a62f-e472c93d3192/ai 200 in 44ms (next.js: 18ms, application-code: 26ms)
 GET /api/workspaces/cf85bdb8-1a8b-4ef9-a62f-e472c93d3192/ai/models 200 in 33ms (next.js: 18ms, application-code: 15ms)
 GET /api/workspaces/cf85bdb8-1a8b-4ef9-a62f-e472c93d3192/api-keys 200 in 886ms (next.js: 866ms, application-code: 20ms)
 GET /api/workspaces/cf85bdb8-1a8b-4ef9-a62f-e472c93d3192/billing 200 in 910ms (next.js: 874ms, application-code: 35ms)
 GET /api/workspaces/cf85bdb8-1a8b-4ef9-a62f-e472c93d3192 200 in 43ms (next.js: 32ms, application-code: 11ms)
 GET /api/workspaces/cf85bdb8-1a8b-4ef9-a62f-e472c93d3192/usage 200 in 45ms (next.js: 16ms, application-code: 30ms)
 GET /api/workspaces/cf85bdb8-1a8b-4ef9-a62f-e472c93d3192/audit 200 in 841ms (next.js: 828ms, application-code: 14ms)
 GET /api/workspaces/cf85bdb8-1a8b-4ef9-a62f-e472c93d3192/sso 200 in 868ms (next.js: 842ms, application-code: 26ms)
 GET /w/e2e-21175f/agents 200 in 646ms (next.js: 571ms, application-code: 74ms)
 GET /api/health 200 in 7ms (next.js: 2ms, application-code: 5ms)
 GET /api/workspaces/cf85bdb8-1a8b-4ef9-a62f-e472c93d3192/agents 200 in 27ms (next.js: 15ms, application-code: 11ms)
 GET /w/e2e-21175f/agents/new 200 in 36ms (next.js: 18ms, application-code: 17ms)
 GET /api/workspaces/cf85bdb8-1a8b-4ef9-a62f-e472c93d3192/flows 200 in 105ms (next.js: 36ms, application-code: 69ms)
 GET /api/workspaces/cf85bdb8-1a8b-4ef9-a62f-e472c93d3192/knowledge 200 in 67ms (next.js: 17ms, application-code: 50ms)
 GET /api/workspaces/cf85bdb8-1a8b-4ef9-a62f-e472c93d3192/ai 200 in 109ms (next.js: 17ms, application-code: 92ms)
 GET /api/workspaces/cf85bdb8-1a8b-4ef9-a62f-e472c93d3192/ai/models 200 in 41ms (next.js: 16ms, application-code: 25ms)
 GET /w/e2e-21175f/knowledge 200 in 704ms (next.js: 646ms, application-code: 58ms)
 GET /api/health 200 in 9ms (next.js: 3ms, application-code: 6ms)
 GET /api/workspaces/cf85bdb8-1a8b-4ef9-a62f-e472c93d3192/knowledge 200 in 43ms (next.js: 17ms, application-code: 25ms)
 GET /w/e2e-21175f/integrations 200 in 62ms (next.js: 16ms, application-code: 46ms)
 GET /api/health 200 in 7ms (next.js: 2ms, application-code: 5ms)
 GET /api/workspaces/cf85bdb8-1a8b-4ef9-a62f-e472c93d3192/connections 200 in 28ms (next.js: 16ms, application-code: 13ms)
 GET /api/integrations/catalog?workspaceId=cf85bdb8-1a8b-4ef9-a62f-e472c93d3192 200 in 40ms (next.js: 2ms, application-code: 38ms)
 GET /api/workspaces/cf85bdb8-1a8b-4ef9-a62f-e472c93d3192/oauth-apps/provenance?provider=google_sheets 200 in 33ms (next.js: 17ms, application-code: 16ms)
 GET /w/e2e-21175f/settings?tab=keys 200 in 79ms (next.js: 17ms, application-code: 62ms)
 GET /api/health 200 in 7ms (next.js: 2ms, application-code: 5ms)
 GET /api/workspaces/cf85bdb8-1a8b-4ef9-a62f-e472c93d3192/api-keys 200 in 53ms (next.js: 16ms, application-code: 36ms)
 GET /w/e2e-21175f/settings?tab=billing 200 in 56ms (next.js: 3ms, application-code: 52ms)
 GET /api/health 200 in 9ms (next.js: 3ms, application-code: 6ms)
 GET /api/workspaces/cf85bdb8-1a8b-4ef9-a62f-e472c93d3192 200 in 72ms (next.js: 35ms, application-code: 37ms)
 GET /api/workspaces/cf85bdb8-1a8b-4ef9-a62f-e472c93d3192/usage 200 in 104ms (next.js: 18ms, application-code: 87ms)
 GET /w/e2e-21175f/agents/new 200 in 93ms (next.js: 22ms, application-code: 70ms)
 GET /api/health 200 in 8ms (next.js: 2ms, application-code: 5ms)
 GET /api/workspaces/cf85bdb8-1a8b-4ef9-a62f-e472c93d3192/flows 200 in 75ms (next.js: 18ms, application-code: 57ms)
 GET /api/workspaces/cf85bdb8-1a8b-4ef9-a62f-e472c93d3192/knowledge 200 in 98ms (next.js: 36ms, application-code: 62ms)
 GET /api/workspaces/cf85bdb8-1a8b-4ef9-a62f-e472c93d3192/ai 200 in 133ms (next.js: 17ms, application-code: 116ms)
 GET /api/workspaces/cf85bdb8-1a8b-4ef9-a62f-e472c93d3192/ai/models 200 in 23ms (next.js: 19ms, application-code: 5ms)
 GET /w/e2e-21175f/knowledge 200 in 125ms (next.js: 19ms, application-code: 106ms)
 GET /api/health 200 in 7ms (next.js: 2ms, application-code: 5ms)
 GET /api/workspaces/cf85bdb8-1a8b-4ef9-a62f-e472c93d3192/knowledge 200 in 33ms (next.js: 2ms, application-code: 30ms)
 GET /w/e2e-21175f/integrations 200 in 81ms (next.js: 19ms, application-code: 62ms)
 GET /api/health 200 in 8ms (next.js: 2ms, application-code: 5ms)
(node:59076) MaxListenersExceededWarning: Possible EventEmitter memory leak detected. 11 unpipe listeners added to [SyncWriteStream]. MaxListeners is 10. Use emitter.setMaxListeners() to increase limit
(node:59076) MaxListenersExceededWarning: Possible EventEmitter memory leak detected. 11 error listeners added to [SyncWriteStream]. MaxListeners is 10. Use emitter.setMaxListeners() to increase limit
(node:59076) MaxListenersExceededWarning: Possible EventEmitter memory leak detected. 11 close listeners added to [SyncWriteStream]. MaxListeners is 10. Use emitter.setMaxListeners() to increase limit
(node:59076) MaxListenersExceededWarning: Possible EventEmitter memory leak detected. 11 finish listeners added to [SyncWriteStream]. MaxListeners is 10. Use emitter.setMaxListeners() to increase limit
(node:59076) MaxListenersExceededWarning: Possible EventEmitter memory leak detected. 11 unpipe listeners added to [SyncWriteStream]. MaxListeners is 10. Use emitter.setMaxListeners() to increase limit
(node:59076) MaxListenersExceededWarning: Possible EventEmitter memory leak detected. 11 error listeners added to [SyncWriteStream]. MaxListeners is 10. Use emitter.setMaxListeners() to increase limit
(node:59076) MaxListenersExceededWarning: Possible EventEmitter memory leak detected. 11 close listeners added to [SyncWriteStream]. MaxListeners is 10. Use emitter.setMaxListeners() to increase limit
(node:59076) MaxListenersExceededWarning: Possible EventEmitter memory leak detected. 11 finish listeners added to [SyncWriteStream]. MaxListeners is 10. Use emitter.setMaxListeners() to increase limit
 GET /api/workspaces/cf85bdb8-1a8b-4ef9-a62f-e472c93d3192/connections 200 in 41ms (next.js: 21ms, application-code: 20ms)
 GET /api/integrations/catalog?workspaceId=cf85bdb8-1a8b-4ef9-a62f-e472c93d3192 200 in 56ms (next.js: 4ms, application-code: 52ms)
 POST /api/test/beta 200 in 50ms (next.js: 40ms, application-code: 11ms)
 GET /api/auth-config 200 in 10ms (next.js: 2ms, application-code: 7ms)
 GET /sign-up 200 in 42ms (next.js: 3ms, application-code: 40ms)
 GET /api/auth-config 200 in 8ms (next.js: 3ms, application-code: 5ms)
 POST /api/beta/check 200 in 46ms (next.js: 31ms, application-code: 15ms)
 GET /api/test/outbox?email=stranger-3db1348d%40flowline-e2e.test 200 in 9ms (next.js: 2ms, application-code: 7ms)
 POST /api/beta/check 200 in 13ms (next.js: 2ms, application-code: 11ms)
 POST /api/beta/check 200 in 13ms (next.js: 3ms, application-code: 10ms)
 POST /api/auth/sign-up/email 200 in 116ms (next.js: 15ms, application-code: 101ms)
 GET /api/test/outbox?email=stranger-3db1348d%40flowline-e2e.test 200 in 7ms (next.js: 1.9ms, application-code: 5ms)
 POST /api/beta/check 200 in 11ms (next.js: 1.8ms, application-code: 9ms)
 POST /api/email 200 in 518ms (next.js: 1.9ms, application-code: 516ms)
 POST /api/auth/sign-up/email 200 in 91ms (next.js: 14ms, application-code: 76ms)
 GET /api/test/outbox?email=e2e-dc46de3e%40flowline-e2e.test 200 in 6ms (next.js: 1.7ms, application-code: 5ms)
 POST /api/email 200 in 20ms (next.js: 2ms, application-code: 18ms)
 POST /api/auth/sign-in/email 200 in 66ms (next.js: 1.7ms, application-code: 65ms)
 POST /api/workspaces 201 in 30ms (next.js: 2ms, application-code: 28ms)
 POST /api/onboarding 200 in 15ms (next.js: 1.7ms, application-code: 13ms)
 POST /api/workspaces/bf733bb3-14c9-453d-a8de-8d3b32098037/invites 201 in 40ms (next.js: 14ms, application-code: 27ms)
 POST /api/test/beta 200 in 4ms (next.js: 1.7ms, application-code: 3ms)
 GET /invite/zDd8XBkDjz0NsCsI5y5JIf-g3zsMVPvWYmJCRF9FNUU 307 in 646ms (next.js: 598ms, application-code: 48ms)
 GET /sign-in?next=invite%3AzDd8XBkDjz0NsCsI5y5JIf-g3zsMVPvWYmJCRF9FNUU 200 in 31ms (next.js: 3ms, application-code: 28ms)
 GET /api/auth-config 200 in 7ms (next.js: 2ms, application-code: 5ms)
 GET /sign-up?next=invite%3AzDd8XBkDjz0NsCsI5y5JIf-g3zsMVPvWYmJCRF9FNUU 200 in 14ms (next.js: 3ms, application-code: 12ms)
 POST /api/beta/check 200 in 12ms (next.js: 2ms, application-code: 10ms)
 POST /api/auth/sign-up/email 200 in 133ms (next.js: 16ms, application-code: 117ms)
 GET /api/test/outbox?email=beta-invitee-90036670%40flowline-e2e.test 200 in 8ms (next.js: 2ms, application-code: 6ms)
 GET /verify-email?token=8UFN4uWVOokzWAp__0Ky9jLD5ANmhqvhCKB-68OxBcg&callbackURL=%2Fsign-in%3Fnext%3Dinvite%253AzDd8XBkDjz0NsCsI5y5JIf-g3zsMVPvWYmJCRF9FNUU 200 in 25ms (next.js: 2ms, application-code: 23ms)
 POST /api/email 200 in 20ms (next.js: 1.8ms, application-code: 18ms)
 GET /sign-in?next=invite%3AzDd8XBkDjz0NsCsI5y5JIf-g3zsMVPvWYmJCRF9FNUU 200 in 16ms (next.js: 3ms, application-code: 13ms)
 GET /api/auth-config 200 in 8ms (next.js: 2ms, application-code: 6ms)
 POST /api/auth/sign-in/email 200 in 85ms (next.js: 15ms, application-code: 70ms)
 GET /app?next=invite%3AzDd8XBkDjz0NsCsI5y5JIf-g3zsMVPvWYmJCRF9FNUU 200 in 51ms (next.js: 3ms, application-code: 48ms)
 GET /app?next=invite%3AzDd8XBkDjz0NsCsI5y5JIf-g3zsMVPvWYmJCRF9FNUU 200 in 37ms (next.js: 7ms, application-code: 30ms)
 GET /invite/zDd8XBkDjz0NsCsI5y5JIf-g3zsMVPvWYmJCRF9FNUU 200 in 45ms (next.js: 16ms, application-code: 29ms)
 GET /invite/zDd8XBkDjz0NsCsI5y5JIf-g3zsMVPvWYmJCRF9FNUU 200 in 27ms (next.js: 4ms, application-code: 23ms)
 GET /api/invites/zDd8XBkDjz0NsCsI5y5JIf-g3zsMVPvWYmJCRF9FNUU 200 in 35ms (next.js: 16ms, application-code: 19ms)
 POST /api/invites/zDd8XBkDjz0NsCsI5y5JIf-g3zsMVPvWYmJCRF9FNUU 200 in 32ms (next.js: 2ms, application-code: 30ms)
 GET /w/beta-invite-co-13/flows 200 in 49ms (next.js: 18ms, application-code: 31ms)
 GET /api/health 200 in 8ms (next.js: 2ms, application-code: 6ms)
 GET /api/workspaces/bf733bb3-14c9-453d-a8de-8d3b32098037/flows 200 in 52ms (next.js: 38ms, application-code: 14ms)
 GET /api/workspaces/bf733bb3-14c9-453d-a8de-8d3b32098037/usage 200 in 53ms (next.js: 18ms, application-code: 35ms)
 GET /api/workspaces/bf733bb3-14c9-453d-a8de-8d3b32098037/overview 200 in 84ms (next.js: 18ms, application-code: 66ms)
 POST /api/auth/sign-up/email 200 in 88ms (next.js: 2ms, application-code: 86ms)
 GET /api/test/outbox?email=e2e-e750269a%40flowline-e2e.test 200 in 6ms (next.js: 1.7ms, application-code: 5ms)
 POST /api/email 200 in 20ms (next.js: 1.8ms, application-code: 18ms)
 POST /api/auth/sign-in/email 200 in 87ms (next.js: 15ms, application-code: 72ms)
 POST /api/workspaces 201 in 32ms (next.js: 2ms, application-code: 30ms)
 POST /api/onboarding 200 in 24ms (next.js: 2ms, application-code: 21ms)
 POST /api/workspaces/448c5058-e1f5-454e-8139-36e02fe208d5/flows 201 in 31ms (next.js: 2ms, application-code: 28ms)
 GET /w/e2e-750334/flows/bac9f811-6291-417a-b589-c20ccec5700f 200 in 69ms (next.js: 17ms, application-code: 52ms)
 GET /api/health 200 in 8ms (next.js: 3ms, application-code: 5ms)
 GET /api/flows/bac9f811-6291-417a-b589-c20ccec5700f 200 in 29ms (next.js: 17ms, application-code: 12ms)
 GET /api/flows/bac9f811-6291-417a-b589-c20ccec5700f/publish 200 in 51ms (next.js: 17ms, application-code: 34ms)
 GET /api/flows/bac9f811-6291-417a-b589-c20ccec5700f/runs 200 in 32ms (next.js: 16ms, application-code: 16ms)
 GET /api/workspaces/448c5058-e1f5-454e-8139-36e02fe208d5/ai 200 in 44ms (next.js: 15ms, application-code: 29ms)
 GET /api/integrations/catalog 200 in 161ms (next.js: 2ms, application-code: 159ms)
 PUT /api/flows/bac9f811-6291-417a-b589-c20ccec5700f 200 in 38ms (next.js: 14ms, application-code: 24ms)
 GET /api/flows/bac9f811-6291-417a-b589-c20ccec5700f 200 in 17ms (next.js: 2ms, application-code: 15ms)
 POST /api/auth/sign-up/email 200 in 96ms (next.js: 15ms, application-code: 81ms)
 GET /api/test/outbox?email=e2e-72400512%40flowline-e2e.test 200 in 7ms (next.js: 1.8ms, application-code: 5ms)
 POST /api/email 200 in 19ms (next.js: 1.8ms, application-code: 18ms)
 POST /api/auth/sign-in/email 200 in 69ms (next.js: 1.9ms, application-code: 67ms)
 POST /api/workspaces 201 in 28ms (next.js: 1.8ms, application-code: 26ms)
 POST /api/onboarding 200 in 20ms (next.js: 3ms, application-code: 18ms)
 POST /api/workspaces/0039b720-6d95-469d-bdf6-c389e107f806/flows 201 in 26ms (next.js: 14ms, application-code: 12ms)
 GET /w/e2e-3d3de2/flows/2b929d01-c97a-4323-9777-345e7f44e5c5 200 in 64ms (next.js: 15ms, application-code: 49ms)
 GET /api/health 200 in 7ms (next.js: 2ms, application-code: 5ms)
 GET /api/flows/2b929d01-c97a-4323-9777-345e7f44e5c5 200 in 30ms (next.js: 15ms, application-code: 15ms)
 GET /api/flows/2b929d01-c97a-4323-9777-345e7f44e5c5/publish 200 in 54ms (next.js: 18ms, application-code: 36ms)
 GET /api/flows/2b929d01-c97a-4323-9777-345e7f44e5c5/runs 200 in 36ms (next.js: 19ms, application-code: 17ms)
 GET /api/flows/2b929d01-c97a-4323-9777-345e7f44e5c5 200 in 14ms (next.js: 3ms, application-code: 11ms)
 PUT /api/flows/2b929d01-c97a-4323-9777-345e7f44e5c5 200 in 41ms (next.js: 14ms, application-code: 27ms)
 GET /api/flows/2b929d01-c97a-4323-9777-345e7f44e5c5 200 in 17ms (next.js: 1.9ms, application-code: 16ms)
 PUT /api/flows/2b929d01-c97a-4323-9777-345e7f44e5c5 200 in 30ms (next.js: 14ms, application-code: 15ms)
 GET /api/flows/2b929d01-c97a-4323-9777-345e7f44e5c5 200 in 17ms (next.js: 1.9ms, application-code: 15ms)
 POST /api/auth/sign-up/email 200 in 95ms (next.js: 15ms, application-code: 80ms)
 GET /api/test/outbox?email=e2e-6e07666c%40flowline-e2e.test 200 in 7ms (next.js: 1.9ms, application-code: 5ms)
 POST /api/email 200 in 22ms (next.js: 1.9ms, application-code: 20ms)
 POST /api/auth/sign-in/email 200 in 71ms (next.js: 3ms, application-code: 68ms)
 POST /api/workspaces 201 in 22ms (next.js: 2ms, application-code: 20ms)
 POST /api/onboarding 200 in 24ms (next.js: 1.7ms, application-code: 22ms)
 POST /api/workspaces/0ee21aaa-3ef6-47ed-ba70-72a9f5132e2a/flows 201 in 44ms (next.js: 16ms, application-code: 29ms)
 GET /w/e2e-83770f/flows/87ca0691-2af9-48ca-afd8-752d9c0899fd 200 in 78ms (next.js: 17ms, application-code: 60ms)
 GET /api/health 200 in 8ms (next.js: 3ms, application-code: 5ms)
 GET /api/flows/87ca0691-2af9-48ca-afd8-752d9c0899fd 200 in 34ms (next.js: 16ms, application-code: 19ms)
 GET /api/flows/87ca0691-2af9-48ca-afd8-752d9c0899fd/publish 200 in 51ms (next.js: 15ms, application-code: 36ms)
 GET /api/flows/87ca0691-2af9-48ca-afd8-752d9c0899fd/runs 200 in 33ms (next.js: 17ms, application-code: 16ms)
 GET /api/flows/87ca0691-2af9-48ca-afd8-752d9c0899fd 200 in 31ms (next.js: 14ms, application-code: 17ms)
 POST /api/auth/sign-up/email 200 in 91ms (next.js: 14ms, application-code: 77ms)
 GET /api/test/outbox?email=e2e-3eacf170%40flowline-e2e.test 200 in 8ms (next.js: 3ms, application-code: 5ms)
 POST /api/email 200 in 21ms (next.js: 1.8ms, application-code: 19ms)
 POST /api/auth/sign-in/email 200 in 65ms (next.js: 1.7ms, application-code: 64ms)
 POST /api/workspaces 201 in 20ms (next.js: 2ms, application-code: 18ms)
 POST /api/onboarding 200 in 21ms (next.js: 1.8ms, application-code: 19ms)
 POST /api/workspaces/0c29d39a-9eaf-4d9a-9276-8c9d13acff43/flows 201 in 30ms (next.js: 14ms, application-code: 16ms)
 GET /w/e2e-82b9c5/flows/dac2ce21-bd1f-4fe1-b107-98cde4eacdce 200 in 62ms (next.js: 14ms, application-code: 48ms)
 GET /api/health 200 in 7ms (next.js: 2ms, application-code: 5ms)
 GET /api/flows/dac2ce21-bd1f-4fe1-b107-98cde4eacdce 200 in 14ms (next.js: 2ms, application-code: 12ms)
 GET /api/flows/dac2ce21-bd1f-4fe1-b107-98cde4eacdce/publish 200 in 61ms (next.js: 15ms, application-code: 46ms)
 GET /api/flows/dac2ce21-bd1f-4fe1-b107-98cde4eacdce/runs 200 in 34ms (next.js: 17ms, application-code: 17ms)
 GET /api/flows/dac2ce21-bd1f-4fe1-b107-98cde4eacdce 200 in 40ms (next.js: 16ms, application-code: 25ms)
 POST /api/auth/sign-up/email 200 in 95ms (next.js: 15ms, application-code: 80ms)
 GET /api/test/outbox?email=e2e-bcc696cd%40flowline-e2e.test 200 in 6ms (next.js: 1.7ms, application-code: 5ms)
 POST /api/email 200 in 18ms (next.js: 1.8ms, application-code: 16ms)
 POST /api/auth/sign-in/email 200 in 69ms (next.js: 1.7ms, application-code: 67ms)
 POST /api/workspaces 201 in 25ms (next.js: 1.9ms, application-code: 23ms)
 POST /api/onboarding 200 in 23ms (next.js: 2ms, application-code: 21ms)
 POST /api/workspaces/6d6256c2-4e71-470b-8bcc-e4fe899a9727/flows 201 in 30ms (next.js: 14ms, application-code: 16ms)
 GET /w/e2e-d97dfe/flows/fdc7d087-dc2c-4a85-988c-d828948fb545 200 in 68ms (next.js: 16ms, application-code: 52ms)
 GET /api/health 200 in 7ms (next.js: 2ms, application-code: 5ms)
 GET /api/flows/fdc7d087-dc2c-4a85-988c-d828948fb545 200 in 21ms (next.js: 2ms, application-code: 18ms)
 GET /api/flows/fdc7d087-dc2c-4a85-988c-d828948fb545/publish 200 in 56ms (next.js: 17ms, application-code: 38ms)
 GET /api/flows/fdc7d087-dc2c-4a85-988c-d828948fb545/runs 200 in 32ms (next.js: 17ms, application-code: 15ms)
 POST /api/auth/sign-up/email 200 in 93ms (next.js: 14ms, application-code: 79ms)
 GET /api/test/outbox?email=e2e-dcd99934%40flowline-e2e.test 200 in 6ms (next.js: 1.6ms, application-code: 4ms)
 POST /api/email 200 in 19ms (next.js: 1.7ms, application-code: 17ms)
 POST /api/auth/sign-in/email 200 in 71ms (next.js: 2ms, application-code: 69ms)
 POST /api/workspaces 201 in 25ms (next.js: 2ms, application-code: 23ms)
 POST /api/onboarding 200 in 22ms (next.js: 2ms, application-code: 20ms)
 POST /api/workspaces/a83478d1-fc3a-43d4-ab89-74a043994c91/flows 201 in 28ms (next.js: 15ms, application-code: 13ms)
 GET /w/e2e-f8a44b/flows/3ceb55a1-7879-4519-8382-7d31b45805a3 200 in 67ms (next.js: 15ms, application-code: 52ms)
 GET /api/health 200 in 7ms (next.js: 3ms, application-code: 5ms)
 GET /api/flows/3ceb55a1-7879-4519-8382-7d31b45805a3 200 in 30ms (next.js: 17ms, application-code: 13ms)
 GET /api/flows/3ceb55a1-7879-4519-8382-7d31b45805a3/publish 200 in 51ms (next.js: 16ms, application-code: 35ms)
 GET /api/flows/3ceb55a1-7879-4519-8382-7d31b45805a3/runs 200 in 34ms (next.js: 18ms, application-code: 17ms)
2026-09-29T08:14:45.768Z [worker] run 9dfcec45-d7ca-4bc2-9d93-7d3bd968c23f claimed
 POST /api/flows/3ceb55a1-7879-4519-8382-7d31b45805a3/runs 202 in 65ms (next.js: 2ms, application-code: 63ms)
 GET /api/flows/3ceb55a1-7879-4519-8382-7d31b45805a3/runs 200 in 37ms (next.js: 3ms, application-code: 34ms)
 GET /api/runs/9dfcec45-d7ca-4bc2-9d93-7d3bd968c23f 200 in 41ms (next.js: 17ms, application-code: 24ms)
2026-09-29T08:14:45.829Z [worker] run 9dfcec45-d7ca-4bc2-9d93-7d3bd968c23f done
 GET /w/e2e-f8a44b/runs?run=9dfcec45-d7ca-4bc2-9d93-7d3bd968c23f 200 in 30ms (next.js: 17ms, application-code: 13ms)
 GET /api/workspaces/a83478d1-fc3a-43d4-ab89-74a043994c91/runs?limit=25 200 in 43ms (next.js: 17ms, application-code: 25ms)
 GET /api/runs/9dfcec45-d7ca-4bc2-9d93-7d3bd968c23f 200 in 36ms (next.js: 14ms, application-code: 22ms)
 GET /api/runs/9dfcec45-d7ca-4bc2-9d93-7d3bd968c23f/rerun-preview?fromNodeId=is-hot&revision=original 200 in 36ms (next.js: 17ms, application-code: 19ms)
 POST /api/runs/9dfcec45-d7ca-4bc2-9d93-7d3bd968c23f/rerun 202 in 867ms (next.js: 817ms, application-code: 50ms)
2026-09-29T08:14:48.312Z [worker] run 616b05f7-3e22-4ec1-8494-5a75d12f1c17 claimed
 GET /api/workspaces/a83478d1-fc3a-43d4-ab89-74a043994c91/runs?limit=25 200 in 53ms (next.js: 15ms, application-code: 38ms)
 GET /w/e2e-f8a44b/runs?run=616b05f7-3e22-4ec1-8494-5a75d12f1c17 200 in 32ms (next.js: 17ms, application-code: 15ms)
2026-09-29T08:14:48.366Z [worker] run 616b05f7-3e22-4ec1-8494-5a75d12f1c17 done
 GET /api/runs/616b05f7-3e22-4ec1-8494-5a75d12f1c17 200 in 42ms (next.js: 15ms, application-code: 27ms)
 GET /api/flows/3ceb55a1-7879-4519-8382-7d31b45805a3/runs 200 in 30ms (next.js: 16ms, application-code: 15ms)
 GET /api/flows/3ceb55a1-7879-4519-8382-7d31b45805a3/runs 200 in 29ms (next.js: 2ms, application-code: 27ms)
 GET /api/runs/616b05f7-3e22-4ec1-8494-5a75d12f1c17 200 in 30ms (next.js: 2ms, application-code: 28ms)
 POST /api/auth/sign-up/email 200 in 99ms (next.js: 15ms, application-code: 84ms)
 GET /api/test/outbox?email=e2e-a623089a%40flowline-e2e.test 200 in 7ms (next.js: 2ms, application-code: 5ms)
 POST /api/email 200 in 20ms (next.js: 2ms, application-code: 17ms)
 POST /api/auth/sign-in/email 200 in 69ms (next.js: 1.8ms, application-code: 67ms)
 POST /api/workspaces 201 in 26ms (next.js: 2ms, application-code: 24ms)
 POST /api/onboarding 200 in 23ms (next.js: 1.7ms, application-code: 21ms)
 POST /api/workspaces/ec6962aa-f7e3-41aa-9bd9-d285a279bb1b/flows 201 in 30ms (next.js: 14ms, application-code: 16ms)
 GET /w/e2e-ee9413/flows/d052a7dc-2c59-46ed-86d8-c573d192c8a6 200 in 75ms (next.js: 16ms, application-code: 60ms)
 GET /api/health 200 in 8ms (next.js: 2ms, application-code: 6ms)
 GET /api/flows/d052a7dc-2c59-46ed-86d8-c573d192c8a6 200 in 32ms (next.js: 20ms, application-code: 12ms)
 GET /api/flows/d052a7dc-2c59-46ed-86d8-c573d192c8a6/publish 200 in 53ms (next.js: 16ms, application-code: 38ms)
 GET /api/flows/d052a7dc-2c59-46ed-86d8-c573d192c8a6/runs 200 in 32ms (next.js: 17ms, application-code: 15ms)
 PUT /api/flows/d052a7dc-2c59-46ed-86d8-c573d192c8a6 200 in 38ms (next.js: 14ms, application-code: 24ms)
 POST /api/flows/d052a7dc-2c59-46ed-86d8-c573d192c8a6/runs 422 in 48ms (next.js: 13ms, application-code: 35ms)
 POST /api/test/faults 200 in 43ms (next.js: 29ms, application-code: 14ms)
 POST /api/auth/sign-up/email 200 in 98ms (next.js: 15ms, application-code: 83ms)
 GET /api/test/outbox?email=e2e-b25b4378%40flowline-e2e.test 200 in 8ms (next.js: 2ms, application-code: 5ms)
 POST /api/email 200 in 21ms (next.js: 1.9ms, application-code: 20ms)
 POST /api/auth/sign-in/email 200 in 69ms (next.js: 1.8ms, application-code: 67ms)
 POST /api/workspaces 201 in 25ms (next.js: 2ms, application-code: 23ms)
 POST /api/onboarding 200 in 24ms (next.js: 1.8ms, application-code: 22ms)
 POST /api/workspaces/fd94350f-9b0a-42f0-8771-56aeb23b2481/flows 201 in 32ms (next.js: 15ms, application-code: 17ms)
 GET /w/e2e-b12039/flows/f586d8c1-73dc-40f9-b36d-858c62f32c1f 200 in 65ms (next.js: 16ms, application-code: 49ms)
 GET /api/health 200 in 7ms (next.js: 3ms, application-code: 5ms)
 GET /api/flows/f586d8c1-73dc-40f9-b36d-858c62f32c1f 200 in 28ms (next.js: 16ms, application-code: 12ms)
 GET /api/flows/f586d8c1-73dc-40f9-b36d-858c62f32c1f/publish 200 in 50ms (next.js: 15ms, application-code: 35ms)
 GET /api/flows/f586d8c1-73dc-40f9-b36d-858c62f32c1f/runs 200 in 31ms (next.js: 16ms, application-code: 14ms)
 POST /api/test/faults 200 in 20ms (next.js: 3ms, application-code: 17ms)
 PUT /api/flows/f586d8c1-73dc-40f9-b36d-858c62f32c1f 500 in 34ms (next.js: 15ms, application-code: 19ms)
 PUT /api/flows/f586d8c1-73dc-40f9-b36d-858c62f32c1f 500 in 39ms (next.js: 14ms, application-code: 25ms)
 PUT /api/flows/f586d8c1-73dc-40f9-b36d-858c62f32c1f 200 in 37ms (next.js: 14ms, application-code: 23ms)
 POST /api/test/faults 200 in 12ms (next.js: 2ms, application-code: 9ms)
 PUT /api/flows/f586d8c1-73dc-40f9-b36d-858c62f32c1f 500 in 25ms (next.js: 14ms, application-code: 10ms)
 PUT /api/flows/f586d8c1-73dc-40f9-b36d-858c62f32c1f 500 in 32ms (next.js: 14ms, application-code: 18ms)
2026-09-29T08:15:00.150Z [worker] run 6aa29775-a169-4698-85d5-2ea2e8dffaf8 claimed
2026-09-29T08:15:00.180Z [worker] run 6aa29775-a169-4698-85d5-2ea2e8dffaf8 done
2026-09-29T08:15:00.186Z [worker] run 801a2ca3-864b-417b-9e15-6921e1abbd4a claimed
2026-09-29T08:15:00.190Z [worker] run 468da2b0-f189-4b25-b2ee-def40183f149 claimed
2026-09-29T08:15:00.213Z [worker] run 801a2ca3-864b-417b-9e15-6921e1abbd4a done
2026-09-29T08:15:00.217Z [worker] run 468da2b0-f189-4b25-b2ee-def40183f149 done
2026-09-29T08:15:00.231Z [worker] run dae31744-c440-4366-9cf1-61d164fa6d14 claimed
2026-09-29T08:15:00.235Z [worker] run b1b5eb19-d5b8-44cc-8e9a-dee8525d470a claimed
2026-09-29T08:15:00.256Z [worker] run 4b078217-9cc3-43cd-be89-4bbbdbf08af7 claimed
2026-09-29T08:15:00.258Z [worker] run dae31744-c440-4366-9cf1-61d164fa6d14 done
2026-09-29T08:15:00.261Z [worker] run b1b5eb19-d5b8-44cc-8e9a-dee8525d470a done
2026-09-29T08:15:00.277Z [worker] run 1aabcc8f-990d-4e46-8b95-122ab7ee64df claimed
2026-09-29T08:15:00.285Z [worker] run 4b078217-9cc3-43cd-be89-4bbbdbf08af7 done
2026-09-29T08:15:00.297Z [worker] run b7a7f98a-1de2-4ce4-b94e-9147f3a6ea99 claimed
2026-09-29T08:15:00.307Z [worker] run 1aabcc8f-990d-4e46-8b95-122ab7ee64df done
2026-09-29T08:15:00.312Z [worker] run b9f99b74-39b8-449e-8836-d0359752fa72 claimed
2026-09-29T08:15:00.323Z [worker] run b7a7f98a-1de2-4ce4-b94e-9147f3a6ea99 done
2026-09-29T08:15:00.334Z [worker] run 699ba4c9-124a-4142-8378-d1f9a8039391 claimed
2026-09-29T08:15:00.336Z [worker] run b9f99b74-39b8-449e-8836-d0359752fa72 done
2026-09-29T08:15:00.355Z [worker] run 13c677ca-1b00-4a5a-8dac-fbf2244aad87 claimed
2026-09-29T08:15:00.358Z [worker] run 699ba4c9-124a-4142-8378-d1f9a8039391 done
2026-09-29T08:15:00.374Z [worker] run fe3aae70-65c2-4809-a805-7ae5dfd50d8a claimed
2026-09-29T08:15:00.379Z [worker] run 13c677ca-1b00-4a5a-8dac-fbf2244aad87 done
2026-09-29T08:15:00.394Z [worker] run 1fcf4e3e-152f-499f-8fcb-3146d7526124 claimed
2026-09-29T08:15:00.399Z [worker] run fe3aae70-65c2-4809-a805-7ae5dfd50d8a done
2026-09-29T08:15:00.415Z [worker] run 3b668946-05ef-4a74-be7c-7c66d46e3156 claimed
2026-09-29T08:15:00.420Z [worker] run 1fcf4e3e-152f-499f-8fcb-3146d7526124 done
2026-09-29T08:15:00.436Z [worker] run 9cb69f1d-09dd-499f-9124-9f97c61772ac claimed
2026-09-29T08:15:00.441Z [worker] run 3b668946-05ef-4a74-be7c-7c66d46e3156 done
2026-09-29T08:15:00.456Z [worker] run 560553ce-b96a-486a-ad4c-859dd328a6ea claimed
2026-09-29T08:15:00.461Z [worker] run 9cb69f1d-09dd-499f-9124-9f97c61772ac done
2026-09-29T08:15:00.477Z [worker] run 304021c2-1b3c-4619-8335-65e8bc2f678c claimed
2026-09-29T08:15:00.482Z [worker] run 560553ce-b96a-486a-ad4c-859dd328a6ea done
2026-09-29T08:15:00.499Z [worker] run db73170b-6e6b-48dc-98da-c11914784fe1 claimed
2026-09-29T08:15:00.502Z [worker] run 304021c2-1b3c-4619-8335-65e8bc2f678c done
2026-09-29T08:15:00.518Z [worker] run 63d1e26f-f7a7-4b33-b087-00bc91c446ee claimed
2026-09-29T08:15:00.522Z [worker] run db73170b-6e6b-48dc-98da-c11914784fe1 done
2026-09-29T08:15:00.538Z [worker] run b9d4fa0e-9d08-45ff-96f5-bde411f0be3a claimed
2026-09-29T08:15:00.544Z [worker] run 63d1e26f-f7a7-4b33-b087-00bc91c446ee done
2026-09-29T08:15:00.559Z [worker] run a5464c64-e17d-4b75-a54d-18396896738e claimed
2026-09-29T08:15:00.566Z [worker] run b9d4fa0e-9d08-45ff-96f5-bde411f0be3a done
2026-09-29T08:15:00.583Z [worker] run 908dedc3-cb32-4b87-b6e4-22ceb09e127f claimed
2026-09-29T08:15:00.587Z [worker] run a5464c64-e17d-4b75-a54d-18396896738e done
2026-09-29T08:15:00.606Z [worker] run 7a1d5143-9614-44b4-b7de-250d546b8e82 claimed
2026-09-29T08:15:00.609Z [worker] run 908dedc3-cb32-4b87-b6e4-22ceb09e127f done
2026-09-29T08:15:00.625Z [worker] run 21fcd825-15ff-4561-99b4-21ea6da93822 claimed
 PUT /api/flows/f586d8c1-73dc-40f9-b36d-858c62f32c1f 500 in 26ms (next.js: 15ms, application-code: 11ms)
2026-09-29T08:15:00.634Z [worker] run 7a1d5143-9614-44b4-b7de-250d546b8e82 done
2026-09-29T08:15:00.651Z [worker] run d43dfb28-2a02-40ae-94fc-aeee54fc0d53 claimed
2026-09-29T08:15:00.654Z [worker] run 21fcd825-15ff-4561-99b4-21ea6da93822 done
2026-09-29T08:15:00.674Z [worker] run eb861a76-ab49-4fac-95d5-c99d4e5843f4 claimed
2026-09-29T08:15:00.679Z [worker] run d43dfb28-2a02-40ae-94fc-aeee54fc0d53 done
2026-09-29T08:15:00.696Z [worker] run 6a07a6d6-0c54-444a-8c59-b31edfb792d9 claimed
2026-09-29T08:15:00.702Z [worker] run eb861a76-ab49-4fac-95d5-c99d4e5843f4 done
2026-09-29T08:15:00.718Z [worker] run 9daf74b9-870a-41ff-80fd-6ed89befae03 claimed
2026-09-29T08:15:00.725Z [worker] run 6a07a6d6-0c54-444a-8c59-b31edfb792d9 done
2026-09-29T08:15:00.739Z [worker] run 9a5e5046-f0e9-4e7b-935e-4430f967c52b claimed
2026-09-29T08:15:00.744Z [worker] run 9daf74b9-870a-41ff-80fd-6ed89befae03 done
2026-09-29T08:15:00.761Z [worker] run dec9b24d-ff69-42ad-93c1-8c1299e27ca3 claimed
2026-09-29T08:15:00.766Z [worker] run 9a5e5046-f0e9-4e7b-935e-4430f967c52b done
2026-09-29T08:15:00.783Z [worker] run 298f82b1-988b-4da3-b370-bca0a8018333 claimed
2026-09-29T08:15:00.787Z [worker] run dec9b24d-ff69-42ad-93c1-8c1299e27ca3 done
2026-09-29T08:15:00.804Z [worker] run d2486ae1-24cd-4bed-a2b0-8fb0539feaf0 claimed
2026-09-29T08:15:00.809Z [worker] run 298f82b1-988b-4da3-b370-bca0a8018333 done
2026-09-29T08:15:00.825Z [worker] run 2968660c-b1a1-4e90-814f-f8f34e1e8e0e claimed
2026-09-29T08:15:00.830Z [worker] run d2486ae1-24cd-4bed-a2b0-8fb0539feaf0 done
2026-09-29T08:15:00.847Z [worker] run b4b59199-0f13-45b3-9657-ddc565239dc9 claimed
2026-09-29T08:15:00.850Z [worker] run 2968660c-b1a1-4e90-814f-f8f34e1e8e0e done
2026-09-29T08:15:00.868Z [worker] run e10b73d1-78fb-4274-aa0b-a3f8ed9e2356 claimed
2026-09-29T08:15:00.873Z [worker] run b4b59199-0f13-45b3-9657-ddc565239dc9 done
2026-09-29T08:15:00.888Z [worker] run a5fbbbf4-d82d-489b-9df6-67d8e71155f5 claimed
2026-09-29T08:15:00.896Z [worker] run e10b73d1-78fb-4274-aa0b-a3f8ed9e2356 done
2026-09-29T08:15:00.908Z [worker] run da4e55d2-2e20-43a4-aff8-eb4d5d03366e claimed
2026-09-29T08:15:00.914Z [worker] run a5fbbbf4-d82d-489b-9df6-67d8e71155f5 done
2026-09-29T08:15:00.928Z [worker] run 77beca8c-5210-403e-a2d1-b34729191b08 claimed
2026-09-29T08:15:00.933Z [worker] run da4e55d2-2e20-43a4-aff8-eb4d5d03366e done
2026-09-29T08:15:00.948Z [worker] run 4c22b598-b81e-4492-80ef-c12e5fee6334 claimed
2026-09-29T08:15:00.954Z [worker] run 77beca8c-5210-403e-a2d1-b34729191b08 done
2026-09-29T08:15:00.968Z [worker] run 01976f7d-15db-4b67-a2a2-7bb42cfcb335 claimed
2026-09-29T08:15:00.971Z [worker] run 4c22b598-b81e-4492-80ef-c12e5fee6334 done
2026-09-29T08:15:00.987Z [worker] run ab61ea0d-014c-43b6-a7e5-e2f167473878 claimed
2026-09-29T08:15:00.991Z [worker] run 01976f7d-15db-4b67-a2a2-7bb42cfcb335 done
2026-09-29T08:15:01.006Z [worker] run abd5bc1c-aad3-41f5-b16d-8ffaece4343b claimed
2026-09-29T08:15:01.011Z [worker] run ab61ea0d-014c-43b6-a7e5-e2f167473878 done
2026-09-29T08:15:01.026Z [worker] run 1ba904de-af88-4e21-9493-da3bee6c80c9 claimed
2026-09-29T08:15:01.032Z [worker] run abd5bc1c-aad3-41f5-b16d-8ffaece4343b done
2026-09-29T08:15:01.046Z [worker] run 678741a4-3616-4ad3-b805-07c99b004130 claimed
2026-09-29T08:15:01.051Z [worker] run 1ba904de-af88-4e21-9493-da3bee6c80c9 done
2026-09-29T08:15:01.066Z [worker] run a645e8af-810f-4f22-832d-f13215a7a17d claimed
2026-09-29T08:15:01.071Z [worker] run 678741a4-3616-4ad3-b805-07c99b004130 done
2026-09-29T08:15:01.087Z [worker] run 46174d9a-5986-4885-b13c-d76a38e35661 claimed
2026-09-29T08:15:01.092Z [worker] run a645e8af-810f-4f22-832d-f13215a7a17d done
2026-09-29T08:15:01.110Z [worker] run 57b6dc4c-ec5d-4afe-91a4-9955b9cdfe19 claimed
2026-09-29T08:15:01.117Z [worker] run 46174d9a-5986-4885-b13c-d76a38e35661 done
2026-09-29T08:15:01.132Z [worker] run 86856020-4a04-492c-bbf7-2d0dee56104d claimed
2026-09-29T08:15:01.137Z [worker] run 57b6dc4c-ec5d-4afe-91a4-9955b9cdfe19 done
2026-09-29T08:15:01.154Z [worker] run 82449c6e-0e27-4729-aa7d-c95601db412b claimed
2026-09-29T08:15:01.159Z [worker] run 86856020-4a04-492c-bbf7-2d0dee56104d done
2026-09-29T08:15:01.175Z [worker] run 0cb2bcb0-a493-4793-8a6b-e812f564d4db claimed
2026-09-29T08:15:01.181Z [worker] run 82449c6e-0e27-4729-aa7d-c95601db412b done
2026-09-29T08:15:01.198Z [worker] run eea6f6db-efb6-4228-94df-707b4a872a32 claimed
2026-09-29T08:15:01.202Z [worker] run 0cb2bcb0-a493-4793-8a6b-e812f564d4db done
2026-09-29T08:15:01.219Z [worker] run 76781909-98a1-4d89-b356-595495edc95b claimed
2026-09-29T08:15:01.226Z [worker] run eea6f6db-efb6-4228-94df-707b4a872a32 done
2026-09-29T08:15:01.240Z [worker] run b9c046ab-a550-4e6f-8ec2-e7e688f844ac claimed
2026-09-29T08:15:01.245Z [worker] run 76781909-98a1-4d89-b356-595495edc95b done
2026-09-29T08:15:01.262Z [worker] run f253e679-8f0f-43f8-adaf-6d83792a2c90 claimed
2026-09-29T08:15:01.267Z [worker] run b9c046ab-a550-4e6f-8ec2-e7e688f844ac done
2026-09-29T08:15:01.283Z [worker] run ccf172f9-d9ea-41cb-b140-9568ca076596 claimed
2026-09-29T08:15:01.288Z [worker] run f253e679-8f0f-43f8-adaf-6d83792a2c90 done
2026-09-29T08:15:01.308Z [worker] run 3dd5c959-2a2f-4660-af08-e78dfe4a2bd6 claimed
2026-09-29T08:15:01.312Z [worker] run ccf172f9-d9ea-41cb-b140-9568ca076596 done
2026-09-29T08:15:01.330Z [worker] run cf922a6c-98a5-49e7-a970-a9dae5a2bdb2 claimed
2026-09-29T08:15:01.337Z [worker] run 3dd5c959-2a2f-4660-af08-e78dfe4a2bd6 done
2026-09-29T08:15:01.350Z [worker] run 36457635-e8cd-420e-bb6d-8439b7455b96 claimed
2026-09-29T08:15:01.355Z [worker] run cf922a6c-98a5-49e7-a970-a9dae5a2bdb2 done
2026-09-29T08:15:01.371Z [worker] run 649b9217-b9f9-4a53-8b26-a30b8d28ef04 claimed
2026-09-29T08:15:01.376Z [worker] run 36457635-e8cd-420e-bb6d-8439b7455b96 done
2026-09-29T08:15:01.392Z [worker] run a669603a-380c-42a6-8fe3-705244e296e4 claimed
2026-09-29T08:15:01.399Z [worker] run 649b9217-b9f9-4a53-8b26-a30b8d28ef04 done
2026-09-29T08:15:01.413Z [worker] run ce37a3d7-296d-4073-896c-a3c1448f2887 claimed
2026-09-29T08:15:01.418Z [worker] run a669603a-380c-42a6-8fe3-705244e296e4 done
2026-09-29T08:15:01.436Z [worker] run 9404e9a1-cf42-4f24-9595-65ec14795056 claimed
2026-09-29T08:15:01.438Z [worker] run ce37a3d7-296d-4073-896c-a3c1448f2887 done
2026-09-29T08:15:01.456Z [worker] run 9f134cbd-172d-49a3-867e-3759c7be65df claimed
2026-09-29T08:15:01.460Z [worker] run 9404e9a1-cf42-4f24-9595-65ec14795056 done
2026-09-29T08:15:01.477Z [worker] run 2ed7bd99-28c5-4683-a293-412d20fec7b8 claimed
2026-09-29T08:15:01.480Z [worker] run 9f134cbd-172d-49a3-867e-3759c7be65df done
2026-09-29T08:15:01.490Z [worker] scheduler fired 65
2026-09-29T08:15:01.496Z [worker] run 9964d9d3-24af-4240-9e0f-f2c3c28156ba claimed
2026-09-29T08:15:01.501Z [worker] run 2ed7bd99-28c5-4683-a293-412d20fec7b8 done
2026-09-29T08:15:01.520Z [worker] run 9964d9d3-24af-4240-9e0f-f2c3c28156ba done
 PUT /api/flows/f586d8c1-73dc-40f9-b36d-858c62f32c1f 500 in 37ms (next.js: 13ms, application-code: 24ms)
 POST /api/test/faults 200 in 10ms (next.js: 2ms, application-code: 8ms)
 PUT /api/flows/f586d8c1-73dc-40f9-b36d-858c62f32c1f 200 in 21ms (next.js: 1.8ms, application-code: 20ms)
 GET /api/flows/f586d8c1-73dc-40f9-b36d-858c62f32c1f 200 in 16ms (next.js: 2ms, application-code: 14ms)
 POST /api/test/faults 200 in 9ms (next.js: 1.6ms, application-code: 8ms)
 POST /api/auth/sign-up/email 200 in 95ms (next.js: 14ms, application-code: 81ms)
 GET /api/test/outbox?email=e2e-f5d04143%40flowline-e2e.test 200 in 8ms (next.js: 1.9ms, application-code: 6ms)
 POST /api/email 200 in 19ms (next.js: 1.8ms, application-code: 18ms)
 POST /api/auth/sign-in/email 200 in 70ms (next.js: 2.0ms, application-code: 68ms)
 POST /api/workspaces 201 in 22ms (next.js: 2ms, application-code: 20ms)
 POST /api/onboarding 200 in 23ms (next.js: 2ms, application-code: 21ms)
 POST /api/workspaces/d29ee65c-bda7-441e-9f19-51b4e55c3a87/flows 201 in 27ms (next.js: 14ms, application-code: 13ms)
 POST /api/test/faults 200 in 24ms (next.js: 3ms, application-code: 21ms)
 GET /w/e2e-23a2c1/flows/5537e722-116e-4003-9004-5e6bf7d3ddd1 200 in 64ms (next.js: 15ms, application-code: 49ms)
 GET /api/health 200 in 26ms (next.js: 2ms, application-code: 23ms)
 GET /api/flows/5537e722-116e-4003-9004-5e6bf7d3ddd1 500 in 25ms (next.js: 16ms, application-code: 9ms)
 GET /api/flows/5537e722-116e-4003-9004-5e6bf7d3ddd1 500 in 24ms (next.js: 14ms, application-code: 10ms)
 GET /api/flows/5537e722-116e-4003-9004-5e6bf7d3ddd1 500 in 23ms (next.js: 14ms, application-code: 9ms)
2026-09-29T08:15:10.208Z [worker] platform notifications sent 20
 GET /api/flows/5537e722-116e-4003-9004-5e6bf7d3ddd1 500 in 22ms (next.js: 14ms, application-code: 8ms)
 GET /api/flows/5537e722-116e-4003-9004-5e6bf7d3ddd1 200 in 20ms (next.js: 1.8ms, application-code: 18ms)
 GET /api/flows/5537e722-116e-4003-9004-5e6bf7d3ddd1/publish 200 in 43ms (next.js: 14ms, application-code: 29ms)
 GET /api/flows/5537e722-116e-4003-9004-5e6bf7d3ddd1/runs 200 in 26ms (next.js: 13ms, application-code: 13ms)
 POST /api/test/faults 200 in 13ms (next.js: 2ms, application-code: 11ms)
 POST /api/auth/sign-up/email 200 in 98ms (next.js: 15ms, application-code: 83ms)
 GET /api/test/outbox?email=e2e-3b985863%40flowline-e2e.test 200 in 7ms (next.js: 2ms, application-code: 5ms)
 POST /api/email 200 in 20ms (next.js: 2ms, application-code: 18ms)
 POST /api/auth/sign-in/email 200 in 68ms (next.js: 1.9ms, application-code: 66ms)
 POST /api/workspaces 201 in 24ms (next.js: 2ms, application-code: 22ms)
 POST /api/onboarding 200 in 24ms (next.js: 2ms, application-code: 22ms)
 POST /api/workspaces/0d15570d-1bd5-432e-a9c6-87448fefaad4/flows 201 in 29ms (next.js: 14ms, application-code: 15ms)
 GET /w/e2e-54069f/flows/32aaf9ce-9415-4bf8-8d94-3583d23973c8 200 in 64ms (next.js: 14ms, application-code: 50ms)
 GET /api/health 200 in 7ms (next.js: 3ms, application-code: 5ms)
 GET /api/flows/32aaf9ce-9415-4bf8-8d94-3583d23973c8 200 in 34ms (next.js: 16ms, application-code: 18ms)
 GET /api/flows/32aaf9ce-9415-4bf8-8d94-3583d23973c8/publish 200 in 55ms (next.js: 18ms, application-code: 37ms)
 GET /api/flows/32aaf9ce-9415-4bf8-8d94-3583d23973c8/runs 200 in 34ms (next.js: 16ms, application-code: 18ms)
 PUT /api/flows/32aaf9ce-9415-4bf8-8d94-3583d23973c8 200 in 32ms (next.js: 3ms, application-code: 30ms)
 GET /api/flows/32aaf9ce-9415-4bf8-8d94-3583d23973c8 200 in 17ms (next.js: 2ms, application-code: 15ms)
 POST /api/test/faults 200 in 19ms (next.js: 1.9ms, application-code: 17ms)
 POST /api/auth/sign-up/email 200 in 102ms (next.js: 15ms, application-code: 87ms)
 GET /api/test/outbox?email=e2e-1d976a7a%40flowline-e2e.test 200 in 7ms (next.js: 2ms, application-code: 5ms)
 POST /api/email 200 in 21ms (next.js: 1.9ms, application-code: 19ms)
 POST /api/auth/sign-in/email 200 in 73ms (next.js: 1.9ms, application-code: 71ms)
 POST /api/workspaces 201 in 31ms (next.js: 2ms, application-code: 28ms)
 POST /api/onboarding 200 in 21ms (next.js: 2ms, application-code: 18ms)
 POST /api/workspaces/7bcf210f-fffb-4118-8e43-2cf3ee71c39a/flows 201 in 42ms (next.js: 16ms, application-code: 25ms)
 GET /w/e2e-80e3aa/flows/24f01ee8-7fd8-47f6-9d94-f3bf26967b33 200 in 65ms (next.js: 16ms, application-code: 49ms)
 GET /api/health 200 in 8ms (next.js: 2ms, application-code: 6ms)
 GET /api/flows/24f01ee8-7fd8-47f6-9d94-f3bf26967b33 200 in 43ms (next.js: 16ms, application-code: 27ms)
 GET /api/flows/24f01ee8-7fd8-47f6-9d94-f3bf26967b33/publish 200 in 56ms (next.js: 16ms, application-code: 40ms)
 GET /api/flows/24f01ee8-7fd8-47f6-9d94-f3bf26967b33/runs 200 in 40ms (next.js: 20ms, application-code: 20ms)
 GET /api/flows/24f01ee8-7fd8-47f6-9d94-f3bf26967b33 200 in 17ms (next.js: 1.9ms, application-code: 16ms)
 PUT /api/flows/24f01ee8-7fd8-47f6-9d94-f3bf26967b33 200 in 30ms (next.js: 3ms, application-code: 27ms)
 PUT /api/flows/24f01ee8-7fd8-47f6-9d94-f3bf26967b33 409 in 23ms (next.js: 2ms, application-code: 21ms)
 GET /api/flows/24f01ee8-7fd8-47f6-9d94-f3bf26967b33 200 in 27ms (next.js: 2ms, application-code: 25ms)
 PUT /api/flows/24f01ee8-7fd8-47f6-9d94-f3bf26967b33 200 in 28ms (next.js: 2ms, application-code: 25ms)
 GET /api/flows/24f01ee8-7fd8-47f6-9d94-f3bf26967b33 200 in 19ms (next.js: 2ms, application-code: 17ms)
 GET /api/flows/24f01ee8-7fd8-47f6-9d94-f3bf26967b33/versions 200 in 853ms (next.js: 839ms, application-code: 13ms)
 POST /api/test/faults 200 in 11ms (next.js: 1.9ms, application-code: 9ms)
 POST /api/auth/sign-up/email 200 in 92ms (next.js: 14ms, application-code: 78ms)
 GET /api/test/outbox?email=e2e-03059cc8%40flowline-e2e.test 200 in 7ms (next.js: 1.7ms, application-code: 5ms)
 POST /api/email 200 in 19ms (next.js: 2ms, application-code: 17ms)
 POST /api/auth/sign-in/email 200 in 68ms (next.js: 1.9ms, application-code: 66ms)
 POST /api/workspaces 201 in 30ms (next.js: 2ms, application-code: 27ms)
 POST /api/onboarding 200 in 22ms (next.js: 2.0ms, application-code: 20ms)
 POST /api/workspaces/c8b1716b-e6f1-46b3-9b84-348e3e052bba/flows 201 in 29ms (next.js: 15ms, application-code: 14ms)
 GET /w/e2e-52fa9a/flows 200 in 66ms (next.js: 14ms, application-code: 52ms)
 GET /api/health 200 in 8ms (next.js: 3ms, application-code: 6ms)
 GET /api/workspaces/c8b1716b-e6f1-46b3-9b84-348e3e052bba/usage 200 in 55ms (next.js: 33ms, application-code: 22ms)
 GET /api/workspaces/c8b1716b-e6f1-46b3-9b84-348e3e052bba/overview 200 in 64ms (next.js: 16ms, application-code: 48ms)
 GET /api/workspaces/c8b1716b-e6f1-46b3-9b84-348e3e052bba/flows 200 in 78ms (next.js: 37ms, application-code: 41ms)
 GET /w/e2e-52fa9a/templates 200 in 71ms (next.js: 15ms, application-code: 56ms)
 GET /api/health 200 in 12ms (next.js: 3ms, application-code: 9ms)
 GET /api/workspaces/c8b1716b-e6f1-46b3-9b84-348e3e052bba/connections 200 in 29ms (next.js: 14ms, application-code: 15ms)
 GET /api/workspaces/c8b1716b-e6f1-46b3-9b84-348e3e052bba/ai 200 in 55ms (next.js: 16ms, application-code: 39ms)
 GET /w/e2e-52fa9a/runs 200 in 66ms (next.js: 16ms, application-code: 50ms)
 GET /api/health 200 in 7ms (next.js: 2ms, application-code: 5ms)
 GET /api/workspaces/c8b1716b-e6f1-46b3-9b84-348e3e052bba/runs?limit=25 200 in 28ms (next.js: 16ms, application-code: 12ms)
 GET /w/e2e-52fa9a/integrations 200 in 70ms (next.js: 16ms, application-code: 54ms)
 GET /api/health 200 in 7ms (next.js: 2ms, application-code: 5ms)
 GET /api/workspaces/c8b1716b-e6f1-46b3-9b84-348e3e052bba/connections 200 in 31ms (next.js: 15ms, application-code: 16ms)
 GET /api/integrations/catalog?workspaceId=c8b1716b-e6f1-46b3-9b84-348e3e052bba 200 in 41ms (next.js: 3ms, application-code: 38ms)
 GET /w/e2e-52fa9a/agents 200 in 60ms (next.js: 16ms, application-code: 45ms)
 GET /api/health 200 in 7ms (next.js: 2ms, application-code: 5ms)
 GET /api/workspaces/c8b1716b-e6f1-46b3-9b84-348e3e052bba/agents 200 in 34ms (next.js: 15ms, application-code: 19ms)
 GET /w/e2e-52fa9a/knowledge 200 in 61ms (next.js: 15ms, application-code: 47ms)
 GET /api/health 200 in 7ms (next.js: 2ms, application-code: 5ms)
 GET /api/workspaces/c8b1716b-e6f1-46b3-9b84-348e3e052bba/knowledge 200 in 32ms (next.js: 16ms, application-code: 16ms)
 GET /w/e2e-52fa9a/settings 200 in 61ms (next.js: 15ms, application-code: 47ms)
 GET /api/health 200 in 14ms (next.js: 3ms, application-code: 12ms)
 GET /api/workspaces/c8b1716b-e6f1-46b3-9b84-348e3e052bba/members 200 in 46ms (next.js: 16ms, application-code: 30ms)
 GET /api/workspaces/c8b1716b-e6f1-46b3-9b84-348e3e052bba/invites 200 in 47ms (next.js: 33ms, application-code: 14ms)
 GET /w/e2e-52fa9a/canvas 307 in 648ms (next.js: 584ms, application-code: 64ms)
 GET /w/e2e-52fa9a/flows/ccff583a-b86d-4a2d-91f1-31f6db9e002a 200 in 60ms (next.js: 14ms, application-code: 46ms)
 GET /api/health 200 in 7ms (next.js: 1.9ms, application-code: 5ms)
 GET /api/flows/ccff583a-b86d-4a2d-91f1-31f6db9e002a 200 in 32ms (next.js: 14ms, application-code: 18ms)
 GET /api/flows/ccff583a-b86d-4a2d-91f1-31f6db9e002a/publish 200 in 51ms (next.js: 15ms, application-code: 36ms)
 GET /api/flows/ccff583a-b86d-4a2d-91f1-31f6db9e002a/runs 200 in 33ms (next.js: 15ms, application-code: 18ms)
 POST /api/auth/sign-up/email 200 in 103ms (next.js: 15ms, application-code: 87ms)
 GET /api/test/outbox?email=e2e-9a78af7e%40flowline-e2e.test 200 in 7ms (next.js: 1.9ms, application-code: 5ms)
 POST /api/email 200 in 21ms (next.js: 2ms, application-code: 19ms)
 POST /api/auth/sign-in/email 200 in 68ms (next.js: 2ms, application-code: 66ms)
 POST /api/workspaces 201 in 23ms (next.js: 2ms, application-code: 21ms)
 POST /api/onboarding 200 in 19ms (next.js: 2ms, application-code: 16ms)
 POST /api/workspaces/7cc57505-ea18-404e-9bb6-d3553c6b392a/flows 201 in 33ms (next.js: 14ms, application-code: 19ms)
 GET /w/e2e-9d2387/flows 200 in 56ms (next.js: 13ms, application-code: 43ms)
 GET /api/health 200 in 7ms (next.js: 2.0ms, application-code: 5ms)
 GET /api/workspaces/7cc57505-ea18-404e-9bb6-d3553c6b392a/flows 200 in 53ms (next.js: 39ms, application-code: 14ms)
 GET /api/workspaces/7cc57505-ea18-404e-9bb6-d3553c6b392a/usage 200 in 55ms (next.js: 33ms, application-code: 21ms)
 GET /api/workspaces/7cc57505-ea18-404e-9bb6-d3553c6b392a/overview 200 in 70ms (next.js: 16ms, application-code: 54ms)
 GET /w/e2e-9d2387/templates 200 in 70ms (next.js: 15ms, application-code: 55ms)
 GET /api/health 200 in 7ms (next.js: 2ms, application-code: 5ms)
 GET /api/workspaces/7cc57505-ea18-404e-9bb6-d3553c6b392a/connections 200 in 28ms (next.js: 15ms, application-code: 13ms)
 GET /api/workspaces/7cc57505-ea18-404e-9bb6-d3553c6b392a/ai 200 in 50ms (next.js: 17ms, application-code: 34ms)
 GET /w/e2e-9d2387/runs 200 in 72ms (next.js: 16ms, application-code: 56ms)
 GET /api/health 200 in 7ms (next.js: 2ms, application-code: 5ms)
 GET /api/workspaces/7cc57505-ea18-404e-9bb6-d3553c6b392a/runs?limit=25 200 in 39ms (next.js: 15ms, application-code: 25ms)
 GET /w/e2e-9d2387/integrations 200 in 65ms (next.js: 21ms, application-code: 44ms)
 GET /api/health 200 in 7ms (next.js: 2ms, application-code: 5ms)
 GET /api/workspaces/7cc57505-ea18-404e-9bb6-d3553c6b392a/connections 200 in 27ms (next.js: 15ms, application-code: 12ms)
 GET /api/integrations/catalog?workspaceId=7cc57505-ea18-404e-9bb6-d3553c6b392a 200 in 40ms (next.js: 2ms, application-code: 37ms)
 GET /w/e2e-9d2387/agents 200 in 60ms (next.js: 15ms, application-code: 46ms)
 GET /api/health 200 in 7ms (next.js: 2ms, application-code: 5ms)
 GET /api/workspaces/7cc57505-ea18-404e-9bb6-d3553c6b392a/agents 200 in 38ms (next.js: 16ms, application-code: 22ms)
 GET /w/e2e-9d2387/knowledge 200 in 63ms (next.js: 15ms, application-code: 48ms)
 GET /api/health 200 in 14ms (next.js: 2ms, application-code: 12ms)
 GET /api/workspaces/7cc57505-ea18-404e-9bb6-d3553c6b392a/knowledge 200 in 35ms (next.js: 15ms, application-code: 20ms)
 GET /w/e2e-9d2387/settings 200 in 61ms (next.js: 14ms, application-code: 47ms)
 GET /api/health 200 in 8ms (next.js: 2ms, application-code: 5ms)
 GET /api/workspaces/7cc57505-ea18-404e-9bb6-d3553c6b392a/members 200 in 53ms (next.js: 24ms, application-code: 29ms)
 GET /api/workspaces/7cc57505-ea18-404e-9bb6-d3553c6b392a/invites 200 in 54ms (next.js: 40ms, application-code: 13ms)
 GET /w/e2e-9d2387/canvas 307 in 76ms (next.js: 15ms, application-code: 61ms)
 GET /w/e2e-9d2387/flows/6d8f6a88-b324-48b3-866e-182a13126d31 200 in 64ms (next.js: 16ms, application-code: 48ms)
 GET /api/health 200 in 8ms (next.js: 2ms, application-code: 6ms)
 GET /api/flows/6d8f6a88-b324-48b3-866e-182a13126d31 200 in 29ms (next.js: 16ms, application-code: 13ms)
 GET /api/flows/6d8f6a88-b324-48b3-866e-182a13126d31/publish 200 in 63ms (next.js: 16ms, application-code: 47ms)
 GET /api/flows/6d8f6a88-b324-48b3-866e-182a13126d31/runs 200 in 33ms (next.js: 18ms, application-code: 15ms)
 POST /api/auth/sign-up/email 200 in 98ms (next.js: 15ms, application-code: 83ms)
 GET /api/test/outbox?email=e2e-2ab84c76%40flowline-e2e.test 200 in 7ms (next.js: 2ms, application-code: 5ms)
 POST /api/email 200 in 18ms (next.js: 1.7ms, application-code: 17ms)
 POST /api/auth/sign-in/email 200 in 67ms (next.js: 2ms, application-code: 65ms)
 POST /api/workspaces 201 in 27ms (next.js: 1.8ms, application-code: 25ms)
 POST /api/onboarding 200 in 24ms (next.js: 1.8ms, application-code: 22ms)
 POST /api/workspaces/71e1e105-c00e-451e-9b9b-5ef96669260a/flows 201 in 35ms (next.js: 14ms, application-code: 21ms)
 GET /w/e2e-3f13ce/flows 200 in 64ms (next.js: 17ms, application-code: 47ms)
 GET /api/health 200 in 8ms (next.js: 3ms, application-code: 6ms)
 GET /api/workspaces/71e1e105-c00e-451e-9b9b-5ef96669260a/flows 200 in 53ms (next.js: 39ms, application-code: 14ms)
 GET /api/workspaces/71e1e105-c00e-451e-9b9b-5ef96669260a/usage 200 in 56ms (next.js: 34ms, application-code: 22ms)
 GET /api/workspaces/71e1e105-c00e-451e-9b9b-5ef96669260a/overview 200 in 68ms (next.js: 18ms, application-code: 50ms)
 GET /w/e2e-3f13ce/templates 200 in 71ms (next.js: 15ms, application-code: 56ms)
 GET /api/health 200 in 8ms (next.js: 3ms, application-code: 6ms)
 GET /api/workspaces/71e1e105-c00e-451e-9b9b-5ef96669260a/connections 200 in 26ms (next.js: 14ms, application-code: 13ms)
 GET /api/workspaces/71e1e105-c00e-451e-9b9b-5ef96669260a/ai 200 in 55ms (next.js: 15ms, application-code: 40ms)
 GET /w/e2e-3f13ce/runs 200 in 64ms (next.js: 16ms, application-code: 48ms)
 GET /api/health 200 in 7ms (next.js: 2ms, application-code: 5ms)
 GET /api/workspaces/71e1e105-c00e-451e-9b9b-5ef96669260a/runs?limit=25 200 in 28ms (next.js: 17ms, application-code: 11ms)
 GET /w/e2e-3f13ce/integrations 200 in 60ms (next.js: 14ms, application-code: 46ms)
 GET /api/health 200 in 9ms (next.js: 2ms, application-code: 6ms)
 GET /api/workspaces/71e1e105-c00e-451e-9b9b-5ef96669260a/connections 200 in 27ms (next.js: 15ms, application-code: 12ms)
 GET /api/integrations/catalog?workspaceId=71e1e105-c00e-451e-9b9b-5ef96669260a 200 in 39ms (next.js: 4ms, application-code: 35ms)
 GET /w/e2e-3f13ce/agents 200 in 63ms (next.js: 15ms, application-code: 47ms)
 GET /api/health 200 in 23ms (next.js: 2ms, application-code: 21ms)
 GET /api/workspaces/71e1e105-c00e-451e-9b9b-5ef96669260a/agents 200 in 27ms (next.js: 15ms, application-code: 12ms)
 GET /w/e2e-3f13ce/knowledge 200 in 64ms (next.js: 16ms, application-code: 49ms)
 GET /api/health 200 in 7ms (next.js: 2ms, application-code: 5ms)
 GET /api/workspaces/71e1e105-c00e-451e-9b9b-5ef96669260a/knowledge 200 in 40ms (next.js: 15ms, application-code: 25ms)
 GET /w/e2e-3f13ce/settings 200 in 62ms (next.js: 16ms, application-code: 46ms)
 GET /api/health 200 in 8ms (next.js: 2ms, application-code: 5ms)
 GET /api/workspaces/71e1e105-c00e-451e-9b9b-5ef96669260a/members 200 in 43ms (next.js: 16ms, application-code: 27ms)
 GET /api/workspaces/71e1e105-c00e-451e-9b9b-5ef96669260a/invites 200 in 43ms (next.js: 32ms, application-code: 12ms)
 GET /w/e2e-3f13ce/canvas 307 in 80ms (next.js: 16ms, application-code: 64ms)
 GET /w/e2e-3f13ce/flows/3067f8e3-064b-4ef6-b94a-122ffac1a149 200 in 73ms (next.js: 16ms, application-code: 57ms)
 GET /api/health 200 in 7ms (next.js: 1.9ms, application-code: 5ms)
 GET /api/flows/3067f8e3-064b-4ef6-b94a-122ffac1a149 200 in 25ms (next.js: 14ms, application-code: 11ms)
 GET /api/flows/3067f8e3-064b-4ef6-b94a-122ffac1a149/publish 200 in 53ms (next.js: 15ms, application-code: 37ms)
 GET /api/flows/3067f8e3-064b-4ef6-b94a-122ffac1a149/runs 200 in 34ms (next.js: 17ms, application-code: 17ms)
 GET / 200 in 45ms (next.js: 3ms, application-code: 43ms)
 GET /sign-up 200 in 15ms (next.js: 3ms, application-code: 13ms)
 GET /api/auth-config 200 in 7ms (next.js: 1.9ms, application-code: 5ms)
 POST /api/auth/sign-up/email 200 in 98ms (next.js: 14ms, application-code: 85ms)
 GET /api/me 401 in 8ms (next.js: 2ms, application-code: 6ms)
 GET /api/test/outbox?email=journey-0a0befe4%40flowline-e2e.test 200 in 7ms (next.js: 1.4ms, application-code: 6ms)
 GET /verify-email?token=IfmHOP_ZB-MWeT5UhW8mNlqx5aRNDzra_cOR5JybmC0&callbackURL=%2Fsign-in 200 in 25ms (next.js: 3ms, application-code: 22ms)
 POST /api/email 200 in 24ms (next.js: 2ms, application-code: 21ms)
 GET /sign-in 200 in 16ms (next.js: 3ms, application-code: 14ms)
 GET /api/auth-config 200 in 8ms (next.js: 2ms, application-code: 6ms)
 POST /api/auth/sign-in/email 200 in 82ms (next.js: 14ms, application-code: 68ms)
 GET /app 200 in 59ms (next.js: 3ms, application-code: 56ms)
 GET /app 200 in 35ms (next.js: 5ms, application-code: 30ms)
 GET /onboarding 200 in 110ms (next.js: 4ms, application-code: 107ms)
 GET /onboarding 200 in 34ms (next.js: 5ms, application-code: 28ms)
 POST /api/workspaces 201 in 38ms (next.js: 2.0ms, application-code: 36ms)
 POST /api/workspaces/c1901bf6-0560-42a8-832f-1be0c4bd479d/flows 201 in 36ms (next.js: 16ms, application-code: 20ms)
 POST /api/onboarding 200 in 17ms (next.js: 1.7ms, application-code: 15ms)
 GET /w/journey-co-13/flows/09bd0468-dbfb-4b8c-82da-9fda32af7400 200 in 48ms (next.js: 16ms, application-code: 32ms)
 GET /api/health 200 in 8ms (next.js: 3ms, application-code: 5ms)
 GET /api/flows/09bd0468-dbfb-4b8c-82da-9fda32af7400 200 in 34ms (next.js: 16ms, application-code: 18ms)
 GET /api/flows/09bd0468-dbfb-4b8c-82da-9fda32af7400/publish 200 in 49ms (next.js: 14ms, application-code: 35ms)
 GET /api/flows/09bd0468-dbfb-4b8c-82da-9fda32af7400/runs 200 in 31ms (next.js: 17ms, application-code: 14ms)
 GET /api/workspaces/c1901bf6-0560-42a8-832f-1be0c4bd479d/ai 200 in 48ms (next.js: 16ms, application-code: 33ms)
 GET /api/integrations/catalog 200 in 168ms (next.js: 2ms, application-code: 166ms)
 PUT /api/flows/09bd0468-dbfb-4b8c-82da-9fda32af7400 200 in 41ms (next.js: 16ms, application-code: 25ms)
 GET /w/journey-co-13/flows/09bd0468-dbfb-4b8c-82da-9fda32af7400 200 in 61ms (next.js: 14ms, application-code: 46ms)
 GET /api/health 200 in 7ms (next.js: 3ms, application-code: 5ms)
 GET /api/flows/09bd0468-dbfb-4b8c-82da-9fda32af7400 200 in 14ms (next.js: 2ms, application-code: 12ms)
 GET /api/flows/09bd0468-dbfb-4b8c-82da-9fda32af7400/publish 200 in 49ms (next.js: 16ms, application-code: 34ms)
 GET /api/flows/09bd0468-dbfb-4b8c-82da-9fda32af7400/runs 200 in 29ms (next.js: 16ms, application-code: 13ms)
2026-09-29T08:15:45.651Z [worker] run 188542c0-82a3-44d7-8933-2dfb320c81cd claimed
 POST /api/flows/09bd0468-dbfb-4b8c-82da-9fda32af7400/runs 202 in 63ms (next.js: 2ms, application-code: 60ms)
 GET /api/flows/09bd0468-dbfb-4b8c-82da-9fda32af7400/runs 200 in 41ms (next.js: 3ms, application-code: 39ms)
2026-09-29T08:15:45.707Z [worker] run 188542c0-82a3-44d7-8933-2dfb320c81cd done
 GET /api/runs/188542c0-82a3-44d7-8933-2dfb320c81cd 200 in 47ms (next.js: 20ms, application-code: 28ms)
 GET /w/journey-co-13/runs?run=188542c0-82a3-44d7-8933-2dfb320c81cd 200 in 33ms (next.js: 18ms, application-code: 15ms)
 GET /api/workspaces/c1901bf6-0560-42a8-832f-1be0c4bd479d/runs?limit=25 200 in 36ms (next.js: 18ms, application-code: 18ms)
 GET /api/flows/09bd0468-dbfb-4b8c-82da-9fda32af7400 200 in 40ms (next.js: 18ms, application-code: 23ms)
 GET /api/flows/09bd0468-dbfb-4b8c-82da-9fda32af7400/runs 200 in 39ms (next.js: 18ms, application-code: 21ms)
 GET /api/runs/188542c0-82a3-44d7-8933-2dfb320c81cd 200 in 30ms (next.js: 3ms, application-code: 27ms)
 GET /api/flows/09bd0468-dbfb-4b8c-82da-9fda32af7400/versions 200 in 30ms (next.js: 16ms, application-code: 13ms)
 POST /api/auth/sign-up/email 200 in 108ms (next.js: 17ms, application-code: 91ms)
 GET /api/test/outbox?email=e2e-7b0a2379%40flowline-e2e.test 200 in 9ms (next.js: 3ms, application-code: 6ms)
 POST /api/email 200 in 22ms (next.js: 2.0ms, application-code: 20ms)
 POST /api/auth/sign-in/email 200 in 76ms (next.js: 3ms, application-code: 73ms)
 POST /api/workspaces 201 in 28ms (next.js: 2ms, application-code: 25ms)
 POST /api/onboarding 200 in 21ms (next.js: 2ms, application-code: 19ms)
 GET /w/e2e-b402b5/templates 200 in 80ms (next.js: 17ms, application-code: 63ms)
 GET /api/health 200 in 8ms (next.js: 3ms, application-code: 5ms)
 GET /api/workspaces/ab79a5c6-51a6-41dd-ae2c-4d2ddaddcc39/connections 200 in 46ms (next.js: 33ms, application-code: 13ms)
 GET /api/workspaces/ab79a5c6-51a6-41dd-ae2c-4d2ddaddcc39/ai 200 in 51ms (next.js: 16ms, application-code: 35ms)
 POST /api/workspaces/ab79a5c6-51a6-41dd-ae2c-4d2ddaddcc39/ai/connections 201 in 93ms (next.js: 17ms, application-code: 76ms)
 PUT /api/workspaces/ab79a5c6-51a6-41dd-ae2c-4d2ddaddcc39/ai/default-route 200 in 41ms (next.js: 17ms, application-code: 24ms)
 PUT /api/workspaces/ab79a5c6-51a6-41dd-ae2c-4d2ddaddcc39/ai/policy 200 in 40ms (next.js: 16ms, application-code: 25ms)
 GET /w/e2e-b402b5/templates 200 in 79ms (next.js: 17ms, application-code: 62ms)
 GET /api/health 200 in 8ms (next.js: 3ms, application-code: 5ms)
 GET /api/workspaces/ab79a5c6-51a6-41dd-ae2c-4d2ddaddcc39/connections 200 in 20ms (next.js: 6ms, application-code: 14ms)
 GET /api/workspaces/ab79a5c6-51a6-41dd-ae2c-4d2ddaddcc39/ai 200 in 30ms (next.js: 2ms, application-code: 28ms)
 POST /api/workspaces/ab79a5c6-51a6-41dd-ae2c-4d2ddaddcc39/flows 201 in 40ms (next.js: 18ms, application-code: 23ms)
 GET /w/e2e-b402b5/flows/5100ddd6-8ada-4fa4-8d0d-657531459317 200 in 35ms (next.js: 19ms, application-code: 16ms)
 GET /api/flows/5100ddd6-8ada-4fa4-8d0d-657531459317 200 in 40ms (next.js: 21ms, application-code: 19ms)
 GET /api/flows/5100ddd6-8ada-4fa4-8d0d-657531459317/publish 200 in 55ms (next.js: 16ms, application-code: 39ms)
 GET /api/flows/5100ddd6-8ada-4fa4-8d0d-657531459317/runs 200 in 36ms (next.js: 19ms, application-code: 17ms)
 POST /api/auth/sign-up/email 200 in 101ms (next.js: 18ms, application-code: 83ms)
 GET /api/test/outbox?email=e2e-7b878ba6%40flowline-e2e.test 200 in 8ms (next.js: 2ms, application-code: 6ms)
 POST /api/email 200 in 21ms (next.js: 1.8ms, application-code: 20ms)
 POST /api/auth/sign-in/email 200 in 77ms (next.js: 9ms, application-code: 68ms)
 POST /api/workspaces 201 in 31ms (next.js: 2ms, application-code: 29ms)
 POST /api/onboarding 200 in 22ms (next.js: 2ms, application-code: 20ms)
 GET /w/e2e-acda8d/settings 200 in 70ms (next.js: 19ms, application-code: 51ms)
 GET /api/health 200 in 10ms (next.js: 3ms, application-code: 7ms)
 GET /api/workspaces/9410ff11-6259-4a65-87ae-459be595ab67/members 200 in 58ms (next.js: 21ms, application-code: 37ms)
 GET /api/workspaces/9410ff11-6259-4a65-87ae-459be595ab67/invites 200 in 60ms (next.js: 43ms, application-code: 17ms)
 PATCH /api/workspaces/9410ff11-6259-4a65-87ae-459be595ab67 200 in 40ms (next.js: 16ms, application-code: 24ms)
 GET /w/e2e-acda8d/settings 200 in 76ms (next.js: 17ms, application-code: 59ms)
 GET /w/e2e-acda8d/settings 200 in 52ms (next.js: 4ms, application-code: 48ms)
 GET /api/health 200 in 9ms (next.js: 2ms, application-code: 7ms)
 GET /api/workspaces/9410ff11-6259-4a65-87ae-459be595ab67/invites 200 in 19ms (next.js: 7ms, application-code: 12ms)
 GET /api/workspaces/9410ff11-6259-4a65-87ae-459be595ab67/members 200 in 20ms (next.js: 3ms, application-code: 17ms)
 GET /api/workspaces/9410ff11-6259-4a65-87ae-459be595ab67 200 in 42ms (next.js: 20ms, application-code: 22ms)
 GET /api/workspaces/9410ff11-6259-4a65-87ae-459be595ab67/usage 200 in 47ms (next.js: 16ms, application-code: 30ms)
 POST /api/auth/sign-up/email 200 in 97ms (next.js: 15ms, application-code: 82ms)
 GET /api/test/outbox?email=e2e-a30e32f6%40flowline-e2e.test 200 in 8ms (next.js: 2ms, application-code: 5ms)
 POST /api/email 200 in 20ms (next.js: 2ms, application-code: 18ms)
 POST /api/auth/sign-in/email 200 in 69ms (next.js: 1.9ms, application-code: 67ms)
 POST /api/workspaces 201 in 18ms (next.js: 1.8ms, application-code: 17ms)
 POST /api/onboarding 200 in 24ms (next.js: 1.7ms, application-code: 22ms)
 POST /api/workspaces/d1317dda-c331-4aa9-ac0a-76c5c277c58b/ai/connections 201 in 61ms (next.js: 15ms, application-code: 46ms)
 PUT /api/workspaces/d1317dda-c331-4aa9-ac0a-76c5c277c58b/ai/default-route 200 in 44ms (next.js: 16ms, application-code: 28ms)
 PUT /api/workspaces/d1317dda-c331-4aa9-ac0a-76c5c277c58b/ai/policy 200 in 42ms (next.js: 15ms, application-code: 27ms)
 GET /w/e2e-b7abdc/integrations 200 in 63ms (next.js: 16ms, application-code: 47ms)
 GET /api/health 200 in 7ms (next.js: 1.9ms, application-code: 5ms)
 GET /api/workspaces/d1317dda-c331-4aa9-ac0a-76c5c277c58b/connections 200 in 29ms (next.js: 15ms, application-code: 13ms)
 GET /api/integrations/catalog?workspaceId=d1317dda-c331-4aa9-ac0a-76c5c277c58b 200 in 40ms (next.js: 2ms, application-code: 37ms)
 GET /api/workspaces/d1317dda-c331-4aa9-ac0a-76c5c277c58b/oauth-apps/provenance?provider=google_sheets 200 in 35ms (next.js: 19ms, application-code: 16ms)
 POST /api/oauth/start 200 in 65ms (next.js: 39ms, application-code: 26ms)
 GET /api/oauth/callback?code=fake-code-11d90ff1db7a&state=Zajf_1YY-9lYNVocVqoSrTh0FfNFDUM2x7EAJN13mu8 307 in 122ms (next.js: 39ms, application-code: 83ms)
 GET /w/e2e-b7abdc/integrations?oauth=connected&connection=4fb4d800-dd91-4451-87eb-2bc60841483c 200 in 110ms (next.js: 17ms, application-code: 93ms)
 GET /api/health 200 in 7ms (next.js: 2ms, application-code: 5ms)
 GET /w/e2e-b7abdc/integrations 200 in 9ms (next.js: 4ms, application-code: 5ms)
 GET /api/workspaces/d1317dda-c331-4aa9-ac0a-76c5c277c58b/connections 200 in 25ms (next.js: 3ms, application-code: 22ms)
 GET /w/e2e-b7abdc/integrations 200 in 9ms (next.js: 4ms, application-code: 5ms)
 GET /api/integrations/catalog?workspaceId=d1317dda-c331-4aa9-ac0a-76c5c277c58b 200 in 44ms (next.js: 4ms, application-code: 40ms)
 GET /w/e2e-b7abdc/integrations 200 in 17ms (next.js: 6ms, application-code: 12ms)
 GET /w/e2e-b7abdc/integrations 200 in 17ms (next.js: 3ms, application-code: 14ms)
 GET /w/e2e-b7abdc/integrations 200 in 50ms (next.js: 3ms, application-code: 47ms)
 GET /api/health 200 in 8ms (next.js: 2ms, application-code: 6ms)
 GET /api/workspaces/d1317dda-c331-4aa9-ac0a-76c5c277c58b/connections 200 in 17ms (next.js: 2ms, application-code: 15ms)
 GET /api/integrations/catalog?workspaceId=d1317dda-c331-4aa9-ac0a-76c5c277c58b 200 in 29ms (next.js: 3ms, application-code: 26ms)
 GET /api/workspaces/d1317dda-c331-4aa9-ac0a-76c5c277c58b/oauth-apps/provenance?provider=slack 200 in 22ms (next.js: 3ms, application-code: 20ms)
 POST /api/oauth/start 200 in 24ms (next.js: 2ms, application-code: 22ms)
 GET /api/oauth/callback?code=fake-code-18b0c439e050&state=MD9UNve-coBElaOFTegUmLIC3L7BF3yKHwXwf6FvDmY 307 in 47ms (next.js: 2.0ms, application-code: 45ms)
 GET /w/e2e-b7abdc/integrations?oauth=connected&connection=d9487e26-9fd1-412c-b91e-a4d5968f3ea4 200 in 55ms (next.js: 14ms, application-code: 42ms)
 GET /api/health 200 in 7ms (next.js: 1.9ms, application-code: 5ms)
 GET /w/e2e-b7abdc/integrations 200 in 10ms (next.js: 5ms, application-code: 5ms)
 GET /api/workspaces/d1317dda-c331-4aa9-ac0a-76c5c277c58b/connections 200 in 34ms (next.js: 16ms, application-code: 18ms)
 GET /api/integrations/catalog?workspaceId=d1317dda-c331-4aa9-ac0a-76c5c277c58b 200 in 54ms (next.js: 3ms, application-code: 51ms)
 GET /w/e2e-b7abdc/integrations 200 in 10ms (next.js: 4ms, application-code: 6ms)
 GET /w/e2e-b7abdc/integrations 200 in 16ms (next.js: 4ms, application-code: 12ms)
 GET /w/e2e-b7abdc/integrations 200 in 14ms (next.js: 3ms, application-code: 11ms)
 GET /w/e2e-b7abdc/templates 200 in 74ms (next.js: 16ms, application-code: 58ms)
 GET /api/health 200 in 7ms (next.js: 1.9ms, application-code: 5ms)
 GET /api/workspaces/d1317dda-c331-4aa9-ac0a-76c5c277c58b/connections 200 in 50ms (next.js: 19ms, application-code: 31ms)
 GET /api/workspaces/d1317dda-c331-4aa9-ac0a-76c5c277c58b/ai 200 in 63ms (next.js: 15ms, application-code: 48ms)
 POST /api/workspaces/d1317dda-c331-4aa9-ac0a-76c5c277c58b/flows 201 in 35ms (next.js: 16ms, application-code: 19ms)
 GET /w/e2e-b7abdc/flows/cdd24266-82a7-45d1-b608-de66042a9ee2 200 in 35ms (next.js: 20ms, application-code: 15ms)
 GET /api/flows/cdd24266-82a7-45d1-b608-de66042a9ee2 200 in 38ms (next.js: 17ms, application-code: 21ms)
 GET /api/flows/cdd24266-82a7-45d1-b608-de66042a9ee2/publish 200 in 54ms (next.js: 18ms, application-code: 36ms)
 GET /api/flows/cdd24266-82a7-45d1-b608-de66042a9ee2/runs 200 in 35ms (next.js: 18ms, application-code: 17ms)
 GET /api/integrations/catalog 200 in 28ms (next.js: 3ms, application-code: 26ms)
 POST /api/auth/sign-up/email 200 in 94ms (next.js: 18ms, application-code: 76ms)
 GET /api/test/outbox?email=e2e-477cbda7%40flowline-e2e.test 200 in 7ms (next.js: 2ms, application-code: 5ms)
 POST /api/email 200 in 19ms (next.js: 2ms, application-code: 17ms)
 POST /api/auth/sign-in/email 200 in 67ms (next.js: 1.8ms, application-code: 65ms)
 POST /api/workspaces 201 in 29ms (next.js: 1.9ms, application-code: 27ms)
 POST /api/onboarding 200 in 24ms (next.js: 2ms, application-code: 22ms)
 POST /api/workspaces/0977a357-2449-41c6-b248-f66c94d09683/flows 201 in 25ms (next.js: 14ms, application-code: 11ms)
 POST /api/workspaces/0977a357-2449-41c6-b248-f66c94d09683/connections 201 in 38ms (next.js: 13ms, application-code: 25ms)
 PUT /api/flows/c7f4e200-7d37-46ef-a3e5-fcbb769eb6ac 200 in 40ms (next.js: 14ms, application-code: 25ms)
 GET /w/e2e-a56bbb/flows/c7f4e200-7d37-46ef-a3e5-fcbb769eb6ac 200 in 64ms (next.js: 16ms, application-code: 49ms)
 GET /api/health 200 in 7ms (next.js: 2ms, application-code: 5ms)
 GET /api/flows/c7f4e200-7d37-46ef-a3e5-fcbb769eb6ac 200 in 29ms (next.js: 3ms, application-code: 26ms)
 GET /api/flows/c7f4e200-7d37-46ef-a3e5-fcbb769eb6ac/publish 200 in 51ms (next.js: 15ms, application-code: 36ms)
 GET /api/flows/c7f4e200-7d37-46ef-a3e5-fcbb769eb6ac/runs 200 in 34ms (next.js: 18ms, application-code: 16ms)
2026-09-29T08:15:55.124Z [worker] run c9b1b7a8-d34f-49c4-a332-db9b99ff67d8 claimed
 POST /api/flows/c7f4e200-7d37-46ef-a3e5-fcbb769eb6ac/runs 202 in 69ms (next.js: 3ms, application-code: 66ms)
 GET /api/flows/c7f4e200-7d37-46ef-a3e5-fcbb769eb6ac/runs 200 in 38ms (next.js: 2ms, application-code: 35ms)
 GET /api/runs/c9b1b7a8-d34f-49c4-a332-db9b99ff67d8 200 in 40ms (next.js: 17ms, application-code: 23ms)
 GET /api/flows/c7f4e200-7d37-46ef-a3e5-fcbb769eb6ac/runs 200 in 30ms (next.js: 2ms, application-code: 28ms)
 GET /api/runs/c9b1b7a8-d34f-49c4-a332-db9b99ff67d8 200 in 21ms (next.js: 3ms, application-code: 18ms)
 GET /api/runs/c9b1b7a8-d34f-49c4-a332-db9b99ff67d8 200 in 31ms (next.js: 15ms, application-code: 16ms)
 GET /api/flows/c7f4e200-7d37-46ef-a3e5-fcbb769eb6ac/runs 200 in 43ms (next.js: 13ms, application-code: 30ms)
 GET /api/runs/c9b1b7a8-d34f-49c4-a332-db9b99ff67d8 200 in 29ms (next.js: 2ms, application-code: 26ms)
 GET /api/runs/c9b1b7a8-d34f-49c4-a332-db9b99ff67d8 200 in 48ms (next.js: 15ms, application-code: 33ms)
 GET /api/flows/c7f4e200-7d37-46ef-a3e5-fcbb769eb6ac/runs 200 in 26ms (next.js: 14ms, application-code: 12ms)
 GET /api/runs/c9b1b7a8-d34f-49c4-a332-db9b99ff67d8 200 in 26ms (next.js: 3ms, application-code: 23ms)
 GET /api/runs/c9b1b7a8-d34f-49c4-a332-db9b99ff67d8 200 in 48ms (next.js: 16ms, application-code: 32ms)
 GET /api/flows/c7f4e200-7d37-46ef-a3e5-fcbb769eb6ac/runs 200 in 42ms (next.js: 14ms, application-code: 27ms)
 GET /api/runs/c9b1b7a8-d34f-49c4-a332-db9b99ff67d8 200 in 31ms (next.js: 3ms, application-code: 28ms)
 GET /api/runs/c9b1b7a8-d34f-49c4-a332-db9b99ff67d8 200 in 31ms (next.js: 15ms, application-code: 17ms)
 GET /api/flows/c7f4e200-7d37-46ef-a3e5-fcbb769eb6ac/runs 200 in 42ms (next.js: 17ms, application-code: 26ms)
 GET /api/runs/c9b1b7a8-d34f-49c4-a332-db9b99ff67d8 200 in 22ms (next.js: 2ms, application-code: 20ms)
 GET /api/runs/c9b1b7a8-d34f-49c4-a332-db9b99ff67d8 200 in 32ms (next.js: 15ms, application-code: 17ms)
 GET /api/flows/c7f4e200-7d37-46ef-a3e5-fcbb769eb6ac/runs 200 in 39ms (next.js: 14ms, application-code: 25ms)
 GET /api/runs/c9b1b7a8-d34f-49c4-a332-db9b99ff67d8 200 in 64ms (next.js: 2ms, application-code: 62ms)
 GET /api/runs/c9b1b7a8-d34f-49c4-a332-db9b99ff67d8 200 in 37ms (next.js: 15ms, application-code: 22ms)
 POST /api/runs/c9b1b7a8-d34f-49c4-a332-db9b99ff67d8/cancel 200 in 862ms (next.js: 841ms, application-code: 21ms)
 GET /api/runs/c9b1b7a8-d34f-49c4-a332-db9b99ff67d8 200 in 23ms (next.js: 2ms, application-code: 21ms)
2026-09-29T08:16:04.233Z [worker] run c9b1b7a8-d34f-49c4-a332-db9b99ff67d8 done
 GET /api/flows/c7f4e200-7d37-46ef-a3e5-fcbb769eb6ac/runs 200 in 29ms (next.js: 15ms, application-code: 14ms)
 GET /api/runs/c9b1b7a8-d34f-49c4-a332-db9b99ff67d8 200 in 42ms (next.js: 15ms, application-code: 27ms)
 GET /api/flows/c7f4e200-7d37-46ef-a3e5-fcbb769eb6ac/runs 200 in 20ms (next.js: 2ms, application-code: 17ms)
 GET /api/flows/c7f4e200-7d37-46ef-a3e5-fcbb769eb6ac/runs 200 in 19ms (next.js: 2ms, application-code: 16ms)
 GET /api/runs/c9b1b7a8-d34f-49c4-a332-db9b99ff67d8 200 in 29ms (next.js: 1.9ms, application-code: 27ms)
 POST /api/auth/sign-up/email 200 in 96ms (next.js: 15ms, application-code: 82ms)
 GET /api/test/outbox?email=e2e-17b3ddc4%40flowline-e2e.test 200 in 7ms (next.js: 2ms, application-code: 5ms)
 POST /api/email 200 in 20ms (next.js: 1.9ms, application-code: 18ms)
 POST /api/auth/sign-in/email 200 in 69ms (next.js: 1.9ms, application-code: 67ms)
 POST /api/workspaces 201 in 21ms (next.js: 1.8ms, application-code: 19ms)
 POST /api/onboarding 200 in 21ms (next.js: 1.9ms, application-code: 19ms)
 POST /api/workspaces/11d47ce4-1d01-467f-9f5f-13e2805931e7/flows 201 in 44ms (next.js: 16ms, application-code: 28ms)
 POST /api/workspaces/11d47ce4-1d01-467f-9f5f-13e2805931e7/connections 201 in 50ms (next.js: 14ms, application-code: 36ms)
 PUT /api/flows/7844e5b0-aa51-451f-8288-b64495c22c16 200 in 41ms (next.js: 15ms, application-code: 27ms)
 GET /w/e2e-15d124/flows/7844e5b0-aa51-451f-8288-b64495c22c16 200 in 71ms (next.js: 18ms, application-code: 52ms)
 GET /api/health 200 in 8ms (next.js: 2ms, application-code: 5ms)
 GET /api/flows/7844e5b0-aa51-451f-8288-b64495c22c16 200 in 24ms (next.js: 2.0ms, application-code: 22ms)
 GET /api/flows/7844e5b0-aa51-451f-8288-b64495c22c16/publish 200 in 53ms (next.js: 16ms, application-code: 38ms)
 GET /api/flows/7844e5b0-aa51-451f-8288-b64495c22c16/runs 200 in 40ms (next.js: 18ms, application-code: 22ms)
2026-09-29T08:16:06.300Z [worker] run 6673b09b-33e0-41e3-a232-ee2b5a3a8ccd claimed
 POST /api/flows/7844e5b0-aa51-451f-8288-b64495c22c16/runs 202 in 63ms (next.js: 3ms, application-code: 60ms)
 GET /api/flows/7844e5b0-aa51-451f-8288-b64495c22c16/runs 200 in 41ms (next.js: 4ms, application-code: 37ms)
2026-09-29T08:16:06.351Z [worker] run 6673b09b-33e0-41e3-a232-ee2b5a3a8ccd done
 GET /api/runs/6673b09b-33e0-41e3-a232-ee2b5a3a8ccd 200 in 41ms (next.js: 17ms, application-code: 25ms)
 GET /w/e2e-15d124/runs?run=6673b09b-33e0-41e3-a232-ee2b5a3a8ccd 200 in 29ms (next.js: 16ms, application-code: 13ms)
 GET /api/workspaces/11d47ce4-1d01-467f-9f5f-13e2805931e7/runs?limit=25 200 in 41ms (next.js: 18ms, application-code: 23ms)
 GET /api/flows/7844e5b0-aa51-451f-8288-b64495c22c16/runs 200 in 31ms (next.js: 15ms, application-code: 16ms)
 GET /api/flows/7844e5b0-aa51-451f-8288-b64495c22c16/runs 200 in 25ms (next.js: 2ms, application-code: 23ms)
 GET /api/runs/6673b09b-33e0-41e3-a232-ee2b5a3a8ccd 200 in 49ms (next.js: 16ms, application-code: 32ms)
 GET /api/flows/7844e5b0-aa51-451f-8288-b64495c22c16/runs 200 in 24ms (next.js: 2ms, application-code: 21ms)
 POST /api/approvals/1db9f04e-9050-4112-ba24-7f3fa1d75753/decide 200 in 892ms (next.js: 857ms, application-code: 35ms)
2026-09-29T08:16:08.276Z [worker] run 6673b09b-33e0-41e3-a232-ee2b5a3a8ccd claimed
 GET /api/runs/6673b09b-33e0-41e3-a232-ee2b5a3a8ccd 200 in 30ms (next.js: 3ms, application-code: 27ms)
2026-09-29T08:16:08.337Z [worker] run 6673b09b-33e0-41e3-a232-ee2b5a3a8ccd done
 GET /api/flows/7844e5b0-aa51-451f-8288-b64495c22c16/runs 200 in 41ms (next.js: 15ms, application-code: 26ms)
 POST /api/auth/sign-up/email 200 in 91ms (next.js: 16ms, application-code: 75ms)
 GET /api/test/outbox?email=e2e-265293ae%40flowline-e2e.test 200 in 7ms (next.js: 2ms, application-code: 5ms)
 POST /api/email 200 in 18ms (next.js: 2ms, application-code: 16ms)
 POST /api/auth/sign-in/email 200 in 69ms (next.js: 2ms, application-code: 66ms)
 POST /api/workspaces 201 in 31ms (next.js: 2ms, application-code: 28ms)
 POST /api/onboarding 200 in 26ms (next.js: 3ms, application-code: 24ms)
 POST /api/workspaces/4641c8a9-b360-4824-b72b-93862626ee1b/connections 201 in 47ms (next.js: 14ms, application-code: 34ms)
 POST /api/workspaces/4641c8a9-b360-4824-b72b-93862626ee1b/flows 201 in 33ms (next.js: 14ms, application-code: 19ms)
 PUT /api/flows/c3c0ceae-d559-4ae8-9c9c-1fb8246229c3 200 in 36ms (next.js: 17ms, application-code: 19ms)
 POST /api/workspaces/4641c8a9-b360-4824-b72b-93862626ee1b/flows 201 in 30ms (next.js: 3ms, application-code: 27ms)
 PUT /api/flows/c1bde853-9fc2-49b6-bcc5-991abe848e63 200 in 30ms (next.js: 2ms, application-code: 28ms)
 GET /w/e2e-b20b29/flows/c3c0ceae-d559-4ae8-9c9c-1fb8246229c3 200 in 71ms (next.js: 18ms, application-code: 53ms)
 GET /api/health 200 in 8ms (next.js: 3ms, application-code: 6ms)
 GET /api/flows/c3c0ceae-d559-4ae8-9c9c-1fb8246229c3 200 in 25ms (next.js: 2ms, application-code: 22ms)
 GET /api/flows/c3c0ceae-d559-4ae8-9c9c-1fb8246229c3/publish 200 in 58ms (next.js: 18ms, application-code: 40ms)
 GET /api/flows/c3c0ceae-d559-4ae8-9c9c-1fb8246229c3/runs 200 in 40ms (next.js: 21ms, application-code: 18ms)
2026-09-29T08:16:09.613Z [worker] run eb5cb29d-4cf0-4b12-9033-dc560a8061a2 claimed
 POST /api/flows/c3c0ceae-d559-4ae8-9c9c-1fb8246229c3/runs 202 in 64ms (next.js: 3ms, application-code: 62ms)
 GET /api/flows/c3c0ceae-d559-4ae8-9c9c-1fb8246229c3/runs 200 in 36ms (next.js: 3ms, application-code: 34ms)
 GET /api/runs/eb5cb29d-4cf0-4b12-9033-dc560a8061a2 200 in 39ms (next.js: 16ms, application-code: 23ms)
2026-09-29T08:16:09.724Z [worker] run eb5cb29d-4cf0-4b12-9033-dc560a8061a2 done
2026-09-29T08:16:10.236Z [worker] platform notifications sent 20
 GET /api/runs/eb5cb29d-4cf0-4b12-9033-dc560a8061a2 200 in 28ms (next.js: 2ms, application-code: 25ms)
 GET /api/flows/c3c0ceae-d559-4ae8-9c9c-1fb8246229c3/runs 200 in 33ms (next.js: 15ms, application-code: 18ms)
 GET /w/e2e-b20b29/flows 200 in 62ms (next.js: 16ms, application-code: 46ms)
 GET /api/health 200 in 8ms (next.js: 2ms, application-code: 6ms)
 GET /api/workspaces/4641c8a9-b360-4824-b72b-93862626ee1b/usage 200 in 74ms (next.js: 34ms, application-code: 40ms)
 GET /api/workspaces/4641c8a9-b360-4824-b72b-93862626ee1b/overview 200 in 85ms (next.js: 15ms, application-code: 69ms)
 GET /api/workspaces/4641c8a9-b360-4824-b72b-93862626ee1b/flows 200 in 99ms (next.js: 50ms, application-code: 49ms)
 POST /api/flows/c1bde853-9fc2-49b6-bcc5-991abe848e63/runs 202 in 75ms (next.js: 17ms, application-code: 57ms)
2026-09-29T08:16:11.358Z [worker] run b69bc242-0088-4785-9515-a0f99712b615 claimed
 GET /api/flows/c1bde853-9fc2-49b6-bcc5-991abe848e63/runs 200 in 20ms (next.js: 2ms, application-code: 18ms)
2026-09-29T08:16:11.396Z [worker] run b69bc242-0088-4785-9515-a0f99712b615 done
 GET /api/flows/c1bde853-9fc2-49b6-bcc5-991abe848e63/runs 200 in 24ms (next.js: 2ms, application-code: 21ms)
 GET /api/flows/c3c0ceae-d559-4ae8-9c9c-1fb8246229c3/runs 200 in 24ms (next.js: 2ms, application-code: 22ms)
 GET /w/e2e-b20b29/integrations 200 in 60ms (next.js: 15ms, application-code: 45ms)
 GET /api/health 200 in 8ms (next.js: 2ms, application-code: 5ms)
 GET /api/workspaces/4641c8a9-b360-4824-b72b-93862626ee1b/connections 200 in 33ms (next.js: 18ms, application-code: 14ms)
 GET /api/integrations/catalog?workspaceId=4641c8a9-b360-4824-b72b-93862626ee1b 200 in 47ms (next.js: 2ms, application-code: 45ms)
 GET /api/workspaces/4641c8a9-b360-4824-b72b-93862626ee1b/oauth-apps/provenance?provider=google_sheets 200 in 41ms (next.js: 21ms, application-code: 20ms)
 POST /api/oauth/start 200 in 36ms (next.js: 2ms, application-code: 34ms)
 GET /api/oauth/callback?code=fake-code-75da82b3ac41&state=QEDoLiXyJDjzcSvFpccsb4HSFXH3z3wmj2KBQsQ5vcI 307 in 74ms (next.js: 2ms, application-code: 71ms)
 GET /w/e2e-b20b29/integrations?oauth=reconnected&connection=84e20526-e3de-40e3-ad1a-8b299aa80dca 200 in 55ms (next.js: 3ms, application-code: 52ms)
 GET /api/health 200 in 20ms (next.js: 7ms, application-code: 12ms)
 GET /w/e2e-b20b29/integrations 200 in 46ms (next.js: 24ms, application-code: 23ms)
 GET /api/workspaces/4641c8a9-b360-4824-b72b-93862626ee1b/connections 200 in 55ms (next.js: 3ms, application-code: 52ms)
 GET /api/integrations/catalog?workspaceId=4641c8a9-b360-4824-b72b-93862626ee1b 200 in 79ms (next.js: 11ms, application-code: 68ms)
 GET /w/e2e-b20b29/flows 200 in 126ms (next.js: 17ms, application-code: 109ms)
 GET /api/health 200 in 9ms (next.js: 3ms, application-code: 7ms)
 GET /api/workspaces/4641c8a9-b360-4824-b72b-93862626ee1b/flows 200 in 74ms (next.js: 56ms, application-code: 18ms)
 GET /api/workspaces/4641c8a9-b360-4824-b72b-93862626ee1b/usage 200 in 77ms (next.js: 35ms, application-code: 42ms)
 GET /api/workspaces/4641c8a9-b360-4824-b72b-93862626ee1b/overview 200 in 86ms (next.js: 17ms, application-code: 68ms)
 GET /api/flows/c3c0ceae-d559-4ae8-9c9c-1fb8246229c3/runs 200 in 37ms (next.js: 20ms, application-code: 17ms)
 POST /api/auth/sign-up/email 200 in 103ms (next.js: 19ms, application-code: 84ms)
 GET /api/test/outbox?email=e2e-72ebdc18%40flowline-e2e.test 200 in 7ms (next.js: 1.9ms, application-code: 5ms)
 POST /api/email 200 in 22ms (next.js: 1.9ms, application-code: 20ms)
 POST /api/auth/sign-in/email 200 in 71ms (next.js: 1.9ms, application-code: 69ms)
 POST /api/workspaces 201 in 31ms (next.js: 1.9ms, application-code: 29ms)
 POST /api/onboarding 200 in 21ms (next.js: 3ms, application-code: 19ms)
 GET /w/e2e-f0ba9f/integrations 200 in 71ms (next.js: 17ms, application-code: 55ms)
 GET /api/health 200 in 9ms (next.js: 3ms, application-code: 6ms)
 GET /api/workspaces/d53c5b94-9068-4586-82fe-023e3da3985f/connections 200 in 87ms (next.js: 18ms, application-code: 69ms)
 GET /api/integrations/catalog?workspaceId=d53c5b94-9068-4586-82fe-023e3da3985f 200 in 117ms (next.js: 4ms, application-code: 113ms)
 GET /w/e2e-f0ba9f/templates 200 in 91ms (next.js: 23ms, application-code: 68ms)
 GET /api/health 200 in 8ms (next.js: 2ms, application-code: 6ms)
 GET /api/workspaces/d53c5b94-9068-4586-82fe-023e3da3985f/connections 200 in 74ms (next.js: 20ms, application-code: 54ms)
 GET /api/workspaces/d53c5b94-9068-4586-82fe-023e3da3985f/ai 200 in 86ms (next.js: 17ms, application-code: 69ms)
 GET /w/e2e-f0ba9f/runs 200 in 74ms (next.js: 16ms, application-code: 58ms)
 GET /api/health 200 in 8ms (next.js: 2ms, application-code: 5ms)
 GET /api/workspaces/d53c5b94-9068-4586-82fe-023e3da3985f/runs?limit=25 200 in 71ms (next.js: 18ms, application-code: 53ms)
 GET /w/e2e-f0ba9f/settings 200 in 76ms (next.js: 18ms, application-code: 58ms)
 GET /api/health 200 in 11ms (next.js: 5ms, application-code: 6ms)
 GET /api/workspaces/d53c5b94-9068-4586-82fe-023e3da3985f/members 200 in 48ms (next.js: 18ms, application-code: 30ms)
 GET /api/workspaces/d53c5b94-9068-4586-82fe-023e3da3985f/invites 200 in 48ms (next.js: 35ms, application-code: 13ms)
 POST /api/auth/sign-up/email 200 in 107ms (next.js: 19ms, application-code: 89ms)
 GET /api/test/outbox?email=e2e-a586b4cd%40flowline-e2e.test 200 in 9ms (next.js: 2ms, application-code: 6ms)
 POST /api/email 200 in 26ms (next.js: 1.9ms, application-code: 24ms)
 POST /api/auth/sign-in/email 200 in 76ms (next.js: 3ms, application-code: 73ms)
 POST /api/workspaces 201 in 34ms (next.js: 1.9ms, application-code: 33ms)
 POST /api/onboarding 200 in 21ms (next.js: 2ms, application-code: 19ms)
 GET /w/e2e-8c4fb0/settings 200 in 53ms (next.js: 3ms, application-code: 50ms)
 GET /api/health 200 in 8ms (next.js: 3ms, application-code: 5ms)
 GET /api/workspaces/abbda7da-4286-43fa-ab16-e9f9ae574e4f/members 200 in 19ms (next.js: 2ms, application-code: 17ms)
 GET /api/workspaces/abbda7da-4286-43fa-ab16-e9f9ae574e4f/invites 200 in 20ms (next.js: 6ms, application-code: 14ms)
 POST /api/workspaces/abbda7da-4286-43fa-ab16-e9f9ae574e4f/invites 201 in 46ms (next.js: 3ms, application-code: 44ms)
 GET /api/workspaces/abbda7da-4286-43fa-ab16-e9f9ae574e4f/members 200 in 48ms (next.js: 18ms, application-code: 30ms)
 GET /api/workspaces/abbda7da-4286-43fa-ab16-e9f9ae574e4f/invites 200 in 49ms (next.js: 35ms, application-code: 14ms)
 POST /api/auth/sign-up/email 200 in 104ms (next.js: 16ms, application-code: 88ms)
 GET /api/test/outbox?email=viewer-f686333d%40flowline-e2e.test 200 in 9ms (next.js: 2ms, application-code: 7ms)
 POST /api/email 200 in 25ms (next.js: 2ms, application-code: 23ms)
 POST /api/auth/sign-in/email 200 in 70ms (next.js: 1.9ms, application-code: 68ms)
 GET /invite/5t8FdzkzX7N-WIt7nt3oRHyDFH-a6IB5coyZr5wsOHk 200 in 59ms (next.js: 16ms, application-code: 43ms)
 GET /api/invites/5t8FdzkzX7N-WIt7nt3oRHyDFH-a6IB5coyZr5wsOHk 200 in 36ms (next.js: 18ms, application-code: 19ms)
 POST /api/invites/5t8FdzkzX7N-WIt7nt3oRHyDFH-a6IB5coyZr5wsOHk 200 in 32ms (next.js: 2ms, application-code: 30ms)
 GET /w/e2e-8c4fb0/flows 200 in 61ms (next.js: 21ms, application-code: 39ms)
 GET /api/health 200 in 9ms (next.js: 3ms, application-code: 6ms)
 GET /api/workspaces/abbda7da-4286-43fa-ab16-e9f9ae574e4f/flows 200 in 53ms (next.js: 18ms, application-code: 36ms)
 GET /api/workspaces/abbda7da-4286-43fa-ab16-e9f9ae574e4f/usage 200 in 78ms (next.js: 16ms, application-code: 61ms)
 POST /api/workspaces/abbda7da-4286-43fa-ab16-e9f9ae574e4f/connections 201 in 45ms (next.js: 18ms, application-code: 27ms)
 GET /api/workspaces/abbda7da-4286-43fa-ab16-e9f9ae574e4f/overview 200 in 112ms (next.js: 16ms, application-code: 97ms)
 POST /api/workspaces/abbda7da-4286-43fa-ab16-e9f9ae574e4f/flows 201 in 27ms (next.js: 3ms, application-code: 25ms)
 PUT /api/flows/1d47e549-33a4-4d55-a5a1-2458ce749029 200 in 49ms (next.js: 15ms, application-code: 34ms)
 POST /api/flows/1d47e549-33a4-4d55-a5a1-2458ce749029/runs 202 in 80ms (next.js: 19ms, application-code: 61ms)
2026-09-29T08:16:16.153Z [worker] run 577d39ef-c9f4-48e1-ba56-1656bfa4e87c claimed
2026-09-29T08:16:16.194Z [worker] run 577d39ef-c9f4-48e1-ba56-1656bfa4e87c done
 GET /api/runs/577d39ef-c9f4-48e1-ba56-1656bfa4e87c 200 in 57ms (next.js: 24ms, application-code: 33ms)
 GET /w/e2e-8c4fb0/runs?run=577d39ef-c9f4-48e1-ba56-1656bfa4e87c 200 in 69ms (next.js: 18ms, application-code: 51ms)
 GET /api/health 200 in 9ms (next.js: 3ms, application-code: 5ms)
(node:59076) MaxListenersExceededWarning: Possible EventEmitter memory leak detected. 11 unpipe listeners added to [SyncWriteStream]. MaxListeners is 10. Use emitter.setMaxListeners() to increase limit
(node:59076) MaxListenersExceededWarning: Possible EventEmitter memory leak detected. 11 error listeners added to [SyncWriteStream]. MaxListeners is 10. Use emitter.setMaxListeners() to increase limit
(node:59076) MaxListenersExceededWarning: Possible EventEmitter memory leak detected. 11 close listeners added to [SyncWriteStream]. MaxListeners is 10. Use emitter.setMaxListeners() to increase limit
(node:59076) MaxListenersExceededWarning: Possible EventEmitter memory leak detected. 11 finish listeners added to [SyncWriteStream]. MaxListeners is 10. Use emitter.setMaxListeners() to increase limit
(node:59076) MaxListenersExceededWarning: Possible EventEmitter memory leak detected. 11 unpipe listeners added to [SyncWriteStream]. MaxListeners is 10. Use emitter.setMaxListeners() to increase limit
(node:59076) MaxListenersExceededWarning: Possible EventEmitter memory leak detected. 11 error listeners added to [SyncWriteStream]. MaxListeners is 10. Use emitter.setMaxListeners() to increase limit
(node:59076) MaxListenersExceededWarning: Possible EventEmitter memory leak detected. 11 close listeners added to [SyncWriteStream]. MaxListeners is 10. Use emitter.setMaxListeners() to increase limit
(node:59076) MaxListenersExceededWarning: Possible EventEmitter memory leak detected. 11 finish listeners added to [SyncWriteStream]. MaxListeners is 10. Use emitter.setMaxListeners() to increase limit
 GET /api/workspaces/abbda7da-4286-43fa-ab16-e9f9ae574e4f/runs?limit=25 200 in 51ms (next.js: 26ms, application-code: 25ms)
 GET /api/runs/577d39ef-c9f4-48e1-ba56-1656bfa4e87c 200 in 58ms (next.js: 32ms, application-code: 26ms)
 GET /api/workspaces/abbda7da-4286-43fa-ab16-e9f9ae574e4f/approvals 200 in 876ms (next.js: 859ms, application-code: 16ms)
 POST /api/approvals/a7bf729b-76c8-4433-ac72-a7f6313b5f22/decide 403 in 38ms (next.js: 13ms, application-code: 26ms)
 GET /api/runs/577d39ef-c9f4-48e1-ba56-1656bfa4e87c 200 in 35ms (next.js: 15ms, application-code: 20ms)
 GET /w/e2e-8c4fb0/settings 200 in 60ms (next.js: 14ms, application-code: 46ms)
 GET /api/health 200 in 8ms (next.js: 2ms, application-code: 6ms)
 GET /api/workspaces/abbda7da-4286-43fa-ab16-e9f9ae574e4f/members 200 in 45ms (next.js: 16ms, application-code: 29ms)
 GET /api/workspaces/abbda7da-4286-43fa-ab16-e9f9ae574e4f/invites 200 in 29ms (next.js: 15ms, application-code: 14ms)
 PATCH /api/workspaces/abbda7da-4286-43fa-ab16-e9f9ae574e4f/members/c52da37f-1957-4eea-b0e6-b5d23da02216 200 in 849ms (next.js: 823ms, application-code: 27ms)
 GET /api/workspaces/abbda7da-4286-43fa-ab16-e9f9ae574e4f/members 200 in 40ms (next.js: 15ms, application-code: 25ms)
 GET /api/workspaces/abbda7da-4286-43fa-ab16-e9f9ae574e4f/invites 200 in 40ms (next.js: 29ms, application-code: 11ms)
 GET /w/e2e-8c4fb0/runs?run=577d39ef-c9f4-48e1-ba56-1656bfa4e87c 200 in 69ms (next.js: 15ms, application-code: 54ms)
 GET /api/health 200 in 8ms (next.js: 2ms, application-code: 6ms)
 GET /api/workspaces/abbda7da-4286-43fa-ab16-e9f9ae574e4f/runs?limit=25 200 in 48ms (next.js: 17ms, application-code: 31ms)
 GET /api/runs/577d39ef-c9f4-48e1-ba56-1656bfa4e87c 200 in 56ms (next.js: 33ms, application-code: 22ms)
 GET /api/runs/577d39ef-c9f4-48e1-ba56-1656bfa4e87c 200 in 28ms (next.js: 2ms, application-code: 26ms)
 POST /api/approvals/a7bf729b-76c8-4433-ac72-a7f6313b5f22/decide 200 in 52ms (next.js: 16ms, application-code: 36ms)
2026-09-29T08:16:19.470Z [worker] run 577d39ef-c9f4-48e1-ba56-1656bfa4e87c claimed
 GET /api/runs/577d39ef-c9f4-48e1-ba56-1656bfa4e87c 200 in 29ms (next.js: 3ms, application-code: 26ms)
2026-09-29T08:16:19.526Z [worker] run 577d39ef-c9f4-48e1-ba56-1656bfa4e87c done
 GET /api/runs/577d39ef-c9f4-48e1-ba56-1656bfa4e87c 200 in 28ms (next.js: 2.0ms, application-code: 26ms)
 DELETE /api/workspaces/abbda7da-4286-43fa-ab16-e9f9ae574e4f/members/c52da37f-1957-4eea-b0e6-b5d23da02216 200 in 44ms (next.js: 15ms, application-code: 28ms)
 GET /api/workspaces/abbda7da-4286-43fa-ab16-e9f9ae574e4f/invites 200 in 48ms (next.js: 35ms, application-code: 12ms)
 GET /api/workspaces/abbda7da-4286-43fa-ab16-e9f9ae574e4f/members 200 in 50ms (next.js: 18ms, application-code: 32ms)
 GET /api/workspaces/abbda7da-4286-43fa-ab16-e9f9ae574e4f/flows 404 in 36ms (next.js: 17ms, application-code: 19ms)
 GET /api/workspaces/abbda7da-4286-43fa-ab16-e9f9ae574e4f/audit 200 in 32ms (next.js: 19ms, application-code: 13ms)
 POST /api/auth/sign-up/email 200 in 105ms (next.js: 16ms, application-code: 89ms)
 GET /api/test/outbox?email=e2e-a8a61790%40flowline-e2e.test 200 in 8ms (next.js: 2ms, application-code: 6ms)
 POST /api/email 200 in 25ms (next.js: 2ms, application-code: 23ms)
 POST /api/auth/sign-in/email 200 in 76ms (next.js: 2ms, application-code: 73ms)
 POST /api/workspaces 201 in 22ms (next.js: 2ms, application-code: 20ms)
 POST /api/onboarding 200 in 14ms (next.js: 2ms, application-code: 12ms)
 POST /api/workspaces/b82ce0d0-04e9-4e08-a22f-d144e6b8a88f/flows 201 in 17ms (next.js: 2.0ms, application-code: 15ms)
 GET /w/e2e-fd52fc/settings?tab=keys 200 in 80ms (next.js: 19ms, application-code: 61ms)
 GET /api/health 200 in 9ms (next.js: 3ms, application-code: 6ms)
 GET /api/workspaces/b82ce0d0-04e9-4e08-a22f-d144e6b8a88f/api-keys 200 in 33ms (next.js: 18ms, application-code: 14ms)
 POST /api/workspaces/b82ce0d0-04e9-4e08-a22f-d144e6b8a88f/api-keys 201 in 22ms (next.js: 2ms, application-code: 20ms)
 GET /api/workspaces/b82ce0d0-04e9-4e08-a22f-d144e6b8a88f/api-keys 200 in 22ms (next.js: 2ms, application-code: 20ms)
 GET /api/v1/flows 403 in 50ms (next.js: 40ms, application-code: 10ms)
 GET /api/workspaces/b82ce0d0-04e9-4e08-a22f-d144e6b8a88f/flows 200 in 36ms (next.js: 16ms, application-code: 20ms)
 POST /api/v1/flows/102b1148-c2ae-42f9-80c0-f1560cfeb8d8/runs 202 in 862ms (next.js: 824ms, application-code: 38ms)
2026-09-29T08:16:22.065Z [worker] run 9163f022-7eaa-47d9-8428-c3a513819628 claimed
2026-09-29T08:16:22.110Z [worker] run 9163f022-7eaa-47d9-8428-c3a513819628 done
 GET /w/e2e-fd52fc/settings?tab=keys 200 in 60ms (next.js: 16ms, application-code: 44ms)
 GET /api/health 200 in 7ms (next.js: 3ms, application-code: 5ms)
 GET /api/workspaces/b82ce0d0-04e9-4e08-a22f-d144e6b8a88f/api-keys 200 in 31ms (next.js: 17ms, application-code: 14ms)
 DELETE /api/workspaces/b82ce0d0-04e9-4e08-a22f-d144e6b8a88f/api-keys/a28edd75-ad17-45b1-b521-e84220041a3e 200 in 819ms (next.js: 799ms, application-code: 19ms)
 GET /api/workspaces/b82ce0d0-04e9-4e08-a22f-d144e6b8a88f/api-keys 200 in 34ms (next.js: 15ms, application-code: 19ms)
 GET /api/workspaces/b82ce0d0-04e9-4e08-a22f-d144e6b8a88f/flows 200 in 26ms (next.js: 15ms, application-code: 11ms)
 POST /api/v1/flows/102b1148-c2ae-42f9-80c0-f1560cfeb8d8/runs 401 in 19ms (next.js: 14ms, application-code: 5ms)
 POST /api/auth/sign-up/email 200 in 98ms (next.js: 16ms, application-code: 82ms)
 GET /api/test/outbox?email=e2e-e0457934%40flowline-e2e.test 200 in 7ms (next.js: 1.9ms, application-code: 5ms)
 POST /api/email 200 in 20ms (next.js: 1.9ms, application-code: 18ms)
 POST /api/auth/sign-in/email 200 in 69ms (next.js: 1.8ms, application-code: 67ms)
 POST /api/workspaces 201 in 18ms (next.js: 2ms, application-code: 15ms)
 POST /api/onboarding 200 in 24ms (next.js: 2.0ms, application-code: 22ms)
 POST /api/workspaces/e7db0097-a906-45a3-9af6-f881f49d7b7e/ai/connections 201 in 61ms (next.js: 13ms, application-code: 48ms)
 PUT /api/workspaces/e7db0097-a906-45a3-9af6-f881f49d7b7e/ai/default-route 200 in 32ms (next.js: 15ms, application-code: 17ms)
 PUT /api/workspaces/e7db0097-a906-45a3-9af6-f881f49d7b7e/ai/policy 200 in 32ms (next.js: 16ms, application-code: 16ms)
 POST /api/workspaces/e7db0097-a906-45a3-9af6-f881f49d7b7e/flows 201 in 32ms (next.js: 2ms, application-code: 30ms)
 PUT /api/flows/e650ffd8-abd3-47da-ba88-d3a255b7bdd6 200 in 48ms (next.js: 17ms, application-code: 31ms)
 POST /api/flows/e650ffd8-abd3-47da-ba88-d3a255b7bdd6/publish 201 in 53ms (next.js: 18ms, application-code: 35ms)
 GET /w/e2e-6385d0/knowledge 200 in 78ms (next.js: 17ms, application-code: 61ms)
 GET /api/health 200 in 8ms (next.js: 2ms, application-code: 5ms)
 GET /api/workspaces/e7db0097-a906-45a3-9af6-f881f49d7b7e/knowledge 200 in 35ms (next.js: 18ms, application-code: 17ms)
 POST /api/workspaces/e7db0097-a906-45a3-9af6-f881f49d7b7e/knowledge 201 in 35ms (next.js: 3ms, application-code: 32ms)
 GET /api/workspaces/e7db0097-a906-45a3-9af6-f881f49d7b7e/knowledge 200 in 27ms (next.js: 3ms, application-code: 24ms)
2026-09-29T08:16:24.885Z [worker] knowledge source indexed
 GET /api/workspaces/e7db0097-a906-45a3-9af6-f881f49d7b7e/knowledge 200 in 22ms (next.js: 13ms, application-code: 8ms)
 GET /w/e2e-6385d0/agents 200 in 55ms (next.js: 14ms, application-code: 42ms)
 GET /api/health 200 in 7ms (next.js: 2ms, application-code: 5ms)
 GET /api/workspaces/e7db0097-a906-45a3-9af6-f881f49d7b7e/agents 200 in 39ms (next.js: 16ms, application-code: 23ms)
 GET /w/e2e-6385d0/agents/new 200 in 34ms (next.js: 19ms, application-code: 15ms)
 GET /api/workspaces/e7db0097-a906-45a3-9af6-f881f49d7b7e/flows 200 in 55ms (next.js: 37ms, application-code: 18ms)
 GET /api/workspaces/e7db0097-a906-45a3-9af6-f881f49d7b7e/knowledge 200 in 16ms (next.js: 3ms, application-code: 12ms)
 GET /api/workspaces/e7db0097-a906-45a3-9af6-f881f49d7b7e/ai 200 in 67ms (next.js: 17ms, application-code: 50ms)
 GET /api/workspaces/e7db0097-a906-45a3-9af6-f881f49d7b7e/ai/models 200 in 49ms (next.js: 17ms, application-code: 32ms)
 POST /api/workspaces/e7db0097-a906-45a3-9af6-f881f49d7b7e/agents 201 in 38ms (next.js: 3ms, application-code: 35ms)
 GET /w/e2e-6385d0/agents/e2974c38-7c7b-45b8-8cc4-d04b56de2266 200 in 34ms (next.js: 18ms, application-code: 16ms)
 GET /api/agents/e2974c38-7c7b-45b8-8cc4-d04b56de2266 200 in 40ms (next.js: 16ms, application-code: 23ms)
 GET /api/agents/e2974c38-7c7b-45b8-8cc4-d04b56de2266/runs 200 in 889ms (next.js: 865ms, application-code: 24ms)
 POST /api/agents/e2974c38-7c7b-45b8-8cc4-d04b56de2266/runs 202 in 833ms (next.js: 782ms, application-code: 51ms)
2026-09-29T08:16:28.267Z [worker] agent run b480ab48-f9a5-4379-8209-8a39badae997 claimed
2026-09-29T08:16:28.384Z [worker] agent run b480ab48-f9a5-4379-8209-8a39badae997 succeeded
 GET /api/agent-runs/b480ab48-f9a5-4379-8209-8a39badae997 200 in 842ms (next.js: 815ms, application-code: 27ms)
 POST /api/agents/e2974c38-7c7b-45b8-8cc4-d04b56de2266/runs 202 in 59ms (next.js: 17ms, application-code: 42ms)
2026-09-29T08:16:29.389Z [worker] agent run f1f1e38c-2090-4089-8ee1-11eb23aa3bbc claimed
 GET /api/agent-runs/f1f1e38c-2090-4089-8ee1-11eb23aa3bbc 200 in 37ms (next.js: 15ms, application-code: 21ms)
2026-09-29T08:16:29.451Z [worker] agent run f1f1e38c-2090-4089-8ee1-11eb23aa3bbc waiting for approval
 GET /api/agent-runs/f1f1e38c-2090-4089-8ee1-11eb23aa3bbc 200 in 31ms (next.js: 13ms, application-code: 17ms)
 POST /api/approvals/a8f2adaf-3f5d-46c0-9701-8bd62141343a/decide 200 in 40ms (next.js: 14ms, application-code: 27ms)
2026-09-29T08:16:30.699Z [worker] agent run f1f1e38c-2090-4089-8ee1-11eb23aa3bbc claimed
 GET /api/agents/e2974c38-7c7b-45b8-8cc4-d04b56de2266/runs 200 in 30ms (next.js: 18ms, application-code: 11ms)
 GET /api/agent-runs/f1f1e38c-2090-4089-8ee1-11eb23aa3bbc 200 in 34ms (next.js: 2ms, application-code: 32ms)
2026-09-29T08:16:30.755Z [worker] run 7e1e2939-0ca5-47f3-86fe-b9d5de8242fe claimed
2026-09-29T08:16:30.793Z [worker] run 7e1e2939-0ca5-47f3-86fe-b9d5de8242fe done
2026-09-29T08:16:31.319Z [worker] agent run f1f1e38c-2090-4089-8ee1-11eb23aa3bbc succeeded
 GET /api/agent-runs/f1f1e38c-2090-4089-8ee1-11eb23aa3bbc 200 in 40ms (next.js: 14ms, application-code: 27ms)
 GET /api/flows/e650ffd8-abd3-47da-ba88-d3a255b7bdd6/runs 200 in 33ms (next.js: 15ms, application-code: 18ms)
 POST /api/auth/sign-up/email 200 in 95ms (next.js: 16ms, application-code: 80ms)
 GET /api/test/outbox?email=e2e-6ab84c1c%40flowline-e2e.test 200 in 7ms (next.js: 2ms, application-code: 5ms)
 POST /api/email 200 in 23ms (next.js: 2.0ms, application-code: 21ms)
 POST /api/auth/sign-in/email 200 in 69ms (next.js: 2ms, application-code: 67ms)
 POST /api/workspaces 201 in 24ms (next.js: 2.0ms, application-code: 22ms)
 POST /api/onboarding 200 in 12ms (next.js: 1.8ms, application-code: 10ms)
 POST /api/workspaces/dd0fa6ee-acb4-406c-ab69-c9e9b14808d6/ai/connections 201 in 73ms (next.js: 14ms, application-code: 59ms)
 PUT /api/workspaces/dd0fa6ee-acb4-406c-ab69-c9e9b14808d6/ai/default-route 200 in 37ms (next.js: 14ms, application-code: 23ms)
 PUT /api/workspaces/dd0fa6ee-acb4-406c-ab69-c9e9b14808d6/ai/policy 200 in 41ms (next.js: 25ms, application-code: 16ms)
 GET /w/e2e-254a6c/flows 200 in 157ms (next.js: 17ms, application-code: 140ms)
 GET /api/health 200 in 10ms (next.js: 3ms, application-code: 7ms)
 GET /api/workspaces/dd0fa6ee-acb4-406c-ab69-c9e9b14808d6/flows 200 in 59ms (next.js: 41ms, application-code: 17ms)
 GET /api/workspaces/dd0fa6ee-acb4-406c-ab69-c9e9b14808d6/usage 200 in 61ms (next.js: 20ms, application-code: 41ms)
 GET /api/workspaces/dd0fa6ee-acb4-406c-ab69-c9e9b14808d6/overview 200 in 170ms (next.js: 17ms, application-code: 153ms)
 POST /api/workspaces/dd0fa6ee-acb4-406c-ab69-c9e9b14808d6/copilot 201 in 1071ms (next.js: 939ms, application-code: 132ms)
 POST /api/workspaces/dd0fa6ee-acb4-406c-ab69-c9e9b14808d6/copilot/5c10a858-a15f-4f0a-9c0e-4ca6d4ef5106 200 in 862ms (next.js: 835ms, application-code: 27ms)
 GET /api/workspaces/dd0fa6ee-acb4-406c-ab69-c9e9b14808d6/flows 200 in 33ms (next.js: 14ms, application-code: 19ms)
 POST /api/workspaces/dd0fa6ee-acb4-406c-ab69-c9e9b14808d6/copilot 201 in 117ms (next.js: 14ms, application-code: 103ms)
 POST /api/workspaces/dd0fa6ee-acb4-406c-ab69-c9e9b14808d6/copilot/7b388def-a91f-423a-9811-689fdddf8d07 200 in 41ms (next.js: 16ms, application-code: 25ms)
 GET /w/e2e-254a6c/flows/b10c0801-9f3c-43b4-aa0e-66580cac2f65 200 in 32ms (next.js: 17ms, application-code: 15ms)
 GET /api/flows/b10c0801-9f3c-43b4-aa0e-66580cac2f65 200 in 33ms (next.js: 19ms, application-code: 14ms)
 GET /api/flows/b10c0801-9f3c-43b4-aa0e-66580cac2f65/publish 200 in 52ms (next.js: 16ms, application-code: 36ms)
 GET /api/flows/b10c0801-9f3c-43b4-aa0e-66580cac2f65/runs 200 in 33ms (next.js: 16ms, application-code: 16ms)
 GET /api/workspaces/dd0fa6ee-acb4-406c-ab69-c9e9b14808d6/flows 200 in 22ms (next.js: 3ms, application-code: 20ms)
 GET /api/flows/b10c0801-9f3c-43b4-aa0e-66580cac2f65/runs 200 in 29ms (next.js: 3ms, application-code: 26ms)
 POST /api/auth/sign-up/email 200 in 106ms (next.js: 17ms, application-code: 90ms)
 GET /api/test/outbox?email=e2e-eb0e9002%40flowline-e2e.test 200 in 8ms (next.js: 2ms, application-code: 5ms)
 POST /api/email 200 in 22ms (next.js: 2ms, application-code: 20ms)
 POST /api/auth/sign-in/email 200 in 76ms (next.js: 2ms, application-code: 74ms)
 POST /api/workspaces 201 in 25ms (next.js: 3ms, application-code: 22ms)
 POST /api/onboarding 200 in 15ms (next.js: 2.0ms, application-code: 13ms)
 POST /api/workspaces/a1bc8040-ba90-415c-ae80-4a5e5f05b8a4/flows 201 in 46ms (next.js: 15ms, application-code: 31ms)
 POST /api/workspaces/a1bc8040-ba90-415c-ae80-4a5e5f05b8a4/ai/connections 201 in 77ms (next.js: 16ms, application-code: 61ms)
 PUT /api/workspaces/a1bc8040-ba90-415c-ae80-4a5e5f05b8a4/ai/default-route 200 in 44ms (next.js: 16ms, application-code: 28ms)
 PUT /api/workspaces/a1bc8040-ba90-415c-ae80-4a5e5f05b8a4/ai/policy 200 in 36ms (next.js: 16ms, application-code: 21ms)
 GET /w/e2e-3f7c92/flows/59cff80f-fb24-4983-a667-c598b49cab80 200 in 75ms (next.js: 19ms, application-code: 56ms)
 GET /api/health 200 in 8ms (next.js: 3ms, application-code: 5ms)
 GET /api/flows/59cff80f-fb24-4983-a667-c598b49cab80 200 in 30ms (next.js: 18ms, application-code: 12ms)
 GET /api/flows/59cff80f-fb24-4983-a667-c598b49cab80/publish 200 in 60ms (next.js: 19ms, application-code: 41ms)
 GET /api/flows/59cff80f-fb24-4983-a667-c598b49cab80/runs 200 in 37ms (next.js: 19ms, application-code: 18ms)
 POST /api/flows/59cff80f-fb24-4983-a667-c598b49cab80/copilot 201 in 1053ms (next.js: 915ms, application-code: 138ms)
 POST /api/flows/59cff80f-fb24-4983-a667-c598b49cab80/copilot 201 in 57ms (next.js: 14ms, application-code: 43ms)
 GET /api/flows/59cff80f-fb24-4983-a667-c598b49cab80 200 in 35ms (next.js: 13ms, application-code: 22ms)
 POST /api/flows/59cff80f-fb24-4983-a667-c598b49cab80/copilot 201 in 83ms (next.js: 3ms, application-code: 80ms)
 POST /api/flows/59cff80f-fb24-4983-a667-c598b49cab80/copilot/f6f00660-b9d1-4e6c-9c6b-d76c82ed754b 200 in 864ms (next.js: 837ms, application-code: 27ms)
 GET /api/flows/59cff80f-fb24-4983-a667-c598b49cab80 200 in 25ms (next.js: 15ms, application-code: 10ms)
 POST /api/auth/sign-up/email 200 in 95ms (next.js: 14ms, application-code: 81ms)
 GET /api/test/outbox?email=e2e-560e01cf%40flowline-e2e.test 200 in 7ms (next.js: 2ms, application-code: 5ms)
 POST /api/email 200 in 20ms (next.js: 1.8ms, application-code: 19ms)
 POST /api/auth/sign-in/email 200 in 68ms (next.js: 1.9ms, application-code: 67ms)
 POST /api/workspaces 201 in 17ms (next.js: 1.9ms, application-code: 15ms)
 POST /api/onboarding 200 in 15ms (next.js: 2ms, application-code: 13ms)
 POST /api/workspaces/cacce299-283f-40e2-8010-88c30ce0c783/flows 201 in 29ms (next.js: 15ms, application-code: 14ms)
 POST /api/workspaces/cacce299-283f-40e2-8010-88c30ce0c783/ai/connections 201 in 57ms (next.js: 14ms, application-code: 42ms)
 PUT /api/workspaces/cacce299-283f-40e2-8010-88c30ce0c783/ai/default-route 200 in 33ms (next.js: 15ms, application-code: 18ms)
 PUT /api/workspaces/cacce299-283f-40e2-8010-88c30ce0c783/ai/policy 200 in 41ms (next.js: 16ms, application-code: 25ms)
 GET /w/e2e-401852/flows/c091484a-9b66-4fd4-b06b-30a04d30fe57 200 in 73ms (next.js: 16ms, application-code: 57ms)
 GET /api/health 200 in 11ms (next.js: 3ms, application-code: 7ms)
 GET /api/flows/c091484a-9b66-4fd4-b06b-30a04d30fe57 200 in 29ms (next.js: 16ms, application-code: 13ms)
 GET /api/flows/c091484a-9b66-4fd4-b06b-30a04d30fe57/publish 200 in 63ms (next.js: 18ms, application-code: 45ms)
 GET /api/flows/c091484a-9b66-4fd4-b06b-30a04d30fe57/runs 200 in 42ms (next.js: 21ms, application-code: 21ms)
 POST /api/flows/c091484a-9b66-4fd4-b06b-30a04d30fe57/copilot 201 in 136ms (next.js: 20ms, application-code: 116ms)
 POST /api/flows/c091484a-9b66-4fd4-b06b-30a04d30fe57/copilot/27c7eacf-001d-442e-a6e2-be71b7928fbe 200 in 43ms (next.js: 16ms, application-code: 26ms)
 GET /w/e2e-401852/flows/c091484a-9b66-4fd4-b06b-30a04d30fe57 200 in 66ms (next.js: 16ms, application-code: 50ms)
 GET /api/health 200 in 12ms (next.js: 3ms, application-code: 8ms)
 GET /api/flows/c091484a-9b66-4fd4-b06b-30a04d30fe57 200 in 27ms (next.js: 3ms, application-code: 25ms)
 GET /api/flows/c091484a-9b66-4fd4-b06b-30a04d30fe57/publish 200 in 24ms (next.js: 3ms, application-code: 22ms)
 GET /api/flows/c091484a-9b66-4fd4-b06b-30a04d30fe57/runs 200 in 19ms (next.js: 3ms, application-code: 16ms)
 GET /w/e2e-401852/flows/c091484a-9b66-4fd4-b06b-30a04d30fe57 200 in 57ms (next.js: 4ms, application-code: 53ms)
 GET /api/health 200 in 8ms (next.js: 2ms, application-code: 5ms)
 GET /api/flows/c091484a-9b66-4fd4-b06b-30a04d30fe57 200 in 40ms (next.js: 17ms, application-code: 23ms)
 GET /api/flows/c091484a-9b66-4fd4-b06b-30a04d30fe57/publish 200 in 27ms (next.js: 3ms, application-code: 24ms)
 GET /api/flows/c091484a-9b66-4fd4-b06b-30a04d30fe57/runs 200 in 19ms (next.js: 3ms, application-code: 16ms)
 POST /api/flows/c091484a-9b66-4fd4-b06b-30a04d30fe57/copilot 201 in 107ms (next.js: 18ms, application-code: 89ms)
 POST /api/flows/c091484a-9b66-4fd4-b06b-30a04d30fe57/copilot/3cb229b2-041a-4bd8-92f8-11644c9f0451 200 in 40ms (next.js: 14ms, application-code: 25ms)
 GET /w/e2e-401852/flows/c091484a-9b66-4fd4-b06b-30a04d30fe57 200 in 70ms (next.js: 17ms, application-code: 53ms)
 GET /api/health 200 in 8ms (next.js: 3ms, application-code: 5ms)
 GET /api/flows/c091484a-9b66-4fd4-b06b-30a04d30fe57 200 in 20ms (next.js: 3ms, application-code: 17ms)
 GET /api/flows/c091484a-9b66-4fd4-b06b-30a04d30fe57/publish 200 in 54ms (next.js: 16ms, application-code: 38ms)
 GET /api/flows/c091484a-9b66-4fd4-b06b-30a04d30fe57/runs 200 in 37ms (next.js: 16ms, application-code: 21ms)
 POST /api/auth/sign-up/email 200 in 103ms (next.js: 17ms, application-code: 86ms)
 GET /api/test/outbox?email=e2e-698c504d%40flowline-e2e.test 200 in 9ms (next.js: 2ms, application-code: 7ms)
 POST /api/email 200 in 23ms (next.js: 2ms, application-code: 20ms)
 POST /api/auth/sign-in/email 200 in 74ms (next.js: 3ms, application-code: 72ms)
 POST /api/workspaces 201 in 26ms (next.js: 2ms, application-code: 23ms)
 POST /api/onboarding 200 in 21ms (next.js: 1.9ms, application-code: 19ms)
 GET /w/e2e-8454c2/settings?tab=plan 200 in 65ms (next.js: 16ms, application-code: 49ms)
 GET /api/health 200 in 9ms (next.js: 3ms, application-code: 6ms)
 GET /api/workspaces/bc64bad8-1dbb-431d-bfe1-a04c217bba79/billing 200 in 54ms (next.js: 16ms, application-code: 37ms)
 POST /api/workspaces/bc64bad8-1dbb-431d-bfe1-a04c217bba79/billing/checkout 200 in 839ms (next.js: 806ms, application-code: 33ms)
 POST /api/billing/webhook 200 in 51ms (next.js: 28ms, application-code: 23ms)
 POST /api/billing/webhook 200 in 21ms (next.js: 1.9ms, application-code: 19ms)
 GET /w/e2e-8454c2/settings?billing=success 200 in 66ms (next.js: 16ms, application-code: 50ms)
 GET /api/health 200 in 8ms (next.js: 3ms, application-code: 5ms)
 GET /api/workspaces/bc64bad8-1dbb-431d-bfe1-a04c217bba79/billing 200 in 43ms (next.js: 15ms, application-code: 28ms)
 GET /api/workspaces/bc64bad8-1dbb-431d-bfe1-a04c217bba79/billing 200 in 23ms (next.js: 3ms, application-code: 21ms)
 POST /api/auth/sign-up/email 200 in 97ms (next.js: 15ms, application-code: 82ms)
 GET /api/test/outbox?email=e2e-bb2287c5%40flowline-e2e.test 200 in 7ms (next.js: 2ms, application-code: 5ms)
 POST /api/email 200 in 20ms (next.js: 1.9ms, application-code: 18ms)
 POST /api/auth/sign-in/email 200 in 70ms (next.js: 1.9ms, application-code: 68ms)
 POST /api/workspaces 201 in 18ms (next.js: 2ms, application-code: 16ms)
 POST /api/onboarding 200 in 17ms (next.js: 2ms, application-code: 15ms)
 POST /api/workspaces/fae4e6b7-1e1a-4b84-8a67-a39eafc87a21/flows 201 in 36ms (next.js: 15ms, application-code: 22ms)
 GET /api/flows/753d74e3-0d1e-4f9e-acb1-55cdb260858a 200 in 28ms (next.js: 16ms, application-code: 12ms)
 POST /api/flows/753d74e3-0d1e-4f9e-acb1-55cdb260858a/publish 201 in 43ms (next.js: 14ms, application-code: 29ms)
 PUT /api/flows/753d74e3-0d1e-4f9e-acb1-55cdb260858a 200 in 35ms (next.js: 3ms, application-code: 32ms)
 GET /w/e2e-6eb75d/flows/753d74e3-0d1e-4f9e-acb1-55cdb260858a 200 in 71ms (next.js: 17ms, application-code: 54ms)
 GET /api/health 200 in 8ms (next.js: 2ms, application-code: 5ms)
 GET /api/flows/753d74e3-0d1e-4f9e-acb1-55cdb260858a 200 in 24ms (next.js: 2ms, application-code: 21ms)
 GET /api/flows/753d74e3-0d1e-4f9e-acb1-55cdb260858a/publish 200 in 47ms (next.js: 2ms, application-code: 45ms)
 GET /api/flows/753d74e3-0d1e-4f9e-acb1-55cdb260858a/runs 200 in 34ms (next.js: 18ms, application-code: 16ms)
 GET /api/flows/753d74e3-0d1e-4f9e-acb1-55cdb260858a/versions 200 in 38ms (next.js: 23ms, application-code: 16ms)
 GET /api/flows/753d74e3-0d1e-4f9e-acb1-55cdb260858a/publish 200 in 40ms (next.js: 3ms, application-code: 37ms)
 GET /api/flows/753d74e3-0d1e-4f9e-acb1-55cdb260858a/versions/5d391535-ed52-4cad-b288-e523892b71d4 200 in 884ms (next.js: 862ms, application-code: 22ms)
 POST /api/flows/753d74e3-0d1e-4f9e-acb1-55cdb260858a/versions/5d391535-ed52-4cad-b288-e523892b71d4/restore 200 in 907ms (next.js: 874ms, application-code: 33ms)
 GET /w/e2e-6eb75d/flows/753d74e3-0d1e-4f9e-acb1-55cdb260858a 200 in 66ms (next.js: 16ms, application-code: 50ms)
 GET /api/health 200 in 7ms (next.js: 2ms, application-code: 5ms)
 GET /api/flows/753d74e3-0d1e-4f9e-acb1-55cdb260858a 200 in 27ms (next.js: 15ms, application-code: 12ms)
 GET /api/flows/753d74e3-0d1e-4f9e-acb1-55cdb260858a/publish 200 in 61ms (next.js: 15ms, application-code: 46ms)
 GET /api/flows/753d74e3-0d1e-4f9e-acb1-55cdb260858a/runs 200 in 42ms (next.js: 18ms, application-code: 24ms)
 POST /api/auth/sign-up/email 200 in 98ms (next.js: 16ms, application-code: 81ms)
 GET /api/test/outbox?email=e2e-a50846b9%40flowline-e2e.test 200 in 8ms (next.js: 1.9ms, application-code: 6ms)
 POST /api/email 200 in 23ms (next.js: 2ms, application-code: 21ms)
 POST /api/auth/sign-in/email 200 in 69ms (next.js: 2ms, application-code: 67ms)
 POST /api/workspaces 201 in 22ms (next.js: 2ms, application-code: 19ms)
 POST /api/onboarding 200 in 23ms (next.js: 1.8ms, application-code: 22ms)
 POST /api/workspaces/a6b64fc6-f211-464c-9fbb-a1d1d1ac404f/flows 201 in 33ms (next.js: 16ms, application-code: 18ms)
 GET /w/e2e-fc200b/agents 200 in 65ms (next.js: 17ms, application-code: 48ms)
 GET /api/health 200 in 9ms (next.js: 3ms, application-code: 6ms)
 GET /api/workspaces/a6b64fc6-f211-464c-9fbb-a1d1d1ac404f/agents 200 in 74ms (next.js: 19ms, application-code: 55ms)
 GET /w/e2e-fc200b/knowledge 200 in 76ms (next.js: 20ms, application-code: 56ms)
 GET /api/health 200 in 9ms (next.js: 2ms, application-code: 6ms)
 GET /api/workspaces/a6b64fc6-f211-464c-9fbb-a1d1d1ac404f/knowledge 200 in 77ms (next.js: 16ms, application-code: 61ms)
 GET /w/e2e-fc200b/settings 200 in 79ms (next.js: 16ms, application-code: 63ms)
 GET /api/health 200 in 7ms (next.js: 2ms, application-code: 5ms)
 GET /api/workspaces/a6b64fc6-f211-464c-9fbb-a1d1d1ac404f/members 200 in 86ms (next.js: 17ms, application-code: 70ms)
 GET /api/workspaces/a6b64fc6-f211-464c-9fbb-a1d1d1ac404f/invites 200 in 87ms (next.js: 36ms, application-code: 52ms)
 GET /w/e2e-fc200b/flows/c9c99f70-f34c-45e7-8f78-af5552dda2ab 200 in 76ms (next.js: 18ms, application-code: 57ms)
 GET /api/health 200 in 9ms (next.js: 3ms, application-code: 6ms)
 GET /api/flows/c9c99f70-f34c-45e7-8f78-af5552dda2ab 200 in 34ms (next.js: 17ms, application-code: 17ms)
 GET /api/flows/c9c99f70-f34c-45e7-8f78-af5552dda2ab/publish 200 in 73ms (next.js: 21ms, application-code: 52ms)
 GET /api/flows/c9c99f70-f34c-45e7-8f78-af5552dda2ab/runs 200 in 46ms (next.js: 24ms, application-code: 23ms)
 POST /api/auth/sign-up/email 200 in 113ms (next.js: 18ms, application-code: 94ms)
 GET /api/test/outbox?email=e2e-7ac932d5%40flowline-e2e.test 200 in 9ms (next.js: 3ms, application-code: 6ms)
 POST /api/email 200 in 26ms (next.js: 2ms, application-code: 24ms)
 POST /api/auth/sign-in/email 200 in 74ms (next.js: 3ms, application-code: 71ms)
 POST /api/workspaces 201 in 23ms (next.js: 2ms, application-code: 20ms)
 POST /api/onboarding 200 in 22ms (next.js: 3ms, application-code: 19ms)
 GET /w/e2e-1c3ad1/settings?tab=sso 200 in 72ms (next.js: 17ms, application-code: 55ms)
 GET /api/health 200 in 10ms (next.js: 4ms, application-code: 6ms)
 GET /api/workspaces/2339c2d4-f905-4e08-bcca-15fad952e994/sso 200 in 50ms (next.js: 17ms, application-code: 32ms)
 PUT /api/workspaces/2339c2d4-f905-4e08-bcca-15fad952e994/sso 200 in 32ms (next.js: 3ms, application-code: 30ms)
 GET /api/sso/start?workspace=e2e-1c3ad1 307 in 56ms (next.js: 35ms, application-code: 22ms)
 GET /api/sso/callback?code=oidc-code-227e7a160f17&state=JOIm60ydieUcL0UMucJJVN6Qdn-m2e4B 307 in 77ms (next.js: 34ms, application-code: 42ms)
 GET /w/e2e-1c3ad1/flows 200 in 70ms (next.js: 17ms, application-code: 53ms)
 GET /api/health 200 in 16ms (next.js: 7ms, application-code: 10ms)
 GET /api/workspaces/2339c2d4-f905-4e08-bcca-15fad952e994/flows 200 in 99ms (next.js: 52ms, application-code: 47ms)
 GET /api/workspaces/2339c2d4-f905-4e08-bcca-15fad952e994/usage 200 in 101ms (next.js: 35ms, application-code: 67ms)
 GET /api/workspaces/2339c2d4-f905-4e08-bcca-15fad952e994/overview 200 in 102ms (next.js: 17ms, application-code: 85ms)
 GET /w/e2e-1c3ad1/settings?tab=sso 200 in 166ms (next.js: 18ms, application-code: 148ms)
 GET /api/health 200 in 8ms (next.js: 3ms, application-code: 6ms)
 GET /api/workspaces/2339c2d4-f905-4e08-bcca-15fad952e994/sso 200 in 24ms (next.js: 2ms, application-code: 22ms)
 PUT /api/workspaces/2339c2d4-f905-4e08-bcca-15fad952e994/sso 200 in 42ms (next.js: 18ms, application-code: 24ms)
 GET /sign-in 200 in 35ms (next.js: 3ms, application-code: 32ms)
 GET /api/auth-config 200 in 10ms (next.js: 3ms, application-code: 7ms)
 GET /api/sso/start?workspace=e2e-1c3ad1 307 in 32ms (next.js: 2ms, application-code: 29ms)
 GET /api/sso/callback?code=oidc-code-bb8e93d02a5a&state=9CBS2J-o1kLQfxQs0lOXNIhedgO10bOi 307 in 43ms (next.js: 2ms, application-code: 40ms)
 GET /w/e2e-1c3ad1/flows 200 in 67ms (next.js: 15ms, application-code: 52ms)
 GET /api/health 200 in 18ms (next.js: 8ms, application-code: 10ms)
 GET /api/workspaces/2339c2d4-f905-4e08-bcca-15fad952e994/flows 200 in 102ms (next.js: 58ms, application-code: 44ms)
 GET /api/workspaces/2339c2d4-f905-4e08-bcca-15fad952e994/usage 200 in 103ms (next.js: 38ms, application-code: 65ms)
 GET /w/e2e-1c3ad1/settings 200 in 166ms (next.js: 17ms, application-code: 149ms)
 GET /api/workspaces/2339c2d4-f905-4e08-bcca-15fad952e994/overview 200 in 122ms (next.js: 16ms, application-code: 106ms)
 GET /api/health 200 in 10ms (next.js: 3ms, application-code: 6ms)
 GET /api/workspaces/2339c2d4-f905-4e08-bcca-15fad952e994/invites 200 in 47ms (next.js: 35ms, application-code: 12ms)
 GET /api/workspaces/2339c2d4-f905-4e08-bcca-15fad952e994/members 200 in 49ms (next.js: 16ms, application-code: 33ms)
 POST /api/auth/sign-up/email 200 in 103ms (next.js: 17ms, application-code: 86ms)
 GET /api/test/outbox?email=victim-07f4ce28%40flowline-e2e.test 200 in 10ms (next.js: 3ms, application-code: 6ms)
 POST /api/email 200 in 23ms (next.js: 3ms, application-code: 20ms)
 POST /api/auth/sign-in/email 200 in 70ms (next.js: 1.9ms, application-code: 68ms)
 GET /sign-in 200 in 34ms (next.js: 3ms, application-code: 31ms)
 GET /api/auth-config 200 in 11ms (next.js: 3ms, application-code: 8ms)
 GET /api/sso/start?workspace=e2e-1c3ad1 307 in 19ms (next.js: 2ms, application-code: 17ms)
 GET /api/sso/callback?code=oidc-code-1cd6cf613909&state=PiB5iASJlEKEOUi2bA3E7xMGvpN4K-cO 307 in 31ms (next.js: 3ms, application-code: 28ms)
 GET /sign-in?sso_error=An%20account%20with%20this%20email%20already%20exists%20%E2%80%94%20sign%20in%20with%20your%20password%20first%2C%20then%20start%20SSO%20to%20link%20it.%20SSO%20can%27t%20take%20over%20an%20existing%20account. 200 in 42ms (next.js: 4ms, application-code: 38ms)
 GET /api/auth-config 200 in 9ms (next.js: 3ms, application-code: 7ms)
 GET /api/sso/start?workspace=no-such-6c04ec 307 in 13ms (next.js: 3ms, application-code: 11ms)
 GET /sign-in?sso_error=SSO%20isn%27t%20set%20up%20for%20that%20workspace 200 in 36ms (next.js: 3ms, application-code: 33ms)
 GET /api/auth-config 200 in 9ms (next.js: 3ms, application-code: 6ms)
 GET /api/workspaces/2339c2d4-f905-4e08-bcca-15fad952e994/audit 200 in 37ms (next.js: 16ms, application-code: 21ms)
 POST /api/auth/sign-up/email 200 in 107ms (next.js: 25ms, application-code: 82ms)
 GET /api/test/outbox?email=e2e-68b5d49f%40flowline-e2e.test 200 in 8ms (next.js: 3ms, application-code: 5ms)
 POST /api/email 200 in 20ms (next.js: 2.0ms, application-code: 18ms)
 POST /api/auth/sign-in/email 200 in 78ms (next.js: 2ms, application-code: 76ms)
 POST /api/workspaces 201 in 33ms (next.js: 3ms, application-code: 30ms)
 POST /api/onboarding 200 in 20ms (next.js: 2ms, application-code: 18ms)
 POST /api/workspaces/2bcac993-8e16-454f-87a2-ce251957aaa9/ai/connections 201 in 67ms (next.js: 18ms, application-code: 49ms)
 PUT /api/workspaces/2bcac993-8e16-454f-87a2-ce251957aaa9/ai/default-route 200 in 38ms (next.js: 18ms, application-code: 21ms)
 PUT /api/workspaces/2bcac993-8e16-454f-87a2-ce251957aaa9/ai/policy 200 in 40ms (next.js: 16ms, application-code: 24ms)
 POST /api/workspaces/2bcac993-8e16-454f-87a2-ce251957aaa9/flows 201 in 41ms (next.js: 17ms, application-code: 24ms)
 PUT /api/flows/94ce5d34-8cf7-4f0a-9eab-f38a2c62e9b8 200 in 48ms (next.js: 18ms, application-code: 29ms)
 POST /api/flows/94ce5d34-8cf7-4f0a-9eab-f38a2c62e9b8/publish 201 in 51ms (next.js: 19ms, application-code: 32ms)
 POST /api/workspaces/2bcac993-8e16-454f-87a2-ce251957aaa9/agents 201 in 50ms (next.js: 20ms, application-code: 30ms)
 POST /api/workspaces/2bcac993-8e16-454f-87a2-ce251957aaa9/invites 201 in 63ms (next.js: 17ms, application-code: 45ms)
 POST /api/auth/sign-up/email 200 in 86ms (next.js: 3ms, application-code: 83ms)
 GET /api/test/outbox?email=vw-efe20139%40flowline-e2e.test 200 in 8ms (next.js: 3ms, application-code: 5ms)
 POST /api/email 200 in 24ms (next.js: 2.0ms, application-code: 22ms)
 POST /api/auth/sign-in/email 200 in 89ms (next.js: 16ms, application-code: 73ms)
 POST /api/invites/Ezov03emmCzq7zckBgirqFalDyTkn30d_l4qjxtmgCc 200 in 46ms (next.js: 17ms, application-code: 29ms)
(node:59076) MaxListenersExceededWarning: Possible EventEmitter memory leak detected. 11 unpipe listeners added to [SyncWriteStream]. MaxListeners is 10. Use emitter.setMaxListeners() to increase limit
(node:59076) MaxListenersExceededWarning: Possible EventEmitter memory leak detected. 11 error listeners added to [SyncWriteStream]. MaxListeners is 10. Use emitter.setMaxListeners() to increase limit
(node:59076) MaxListenersExceededWarning: Possible EventEmitter memory leak detected. 11 close listeners added to [SyncWriteStream]. MaxListeners is 10. Use emitter.setMaxListeners() to increase limit
(node:59076) MaxListenersExceededWarning: Possible EventEmitter memory leak detected. 11 finish listeners added to [SyncWriteStream]. MaxListeners is 10. Use emitter.setMaxListeners() to increase limit
(node:59076) MaxListenersExceededWarning: Possible EventEmitter memory leak detected. 11 unpipe listeners added to [SyncWriteStream]. MaxListeners is 10. Use emitter.setMaxListeners() to increase limit
(node:59076) MaxListenersExceededWarning: Possible EventEmitter memory leak detected. 11 error listeners added to [SyncWriteStream]. MaxListeners is 10. Use emitter.setMaxListeners() to increase limit
(node:59076) MaxListenersExceededWarning: Possible EventEmitter memory leak detected. 11 close listeners added to [SyncWriteStream]. MaxListeners is 10. Use emitter.setMaxListeners() to increase limit
(node:59076) MaxListenersExceededWarning: Possible EventEmitter memory leak detected. 11 finish listeners added to [SyncWriteStream]. MaxListeners is 10. Use emitter.setMaxListeners() to increase limit
 GET /w/e2e-e517c9/agents/70c8bb4e-f0ef-416e-bde7-0d3e100661e3 200 in 104ms (next.js: 21ms, application-code: 83ms)
 GET /api/health 200 in 10ms (next.js: 4ms, application-code: 6ms)
 GET /api/agents/70c8bb4e-f0ef-416e-bde7-0d3e100661e3 200 in 36ms (next.js: 20ms, application-code: 17ms)
 GET /api/agents/70c8bb4e-f0ef-416e-bde7-0d3e100661e3/runs 200 in 38ms (next.js: 20ms, application-code: 19ms)
 POST /api/agents/70c8bb4e-f0ef-416e-bde7-0d3e100661e3/runs 202 in 53ms (next.js: 3ms, application-code: 51ms)
2026-09-29T08:16:57.054Z [worker] agent run c2bd97ae-020c-4bde-9424-045aa9b75a07 claimed
 GET /api/agent-runs/c2bd97ae-020c-4bde-9424-045aa9b75a07 200 in 45ms (next.js: 17ms, application-code: 28ms)
2026-09-29T08:16:57.126Z [worker] agent run c2bd97ae-020c-4bde-9424-045aa9b75a07 waiting for approval
 GET /api/agent-runs/c2bd97ae-020c-4bde-9424-045aa9b75a07 200 in 39ms (next.js: 14ms, application-code: 26ms)
 GET /w/e2e-e517c9/flows 200 in 60ms (next.js: 14ms, application-code: 46ms)
 GET /api/health 200 in 8ms (next.js: 3ms, application-code: 5ms)
 GET /api/workspaces/2bcac993-8e16-454f-87a2-ce251957aaa9/flows 200 in 29ms (next.js: 16ms, application-code: 13ms)
 GET /api/workspaces/2bcac993-8e16-454f-87a2-ce251957aaa9/usage 200 in 66ms (next.js: 33ms, application-code: 34ms)
 GET /api/workspaces/2bcac993-8e16-454f-87a2-ce251957aaa9/overview 200 in 74ms (next.js: 18ms, application-code: 56ms)
 GET /w/e2e-e517c9/agents/70c8bb4e-f0ef-416e-bde7-0d3e100661e3?tab=runs&run=c2bd97ae-020c-4bde-9424-045aa9b75a07 200 in 34ms (next.js: 19ms, application-code: 15ms)
 GET /api/agents/70c8bb4e-f0ef-416e-bde7-0d3e100661e3 200 in 41ms (next.js: 16ms, application-code: 25ms)
 GET /api/agents/70c8bb4e-f0ef-416e-bde7-0d3e100661e3/runs 200 in 41ms (next.js: 18ms, application-code: 23ms)
 GET /api/agent-runs/c2bd97ae-020c-4bde-9424-045aa9b75a07 200 in 36ms (next.js: 16ms, application-code: 20ms)
 GET /w/e2e-e517c9/agents/70c8bb4e-f0ef-416e-bde7-0d3e100661e3 200 in 64ms (next.js: 4ms, application-code: 61ms)
 GET /api/health 200 in 9ms (next.js: 2ms, application-code: 7ms)
 GET /api/agents/70c8bb4e-f0ef-416e-bde7-0d3e100661e3 200 in 24ms (next.js: 3ms, application-code: 21ms)
 GET /api/agents/70c8bb4e-f0ef-416e-bde7-0d3e100661e3/runs 200 in 22ms (next.js: 3ms, application-code: 19ms)
 GET /api/agent-runs/c2bd97ae-020c-4bde-9424-045aa9b75a07 200 in 23ms (next.js: 3ms, application-code: 19ms)
 POST /api/approvals/8485870f-c676-4b23-b847-0a6e60fce76f/decide 200 in 50ms (next.js: 17ms, application-code: 33ms)
2026-09-29T08:16:59.694Z [worker] agent run c2bd97ae-020c-4bde-9424-045aa9b75a07 claimed
 GET /api/agents/70c8bb4e-f0ef-416e-bde7-0d3e100661e3/runs 200 in 20ms (next.js: 7ms, application-code: 13ms)
 GET /api/agent-runs/c2bd97ae-020c-4bde-9424-045aa9b75a07 200 in 25ms (next.js: 2ms, application-code: 23ms)
2026-09-29T08:16:59.755Z [worker] run dffbc3ef-ee9f-43d5-8c61-83d4b61744b7 claimed
2026-09-29T08:16:59.787Z [worker] run dffbc3ef-ee9f-43d5-8c61-83d4b61744b7 done
2026-09-29T08:17:00.303Z [worker] agent run c2bd97ae-020c-4bde-9424-045aa9b75a07 succeeded
 GET /api/agent-runs/c2bd97ae-020c-4bde-9424-045aa9b75a07 200 in 40ms (next.js: 14ms, application-code: 26ms)
 GET /api/flows/94ce5d34-8cf7-4f0a-9eab-f38a2c62e9b8/runs 200 in 36ms (next.js: 14ms, application-code: 22ms)
 POST /api/auth/sign-up/email 200 in 95ms (next.js: 14ms, application-code: 81ms)
 GET /api/test/outbox?email=e2e-9019e2af%40flowline-e2e.test 200 in 9ms (next.js: 3ms, application-code: 6ms)
 POST /api/email 200 in 21ms (next.js: 1.9ms, application-code: 19ms)
 POST /api/auth/sign-in/email 200 in 72ms (next.js: 3ms, application-code: 70ms)
 POST /api/workspaces 201 in 24ms (next.js: 3ms, application-code: 22ms)
 POST /api/onboarding 200 in 24ms (next.js: 1.9ms, application-code: 22ms)
 GET /w/e2e-f06a71/knowledge 200 in 61ms (next.js: 15ms, application-code: 46ms)
 GET /api/health 200 in 9ms (next.js: 3ms, application-code: 6ms)
 GET /api/workspaces/75baa4f7-7b34-4741-97f7-36217a4c1838/knowledge 200 in 39ms (next.js: 16ms, application-code: 23ms)
 GET /api/workspaces/2339c2d4-f905-4e08-bcca-15fad952e994/overview 200 in 42ms (next.js: 15ms, application-code: 27ms)
 GET /sign-in 200 in 33ms (next.js: 3ms, application-code: 30ms)
 GET /api/health 200 in 12ms (next.js: 7ms, application-code: 5ms)
 GET /api/auth-config 200 in 14ms (next.js: 6ms, application-code: 8ms)
 GET /api/sso/start?workspace=no-such-workspace-xyz 307 in 14ms (next.js: 10ms, application-code: 5ms)
 GET /sign-in?sso_error=SSO%20isn%27t%20set%20up%20for%20that%20workspace 200 in 38ms (next.js: 7ms, application-code: 31ms)
 GET /sign-in 200 in 30ms (next.js: 2ms, application-code: 27ms)
2026-09-29T08:17:10.206Z [worker] platform notifications sent 20
 POST /sign-in 200 in 34ms (next.js: 3ms, application-code: 31ms)
 GET /api/workspaces/2339c2d4-f905-4e08-bcca-15fad952e994/overview 200 in 34ms (next.js: 17ms, application-code: 17ms)
 POST /api/auth/sign-up/email 200 in 91ms (next.js: 16ms, application-code: 75ms)
 GET /api/test/outbox?email=e2e-e205246d%40flowline-e2e.test 200 in 8ms (next.js: 3ms, application-code: 4ms)
 POST /api/email 200 in 21ms (next.js: 5ms, application-code: 17ms)
 POST /api/auth/sign-in/email 200 in 67ms (next.js: 1.9ms, application-code: 66ms)
 POST /api/workspaces 201 in 19ms (next.js: 4ms, application-code: 15ms)
 POST /api/onboarding 200 in 24ms (next.js: 4ms, application-code: 19ms)
 POST /api/workspaces/c2967eba-e96e-4440-bd6f-15bdd08a6a45/flows 201 in 28ms (next.js: 17ms, application-code: 12ms)
 GET /w/e2e-291735/flows 200 in 69ms (next.js: 20ms, application-code: 49ms)
 GET /api/health 200 in 9ms (next.js: 3ms, application-code: 6ms)
 GET /api/workspaces/c2967eba-e96e-4440-bd6f-15bdd08a6a45/overview 200 in 50ms (next.js: 17ms, application-code: 33ms)
 GET /api/workspaces/c2967eba-e96e-4440-bd6f-15bdd08a6a45/flows 200 in 30ms (next.js: 6ms, application-code: 24ms)
 GET /api/workspaces/c2967eba-e96e-4440-bd6f-15bdd08a6a45/usage 200 in 31ms (next.js: 24ms, application-code: 6ms)
 POST /api/auth/sign-up/email 200 in 85ms (next.js: 3ms, application-code: 83ms)
 GET /api/test/outbox?email=e2e-60a3d89c%40flowline-e2e.test 200 in 8ms (next.js: 3ms, application-code: 6ms)
 POST /api/email 200 in 23ms (next.js: 2ms, application-code: 21ms)
 POST /api/auth/sign-in/email 200 in 90ms (next.js: 15ms, application-code: 74ms)
 POST /api/workspaces 201 in 24ms (next.js: 2ms, application-code: 21ms)
 POST /api/onboarding 200 in 22ms (next.js: 1.9ms, application-code: 20ms)
 POST /api/workspaces/2f9b19c4-e39c-45a2-b54e-b2fa016b1aa0/flows 201 in 28ms (next.js: 3ms, application-code: 26ms)
 GET /w/e2e-1f75f8/flows 200 in 64ms (next.js: 15ms, application-code: 49ms)
 GET /api/health 200 in 9ms (next.js: 3ms, application-code: 5ms)
 GET /api/workspaces/2f9b19c4-e39c-45a2-b54e-b2fa016b1aa0/flows 200 in 33ms (next.js: 18ms, application-code: 15ms)
 GET /api/workspaces/2f9b19c4-e39c-45a2-b54e-b2fa016b1aa0/usage 200 in 44ms (next.js: 6ms, application-code: 38ms)
 GET /api/workspaces/2f9b19c4-e39c-45a2-b54e-b2fa016b1aa0/overview 200 in 51ms (next.js: 3ms, application-code: 48ms)
 POST /api/auth/sign-up/email 200 in 93ms (next.js: 6ms, application-code: 87ms)
 GET /api/test/outbox?email=e2e-9917708d%40flowline-e2e.test 200 in 7ms (next.js: 2ms, application-code: 5ms)
 POST /api/email 200 in 20ms (next.js: 2.0ms, application-code: 18ms)
 POST /api/auth/sign-in/email 200 in 72ms (next.js: 3ms, application-code: 69ms)
 POST /api/workspaces 201 in 17ms (next.js: 2.0ms, application-code: 15ms)
 POST /api/onboarding 200 in 24ms (next.js: 1.9ms, application-code: 22ms)
 POST /api/workspaces/688527d6-9060-44c1-b6e0-48d167fe7801/flows 201 in 30ms (next.js: 1.9ms, application-code: 28ms)
 GET /w/e2e-ad62ce/flows 200 in 62ms (next.js: 15ms, application-code: 47ms)
 GET /api/health 200 in 9ms (next.js: 3ms, application-code: 6ms)
 GET /api/workspaces/688527d6-9060-44c1-b6e0-48d167fe7801/usage 200 in 27ms (next.js: 16ms, application-code: 11ms)
 GET /api/workspaces/688527d6-9060-44c1-b6e0-48d167fe7801/overview 200 in 48ms (next.js: 18ms, application-code: 30ms)
 GET /api/workspaces/688527d6-9060-44c1-b6e0-48d167fe7801/flows 200 in 9ms (next.js: 4ms, application-code: 5ms)
 POST /api/auth/sign-up/email 200 in 99ms (next.js: 16ms, application-code: 84ms)
 GET /api/test/outbox?email=e2e-0b8442af%40flowline-e2e.test 200 in 8ms (next.js: 3ms, application-code: 5ms)
 POST /api/email 200 in 20ms (next.js: 2ms, application-code: 18ms)
 POST /api/auth/sign-in/email 200 in 72ms (next.js: 2ms, application-code: 70ms)
 POST /api/workspaces 201 in 26ms (next.js: 3ms, application-code: 23ms)
 POST /api/onboarding 200 in 23ms (next.js: 2.0ms, application-code: 21ms)
 POST /api/workspaces/a7240e67-0adb-4a80-a55d-52f9a8b0040f/flows 201 in 29ms (next.js: 14ms, application-code: 16ms)
 GET /w/e2e-2682a0/flows 200 in 64ms (next.js: 16ms, application-code: 49ms)
 GET /api/health 200 in 11ms (next.js: 4ms, application-code: 7ms)
 GET /api/workspaces/a7240e67-0adb-4a80-a55d-52f9a8b0040f/usage 200 in 26ms (next.js: 7ms, application-code: 19ms)
 GET /api/workspaces/a7240e67-0adb-4a80-a55d-52f9a8b0040f/flows 200 in 26ms (next.js: 11ms, application-code: 15ms)
 GET /api/workspaces/a7240e67-0adb-4a80-a55d-52f9a8b0040f/overview 200 in 35ms (next.js: 3ms, application-code: 32ms)
 POST /api/auth/sign-up/email 200 in 82ms (next.js: 2ms, application-code: 80ms)
 GET /api/test/outbox?email=e2e-3861e206%40flowline-e2e.test 200 in 9ms (next.js: 3ms, application-code: 5ms)
 POST /api/email 200 in 23ms (next.js: 2ms, application-code: 21ms)
 POST /api/auth/sign-in/email 200 in 90ms (next.js: 15ms, application-code: 75ms)
 POST /api/workspaces 201 in 34ms (next.js: 2ms, application-code: 32ms)
 POST /api/onboarding 200 in 21ms (next.js: 1.9ms, application-code: 19ms)
 POST /api/workspaces/e5792114-7954-4cde-ac1b-ee8e9d745de6/flows 201 in 31ms (next.js: 2ms, application-code: 28ms)
 GET /w/e2e-3350ef/flows 200 in 63ms (next.js: 15ms, application-code: 49ms)
 GET /api/health 200 in 8ms (next.js: 2ms, application-code: 6ms)
 GET /api/workspaces/e5792114-7954-4cde-ac1b-ee8e9d745de6/usage 200 in 46ms (next.js: 40ms, application-code: 5ms)
 GET /api/workspaces/e5792114-7954-4cde-ac1b-ee8e9d745de6/overview 200 in 47ms (next.js: 22ms, application-code: 25ms)
 POST /api/auth/sign-up/email 200 in 88ms (next.js: 3ms, application-code: 85ms)
 GET /api/test/outbox?email=e2e-08ad5e88%40flowline-e2e.test 200 in 9ms (next.js: 3ms, application-code: 7ms)
 POST /api/email 200 in 25ms (next.js: 2ms, application-code: 23ms)
 POST /api/auth/sign-in/email 200 in 73ms (next.js: 2ms, application-code: 70ms)
 POST /api/workspaces 201 in 25ms (next.js: 2ms, application-code: 23ms)
 POST /api/onboarding 200 in 24ms (next.js: 2.0ms, application-code: 22ms)
 POST /api/workspaces/a1fe4e59-282e-4101-ba49-7ccded73b3aa/flows 201 in 29ms (next.js: 2ms, application-code: 27ms)
 GET /w/e2e-ca9968/flows 200 in 58ms (next.js: 17ms, application-code: 42ms)
 GET /api/health 200 in 9ms (next.js: 3ms, application-code: 6ms)
 GET /api/workspaces/a1fe4e59-282e-4101-ba49-7ccded73b3aa/usage 200 in 31ms (next.js: 7ms, application-code: 24ms)
 GET /api/workspaces/a1fe4e59-282e-4101-ba49-7ccded73b3aa/flows 200 in 31ms (next.js: 11ms, application-code: 20ms)
 GET /api/workspaces/a1fe4e59-282e-4101-ba49-7ccded73b3aa/overview 200 in 39ms (next.js: 3ms, application-code: 37ms)
 POST /api/auth/sign-up/email 200 in 100ms (next.js: 17ms, application-code: 83ms)
 GET /api/test/outbox?email=e2e-66e6976a%40flowline-e2e.test 200 in 7ms (next.js: 2ms, application-code: 5ms)
 POST /api/email 200 in 19ms (next.js: 2ms, application-code: 17ms)
 POST /api/auth/sign-in/email 200 in 71ms (next.js: 2ms, application-code: 69ms)
 POST /api/workspaces 201 in 32ms (next.js: 2.0ms, application-code: 30ms)
 POST /api/onboarding 200 in 24ms (next.js: 2ms, application-code: 22ms)
 POST /api/workspaces/0d991468-1045-466d-bd75-ed1fdb2e2d37/flows 201 in 30ms (next.js: 15ms, application-code: 15ms)
 GET /w/e2e-5cf581/flows 200 in 65ms (next.js: 16ms, application-code: 49ms)
 GET /api/health 200 in 8ms (next.js: 3ms, application-code: 5ms)
 GET /api/workspaces/0d991468-1045-466d-bd75-ed1fdb2e2d37/overview 200 in 46ms (next.js: 17ms, application-code: 29ms)
 GET /api/workspaces/0d991468-1045-466d-bd75-ed1fdb2e2d37/flows 200 in 25ms (next.js: 20ms, application-code: 5ms)
 GET /api/workspaces/0d991468-1045-466d-bd75-ed1fdb2e2d37/usage 200 in 25ms (next.js: 16ms, application-code: 9ms)
 POST /api/auth/sign-up/email 200 in 87ms (next.js: 2ms, application-code: 84ms)
 GET /api/test/outbox?email=e2e-08df8a3a%40flowline-e2e.test 200 in 7ms (next.js: 1.9ms, application-code: 5ms)
 POST /api/email 200 in 22ms (next.js: 2.0ms, application-code: 20ms)
 POST /api/auth/sign-in/email 200 in 85ms (next.js: 15ms, application-code: 70ms)
 POST /api/workspaces 201 in 31ms (next.js: 2ms, application-code: 28ms)
 POST /api/onboarding 200 in 22ms (next.js: 3ms, application-code: 19ms)
 POST /api/workspaces/31610baf-199d-433d-bc2e-102d1b5cdadb/flows 201 in 29ms (next.js: 2.0ms, application-code: 27ms)
 GET /w/e2e-beec6e/flows/07b62376-72ab-49c1-9dc6-4d34eb827abc 200 in 75ms (next.js: 21ms, application-code: 53ms)
 GET /api/health 200 in 8ms (next.js: 3ms, application-code: 5ms)
 GET /api/flows/07b62376-72ab-49c1-9dc6-4d34eb827abc 200 in 43ms (next.js: 18ms, application-code: 26ms)
 GET /api/flows/07b62376-72ab-49c1-9dc6-4d34eb827abc/publish 200 in 59ms (next.js: 20ms, application-code: 38ms)
 GET /api/flows/07b62376-72ab-49c1-9dc6-4d34eb827abc/runs 200 in 39ms (next.js: 21ms, application-code: 18ms)
 GET /w/e2e-beec6e/flows/07b62376-72ab-49c1-9dc6-4d34eb827abc 200 in 54ms (next.js: 3ms, application-code: 50ms)
 GET /api/health 200 in 7ms (next.js: 2ms, application-code: 5ms)
 GET /api/flows/07b62376-72ab-49c1-9dc6-4d34eb827abc 200 in 22ms (next.js: 2ms, application-code: 20ms)
 GET /api/flows/07b62376-72ab-49c1-9dc6-4d34eb827abc/publish 200 in 19ms (next.js: 2ms, application-code: 17ms)
 GET /api/flows/07b62376-72ab-49c1-9dc6-4d34eb827abc/runs 200 in 13ms (next.js: 1.9ms, application-code: 11ms)
 GET /w/e2e-beec6e/flows/07b62376-72ab-49c1-9dc6-4d34eb827abc 200 in 68ms (next.js: 18ms, application-code: 50ms)
 GET /api/health 200 in 7ms (next.js: 3ms, application-code: 5ms)
 GET /api/flows/07b62376-72ab-49c1-9dc6-4d34eb827abc 200 in 32ms (next.js: 17ms, application-code: 15ms)
 GET /api/flows/07b62376-72ab-49c1-9dc6-4d34eb827abc/publish 200 in 56ms (next.js: 16ms, application-code: 40ms)
 GET /api/flows/07b62376-72ab-49c1-9dc6-4d34eb827abc/runs 200 in 38ms (next.js: 17ms, application-code: 21ms)
 GET /api/health 200 in 8ms (next.js: 3ms, application-code: 5ms)
 GET /api/workspaces/2339c2d4-f905-4e08-bcca-15fad952e994/usage 200 in 38ms (next.js: 18ms, application-code: 20ms)
 POST /api/auth/sign-up/email 200 in 104ms (next.js: 16ms, application-code: 88ms)
 GET /api/test/outbox?email=e2e-90e45548%40flowline-e2e.test 200 in 8ms (next.js: 3ms, application-code: 5ms)
 POST /api/email 200 in 23ms (next.js: 2ms, application-code: 21ms)
 GET /api/workspaces/2339c2d4-f905-4e08-bcca-15fad952e994/overview 200 in 39ms (next.js: 16ms, application-code: 22ms)
 POST /api/auth/sign-in/email 200 in 92ms (next.js: 2ms, application-code: 90ms)
 POST /api/workspaces 201 in 26ms (next.js: 3ms, application-code: 23ms)
 POST /api/onboarding 200 in 23ms (next.js: 2ms, application-code: 21ms)
 POST /api/workspaces/c21a163b-c558-40de-88df-fecbf18ece64/flows 201 in 48ms (next.js: 16ms, application-code: 31ms)
 GET /w/e2e-a8bad1/flows/5c9e8137-ff95-4f48-af5e-535db5e3488f 200 in 72ms (next.js: 18ms, application-code: 54ms)
 GET /api/health 200 in 9ms (next.js: 3ms, application-code: 6ms)
 GET /api/flows/5c9e8137-ff95-4f48-af5e-535db5e3488f 200 in 45ms (next.js: 20ms, application-code: 25ms)
 GET /api/flows/5c9e8137-ff95-4f48-af5e-535db5e3488f/publish 200 in 57ms (next.js: 17ms, application-code: 39ms)
 GET /api/flows/5c9e8137-ff95-4f48-af5e-535db5e3488f/runs 200 in 38ms (next.js: 19ms, application-code: 19ms)
 GET /api/flows/5c9e8137-ff95-4f48-af5e-535db5e3488f 200 in 19ms (next.js: 3ms, application-code: 16ms)
2026-09-29T08:17:25.421Z [worker] run a93116a9-5bf9-4aa7-9245-52ba599134a9 claimed
 POST /api/flows/5c9e8137-ff95-4f48-af5e-535db5e3488f/runs 202 in 61ms (next.js: 2ms, application-code: 58ms)
 GET /api/flows/5c9e8137-ff95-4f48-af5e-535db5e3488f/runs 200 in 44ms (next.js: 3ms, application-code: 41ms)
2026-09-29T08:17:25.477Z [worker] run a93116a9-5bf9-4aa7-9245-52ba599134a9 done
 GET /api/runs/a93116a9-5bf9-4aa7-9245-52ba599134a9 200 in 49ms (next.js: 19ms, application-code: 30ms)
 POST /api/auth/sign-up/email 200 in 91ms (next.js: 15ms, application-code: 75ms)
 GET /api/test/outbox?email=e2e-ca25b75f%40flowline-e2e.test 200 in 8ms (next.js: 3ms, application-code: 5ms)
 POST /api/email 200 in 20ms (next.js: 2ms, application-code: 18ms)
 POST /api/auth/sign-in/email 200 in 69ms (next.js: 1.9ms, application-code: 67ms)
 POST /api/workspaces 201 in 42ms (next.js: 2.0ms, application-code: 40ms)
 POST /api/onboarding 200 in 13ms (next.js: 1.9ms, application-code: 11ms)
 POST /api/workspaces/44673f5c-3b6a-4202-ba71-88a7028d9139/flows 201 in 30ms (next.js: 14ms, application-code: 16ms)
 POST /api/flows/1611cdad-1a73-4ba3-96ef-110e27f66ba0/runs 202 in 57ms (next.js: 13ms, application-code: 44ms)
2026-09-29T08:17:26.442Z [worker] run a2b93cfa-632b-407e-b287-1d276ae511f9 claimed
 GET /api/runs/a2b93cfa-632b-407e-b287-1d276ae511f9 200 in 37ms (next.js: 15ms, application-code: 22ms)
2026-09-29T08:17:26.497Z [worker] run a2b93cfa-632b-407e-b287-1d276ae511f9 done
 GET /api/runs/a2b93cfa-632b-407e-b287-1d276ae511f9 200 in 26ms (next.js: 3ms, application-code: 23ms)
 POST /api/workspaces/44673f5c-3b6a-4202-ba71-88a7028d9139/flows 201 in 24ms (next.js: 2ms, application-code: 21ms)
 GET /api/flows/fb49a729-05db-4d68-b6c6-ac0c27bce7ca 200 in 41ms (next.js: 15ms, application-code: 26ms)
 PUT /api/flows/fb49a729-05db-4d68-b6c6-ac0c27bce7ca 200 in 31ms (next.js: 2ms, application-code: 29ms)
 POST /api/flows/fb49a729-05db-4d68-b6c6-ac0c27bce7ca/runs 202 in 47ms (next.js: 2ms, application-code: 45ms)
2026-09-29T08:17:26.785Z [worker] run ab4c3296-09bb-458c-ae5d-18a0f7daa697 claimed
 GET /api/runs/ab4c3296-09bb-458c-ae5d-18a0f7daa697 200 in 18ms (next.js: 2ms, application-code: 15ms)
2026-09-29T08:17:26.828Z [worker] run ab4c3296-09bb-458c-ae5d-18a0f7daa697 done
 GET /api/runs/ab4c3296-09bb-458c-ae5d-18a0f7daa697 200 in 27ms (next.js: 3ms, application-code: 24ms)
 GET /w/acme-workspace-12/flows 200 in 63ms (next.js: 17ms, application-code: 46ms)
 GET /api/health 200 in 10ms (next.js: 3ms, application-code: 8ms)
 GET /api/workspaces/44673f5c-3b6a-4202-ba71-88a7028d9139/usage 200 in 48ms (next.js: 14ms, application-code: 33ms)
 GET /api/workspaces/44673f5c-3b6a-4202-ba71-88a7028d9139/flows 200 in 31ms (next.js: 17ms, application-code: 13ms)
 GET /api/workspaces/44673f5c-3b6a-4202-ba71-88a7028d9139/overview 200 in 77ms (next.js: 17ms, application-code: 61ms)
 GET /w/acme-workspace-12/flows/1611cdad-1a73-4ba3-96ef-110e27f66ba0 200 in 77ms (next.js: 19ms, application-code: 58ms)
 GET /api/health 200 in 8ms (next.js: 3ms, application-code: 5ms)
 GET /api/flows/1611cdad-1a73-4ba3-96ef-110e27f66ba0 200 in 36ms (next.js: 16ms, application-code: 20ms)
 GET /api/flows/1611cdad-1a73-4ba3-96ef-110e27f66ba0/publish 200 in 58ms (next.js: 16ms, application-code: 41ms)
 GET /api/flows/1611cdad-1a73-4ba3-96ef-110e27f66ba0/runs 200 in 40ms (next.js: 18ms, application-code: 22ms)
 GET /api/runs/a2b93cfa-632b-407e-b287-1d276ae511f9 200 in 45ms (next.js: 20ms, application-code: 25ms)
 GET /w/acme-workspace-12/runs?run=ab4c3296-09bb-458c-ae5d-18a0f7daa697 200 in 73ms (next.js: 23ms, application-code: 50ms)
 GET /api/health 200 in 7ms (next.js: 3ms, application-code: 5ms)
 GET /api/workspaces/44673f5c-3b6a-4202-ba71-88a7028d9139/runs?limit=25 200 in 38ms (next.js: 23ms, application-code: 15ms)
 GET /api/runs/ab4c3296-09bb-458c-ae5d-18a0f7daa697 200 in 46ms (next.js: 2ms, application-code: 43ms)
 GET /w/acme-workspace-12/integrations 200 in 73ms (next.js: 22ms, application-code: 52ms)
 GET /api/health 200 in 7ms (next.js: 2ms, application-code: 5ms)
 GET /api/workspaces/44673f5c-3b6a-4202-ba71-88a7028d9139/connections 200 in 31ms (next.js: 19ms, application-code: 12ms)
 GET /api/integrations/catalog?workspaceId=44673f5c-3b6a-4202-ba71-88a7028d9139 200 in 162ms (next.js: 5ms, application-code: 158ms)
 GET /w/acme-workspace-12/templates 200 in 69ms (next.js: 19ms, application-code: 50ms)
 GET /api/health 200 in 7ms (next.js: 2ms, application-code: 5ms)
 GET /api/workspaces/44673f5c-3b6a-4202-ba71-88a7028d9139/connections 200 in 32ms (next.js: 3ms, application-code: 29ms)
 GET /api/workspaces/44673f5c-3b6a-4202-ba71-88a7028d9139/ai 200 in 36ms (next.js: 20ms, application-code: 16ms)
 GET /w/acme-workspace-12/settings 200 in 63ms (next.js: 16ms, application-code: 47ms)
 GET /api/health 200 in 9ms (next.js: 3ms, application-code: 6ms)
 GET /api/workspaces/44673f5c-3b6a-4202-ba71-88a7028d9139/members 200 in 58ms (next.js: 19ms, application-code: 38ms)
 GET /api/workspaces/44673f5c-3b6a-4202-ba71-88a7028d9139/invites 200 in 58ms (next.js: 34ms, application-code: 23ms)
 GET /w/acme-workspace-12/flows 200 in 66ms (next.js: 17ms, application-code: 48ms)
 GET /api/health 200 in 9ms (next.js: 3ms, application-code: 5ms)
 GET /api/workspaces/44673f5c-3b6a-4202-ba71-88a7028d9139/flows 200 in 34ms (next.js: 19ms, application-code: 15ms)
 GET /api/workspaces/44673f5c-3b6a-4202-ba71-88a7028d9139/usage 200 in 74ms (next.js: 36ms, application-code: 38ms)
 GET /api/workspaces/44673f5c-3b6a-4202-ba71-88a7028d9139/overview 200 in 83ms (next.js: 17ms, application-code: 66ms)
 GET /w/acme-workspace-12/flows/1611cdad-1a73-4ba3-96ef-110e27f66ba0 200 in 70ms (next.js: 17ms, application-code: 53ms)
 GET /api/health 200 in 7ms (next.js: 2ms, application-code: 5ms)
 GET /api/flows/1611cdad-1a73-4ba3-96ef-110e27f66ba0 200 in 43ms (next.js: 17ms, application-code: 26ms)
 GET /api/flows/1611cdad-1a73-4ba3-96ef-110e27f66ba0/publish 200 in 56ms (next.js: 18ms, application-code: 38ms)
 GET /api/flows/1611cdad-1a73-4ba3-96ef-110e27f66ba0/runs 200 in 37ms (next.js: 18ms, application-code: 19ms)
 GET /api/runs/a2b93cfa-632b-407e-b287-1d276ae511f9 200 in 51ms (next.js: 19ms, application-code: 32ms)
 GET /w/acme-workspace-12/runs?run=ab4c3296-09bb-458c-ae5d-18a0f7daa697 200 in 80ms (next.js: 19ms, application-code: 62ms)
 GET /api/health 200 in 9ms (next.js: 3ms, application-code: 6ms)
 GET /api/workspaces/44673f5c-3b6a-4202-ba71-88a7028d9139/runs?limit=25 200 in 36ms (next.js: 18ms, application-code: 18ms)
 GET /api/runs/ab4c3296-09bb-458c-ae5d-18a0f7daa697 200 in 44ms (next.js: 22ms, application-code: 21ms)
 GET /w/acme-workspace-12/integrations 200 in 65ms (next.js: 17ms, application-code: 48ms)
 GET /api/health 200 in 7ms (next.js: 2ms, application-code: 5ms)
 GET /api/workspaces/44673f5c-3b6a-4202-ba71-88a7028d9139/connections 200 in 26ms (next.js: 15ms, application-code: 11ms)
 GET /api/integrations/catalog?workspaceId=44673f5c-3b6a-4202-ba71-88a7028d9139 200 in 39ms (next.js: 3ms, application-code: 36ms)
 GET /api/workspaces/2339c2d4-f905-4e08-bcca-15fad952e994/overview 200 in 99ms (next.js: 15ms, application-code: 84ms)
 GET /w/acme-workspace-12/templates 200 in 81ms (next.js: 16ms, application-code: 64ms)
 GET /api/health 200 in 8ms (next.js: 3ms, application-code: 5ms)
 GET /api/workspaces/44673f5c-3b6a-4202-ba71-88a7028d9139/connections 200 in 35ms (next.js: 21ms, application-code: 13ms)
 GET /api/workspaces/44673f5c-3b6a-4202-ba71-88a7028d9139/ai 200 in 39ms (next.js: 18ms, application-code: 21ms)
 GET /w/acme-workspace-12/settings 200 in 73ms (next.js: 16ms, application-code: 57ms)
 GET /api/health 200 in 8ms (next.js: 3ms, application-code: 5ms)
 GET /api/workspaces/44673f5c-3b6a-4202-ba71-88a7028d9139/invites 200 in 28ms (next.js: 16ms, application-code: 12ms)
 GET /api/workspaces/44673f5c-3b6a-4202-ba71-88a7028d9139/members 200 in 52ms (next.js: 19ms, application-code: 32ms)
 GET /w/acme-workspace-12/flows 200 in 68ms (next.js: 16ms, application-code: 52ms)
 GET /api/health 200 in 8ms (next.js: 3ms, application-code: 5ms)
 GET /api/workspaces/44673f5c-3b6a-4202-ba71-88a7028d9139/usage 200 in 53ms (next.js: 16ms, application-code: 37ms)
 GET /api/workspaces/44673f5c-3b6a-4202-ba71-88a7028d9139/flows 200 in 37ms (next.js: 18ms, application-code: 19ms)
 GET /api/workspaces/44673f5c-3b6a-4202-ba71-88a7028d9139/overview 200 in 86ms (next.js: 17ms, application-code: 69ms)
 GET /w/acme-workspace-12/flows/1611cdad-1a73-4ba3-96ef-110e27f66ba0 200 in 71ms (next.js: 17ms, application-code: 54ms)
 GET /api/health 200 in 8ms (next.js: 2ms, application-code: 5ms)
 GET /api/flows/1611cdad-1a73-4ba3-96ef-110e27f66ba0 200 in 45ms (next.js: 16ms, application-code: 29ms)
 GET /api/flows/1611cdad-1a73-4ba3-96ef-110e27f66ba0/publish 200 in 55ms (next.js: 18ms, application-code: 37ms)
 GET /api/flows/1611cdad-1a73-4ba3-96ef-110e27f66ba0/runs 200 in 36ms (next.js: 19ms, application-code: 17ms)
 GET /api/runs/a2b93cfa-632b-407e-b287-1d276ae511f9 200 in 49ms (next.js: 20ms, application-code: 29ms)
 GET /w/acme-workspace-12/runs?run=ab4c3296-09bb-458c-ae5d-18a0f7daa697 200 in 67ms (next.js: 17ms, application-code: 50ms)
 GET /api/health 200 in 7ms (next.js: 2ms, application-code: 5ms)
 GET /api/workspaces/44673f5c-3b6a-4202-ba71-88a7028d9139/runs?limit=25 200 in 34ms (next.js: 17ms, application-code: 18ms)
 GET /api/runs/ab4c3296-09bb-458c-ae5d-18a0f7daa697 200 in 27ms (next.js: 3ms, application-code: 24ms)
 GET /w/acme-workspace-12/integrations 200 in 68ms (next.js: 19ms, application-code: 49ms)
 GET /api/health 200 in 7ms (next.js: 2ms, application-code: 5ms)
 GET /api/workspaces/44673f5c-3b6a-4202-ba71-88a7028d9139/connections 200 in 30ms (next.js: 18ms, application-code: 13ms)
 GET /api/integrations/catalog?workspaceId=44673f5c-3b6a-4202-ba71-88a7028d9139 200 in 43ms (next.js: 3ms, application-code: 40ms)
 GET /w/acme-workspace-12/templates 200 in 70ms (next.js: 14ms, application-code: 56ms)
 GET /api/health 200 in 8ms (next.js: 2ms, application-code: 6ms)
 GET /api/workspaces/44673f5c-3b6a-4202-ba71-88a7028d9139/connections 200 in 31ms (next.js: 19ms, application-code: 13ms)
 GET /api/workspaces/44673f5c-3b6a-4202-ba71-88a7028d9139/ai 200 in 36ms (next.js: 15ms, application-code: 20ms)
 GET /w/acme-workspace-12/settings 200 in 69ms (next.js: 21ms, application-code: 48ms)
 GET /api/health 200 in 8ms (next.js: 3ms, application-code: 5ms)
 GET /api/workspaces/44673f5c-3b6a-4202-ba71-88a7028d9139/members 200 in 48ms (next.js: 17ms, application-code: 31ms)
 GET /api/workspaces/44673f5c-3b6a-4202-ba71-88a7028d9139/invites 200 in 48ms (next.js: 35ms, application-code: 13ms)
 GET /api/health 200 in 6ms (next.js: 2ms, application-code: 4ms)
 GET / 200 in 53ms (next.js: 8ms, application-code: 45ms)
 GET /sign-up 200 in 36ms (next.js: 7ms, application-code: 29ms)
 GET /api/auth-config 200 in 9ms (next.js: 3ms, application-code: 6ms)
 GET / 200 in 51ms (next.js: 3ms, application-code: 48ms)
 GET /sign-up 200 in 30ms (next.js: 3ms, application-code: 27ms)
 GET /api/auth-config 200 in 8ms (next.js: 2ms, application-code: 5ms)
 GET / 200 in 43ms (next.js: 3ms, application-code: 40ms)
 GET /sign-up 200 in 31ms (next.js: 2ms, application-code: 28ms)
 GET /api/auth-config 200 in 7ms (next.js: 2ms, application-code: 5ms)
 POST /api/auth/sign-up/email 200 in 90ms (next.js: 14ms, application-code: 75ms)
 GET /api/test/outbox?email=onb-58523412%40flowline-e2e.test 200 in 7ms (next.js: 2ms, application-code: 4ms)
 POST /api/email 200 in 17ms (next.js: 1.8ms, application-code: 15ms)
 POST /api/auth/sign-in/email 200 in 67ms (next.js: 2ms, application-code: 64ms)
 GET /onboarding 200 in 48ms (next.js: 6ms, application-code: 42ms)
 POST /api/workspaces 201 in 28ms (next.js: 3ms, application-code: 26ms)
 GET /w/acme-workspace-12/flows/1611cdad-1a73-4ba3-96ef-110e27f66ba0 200 in 60ms (next.js: 15ms, application-code: 46ms)
 GET /api/health 200 in 111ms (next.js: 2ms, application-code: 108ms)
 GET /api/workspaces/2339c2d4-f905-4e08-bcca-15fad952e994/overview 200 in 46ms (next.js: 16ms, application-code: 30ms)
 GET /api/flows/1611cdad-1a73-4ba3-96ef-110e27f66ba0 200 in 39ms (next.js: 14ms, application-code: 25ms)
 GET /api/flows/1611cdad-1a73-4ba3-96ef-110e27f66ba0/runs 200 in 22ms (next.js: 18ms, application-code: 4ms)
 GET /api/flows/1611cdad-1a73-4ba3-96ef-110e27f66ba0/publish 200 in 44ms (next.js: 17ms, application-code: 28ms)
 POST /api/test/faults 200 in 12ms (next.js: 4ms, application-code: 8ms)
 GET /w/acme-workspace-12/flows/1611cdad-1a73-4ba3-96ef-110e27f66ba0 200 in 68ms (next.js: 16ms, application-code: 52ms)
 GET /api/health 200 in 8ms (next.js: 2ms, application-code: 6ms)
 GET /api/flows/1611cdad-1a73-4ba3-96ef-110e27f66ba0 500 in 22ms (next.js: 2ms, application-code: 20ms)
 GET /api/flows/1611cdad-1a73-4ba3-96ef-110e27f66ba0 500 in 24ms (next.js: 15ms, application-code: 9ms)
 GET /api/flows/1611cdad-1a73-4ba3-96ef-110e27f66ba0 500 in 24ms (next.js: 15ms, application-code: 9ms)
 GET /api/flows/1611cdad-1a73-4ba3-96ef-110e27f66ba0 500 in 25ms (next.js: 15ms, application-code: 9ms)
 GET /api/health 200 in 7ms (next.js: 2ms, application-code: 5ms)
 GET /api/workspaces/2339c2d4-f905-4e08-bcca-15fad952e994/usage 200 in 36ms (next.js: 15ms, application-code: 21ms)
 POST /api/test/faults 200 in 13ms (next.js: 2ms, application-code: 11ms)
 GET /w/acme-workspace-12/flows/1611cdad-1a73-4ba3-96ef-110e27f66ba0 200 in 63ms (next.js: 15ms, application-code: 48ms)
 GET /api/health 200 in 7ms (next.js: 3ms, application-code: 4ms)
 GET /api/flows/1611cdad-1a73-4ba3-96ef-110e27f66ba0 200 in 26ms (next.js: 15ms, application-code: 11ms)
 GET /api/workspaces/2339c2d4-f905-4e08-bcca-15fad952e994/overview 200 in 61ms (next.js: 15ms, application-code: 45ms)
 GET /api/flows/1611cdad-1a73-4ba3-96ef-110e27f66ba0/publish 200 in 52ms (next.js: 16ms, application-code: 36ms)
 GET /api/flows/1611cdad-1a73-4ba3-96ef-110e27f66ba0/runs 200 in 35ms (next.js: 18ms, application-code: 17ms)
 GET /api/runs/a2b93cfa-632b-407e-b287-1d276ae511f9 200 in 49ms (next.js: 16ms, application-code: 33ms)
 PUT /api/flows/1611cdad-1a73-4ba3-96ef-110e27f66ba0 200 in 27ms (next.js: 3ms, application-code: 24ms)
 POST /api/auth/sign-up/email 200 in 110ms (next.js: 19ms, application-code: 91ms)
 GET /api/test/outbox?email=e2e-a77c429c%40flowline-e2e.test 200 in 8ms (next.js: 2ms, application-code: 6ms)
 POST /api/email 200 in 25ms (next.js: 2ms, application-code: 23ms)
 POST /api/auth/sign-in/email 200 in 78ms (next.js: 4ms, application-code: 74ms)
 POST /api/workspaces 201 in 21ms (next.js: 2ms, application-code: 19ms)
 POST /api/onboarding 200 in 15ms (next.js: 2ms, application-code: 13ms)
 POST /api/workspaces/9cfacede-56d1-480c-accc-862c88924df2/flows 201 in 31ms (next.js: 14ms, application-code: 16ms)
 GET /w/e2e-f653fc/flows/202b0057-e413-40ac-918a-899d56a213e1 200 in 65ms (next.js: 15ms, application-code: 50ms)
 GET /api/health 200 in 7ms (next.js: 2ms, application-code: 5ms)
 GET /api/flows/202b0057-e413-40ac-918a-899d56a213e1 200 in 44ms (next.js: 17ms, application-code: 27ms)
 GET /api/flows/202b0057-e413-40ac-918a-899d56a213e1/publish 200 in 51ms (next.js: 16ms, application-code: 34ms)
 GET /api/flows/202b0057-e413-40ac-918a-899d56a213e1/runs 200 in 30ms (next.js: 17ms, application-code: 14ms)
 GET /w/e2e-f653fc/runs?q=zzz-no-match 200 in 64ms (next.js: 17ms, application-code: 47ms)
 GET /api/health 200 in 9ms (next.js: 3ms, application-code: 6ms)
 GET /api/workspaces/9cfacede-56d1-480c-accc-862c88924df2/runs?limit=25&q=zzz-no-match 200 in 38ms (next.js: 18ms, application-code: 20ms)
 POST /api/auth/sign-up/email 200 in 96ms (next.js: 15ms, application-code: 81ms)
 GET /api/test/outbox?email=e2e-ff94ee94%40flowline-e2e.test 200 in 7ms (next.js: 2ms, application-code: 5ms)
 POST /api/email 200 in 23ms (next.js: 2ms, application-code: 21ms)
 POST /api/auth/sign-in/email 200 in 70ms (next.js: 3ms, application-code: 68ms)
 POST /api/workspaces 201 in 30ms (next.js: 2ms, application-code: 28ms)
 POST /api/onboarding 200 in 27ms (next.js: 2ms, application-code: 25ms)
 POST /api/workspaces/f35390df-327f-498e-a2b6-8478584b5ef7/flows 201 in 29ms (next.js: 14ms, application-code: 14ms)
 GET /w/acme-workspace-13/agents 200 in 62ms (next.js: 19ms, application-code: 43ms)
 GET /api/health 200 in 8ms (next.js: 3ms, application-code: 6ms)
 GET /api/workspaces/f35390df-327f-498e-a2b6-8478584b5ef7/agents 200 in 33ms (next.js: 18ms, application-code: 16ms)
 GET /w/acme-workspace-13/knowledge 200 in 71ms (next.js: 25ms, application-code: 47ms)
 GET /api/health 200 in 7ms (next.js: 2ms, application-code: 5ms)
 GET /api/workspaces/f35390df-327f-498e-a2b6-8478584b5ef7/knowledge 200 in 42ms (next.js: 18ms, application-code: 24ms)
 GET /w/acme-workspace-13/agents 200 in 71ms (next.js: 15ms, application-code: 55ms)
 GET /api/health 200 in 8ms (next.js: 2ms, application-code: 5ms)
 GET /api/workspaces/f35390df-327f-498e-a2b6-8478584b5ef7/agents 200 in 34ms (next.js: 18ms, application-code: 15ms)
 GET /w/acme-workspace-13/knowledge 200 in 61ms (next.js: 15ms, application-code: 46ms)
 GET /api/health 200 in 9ms (next.js: 2ms, application-code: 7ms)
 GET /api/workspaces/f35390df-327f-498e-a2b6-8478584b5ef7/knowledge 200 in 40ms (next.js: 15ms, application-code: 26ms)
 GET /w/acme-workspace-13/agents 200 in 65ms (next.js: 17ms, application-code: 48ms)
 GET /api/health 200 in 8ms (next.js: 2ms, application-code: 5ms)
 GET /api/workspaces/f35390df-327f-498e-a2b6-8478584b5ef7/agents 200 in 36ms (next.js: 15ms, application-code: 20ms)
 GET /w/acme-workspace-13/knowledge 200 in 61ms (next.js: 16ms, application-code: 45ms)
 GET /api/health 200 in 14ms (next.js: 3ms, application-code: 11ms)
 GET /api/workspaces/f35390df-327f-498e-a2b6-8478584b5ef7/knowledge 200 in 28ms (next.js: 15ms, application-code: 13ms)
 POST /api/workspaces/f35390df-327f-498e-a2b6-8478584b5ef7/ai/connections 201 in 73ms (next.js: 18ms, application-code: 55ms)
 PUT /api/workspaces/f35390df-327f-498e-a2b6-8478584b5ef7/ai/default-route 200 in 51ms (next.js: 18ms, application-code: 33ms)
 PUT /api/workspaces/f35390df-327f-498e-a2b6-8478584b5ef7/ai/policy 200 in 41ms (next.js: 19ms, application-code: 22ms)
 POST /api/workspaces/f35390df-327f-498e-a2b6-8478584b5ef7/knowledge 201 in 30ms (next.js: 3ms, application-code: 28ms)
2026-09-29T08:18:00.707Z [worker] knowledge source indexed
 GET /api/workspaces/f35390df-327f-498e-a2b6-8478584b5ef7/knowledge 200 in 17ms (next.js: 3ms, application-code: 15ms)
 GET /api/workspaces/f35390df-327f-498e-a2b6-8478584b5ef7/knowledge 200 in 28ms (next.js: 3ms, application-code: 25ms)
 POST /api/workspaces/f35390df-327f-498e-a2b6-8478584b5ef7/agents 201 in 42ms (next.js: 16ms, application-code: 26ms)
 POST /api/workspaces/f35390df-327f-498e-a2b6-8478584b5ef7/invites 201 in 57ms (next.js: 15ms, application-code: 41ms)
 POST /api/workspaces/f35390df-327f-498e-a2b6-8478584b5ef7/api-keys 201 in 48ms (next.js: 18ms, application-code: 31ms)
 GET /w/acme-workspace-13/knowledge 200 in 67ms (next.js: 18ms, application-code: 48ms)
 GET /api/health 200 in 9ms (next.js: 4ms, application-code: 6ms)
 GET /api/workspaces/f35390df-327f-498e-a2b6-8478584b5ef7/knowledge 200 in 48ms (next.js: 21ms, application-code: 27ms)
 GET /w/acme-workspace-13/agents/e51264cd-8e21-4d71-ab4a-f5ec5e784a41 200 in 76ms (next.js: 21ms, application-code: 56ms)
 GET /api/health 200 in 15ms (next.js: 2ms, application-code: 13ms)
 GET /api/agents/e51264cd-8e21-4d71-ab4a-f5ec5e784a41 200 in 47ms (next.js: 18ms, application-code: 29ms)
 GET /api/agents/e51264cd-8e21-4d71-ab4a-f5ec5e784a41/runs 200 in 31ms (next.js: 18ms, application-code: 13ms)
 POST /api/agents/e51264cd-8e21-4d71-ab4a-f5ec5e784a41/runs 202 in 49ms (next.js: 3ms, application-code: 46ms)
2026-09-29T08:18:01.995Z [worker] agent run 6b5ee242-b642-4c35-9d5f-576e5af06bc6 claimed
 GET /api/agent-runs/6b5ee242-b642-4c35-9d5f-576e5af06bc6 200 in 48ms (next.js: 20ms, application-code: 28ms)
2026-09-29T08:18:02.111Z [worker] agent run 6b5ee242-b642-4c35-9d5f-576e5af06bc6 succeeded
 GET /api/agent-runs/6b5ee242-b642-4c35-9d5f-576e5af06bc6 200 in 41ms (next.js: 15ms, application-code: 26ms)
 GET /w/acme-workspace-13/settings?tab=members 200 in 61ms (next.js: 15ms, application-code: 46ms)
 GET /api/health 200 in 8ms (next.js: 3ms, application-code: 5ms)
 GET /api/workspaces/f35390df-327f-498e-a2b6-8478584b5ef7/members 200 in 44ms (next.js: 15ms, application-code: 29ms)
 GET /api/workspaces/f35390df-327f-498e-a2b6-8478584b5ef7/invites 200 in 46ms (next.js: 32ms, application-code: 14ms)
 GET /api/workspaces/2339c2d4-f905-4e08-bcca-15fad952e994/overview 200 in 42ms (next.js: 16ms, application-code: 26ms)
 GET /w/acme-workspace-13/settings?tab=keys 200 in 61ms (next.js: 15ms, application-code: 46ms)
 GET /api/health 200 in 8ms (next.js: 4ms, application-code: 4ms)
 GET /api/workspaces/f35390df-327f-498e-a2b6-8478584b5ef7/api-keys 200 in 33ms (next.js: 17ms, application-code: 17ms)
 GET /w/acme-workspace-13/settings?tab=plan 200 in 68ms (next.js: 17ms, application-code: 51ms)
 GET /api/health 200 in 7ms (next.js: 2ms, application-code: 5ms)
 GET /api/workspaces/f35390df-327f-498e-a2b6-8478584b5ef7/billing 200 in 41ms (next.js: 17ms, application-code: 24ms)
 GET /w/acme-workspace-13/settings?tab=audit 200 in 58ms (next.js: 14ms, application-code: 44ms)
 GET /api/health 200 in 7ms (next.js: 2ms, application-code: 4ms)
 GET /api/workspaces/f35390df-327f-498e-a2b6-8478584b5ef7/audit 200 in 44ms (next.js: 17ms, application-code: 27ms)
 GET /w/acme-workspace-13/settings?tab=sso 200 in 69ms (next.js: 16ms, application-code: 52ms)
 GET /api/health 200 in 8ms (next.js: 2ms, application-code: 6ms)
 GET /api/workspaces/f35390df-327f-498e-a2b6-8478584b5ef7/sso 200 in 35ms (next.js: 17ms, application-code: 18ms)
 GET /api/health 200 in 6ms (next.js: 2ms, application-code: 4ms)
 GET /w/acme-workspace-13/knowledge 200 in 62ms (next.js: 16ms, application-code: 46ms)
 GET /api/health 200 in 7ms (next.js: 3ms, application-code: 4ms)
 GET /api/workspaces/f35390df-327f-498e-a2b6-8478584b5ef7/knowledge 200 in 44ms (next.js: 16ms, application-code: 28ms)
 GET /w/acme-workspace-13/agents/e51264cd-8e21-4d71-ab4a-f5ec5e784a41 200 in 65ms (next.js: 15ms, application-code: 51ms)
 GET /api/health 200 in 7ms (next.js: 2ms, application-code: 5ms)
 GET /api/agents/e51264cd-8e21-4d71-ab4a-f5ec5e784a41 200 in 39ms (next.js: 18ms, application-code: 21ms)
 GET /api/agents/e51264cd-8e21-4d71-ab4a-f5ec5e784a41/runs 200 in 29ms (next.js: 16ms, application-code: 13ms)
2026-09-29T08:18:10.219Z [worker] platform notifications sent 15
 POST /api/agents/e51264cd-8e21-4d71-ab4a-f5ec5e784a41/runs 202 in 42ms (next.js: 3ms, application-code: 40ms)
2026-09-29T08:18:10.286Z [worker] agent run 058034ea-6e4f-4526-a75e-ec239e198e4d claimed
 GET /api/agent-runs/058034ea-6e4f-4526-a75e-ec239e198e4d 200 in 39ms (next.js: 17ms, application-code: 22ms)
2026-09-29T08:18:10.406Z [worker] agent run 058034ea-6e4f-4526-a75e-ec239e198e4d succeeded
 GET /api/agent-runs/058034ea-6e4f-4526-a75e-ec239e198e4d 200 in 40ms (next.js: 15ms, application-code: 25ms)
 GET /w/acme-workspace-13/settings?tab=members 200 in 65ms (next.js: 15ms, application-code: 50ms)
 GET /api/health 200 in 7ms (next.js: 2ms, application-code: 5ms)
 GET /api/workspaces/f35390df-327f-498e-a2b6-8478584b5ef7/members 200 in 51ms (next.js: 16ms, application-code: 35ms)
 GET /api/workspaces/f35390df-327f-498e-a2b6-8478584b5ef7/invites 200 in 35ms (next.js: 22ms, application-code: 14ms)
 GET /w/acme-workspace-13/settings?tab=keys 200 in 60ms (next.js: 16ms, application-code: 45ms)
 GET /api/health 200 in 7ms (next.js: 2ms, application-code: 5ms)
 GET /api/workspaces/f35390df-327f-498e-a2b6-8478584b5ef7/api-keys 200 in 34ms (next.js: 15ms, application-code: 19ms)
 GET /w/acme-workspace-13/settings?tab=plan 200 in 59ms (next.js: 15ms, application-code: 44ms)
 GET /api/health 200 in 7ms (next.js: 2ms, application-code: 5ms)
 GET /api/workspaces/f35390df-327f-498e-a2b6-8478584b5ef7/billing 200 in 42ms (next.js: 16ms, application-code: 26ms)
 GET /api/workspaces/2339c2d4-f905-4e08-bcca-15fad952e994/overview 200 in 35ms (next.js: 14ms, application-code: 20ms)
 GET /w/acme-workspace-13/settings?tab=audit 200 in 58ms (next.js: 15ms, application-code: 43ms)
 GET /api/health 200 in 7ms (next.js: 2ms, application-code: 5ms)
 GET /api/workspaces/f35390df-327f-498e-a2b6-8478584b5ef7/audit 200 in 37ms (next.js: 16ms, application-code: 21ms)
 GET /w/acme-workspace-13/settings?tab=sso 200 in 62ms (next.js: 16ms, application-code: 46ms)
 GET /api/health 200 in 9ms (next.js: 3ms, application-code: 5ms)
 GET /api/workspaces/f35390df-327f-498e-a2b6-8478584b5ef7/sso 200 in 39ms (next.js: 17ms, application-code: 23ms)
 GET /w/acme-workspace-13/knowledge 200 in 61ms (next.js: 15ms, application-code: 47ms)
 GET /api/health 200 in 7ms (next.js: 2ms, application-code: 5ms)
 GET /api/workspaces/f35390df-327f-498e-a2b6-8478584b5ef7/knowledge 200 in 30ms (next.js: 15ms, application-code: 15ms)
 GET /w/acme-workspace-13/agents/e51264cd-8e21-4d71-ab4a-f5ec5e784a41 200 in 63ms (next.js: 14ms, application-code: 49ms)
 GET /api/health 200 in 8ms (next.js: 3ms, application-code: 5ms)
 GET /api/agents/e51264cd-8e21-4d71-ab4a-f5ec5e784a41 200 in 38ms (next.js: 15ms, application-code: 23ms)
 GET /api/agents/e51264cd-8e21-4d71-ab4a-f5ec5e784a41/runs 200 in 36ms (next.js: 15ms, application-code: 21ms)
 POST /api/agents/e51264cd-8e21-4d71-ab4a-f5ec5e784a41/runs 202 in 41ms (next.js: 2ms, application-code: 39ms)
2026-09-29T08:18:18.486Z [worker] agent run 44c05c7a-f13d-4cc1-9f74-e5baacc54d7a claimed
 GET /api/agent-runs/44c05c7a-f13d-4cc1-9f74-e5baacc54d7a 200 in 38ms (next.js: 16ms, application-code: 23ms)
2026-09-29T08:18:18.599Z [worker] agent run 44c05c7a-f13d-4cc1-9f74-e5baacc54d7a succeeded
 GET /api/agent-runs/44c05c7a-f13d-4cc1-9f74-e5baacc54d7a 200 in 40ms (next.js: 14ms, application-code: 26ms)
 GET /w/acme-workspace-13/settings?tab=members 200 in 63ms (next.js: 15ms, application-code: 48ms)
 GET /api/health 200 in 8ms (next.js: 3ms, application-code: 5ms)
 GET /api/workspaces/f35390df-327f-498e-a2b6-8478584b5ef7/members 200 in 40ms (next.js: 15ms, application-code: 25ms)
 GET /api/workspaces/f35390df-327f-498e-a2b6-8478584b5ef7/invites 200 in 24ms (next.js: 14ms, application-code: 10ms)
 GET /w/acme-workspace-13/settings?tab=keys 200 in 60ms (next.js: 15ms, application-code: 45ms)
 GET /api/health 200 in 8ms (next.js: 3ms, application-code: 5ms)
 GET /api/workspaces/f35390df-327f-498e-a2b6-8478584b5ef7/api-keys 200 in 39ms (next.js: 16ms, application-code: 23ms)
 GET /w/acme-workspace-13/settings?tab=plan 200 in 63ms (next.js: 15ms, application-code: 48ms)
 GET /api/health 200 in 8ms (next.js: 2ms, application-code: 6ms)
 GET /api/workspaces/f35390df-327f-498e-a2b6-8478584b5ef7/billing 200 in 32ms (next.js: 14ms, application-code: 18ms)
 GET /w/acme-workspace-13/settings?tab=audit 200 in 66ms (next.js: 14ms, application-code: 52ms)
 GET /api/health 200 in 7ms (next.js: 3ms, application-code: 5ms)
 GET /api/workspaces/f35390df-327f-498e-a2b6-8478584b5ef7/audit 200 in 42ms (next.js: 16ms, application-code: 26ms)
 GET /api/health 200 in 6ms (next.js: 2ms, application-code: 4ms)
 GET /api/workspaces/2339c2d4-f905-4e08-bcca-15fad952e994/usage 200 in 40ms (next.js: 15ms, application-code: 26ms)
 GET /api/workspaces/2339c2d4-f905-4e08-bcca-15fad952e994/overview 200 in 33ms (next.js: 15ms, application-code: 19ms)
 GET /w/acme-workspace-13/settings?tab=sso 200 in 61ms (next.js: 15ms, application-code: 46ms)
 GET /api/health 200 in 8ms (next.js: 3ms, application-code: 5ms)
 GET /api/workspaces/f35390df-327f-498e-a2b6-8478584b5ef7/sso 200 in 28ms (next.js: 16ms, application-code: 12ms)
 GET /w/acme-workspace-13/flows/73017055-efff-44e6-bb72-7cce8b3ded20 200 in 61ms (next.js: 14ms, application-code: 47ms)
 GET /api/health 200 in 8ms (next.js: 3ms, application-code: 5ms)
 GET /api/flows/73017055-efff-44e6-bb72-7cce8b3ded20 200 in 25ms (next.js: 15ms, application-code: 10ms)
 GET /api/flows/73017055-efff-44e6-bb72-7cce8b3ded20/publish 200 in 51ms (next.js: 16ms, application-code: 34ms)
 GET /api/flows/73017055-efff-44e6-bb72-7cce8b3ded20/runs 200 in 32ms (next.js: 17ms, application-code: 15ms)
 POST /api/flows/73017055-efff-44e6-bb72-7cce8b3ded20/copilot 201 in 161ms (next.js: 25ms, application-code: 136ms)
 POST /api/auth/sign-up/email 200 in 94ms (next.js: 16ms, application-code: 78ms)
 GET /api/test/outbox?email=e2e-4a8399c2%40flowline-e2e.test 200 in 7ms (next.js: 1.8ms, application-code: 5ms)
 POST /api/email 200 in 18ms (next.js: 2.0ms, application-code: 17ms)
 POST /api/auth/sign-in/email 200 in 69ms (next.js: 2ms, application-code: 67ms)
 POST /api/workspaces 201 in 39ms (next.js: 2ms, application-code: 37ms)
 POST /api/onboarding 200 in 12ms (next.js: 2ms, application-code: 9ms)
 POST /api/workspaces/a0fe22da-bd46-4c15-b2b1-b200bd93aaa7/flows 201 in 29ms (next.js: 15ms, application-code: 13ms)
 POST /api/auth/sign-up/email 200 in 82ms (next.js: 3ms, application-code: 79ms)
 GET /api/test/outbox?email=e2e-08b46ec3%40flowline-e2e.test 200 in 7ms (next.js: 1.9ms, application-code: 5ms)
 POST /api/email 200 in 20ms (next.js: 1.8ms, application-code: 18ms)
 POST /api/auth/sign-in/email 200 in 72ms (next.js: 2ms, application-code: 69ms)
 POST /api/workspaces 201 in 32ms (next.js: 3ms, application-code: 29ms)
 POST /api/onboarding 200 in 28ms (next.js: 1.9ms, application-code: 26ms)
 POST /api/workspaces/c2ead6fe-c863-4c0a-a6cc-d552f2029048/flows 201 in 31ms (next.js: 2ms, application-code: 28ms)
 POST /api/flows/2dd34fc9-b8f7-42a7-81ed-ce5fcc69cc3c/runs 202 in 69ms (next.js: 16ms, application-code: 53ms)
2026-09-29T08:18:27.702Z [worker] run 203be45b-27f3-4381-92af-0dbb91667b97 claimed
 GET /api/runs/203be45b-27f3-4381-92af-0dbb91667b97 200 in 35ms (next.js: 15ms, application-code: 20ms)
2026-09-29T08:18:27.752Z [worker] run 203be45b-27f3-4381-92af-0dbb91667b97 done
 GET /api/runs/203be45b-27f3-4381-92af-0dbb91667b97 200 in 29ms (next.js: 2ms, application-code: 27ms)
 GET /w/tenant-b-13/flows 200 in 67ms (next.js: 17ms, application-code: 49ms)
 GET /api/health 200 in 10ms (next.js: 3ms, application-code: 7ms)
 GET /api/workspaces/c2ead6fe-c863-4c0a-a6cc-d552f2029048/usage 200 in 54ms (next.js: 16ms, application-code: 38ms)
 GET /api/workspaces/c2ead6fe-c863-4c0a-a6cc-d552f2029048/overview 200 in 83ms (next.js: 17ms, application-code: 66ms)
 GET /api/workspaces/c2ead6fe-c863-4c0a-a6cc-d552f2029048/flows 200 in 79ms (next.js: 34ms, application-code: 45ms)
 GET /w/tenant-b-13/runs 200 in 70ms (next.js: 17ms, application-code: 54ms)
 GET /api/health 200 in 7ms (next.js: 2ms, application-code: 5ms)
 GET /api/workspaces/c2ead6fe-c863-4c0a-a6cc-d552f2029048/runs?limit=25 200 in 42ms (next.js: 16ms, application-code: 27ms)
 GET /w/tenant-a-13/flows 404 in 67ms (next.js: 15ms, application-code: 52ms)
 GET /w/tenant-b-13/flows/2dd34fc9-b8f7-42a7-81ed-ce5fcc69cc3c 200 in 74ms (next.js: 19ms, application-code: 55ms)
 GET /api/health 200 in 10ms (next.js: 2ms, application-code: 8ms)
 GET /api/flows/2dd34fc9-b8f7-42a7-81ed-ce5fcc69cc3c 404 in 34ms (next.js: 18ms, application-code: 15ms)
 GET /api/flows/2dd34fc9-b8f7-42a7-81ed-ce5fcc69cc3c 404 in 25ms (next.js: 5ms, application-code: 21ms)
 GET /api/runs/203be45b-27f3-4381-92af-0dbb91667b97 404 in 37ms (next.js: 21ms, application-code: 16ms)
 GET /api/workspaces/a0fe22da-bd46-4c15-b2b1-b200bd93aaa7/runs 404 in 13ms (next.js: 2ms, application-code: 11ms)
 GET /api/workspaces/a0fe22da-bd46-4c15-b2b1-b200bd93aaa7/flows 404 in 27ms (next.js: 15ms, application-code: 12ms)
 GET /api/flows/2dd34fc9-b8f7-42a7-81ed-ce5fcc69cc3c/versions 404 in 45ms (next.js: 23ms, application-code: 22ms)
 PUT /api/flows/2dd34fc9-b8f7-42a7-81ed-ce5fcc69cc3c 404 in 28ms (next.js: 3ms, application-code: 25ms)
 POST /api/flows/2dd34fc9-b8f7-42a7-81ed-ce5fcc69cc3c/runs 404 in 38ms (next.js: 17ms, application-code: 22ms)
 POST /api/runs/203be45b-27f3-4381-92af-0dbb91667b97/rerun 404 in 43ms (next.js: 18ms, application-code: 25ms)
 GET /api/flows/2dd34fc9-b8f7-42a7-81ed-ce5fcc69cc3c 200 in 26ms (next.js: 3ms, application-code: 23ms)
 GET /api/me 401 in 13ms (next.js: 4ms, application-code: 9ms)
 GET /app 307 in 43ms (next.js: 7ms, application-code: 37ms)
 GET /sign-in 200 in 32ms (next.js: 3ms, application-code: 29ms)
 GET /api/auth-config 200 in 11ms (next.js: 2ms, application-code: 9ms)
 POST /api/auth/sign-up/email 200 in 104ms (next.js: 17ms, application-code: 87ms)
 GET /api/test/outbox?email=e2e-87db1347%40flowline-e2e.test 200 in 9ms (next.js: 2ms, application-code: 7ms)
 POST /api/email 200 in 23ms (next.js: 3ms, application-code: 21ms)
 POST /api/auth/sign-in/email 200 in 73ms (next.js: 3ms, application-code: 70ms)
 POST /api/workspaces 201 in 31ms (next.js: 1.9ms, application-code: 29ms)
 POST /api/onboarding 200 in 20ms (next.js: 2ms, application-code: 18ms)
 POST /api/workspaces/b5dfb9c9-b176-4934-9b0f-42f611f69350/flows 201 in 30ms (next.js: 14ms, application-code: 16ms)
 GET /w/e2e-8c41d3/flows/6218687a-25cc-4e22-bd50-b7d9ee7bb09a 200 in 74ms (next.js: 15ms, application-code: 59ms)
 GET /api/health 200 in 17ms (next.js: 8ms, application-code: 9ms)
 GET /w/e2e-8c41d3/flows 200 in 97ms (next.js: 17ms, application-code: 80ms)
 GET /api/flows/6218687a-25cc-4e22-bd50-b7d9ee7bb09a 200 in 39ms (next.js: 17ms, application-code: 21ms)
 GET /api/health 200 in 8ms (next.js: 3ms, application-code: 5ms)
 GET /api/workspaces/b5dfb9c9-b176-4934-9b0f-42f611f69350/flows 200 in 53ms (next.js: 40ms, application-code: 14ms)
 GET /api/workspaces/b5dfb9c9-b176-4934-9b0f-42f611f69350/usage 200 in 56ms (next.js: 34ms, application-code: 22ms)
 GET /api/workspaces/b5dfb9c9-b176-4934-9b0f-42f611f69350/overview 200 in 72ms (next.js: 17ms, application-code: 55ms)
 POST /api/auth/sign-out 200 in 40ms (next.js: 17ms, application-code: 24ms)
 GET /sign-in 200 in 34ms (next.js: 3ms, application-code: 31ms)
 GET /api/auth-config 200 in 10ms (next.js: 3ms, application-code: 7ms)
 GET /api/health?require=worker 200 in 15ms (next.js: 2ms, application-code: 13ms)
 GET /api/health?require=worker 200 in 157ms (next.js: 153ms, application-code: 4ms)
 POST /api/auth/sign-up/email 200 in 101ms (next.js: 16ms, application-code: 85ms)
 GET /api/test/outbox?email=e2e-f167549e%40flowline-e2e.test 200 in 9ms (next.js: 1.9ms, application-code: 7ms)
 POST /api/email 200 in 21ms (next.js: 1.9ms, application-code: 19ms)
 POST /api/auth/sign-in/email 200 in 70ms (next.js: 1.9ms, application-code: 68ms)
 POST /api/workspaces 201 in 28ms (next.js: 2ms, application-code: 25ms)
 POST /api/onboarding 200 in 18ms (next.js: 2ms, application-code: 16ms)
 POST /api/workspaces/4c35ff22-e91a-4264-82bd-090eea711865/ai/connections 201 in 67ms (next.js: 13ms, application-code: 54ms)
 PUT /api/workspaces/4c35ff22-e91a-4264-82bd-090eea711865/ai/default-route 200 in 39ms (next.js: 15ms, application-code: 25ms)
 PUT /api/workspaces/4c35ff22-e91a-4264-82bd-090eea711865/ai/policy 200 in 39ms (next.js: 14ms, application-code: 25ms)
 GET /w/e2e-3af919/integrations 200 in 65ms (next.js: 17ms, application-code: 48ms)
 GET /api/health 200 in 7ms (next.js: 3ms, application-code: 5ms)
 GET /api/workspaces/4c35ff22-e91a-4264-82bd-090eea711865/connections 200 in 48ms (next.js: 16ms, application-code: 32ms)
 GET /api/integrations/catalog?workspaceId=4c35ff22-e91a-4264-82bd-090eea711865 200 in 168ms (next.js: 3ms, application-code: 165ms)
 GET /api/workspaces/4c35ff22-e91a-4264-82bd-090eea711865/oauth-apps/provenance?provider=google_sheets 200 in 40ms (next.js: 22ms, application-code: 18ms)
 POST /api/oauth/start 200 in 26ms (next.js: 3ms, application-code: 23ms)
 GET /api/oauth/callback?code=fake-code-f34af5774e13&state=0xX2LfCAFEPNcF6QGLHx0Jg1LyHbeu3YMPL8iMaULBY 307 in 55ms (next.js: 4ms, application-code: 51ms)
 GET /w/e2e-3af919/integrations?oauth=connected&connection=9b10a749-cdcb-4a34-8367-0074f0989429 200 in 67ms (next.js: 17ms, application-code: 50ms)
 GET /api/health 200 in 11ms (next.js: 2ms, application-code: 9ms)
 GET /w/e2e-3af919/integrations 200 in 19ms (next.js: 4ms, application-code: 15ms)
 GET /api/workspaces/4c35ff22-e91a-4264-82bd-090eea711865/connections 200 in 31ms (next.js: 3ms, application-code: 28ms)
 GET /api/integrations/catalog?workspaceId=4c35ff22-e91a-4264-82bd-090eea711865 200 in 43ms (next.js: 3ms, application-code: 40ms)
 GET /w/e2e-3af919/integrations 200 in 10ms (next.js: 6ms, application-code: 4ms)
 GET /w/e2e-3af919/integrations 200 in 15ms (next.js: 3ms, application-code: 12ms)
 GET /w/e2e-3af919/integrations 200 in 16ms (next.js: 4ms, application-code: 12ms)
 GET /w/e2e-3af919/integrations 200 in 53ms (next.js: 3ms, application-code: 50ms)
 GET /api/health 200 in 8ms (next.js: 2ms, application-code: 5ms)
 GET /api/workspaces/4c35ff22-e91a-4264-82bd-090eea711865/connections 200 in 32ms (next.js: 15ms, application-code: 16ms)
 GET /api/integrations/catalog?workspaceId=4c35ff22-e91a-4264-82bd-090eea711865 200 in 41ms (next.js: 3ms, application-code: 38ms)
 GET /api/workspaces/4c35ff22-e91a-4264-82bd-090eea711865/oauth-apps/provenance?provider=slack 200 in 21ms (next.js: 3ms, application-code: 18ms)
 POST /api/oauth/start 200 in 22ms (next.js: 3ms, application-code: 20ms)
 GET /api/oauth/callback?code=fake-code-bb5d4359cf56&state=H4fUJMYD0DyLIplP-nLHv0lwGjXUq7Gu9T-gAT9FNtw 307 in 44ms (next.js: 2ms, application-code: 42ms)
 GET /w/e2e-3af919/integrations?oauth=connected&connection=87e6678d-3566-4ede-8131-1b8bd89d637d 200 in 66ms (next.js: 16ms, application-code: 50ms)
 GET /api/health 200 in 12ms (next.js: 3ms, application-code: 9ms)
 GET /w/e2e-3af919/integrations 200 in 10ms (next.js: 4ms, application-code: 6ms)
 GET /api/workspaces/4c35ff22-e91a-4264-82bd-090eea711865/connections 200 in 23ms (next.js: 2ms, application-code: 20ms)
 GET /api/integrations/catalog?workspaceId=4c35ff22-e91a-4264-82bd-090eea711865 200 in 43ms (next.js: 3ms, application-code: 40ms)
 GET /w/e2e-3af919/integrations 200 in 18ms (next.js: 15ms, application-code: 4ms)
 GET /w/e2e-3af919/integrations 200 in 17ms (next.js: 3ms, application-code: 14ms)
 GET /w/e2e-3af919/integrations 200 in 17ms (next.js: 4ms, application-code: 13ms)
 GET /w/e2e-3af919/templates 200 in 70ms (next.js: 17ms, application-code: 54ms)
 GET /api/health 200 in 9ms (next.js: 2ms, application-code: 6ms)
 GET /api/workspaces/4c35ff22-e91a-4264-82bd-090eea711865/connections 200 in 53ms (next.js: 17ms, application-code: 35ms)
 GET /api/workspaces/4c35ff22-e91a-4264-82bd-090eea711865/ai 200 in 85ms (next.js: 17ms, application-code: 68ms)
 POST /api/workspaces/4c35ff22-e91a-4264-82bd-090eea711865/flows 201 in 51ms (next.js: 17ms, application-code: 34ms)
 GET /w/e2e-3af919/flows/422c3653-0ec1-492b-9683-f759f938aa82 200 in 34ms (next.js: 18ms, application-code: 16ms)
 GET /api/flows/422c3653-0ec1-492b-9683-f759f938aa82 200 in 38ms (next.js: 17ms, application-code: 21ms)
 GET /api/flows/422c3653-0ec1-492b-9683-f759f938aa82/publish 200 in 54ms (next.js: 18ms, application-code: 37ms)
 GET /api/flows/422c3653-0ec1-492b-9683-f759f938aa82/runs 200 in 35ms (next.js: 17ms, application-code: 18ms)
 GET /api/integrations/catalog 200 in 19ms (next.js: 3ms, application-code: 16ms)
 PUT /api/flows/422c3653-0ec1-492b-9683-f759f938aa82 200 in 41ms (next.js: 16ms, application-code: 25ms)
2026-09-29T08:19:33.936Z [worker] run b77f1e85-52d4-48cd-9eaa-74d165f72dc4 claimed
 POST /api/flows/422c3653-0ec1-492b-9683-f759f938aa82/runs 202 in 83ms (next.js: 15ms, application-code: 68ms)
 GET /api/flows/422c3653-0ec1-492b-9683-f759f938aa82/runs 200 in 49ms (next.js: 11ms, application-code: 38ms)
 GET /api/runs/b77f1e85-52d4-48cd-9eaa-74d165f72dc4 200 in 55ms (next.js: 18ms, application-code: 37ms)
 GET /api/runs/b77f1e85-52d4-48cd-9eaa-74d165f72dc4 200 in 26ms (next.js: 2ms, application-code: 24ms)
2026-09-29T08:19:35.211Z [worker] run b77f1e85-52d4-48cd-9eaa-74d165f72dc4 done
 GET /api/runs/b77f1e85-52d4-48cd-9eaa-74d165f72dc4 200 in 31ms (next.js: 14ms, application-code: 16ms)
 GET /api/flows/422c3653-0ec1-492b-9683-f759f938aa82/runs 200 in 29ms (next.js: 14ms, application-code: 15ms)
 GET /api/flows/422c3653-0ec1-492b-9683-f759f938aa82/runs 200 in 35ms (next.js: 2ms, application-code: 33ms)
 GET /api/flows/422c3653-0ec1-492b-9683-f759f938aa82/runs 200 in 23ms (next.js: 3ms, application-code: 20ms)
 GET /api/runs/b77f1e85-52d4-48cd-9eaa-74d165f72dc4 200 in 31ms (next.js: 3ms, application-code: 28ms)
 GET /w/e2e-3af919/runs?run=b77f1e85-52d4-48cd-9eaa-74d165f72dc4 200 in 29ms (next.js: 17ms, application-code: 12ms)
 GET /api/workspaces/4c35ff22-e91a-4264-82bd-090eea711865/runs?limit=25 200 in 33ms (next.js: 18ms, application-code: 15ms)
 GET /api/runs/b77f1e85-52d4-48cd-9eaa-74d165f72dc4/rerun-preview?fromNodeId=sheet&revision=original 200 in 42ms (next.js: 18ms, application-code: 25ms)
 POST /api/runs/b77f1e85-52d4-48cd-9eaa-74d165f72dc4/rerun 202 in 80ms (next.js: 17ms, application-code: 63ms)
2026-09-29T08:19:36.841Z [worker] run 37549c11-b32c-4420-843d-821cd77ae0f3 claimed
 GET /api/workspaces/4c35ff22-e91a-4264-82bd-090eea711865/runs?limit=25 200 in 47ms (next.js: 3ms, application-code: 44ms)
 GET /w/e2e-3af919/runs?run=37549c11-b32c-4420-843d-821cd77ae0f3 200 in 38ms (next.js: 20ms, application-code: 18ms)
 GET /api/flows/422c3653-0ec1-492b-9683-f759f938aa82/runs 200 in 58ms (next.js: 18ms, application-code: 41ms)
 GET /api/runs/37549c11-b32c-4420-843d-821cd77ae0f3 200 in 45ms (next.js: 19ms, application-code: 26ms)
2026-09-29T08:19:36.973Z [worker] run 37549c11-b32c-4420-843d-821cd77ae0f3 done
 GET /api/flows/422c3653-0ec1-492b-9683-f759f938aa82/runs 200 in 28ms (next.js: 2ms, application-code: 26ms)
 GET /api/flows/422c3653-0ec1-492b-9683-f759f938aa82/runs 200 in 15ms (next.js: 2ms, application-code: 13ms)
 GET /api/runs/37549c11-b32c-4420-843d-821cd77ae0f3 200 in 31ms (next.js: 2.0ms, application-code: 30ms)
 GET /api/workspaces/4c35ff22-e91a-4264-82bd-090eea711865/usage 200 in 34ms (next.js: 15ms, application-code: 19ms)
 GET /api/health?require=worker 200 in 7ms (next.js: 3ms, application-code: 4ms)
 GET /api/health?require=worker 200 in 148ms (next.js: 143ms, application-code: 5ms)
 POST /api/auth/sign-up/email 200 in 93ms (next.js: 15ms, application-code: 78ms)
 GET /api/test/outbox?email=e2e-567fe82b%40flowline-e2e.test 200 in 8ms (next.js: 1.8ms, application-code: 6ms)
 POST /api/email 200 in 21ms (next.js: 2ms, application-code: 19ms)
 POST /api/auth/sign-in/email 200 in 71ms (next.js: 2ms, application-code: 69ms)
 POST /api/workspaces 201 in 28ms (next.js: 1.9ms, application-code: 26ms)
 POST /api/onboarding 200 in 23ms (next.js: 2ms, application-code: 21ms)
 POST /api/workspaces/cb668cf2-2904-4fed-be0f-7f64d9f26f1d/ai/connections 201 in 56ms (next.js: 14ms, application-code: 42ms)
 PUT /api/workspaces/cb668cf2-2904-4fed-be0f-7f64d9f26f1d/ai/default-route 200 in 35ms (next.js: 16ms, application-code: 19ms)
 PUT /api/workspaces/cb668cf2-2904-4fed-be0f-7f64d9f26f1d/ai/policy 200 in 40ms (next.js: 14ms, application-code: 26ms)
 GET /w/e2e-54c7d3/integrations 200 in 68ms (next.js: 17ms, application-code: 51ms)
 GET /api/health 200 in 13ms (next.js: 3ms, application-code: 10ms)
 GET /api/workspaces/cb668cf2-2904-4fed-be0f-7f64d9f26f1d/connections 200 in 30ms (next.js: 16ms, application-code: 14ms)
 GET /api/integrations/catalog?workspaceId=cb668cf2-2904-4fed-be0f-7f64d9f26f1d 200 in 45ms (next.js: 3ms, application-code: 43ms)
 GET /api/workspaces/cb668cf2-2904-4fed-be0f-7f64d9f26f1d/oauth-apps/provenance?provider=google_sheets 200 in 35ms (next.js: 20ms, application-code: 15ms)
 POST /api/oauth/start 200 in 27ms (next.js: 3ms, application-code: 25ms)
 GET /api/oauth/callback?code=fake-code-eae18d192494&state=DiXaIIpvcrd4gOyjPNoUa9WiHchQ2meqUJsJnXzYkvM 307 in 63ms (next.js: 3ms, application-code: 60ms)
 GET /w/e2e-54c7d3/integrations?oauth=connected&connection=4b75db8e-b0a3-4ea4-8a8a-a6baf71b3090 200 in 68ms (next.js: 19ms, application-code: 49ms)
 GET /api/health 200 in 8ms (next.js: 3ms, application-code: 5ms)
 GET /w/e2e-54c7d3/integrations 200 in 10ms (next.js: 5ms, application-code: 5ms)
 GET /api/workspaces/cb668cf2-2904-4fed-be0f-7f64d9f26f1d/connections 200 in 27ms (next.js: 2ms, application-code: 24ms)
 GET /api/integrations/catalog?workspaceId=cb668cf2-2904-4fed-be0f-7f64d9f26f1d 200 in 42ms (next.js: 4ms, application-code: 38ms)
 GET /w/e2e-54c7d3/integrations 200 in 12ms (next.js: 5ms, application-code: 7ms)
 GET /w/e2e-54c7d3/integrations 200 in 16ms (next.js: 3ms, application-code: 13ms)
 GET /w/e2e-54c7d3/integrations 200 in 17ms (next.js: 3ms, application-code: 13ms)
 GET /w/e2e-54c7d3/integrations 200 in 50ms (next.js: 3ms, application-code: 47ms)
 GET /api/health 200 in 8ms (next.js: 3ms, application-code: 5ms)
 GET /api/workspaces/cb668cf2-2904-4fed-be0f-7f64d9f26f1d/connections 200 in 26ms (next.js: 3ms, application-code: 24ms)
 GET /api/integrations/catalog?workspaceId=cb668cf2-2904-4fed-be0f-7f64d9f26f1d 200 in 38ms (next.js: 3ms, application-code: 35ms)
 GET /api/workspaces/cb668cf2-2904-4fed-be0f-7f64d9f26f1d/oauth-apps/provenance?provider=slack 200 in 28ms (next.js: 3ms, application-code: 26ms)
 POST /api/oauth/start 200 in 25ms (next.js: 3ms, application-code: 22ms)
 GET /api/oauth/callback?code=fake-code-dc0cd3b642ad&state=w8WxFz8UbbcSOysNBuTC3PbHwH-EL2gGEGoxvR_cD08 307 in 51ms (next.js: 3ms, application-code: 48ms)
 GET /w/e2e-54c7d3/integrations?oauth=connected&connection=f0412bdf-fafc-4662-b3ce-5f4f04b78b92 200 in 60ms (next.js: 16ms, application-code: 44ms)
 GET /api/health 200 in 7ms (next.js: 2ms, application-code: 4ms)
 GET /w/e2e-54c7d3/integrations 200 in 10ms (next.js: 4ms, application-code: 6ms)
 GET /api/workspaces/cb668cf2-2904-4fed-be0f-7f64d9f26f1d/connections 200 in 35ms (next.js: 16ms, application-code: 19ms)
 GET /api/integrations/catalog?workspaceId=cb668cf2-2904-4fed-be0f-7f64d9f26f1d 200 in 50ms (next.js: 4ms, application-code: 46ms)
 GET /w/e2e-54c7d3/integrations 200 in 10ms (next.js: 6ms, application-code: 4ms)
 GET /w/e2e-54c7d3/integrations 200 in 16ms (next.js: 4ms, application-code: 12ms)
 GET /w/e2e-54c7d3/integrations 200 in 16ms (next.js: 4ms, application-code: 12ms)
 GET /w/e2e-54c7d3/templates 200 in 74ms (next.js: 18ms, application-code: 56ms)
 GET /api/health 200 in 8ms (next.js: 2ms, application-code: 6ms)
 GET /api/workspaces/cb668cf2-2904-4fed-be0f-7f64d9f26f1d/connections 200 in 64ms (next.js: 19ms, application-code: 44ms)
 GET /api/workspaces/cb668cf2-2904-4fed-be0f-7f64d9f26f1d/ai 200 in 76ms (next.js: 16ms, application-code: 60ms)
 POST /api/workspaces/cb668cf2-2904-4fed-be0f-7f64d9f26f1d/flows 201 in 35ms (next.js: 17ms, application-code: 17ms)
 GET /w/e2e-54c7d3/flows/a9ceb6ee-6405-49e2-b96b-a59ea90a7853 200 in 34ms (next.js: 18ms, application-code: 15ms)
 GET /api/flows/a9ceb6ee-6405-49e2-b96b-a59ea90a7853 200 in 43ms (next.js: 17ms, application-code: 26ms)
 GET /api/flows/a9ceb6ee-6405-49e2-b96b-a59ea90a7853/publish 200 in 61ms (next.js: 19ms, application-code: 42ms)
 GET /api/flows/a9ceb6ee-6405-49e2-b96b-a59ea90a7853/runs 200 in 39ms (next.js: 20ms, application-code: 18ms)
 GET /api/integrations/catalog 200 in 23ms (next.js: 3ms, application-code: 21ms)
 PUT /api/flows/a9ceb6ee-6405-49e2-b96b-a59ea90a7853 200 in 31ms (next.js: 15ms, application-code: 16ms)
2026-09-29T08:19:43.475Z [worker] run 796930e2-461d-4b48-b9e5-674468b0d888 claimed
 POST /api/flows/a9ceb6ee-6405-49e2-b96b-a59ea90a7853/runs 202 in 73ms (next.js: 14ms, application-code: 59ms)
 GET /api/flows/a9ceb6ee-6405-49e2-b96b-a59ea90a7853/runs 200 in 34ms (next.js: 3ms, application-code: 32ms)
 GET /api/runs/796930e2-461d-4b48-b9e5-674468b0d888 200 in 36ms (next.js: 16ms, application-code: 20ms)
 GET /api/runs/796930e2-461d-4b48-b9e5-674468b0d888 200 in 33ms (next.js: 2ms, application-code: 31ms)
2026-09-29T08:19:44.445Z [worker] run 796930e2-461d-4b48-b9e5-674468b0d888 done
 GET /api/runs/796930e2-461d-4b48-b9e5-674468b0d888 200 in 44ms (next.js: 15ms, application-code: 29ms)
 GET /api/flows/a9ceb6ee-6405-49e2-b96b-a59ea90a7853/runs 200 in 43ms (next.js: 15ms, application-code: 28ms)
 GET /api/flows/a9ceb6ee-6405-49e2-b96b-a59ea90a7853/runs 200 in 29ms (next.js: 2ms, application-code: 26ms)
 GET /api/flows/a9ceb6ee-6405-49e2-b96b-a59ea90a7853/runs 200 in 18ms (next.js: 3ms, application-code: 15ms)
 GET /api/runs/796930e2-461d-4b48-b9e5-674468b0d888 200 in 33ms (next.js: 2ms, application-code: 31ms)
 GET /w/e2e-54c7d3/runs?run=796930e2-461d-4b48-b9e5-674468b0d888 200 in 27ms (next.js: 15ms, application-code: 11ms)
 GET /api/workspaces/cb668cf2-2904-4fed-be0f-7f64d9f26f1d/runs?limit=25 200 in 35ms (next.js: 17ms, application-code: 17ms)
 GET /api/runs/796930e2-461d-4b48-b9e5-674468b0d888/rerun-preview?fromNodeId=sheet&revision=original 200 in 38ms (next.js: 17ms, application-code: 22ms)
 POST /api/runs/796930e2-461d-4b48-b9e5-674468b0d888/rerun 202 in 67ms (next.js: 15ms, application-code: 52ms)
2026-09-29T08:19:46.415Z [worker] run 3b1ecdde-5b9e-4127-afd8-f29f8bef0a01 claimed
 GET /api/workspaces/cb668cf2-2904-4fed-be0f-7f64d9f26f1d/runs?limit=25 200 in 43ms (next.js: 2ms, application-code: 41ms)
 GET /w/e2e-54c7d3/runs?run=3b1ecdde-5b9e-4127-afd8-f29f8bef0a01 200 in 35ms (next.js: 18ms, application-code: 16ms)
 GET /api/flows/a9ceb6ee-6405-49e2-b96b-a59ea90a7853/runs 200 in 52ms (next.js: 17ms, application-code: 35ms)
 GET /api/runs/3b1ecdde-5b9e-4127-afd8-f29f8bef0a01 200 in 40ms (next.js: 17ms, application-code: 23ms)
2026-09-29T08:19:46.524Z [worker] run 3b1ecdde-5b9e-4127-afd8-f29f8bef0a01 done
 GET /api/flows/a9ceb6ee-6405-49e2-b96b-a59ea90a7853/runs 200 in 30ms (next.js: 2ms, application-code: 28ms)
 GET /api/flows/a9ceb6ee-6405-49e2-b96b-a59ea90a7853/runs 200 in 16ms (next.js: 3ms, application-code: 13ms)
 GET /api/runs/3b1ecdde-5b9e-4127-afd8-f29f8bef0a01 200 in 27ms (next.js: 2.0ms, application-code: 25ms)
 GET /api/workspaces/cb668cf2-2904-4fed-be0f-7f64d9f26f1d/usage 200 in 32ms (next.js: 15ms, application-code: 17ms)
 GET /api/health?require=worker 200 in 135ms (next.js: 131ms, application-code: 4ms)
 GET /api/health?require=worker 200 in 5ms (next.js: 1.7ms, application-code: 3ms)
 POST /api/auth/sign-up/email 200 in 90ms (next.js: 15ms, application-code: 75ms)
 GET /api/test/outbox?email=e2e-6a62a3b2%40flowline-e2e.test 200 in 7ms (next.js: 2ms, application-code: 5ms)
 POST /api/email 200 in 20ms (next.js: 1.9ms, application-code: 18ms)
 POST /api/auth/sign-in/email 200 in 69ms (next.js: 1.9ms, application-code: 68ms)
 POST /api/workspaces 201 in 23ms (next.js: 2ms, application-code: 21ms)
 POST /api/onboarding 200 in 23ms (next.js: 3ms, application-code: 20ms)
 POST /api/workspaces/b52b190d-f5f9-45ce-9022-e3dd50817ff1/ai/connections 201 in 52ms (next.js: 15ms, application-code: 37ms)
 PUT /api/workspaces/b52b190d-f5f9-45ce-9022-e3dd50817ff1/ai/default-route 200 in 38ms (next.js: 15ms, application-code: 23ms)
 PUT /api/workspaces/b52b190d-f5f9-45ce-9022-e3dd50817ff1/ai/policy 200 in 43ms (next.js: 15ms, application-code: 28ms)
 GET /w/e2e-799b84/integrations 200 in 73ms (next.js: 17ms, application-code: 56ms)
 GET /api/health 200 in 8ms (next.js: 2ms, application-code: 5ms)
 GET /api/workspaces/b52b190d-f5f9-45ce-9022-e3dd50817ff1/connections 200 in 31ms (next.js: 18ms, application-code: 13ms)
 GET /api/integrations/catalog?workspaceId=b52b190d-f5f9-45ce-9022-e3dd50817ff1 200 in 43ms (next.js: 3ms, application-code: 40ms)
 GET /api/workspaces/b52b190d-f5f9-45ce-9022-e3dd50817ff1/oauth-apps/provenance?provider=google_sheets 200 in 36ms (next.js: 20ms, application-code: 16ms)
 POST /api/oauth/start 200 in 38ms (next.js: 4ms, application-code: 34ms)
 GET /api/oauth/callback?code=fake-code-f9eda354481c&state=Ias_QvWKpTjQLZhZPdpRaxbtA-VEbEc-SaRP5iNOjoI 307 in 61ms (next.js: 2ms, application-code: 58ms)
 GET /w/e2e-799b84/integrations?oauth=connected&connection=b530eff6-6c83-457a-8802-e05b914116ea 200 in 74ms (next.js: 22ms, application-code: 52ms)
 GET /api/health 200 in 8ms (next.js: 3ms, application-code: 5ms)
 GET /w/e2e-799b84/integrations 200 in 11ms (next.js: 5ms, application-code: 6ms)
 GET /api/workspaces/b52b190d-f5f9-45ce-9022-e3dd50817ff1/connections 200 in 23ms (next.js: 3ms, application-code: 20ms)
 GET /api/integrations/catalog?workspaceId=b52b190d-f5f9-45ce-9022-e3dd50817ff1 200 in 44ms (next.js: 3ms, application-code: 41ms)
 GET /w/e2e-799b84/integrations 200 in 15ms (next.js: 5ms, application-code: 9ms)
 GET /w/e2e-799b84/integrations 200 in 19ms (next.js: 6ms, application-code: 13ms)
 GET /w/e2e-799b84/integrations 200 in 16ms (next.js: 4ms, application-code: 12ms)
 GET /w/e2e-799b84/integrations 200 in 66ms (next.js: 3ms, application-code: 63ms)
 GET /api/health 200 in 9ms (next.js: 3ms, application-code: 6ms)
 GET /api/workspaces/b52b190d-f5f9-45ce-9022-e3dd50817ff1/connections 200 in 83ms (next.js: 3ms, application-code: 81ms)
 GET /api/integrations/catalog?workspaceId=b52b190d-f5f9-45ce-9022-e3dd50817ff1 200 in 98ms (next.js: 5ms, application-code: 92ms)
 GET /api/workspaces/b52b190d-f5f9-45ce-9022-e3dd50817ff1/oauth-apps/provenance?provider=slack 200 in 33ms (next.js: 18ms, application-code: 15ms)
 POST /api/oauth/start 200 in 19ms (next.js: 2ms, application-code: 17ms)
 GET /api/oauth/callback?code=fake-code-807bab822180&state=z4MicNeFabjdJgXHwVL4UlRRpV2fCABUcH33DwnD9Vk 307 in 55ms (next.js: 3ms, application-code: 52ms)
 GET /w/e2e-799b84/integrations?oauth=connected&connection=f3296aaa-2b67-4e41-b91b-812d5d63077c 200 in 68ms (next.js: 17ms, application-code: 51ms)
 GET /api/health 200 in 10ms (next.js: 2.0ms, application-code: 8ms)
 GET /w/e2e-799b84/integrations 200 in 10ms (next.js: 5ms, application-code: 5ms)
 GET /api/workspaces/b52b190d-f5f9-45ce-9022-e3dd50817ff1/connections 200 in 39ms (next.js: 16ms, application-code: 24ms)
 GET /api/integrations/catalog?workspaceId=b52b190d-f5f9-45ce-9022-e3dd50817ff1 200 in 49ms (next.js: 2ms, application-code: 47ms)
 GET /w/e2e-799b84/integrations 200 in 10ms (next.js: 6ms, application-code: 4ms)
 GET /w/e2e-799b84/integrations 200 in 16ms (next.js: 4ms, application-code: 12ms)
 GET /w/e2e-799b84/integrations 200 in 15ms (next.js: 3ms, application-code: 12ms)
 GET /w/e2e-799b84/templates 200 in 74ms (next.js: 16ms, application-code: 58ms)
 GET /api/health 200 in 8ms (next.js: 2ms, application-code: 6ms)
 GET /api/workspaces/b52b190d-f5f9-45ce-9022-e3dd50817ff1/connections 200 in 36ms (next.js: 20ms, application-code: 16ms)
 GET /api/workspaces/b52b190d-f5f9-45ce-9022-e3dd50817ff1/ai 200 in 71ms (next.js: 17ms, application-code: 54ms)
 POST /api/workspaces/b52b190d-f5f9-45ce-9022-e3dd50817ff1/flows 201 in 39ms (next.js: 20ms, application-code: 19ms)
 GET /w/e2e-799b84/flows/a0451c64-d96a-43c6-bbaf-ffd4d33f0362 200 in 38ms (next.js: 17ms, application-code: 21ms)
 GET /api/flows/a0451c64-d96a-43c6-bbaf-ffd4d33f0362 200 in 45ms (next.js: 18ms, application-code: 28ms)
 GET /api/flows/a0451c64-d96a-43c6-bbaf-ffd4d33f0362/publish 200 in 54ms (next.js: 18ms, application-code: 37ms)
 GET /api/flows/a0451c64-d96a-43c6-bbaf-ffd4d33f0362/runs 200 in 33ms (next.js: 19ms, application-code: 15ms)
 GET /api/integrations/catalog 200 in 22ms (next.js: 2ms, application-code: 19ms)
 PUT /api/flows/a0451c64-d96a-43c6-bbaf-ffd4d33f0362 200 in 33ms (next.js: 15ms, application-code: 17ms)
2026-09-29T08:19:53.137Z [worker] run 9ddd6444-912c-4281-aea1-0f046a0d4c1f claimed
 POST /api/flows/a0451c64-d96a-43c6-bbaf-ffd4d33f0362/runs 202 in 70ms (next.js: 15ms, application-code: 55ms)
 GET /api/flows/a0451c64-d96a-43c6-bbaf-ffd4d33f0362/runs 200 in 34ms (next.js: 3ms, application-code: 32ms)
 GET /api/runs/9ddd6444-912c-4281-aea1-0f046a0d4c1f 200 in 36ms (next.js: 17ms, application-code: 19ms)
 GET /api/runs/9ddd6444-912c-4281-aea1-0f046a0d4c1f 200 in 29ms (next.js: 3ms, application-code: 26ms)
2026-09-29T08:19:54.055Z [worker] run 9ddd6444-912c-4281-aea1-0f046a0d4c1f done
 GET /api/runs/9ddd6444-912c-4281-aea1-0f046a0d4c1f 200 in 45ms (next.js: 15ms, application-code: 30ms)
 GET /api/flows/a0451c64-d96a-43c6-bbaf-ffd4d33f0362/runs 200 in 34ms (next.js: 16ms, application-code: 18ms)
 GET /api/flows/a0451c64-d96a-43c6-bbaf-ffd4d33f0362/runs 200 in 25ms (next.js: 3ms, application-code: 23ms)
 GET /api/flows/a0451c64-d96a-43c6-bbaf-ffd4d33f0362/runs 200 in 28ms (next.js: 3ms, application-code: 25ms)
 GET /api/runs/9ddd6444-912c-4281-aea1-0f046a0d4c1f 200 in 29ms (next.js: 2ms, application-code: 27ms)
 GET /w/e2e-799b84/runs?run=9ddd6444-912c-4281-aea1-0f046a0d4c1f 200 in 28ms (next.js: 16ms, application-code: 12ms)
 GET /api/workspaces/b52b190d-f5f9-45ce-9022-e3dd50817ff1/runs?limit=25 200 in 43ms (next.js: 18ms, application-code: 26ms)
 GET /api/runs/9ddd6444-912c-4281-aea1-0f046a0d4c1f/rerun-preview?fromNodeId=sheet&revision=original 200 in 45ms (next.js: 17ms, application-code: 28ms)
 POST /api/runs/9ddd6444-912c-4281-aea1-0f046a0d4c1f/rerun 202 in 79ms (next.js: 17ms, application-code: 62ms)
2026-09-29T08:19:56.123Z [worker] run 18cf1888-e49d-4016-ac2d-e8a1edc0c32a claimed
 GET /api/workspaces/b52b190d-f5f9-45ce-9022-e3dd50817ff1/runs?limit=25 200 in 44ms (next.js: 4ms, application-code: 41ms)
 GET /w/e2e-799b84/runs?run=18cf1888-e49d-4016-ac2d-e8a1edc0c32a 200 in 35ms (next.js: 20ms, application-code: 15ms)
 GET /api/flows/a0451c64-d96a-43c6-bbaf-ffd4d33f0362/runs 200 in 51ms (next.js: 18ms, application-code: 33ms)
 GET /api/runs/18cf1888-e49d-4016-ac2d-e8a1edc0c32a 200 in 38ms (next.js: 17ms, application-code: 21ms)
2026-09-29T08:19:56.230Z [worker] run 18cf1888-e49d-4016-ac2d-e8a1edc0c32a done
 GET /api/flows/a0451c64-d96a-43c6-bbaf-ffd4d33f0362/runs 200 in 33ms (next.js: 3ms, application-code: 30ms)
 GET /api/flows/a0451c64-d96a-43c6-bbaf-ffd4d33f0362/runs 200 in 26ms (next.js: 2ms, application-code: 24ms)
 GET /api/runs/18cf1888-e49d-4016-ac2d-e8a1edc0c32a 200 in 31ms (next.js: 2ms, application-code: 29ms)
 GET /api/workspaces/b52b190d-f5f9-45ce-9022-e3dd50817ff1/usage 200 in 31ms (next.js: 16ms, application-code: 16ms)
